survey	question_concept_id	question	survey_versions	n_survey_versions
COVID-19 Participant Experience (COPE) Survey	1310148	Are there other important symptoms you want to share with us?	December 2020 COPE Survey | February 2021 COPE Survey | November 2020 COPE Survey	3
COVID-19 Participant Experience (COPE) Survey	1332874	Are you covered by health insurance or some other kind of health care plan?	December 2020 COPE Survey | February 2021 COPE Survey | July 2020 COPE Survey | June 2020 COPE Survey | May 2020 COPE Survey | November 2020 COPE Survey	6
COVID-19 Participant Experience (COPE) Survey	1332737	Are you currently covered by any of the following types of health insurance or health care plans? Select all that apply.	December 2020 COPE Survey | February 2021 COPE Survey | July 2020 COPE Survey | June 2020 COPE Survey | May 2020 COPE Survey | November 2020 COPE Survey	6
COVID-19 Participant Experience (COPE) Survey	1332744	Are you currently on chemotherapy or immunotherapy?	July 2020 COPE Survey | June 2020 COPE Survey | May 2020 COPE Survey	3
COVID-19 Participant Experience (COPE) Survey	1332792	Are you currently pregnant?	December 2020 COPE Survey | February 2021 COPE Survey | July 2020 COPE Survey | June 2020 COPE Survey | May 2020 COPE Survey | November 2020 COPE Survey	6
COVID-19 Participant Experience (COPE) Survey	1310135	Are you receiving prenatal care?	December 2020 COPE Survey | February 2021 COPE Survey | November 2020 COPE Survey	3
COVID-19 Participant Experience (COPE) Survey	1333163	Choose the answer that best describes how often you can find this kind of support in the past month. Someone to confide in or talk to about yourself or your problems.	July 2020 COPE Survey | June 2020 COPE Survey | May 2020 COPE Survey	3
COVID-19 Participant Experience (COPE) Survey	1333165	Choose the answer that best describes how often you can find this kind of support in the past month. Someone to do things with to help you get your mind off things.	July 2020 COPE Survey | June 2020 COPE Survey | May 2020 COPE Survey	3
COVID-19 Participant Experience (COPE) Survey	1333190	Choose the answer that best describes how often you can find this kind of support in the past month. Someone to have a good time with.	July 2020 COPE Survey | June 2020 COPE Survey | May 2020 COPE Survey	3
COVID-19 Participant Experience (COPE) Survey	1333188	Choose the answer that best describes how often you can find this kind of support in the past month. Someone to help with daily chores if you were sick.	July 2020 COPE Survey | June 2020 COPE Survey | May 2020 COPE Survey	3
COVID-19 Participant Experience (COPE) Survey	1333200	Choose the answer that best describes how often you can find this kind of support in the past month. Someone to help you if you were confined to bed.	July 2020 COPE Survey | June 2020 COPE Survey | May 2020 COPE Survey	3
COVID-19 Participant Experience (COPE) Survey	1333194	Choose the answer that best describes how often you can find this kind of support in the past month. Someone to love and make you feel wanted.	July 2020 COPE Survey | June 2020 COPE Survey | May 2020 COPE Survey	3
COVID-19 Participant Experience (COPE) Survey	1333185	Choose the answer that best describes how often you can find this kind of support in the past month. Someone to prepare your meals if you were unable to do it yourself.	July 2020 COPE Survey | June 2020 COPE Survey | May 2020 COPE Survey	3
COVID-19 Participant Experience (COPE) Survey	1333168	Choose the answer that best describes how often you can find this kind of support in the past month. Someone to take you to the doctor if you needed it.	July 2020 COPE Survey | June 2020 COPE Survey | May 2020 COPE Survey	3
COVID-19 Participant Experience (COPE) Survey	1333191	Choose the answer that best describes how often you can find this kind of support in the past month. Someone to turn to for suggestions about how to deal with a personal problem.	July 2020 COPE Survey | June 2020 COPE Survey | May 2020 COPE Survey	3
COVID-19 Participant Experience (COPE) Survey	1333193	Choose the answer that best describes how often you can find this kind of support in the past month. Someone who understands your problems.	July 2020 COPE Survey | June 2020 COPE Survey | May 2020 COPE Survey	3
COVID-19 Participant Experience (COPE) Survey	1332749	Choose the answer that best describes how you felt in the past month. In general, how happy are you?	July 2020 COPE Survey | June 2020 COPE Survey | May 2020 COPE Survey	3
COVID-19 Participant Experience (COPE) Survey	1332835	Choose the answer that best describes how you felt in the past month. In uncertain times, I usually expect the best.	July 2020 COPE Survey | June 2020 COPE Survey | May 2020 COPE Survey	3
COVID-19 Participant Experience (COPE) Survey	1332750	Choose the answer that best describes how you felt in the past month. To what extent do you feel your life to be meaningful?	July 2020 COPE Survey | June 2020 COPE Survey | May 2020 COPE Survey	3
COVID-19 Participant Experience (COPE) Survey	1333221	Choose the answer that is true for you in the past month. I am an outgoing person.	July 2020 COPE Survey | June 2020 COPE Survey | May 2020 COPE Survey	3
COVID-19 Participant Experience (COPE) Survey	1333120	Choose the answer that is true for you in the past month. I am unhappy being so withdrawn.	July 2020 COPE Survey | June 2020 COPE Survey | May 2020 COPE Survey	3
COVID-19 Participant Experience (COPE) Survey	1333164	Choose the answer that is true for you in the past month. I can find companionship when I want it.	July 2020 COPE Survey | June 2020 COPE Survey | May 2020 COPE Survey	3
COVID-19 Participant Experience (COPE) Survey	1333183	Choose the answer that is true for you in the past month. I feel isolated from others.	July 2020 COPE Survey | June 2020 COPE Survey | May 2020 COPE Survey	3
COVID-19 Participant Experience (COPE) Survey	1333182	Choose the answer that is true for you in the past month. I feel left out.	July 2020 COPE Survey | June 2020 COPE Survey | May 2020 COPE Survey	3
COVID-19 Participant Experience (COPE) Survey	1333216	Choose the answer that is true for you in the past month. I lack companionship.	July 2020 COPE Survey | June 2020 COPE Survey | May 2020 COPE Survey	3
COVID-19 Participant Experience (COPE) Survey	1333166	Choose the answer that is true for you in the past month. People are around me but not with me.	July 2020 COPE Survey | June 2020 COPE Survey | May 2020 COPE Survey	3
COVID-19 Participant Experience (COPE) Survey	1333186	Choose the answer that is true for you in the past month. There is no one I can turn to.	July 2020 COPE Survey | June 2020 COPE Survey | May 2020 COPE Survey	3
COVID-19 Participant Experience (COPE) Survey	1310139	Compared with when they were in in person school or a childcare center, how much time are you spending on helping your children with learning activities provided by their schools or childcare center?	December 2020 COPE Survey | February 2021 COPE Survey | November 2020 COPE Survey	3
COVID-19 Participant Experience (COPE) Survey	1310138	Compared with when they were in person at school or a childcare center, how much time are you spending on care and supervision of your children?	December 2020 COPE Survey | February 2021 COPE Survey | November 2020 COPE Survey	3
COVID-19 Participant Experience (COPE) Survey	1310145	Did you have difficulty with the following aspects of getting a test for COVID-19? Please select all that apply.	December 2020 COPE Survey | February 2021 COPE Survey | November 2020 COPE Survey	3
COVID-19 Participant Experience (COPE) Survey	596884	Did you receive the COVID-19 vaccination?	February 2021 COPE Survey	1
COVID-19 Participant Experience (COPE) Survey	1333018	Did you use prescription opioids in any way a doctor did not direct you to use it?	July 2020 COPE Survey | June 2020 COPE Survey | May 2020 COPE Survey	3
COVID-19 Participant Experience (COPE) Survey	1332824	Did you use prescription sedatives or prescription sleeping pills in any way a doctor did not direct you to use it?	July 2020 COPE Survey | June 2020 COPE Survey | May 2020 COPE Survey	3
COVID-19 Participant Experience (COPE) Survey	1332806	Did you use prescription stimulants in any way a doctor did not direct you to use it?	July 2020 COPE Survey | June 2020 COPE Survey | May 2020 COPE Survey	3
COVID-19 Participant Experience (COPE) Survey	1332800	Did your use include smoking cannabis?	July 2020 COPE Survey | June 2020 COPE Survey | May 2020 COPE Survey	3
COVID-19 Participant Experience (COPE) Survey	1332804	Did your use include smoking cocaine?	July 2020 COPE Survey | June 2020 COPE Survey | May 2020 COPE Survey	3
COVID-19 Participant Experience (COPE) Survey	1332828	Did your use include smoking hallucinogens?	July 2020 COPE Survey | June 2020 COPE Survey | May 2020 COPE Survey	3
COVID-19 Participant Experience (COPE) Survey	1332830	Did your use include smoking heroin?	July 2020 COPE Survey | June 2020 COPE Survey | May 2020 COPE Survey	3
COVID-19 Participant Experience (COPE) Survey	1332808	Did your use include smoking methamphetamine?	July 2020 COPE Survey | June 2020 COPE Survey | May 2020 COPE Survey	3
COVID-19 Participant Experience (COPE) Survey	1332832	Did your use include smoking prescription opioids?	July 2020 COPE Survey | June 2020 COPE Survey | May 2020 COPE Survey	3
COVID-19 Participant Experience (COPE) Survey	1332802	Did your use include smoking synthetic marijuana or fake weed?	July 2020 COPE Survey | June 2020 COPE Survey | May 2020 COPE Survey	3
COVID-19 Participant Experience (COPE) Survey	1332819	Did your use include smoking synthetic stimulants?	July 2020 COPE Survey | June 2020 COPE Survey | May 2020 COPE Survey	3
COVID-19 Participant Experience (COPE) Survey	1333021	Did your use include smoking the other substance?	July 2020 COPE Survey | June 2020 COPE Survey | May 2020 COPE Survey	3
COVID-19 Participant Experience (COPE) Survey	1310140	Do you have a child(ren) that are currently enrolled in childcare centers, schools, or colleges?	December 2020 COPE Survey | February 2021 COPE Survey | November 2020 COPE Survey	3
COVID-19 Participant Experience (COPE) Survey	1333297	Do you personally know someone who has died of COVID-19?	December 2020 COPE Survey | February 2021 COPE Survey | July 2020 COPE Survey | November 2020 COPE Survey	4
COVID-19 Participant Experience (COPE) Survey	1310142	Do you plan to get the flu vaccine this season?	December 2020 COPE Survey | February 2021 COPE Survey | November 2020 COPE Survey	3
COVID-19 Participant Experience (COPE) Survey	1332745	Do you regularly take immunosuppressant medications (including steroids, methotrexate, biologic agents)?	July 2020 COPE Survey | June 2020 COPE Survey | May 2020 COPE Survey	3
COVID-19 Participant Experience (COPE) Survey	1333156	Do you think you have had COVID-19?	December 2020 COPE Survey | February 2021 COPE Survey | July 2020 COPE Survey | June 2020 COPE Survey | May 2020 COPE Survey | November 2020 COPE Survey	6
COVID-19 Participant Experience (COPE) Survey	1332801	Do you think you have used more or less cannabis in the past month than you used to?	July 2020 COPE Survey | June 2020 COPE Survey | May 2020 COPE Survey	3
COVID-19 Participant Experience (COPE) Survey	1332805	Do you think you have used more or less cocaine in the past month than you used to?	July 2020 COPE Survey | June 2020 COPE Survey | May 2020 COPE Survey	3
COVID-19 Participant Experience (COPE) Survey	1332829	Do you think you have used more or less hallucinogens in the past month than you used to?	July 2020 COPE Survey | June 2020 COPE Survey | May 2020 COPE Survey	3
COVID-19 Participant Experience (COPE) Survey	1332831	Do you think you have used more or less heroin in the past month than you used to?	July 2020 COPE Survey | June 2020 COPE Survey | May 2020 COPE Survey	3
COVID-19 Participant Experience (COPE) Survey	1332822	Do you think you have used more or less inhalants in the past month than you used to?	July 2020 COPE Survey | June 2020 COPE Survey | May 2020 COPE Survey	3
COVID-19 Participant Experience (COPE) Survey	1332747	Do you think you have used more or less methamphetamine in the past month than you used to?	July 2020 COPE Survey | June 2020 COPE Survey | May 2020 COPE Survey	3
COVID-19 Participant Experience (COPE) Survey	1333022	Do you think you have used more or less of the other substance in the past month than you used to?	July 2020 COPE Survey | June 2020 COPE Survey | May 2020 COPE Survey	3
COVID-19 Participant Experience (COPE) Survey	1333019	Do you think you have used more or less prescription opioids in the past month than you used to?	July 2020 COPE Survey | June 2020 COPE Survey | May 2020 COPE Survey	3
COVID-19 Participant Experience (COPE) Survey	1332826	Do you think you have used more or less prescription sedatives or prescription sleeping pills in the past month than you used to?	July 2020 COPE Survey | June 2020 COPE Survey | May 2020 COPE Survey	3
COVID-19 Participant Experience (COPE) Survey	1332807	Do you think you have used more or less prescription stimulants in the past month than you used to?	July 2020 COPE Survey | June 2020 COPE Survey | May 2020 COPE Survey	3
COVID-19 Participant Experience (COPE) Survey	1332803	Do you think you have used more or less synthetic marijuana or fake weed in the past month than you used to?	July 2020 COPE Survey | June 2020 COPE Survey | May 2020 COPE Survey	3
COVID-19 Participant Experience (COPE) Survey	1332820	Do you think you have used more or less synthetic stimulants in the past month than you used to?	July 2020 COPE Survey | June 2020 COPE Survey | May 2020 COPE Survey	3
COVID-19 Participant Experience (COPE) Survey	1333286	During the last 7 days, did you do vigorous physical activities like heavy lifting, digging, aerobics, or fast bicycling?	July 2020 COPE Survey | June 2020 COPE Survey | May 2020 COPE Survey	3
COVID-19 Participant Experience (COPE) Survey	1333287	During the last 7 days, how much time did you spend sitting on a weekday? Please select below to enter the amount of time in minutes OR hours.	July 2020 COPE Survey | June 2020 COPE Survey | May 2020 COPE Survey	3
COVID-19 Participant Experience (COPE) Survey	715720	Enter the number of months	July 2020 COPE Survey | June 2020 COPE Survey | May 2020 COPE Survey	3
COVID-19 Participant Experience (COPE) Survey	715713	Enter the number of months	July 2020 COPE Survey | June 2020 COPE Survey | May 2020 COPE Survey	3
COVID-19 Participant Experience (COPE) Survey	715719	Enter the number of weeks	July 2020 COPE Survey | June 2020 COPE Survey | May 2020 COPE Survey	3
COVID-19 Participant Experience (COPE) Survey	715722	Enter the number of weeks	July 2020 COPE Survey | June 2020 COPE Survey | May 2020 COPE Survey	3
COVID-19 Participant Experience (COPE) Survey	715721	Enter the number of years	July 2020 COPE Survey | June 2020 COPE Survey | May 2020 COPE Survey	3
COVID-19 Participant Experience (COPE) Survey	715723	Enter the number of years	July 2020 COPE Survey | June 2020 COPE Survey | May 2020 COPE Survey	3
COVID-19 Participant Experience (COPE) Survey	1332763	Have you EVER been near someone that you know, or suspect, had COVID-19 (such as co-workers, family members, or others)? Select all that apply.	December 2020 COPE Survey | February 2021 COPE Survey | July 2020 COPE Survey | June 2020 COPE Survey | May 2020 COPE Survey | November 2020 COPE Survey	6
COVID-19 Participant Experience (COPE) Survey	1310141	How has your prenatal care changed since COVID-19? (If you became pregnant during COVID-19, compare to any prior pregnancies if relevant.) Select all that apply.	December 2020 COPE Survey | February 2021 COPE Survey | November 2020 COPE Survey	3
COVID-19 Participant Experience (COPE) Survey	1332849	How long has it been since you last smoked?	July 2020 COPE Survey | June 2020 COPE Survey | May 2020 COPE Survey	3
COVID-19 Participant Experience (COPE) Survey	1332756	How long has it been since you last used an electronic nicotine product?	July 2020 COPE Survey | June 2020 COPE Survey | May 2020 COPE Survey	3
COVID-19 Participant Experience (COPE) Survey	1332870	How many days per week?	July 2020 COPE Survey | June 2020 COPE Survey | May 2020 COPE Survey	3
COVID-19 Participant Experience (COPE) Survey	1332872	How many days per week?	July 2020 COPE Survey | June 2020 COPE Survey | May 2020 COPE Survey	3
COVID-19 Participant Experience (COPE) Survey	1332871	How many days per week?	July 2020 COPE Survey | June 2020 COPE Survey | May 2020 COPE Survey	3
COVID-19 Participant Experience (COPE) Survey	596885	How many doses of the vaccine did you receive?	February 2021 COPE Survey	1
COVID-19 Participant Experience (COPE) Survey	1333118	How many times have you been tested?	December 2020 COPE Survey | February 2021 COPE Survey | July 2020 COPE Survey | November 2020 COPE Survey	4
COVID-19 Participant Experience (COPE) Survey	903634	How much time did you usually spend doing moderate physical activities on one of those days (hours per day)?	May 2020 COPE Survey	1
COVID-19 Participant Experience (COPE) Survey	903629	How much time did you usually spend doing moderate physical activities on one of those those days (minutes per day)?	July 2020 COPE Survey | June 2020 COPE Survey | May 2020 COPE Survey	3
COVID-19 Participant Experience (COPE) Survey	903633	How much time did you usually spend doing vigorous physical activities on one of those days (hours per day)?	May 2020 COPE Survey	1
COVID-19 Participant Experience (COPE) Survey	903631	How much time did you usually spend doing vigorous physical activities on one of those days (minutes per day)?	July 2020 COPE Survey | June 2020 COPE Survey | May 2020 COPE Survey	3
COVID-19 Participant Experience (COPE) Survey	903641	How much time did you usually spend sitting on one of those days (hours per day)?	July 2020 COPE Survey | June 2020 COPE Survey | May 2020 COPE Survey	3
COVID-19 Participant Experience (COPE) Survey	903642	How much time did you usually spend sitting on one of those days (minutes per day)?	May 2020 COPE Survey	1
COVID-19 Participant Experience (COPE) Survey	903635	How much time did you usually spend walking on one of those days (hours per day)?	May 2020 COPE Survey	1
COVID-19 Participant Experience (COPE) Survey	903630	How much time did you usually spend walking on one of those days (minutes per day)?	July 2020 COPE Survey | June 2020 COPE Survey | May 2020 COPE Survey	3
COVID-19 Participant Experience (COPE) Survey	1333013	How often did you use cannabis?	July 2020 COPE Survey | June 2020 COPE Survey | May 2020 COPE Survey	3
COVID-19 Participant Experience (COPE) Survey	1332753	How often did you use cocaine?	July 2020 COPE Survey | June 2020 COPE Survey | May 2020 COPE Survey	3
COVID-19 Participant Experience (COPE) Survey	1332754	How often did you use hallucinogens?	July 2020 COPE Survey | June 2020 COPE Survey | May 2020 COPE Survey	3
COVID-19 Participant Experience (COPE) Survey	1332796	How often did you use heroin?	July 2020 COPE Survey | June 2020 COPE Survey | May 2020 COPE Survey	3
COVID-19 Participant Experience (COPE) Survey	1332746	How often did you use inhalants?	July 2020 COPE Survey | June 2020 COPE Survey | May 2020 COPE Survey	3
COVID-19 Participant Experience (COPE) Survey	1333004	How often did you use methamphetamine?	July 2020 COPE Survey | June 2020 COPE Survey | May 2020 COPE Survey	3
COVID-19 Participant Experience (COPE) Survey	1332795	How often did you use prescription opioids?	July 2020 COPE Survey | June 2020 COPE Survey | May 2020 COPE Survey	3
COVID-19 Participant Experience (COPE) Survey	1332752	How often did you use prescription sedatives or prescription sleeping pills?	July 2020 COPE Survey | June 2020 COPE Survey | May 2020 COPE Survey	3
COVID-19 Participant Experience (COPE) Survey	1332755	How often did you use prescription stimulants?	July 2020 COPE Survey | June 2020 COPE Survey | May 2020 COPE Survey	3
COVID-19 Participant Experience (COPE) Survey	1332751	How often did you use synthetic marijuana or fake weed?	July 2020 COPE Survey | June 2020 COPE Survey | May 2020 COPE Survey	3
COVID-19 Participant Experience (COPE) Survey	1332797	How often did you use synthetic stimulants?	July 2020 COPE Survey | June 2020 COPE Survey | May 2020 COPE Survey	3
COVID-19 Participant Experience (COPE) Survey	1333020	How often did you use the other substance?	July 2020 COPE Survey | June 2020 COPE Survey | May 2020 COPE Survey	3
COVID-19 Participant Experience (COPE) Survey	1333014	How were you tested? Select all that apply.	December 2020 COPE Survey | February 2021 COPE Survey | July 2020 COPE Survey | June 2020 COPE Survey | May 2020 COPE Survey | November 2020 COPE Survey	6
COVID-19 Participant Experience (COPE) Survey	1310133	If you know it, what is your blood group?	December 2020 COPE Survey | February 2021 COPE Survey | November 2020 COPE Survey	3
COVID-19 Participant Experience (COPE) Survey	1332944	In the last month, how often have you been able to control irritations in your life?	July 2020 COPE Survey | June 2020 COPE Survey | May 2020 COPE Survey	3
COVID-19 Participant Experience (COPE) Survey	1332869	In the last month, how often have you been angered because of things that were outside of your control?	July 2020 COPE Survey | June 2020 COPE Survey | May 2020 COPE Survey	3
COVID-19 Participant Experience (COPE) Survey	1332878	In the last month, how often have you been upset because of something that happened unexpectedly?	July 2020 COPE Survey | June 2020 COPE Survey | May 2020 COPE Survey	3
COVID-19 Participant Experience (COPE) Survey	1332861	In the last month, how often have you felt confident about your ability to handle your personal problems?	July 2020 COPE Survey | June 2020 COPE Survey | May 2020 COPE Survey	3
COVID-19 Participant Experience (COPE) Survey	1332998	In the last month, how often have you felt difficulties were piling up so high that you could not overcome them?	July 2020 COPE Survey | June 2020 COPE Survey | May 2020 COPE Survey	3
COVID-19 Participant Experience (COPE) Survey	1332854	"In the last month, how often have you felt nervous and ""stressed""?"	July 2020 COPE Survey | June 2020 COPE Survey | May 2020 COPE Survey	3
COVID-19 Participant Experience (COPE) Survey	1332862	In the last month, how often have you felt that things were going your way?	July 2020 COPE Survey | June 2020 COPE Survey | May 2020 COPE Survey	3
COVID-19 Participant Experience (COPE) Survey	1332868	In the last month, how often have you felt that you were on top of things?	July 2020 COPE Survey | June 2020 COPE Survey | May 2020 COPE Survey	3
COVID-19 Participant Experience (COPE) Survey	1332794	In the last month, how often have you felt that you were unable to control the important things in your life?	July 2020 COPE Survey | June 2020 COPE Survey | May 2020 COPE Survey	3
COVID-19 Participant Experience (COPE) Survey	1332863	In the last month, how often have you found that you could not cope with all the things that you had to do?	July 2020 COPE Survey | June 2020 COPE Survey | May 2020 COPE Survey	3
COVID-19 Participant Experience (COPE) Survey	1333278	In the past 2 weeks, how often have you been bothered by feeling bad about yourself or that you are a failure or have let yourself or your family down.	July 2020 COPE Survey | June 2020 COPE Survey | May 2020 COPE Survey	3
COVID-19 Participant Experience (COPE) Survey	1333274	In the past 2 weeks, how often have you been bothered by feeling down, depressed, or hopeless.	December 2020 COPE Survey | February 2021 COPE Survey | July 2020 COPE Survey | June 2020 COPE Survey | May 2020 COPE Survey | November 2020 COPE Survey	6
COVID-19 Participant Experience (COPE) Survey	1333276	In the past 2 weeks, how often have you been bothered by feeling tired or having little energy.	July 2020 COPE Survey | June 2020 COPE Survey | May 2020 COPE Survey	3
COVID-19 Participant Experience (COPE) Survey	1333281	In the past 2 weeks, how often have you been bothered by little interest or pleasure in doing things.	December 2020 COPE Survey | February 2021 COPE Survey | July 2020 COPE Survey | June 2020 COPE Survey | May 2020 COPE Survey | November 2020 COPE Survey	6
COVID-19 Participant Experience (COPE) Survey	1333285	In the past 2 weeks, how often have you been bothered by moving or speaking so slowly that other people could have noticed? or the opposite - being so fidgety or restless that you have been moving around a lot more than usual.	July 2020 COPE Survey | June 2020 COPE Survey | May 2020 COPE Survey	3
COVID-19 Participant Experience (COPE) Survey	1333277	In the past 2 weeks, how often have you been bothered by poor appetite or overeating.	July 2020 COPE Survey | June 2020 COPE Survey | May 2020 COPE Survey	3
COVID-19 Participant Experience (COPE) Survey	1333121	In the past 2 weeks, how often have you been bothered by the following problem? Becoming easily annoyed or irritable.	July 2020 COPE Survey | June 2020 COPE Survey | May 2020 COPE Survey	3
COVID-19 Participant Experience (COPE) Survey	1333189	In the past 2 weeks, how often have you been bothered by the following problem? Being so restless that it's hard to sit still.	July 2020 COPE Survey | June 2020 COPE Survey | May 2020 COPE Survey	3
COVID-19 Participant Experience (COPE) Survey	1333192	In the past 2 weeks, how often have you been bothered by the following problem? Feeling afraid as if something awful might happen.	July 2020 COPE Survey | June 2020 COPE Survey | May 2020 COPE Survey	3
COVID-19 Participant Experience (COPE) Survey	1333195	In the past 2 weeks, how often have you been bothered by the following problem? Feeling nervous, anxious, or on edge.	December 2020 COPE Survey | February 2021 COPE Survey | July 2020 COPE Survey | June 2020 COPE Survey | May 2020 COPE Survey | November 2020 COPE Survey	6
COVID-19 Participant Experience (COPE) Survey	1333167	In the past 2 weeks, how often have you been bothered by the following problem? Not being able to stop or control worrying.	December 2020 COPE Survey | February 2021 COPE Survey | July 2020 COPE Survey | June 2020 COPE Survey | May 2020 COPE Survey | November 2020 COPE Survey	6
COVID-19 Participant Experience (COPE) Survey	1333187	In the past 2 weeks, how often have you been bothered by the following problem? Trouble relaxing.	July 2020 COPE Survey | June 2020 COPE Survey | May 2020 COPE Survey	3
COVID-19 Participant Experience (COPE) Survey	1333184	In the past 2 weeks, how often have you been bothered by the following problem? Worrying too much about different things.	July 2020 COPE Survey | June 2020 COPE Survey | May 2020 COPE Survey	3
COVID-19 Participant Experience (COPE) Survey	1333280	In the past 2 weeks, how often have you been bothered by thoughts that you would be better off dead or of hurting yourself in some way.	December 2020 COPE Survey | February 2021 COPE Survey | July 2020 COPE Survey | June 2020 COPE Survey | May 2020 COPE Survey | November 2020 COPE Survey	6
COVID-19 Participant Experience (COPE) Survey	1333279	In the past 2 weeks, how often have you been bothered by trouble concentrating on things, such as reading the newspaper or watching television.	July 2020 COPE Survey | June 2020 COPE Survey | May 2020 COPE Survey	3
COVID-19 Participant Experience (COPE) Survey	1333275	In the past 2 weeks, how often have you been bothered by trouble falling or staying asleep, or sleeping too much.	July 2020 COPE Survey | June 2020 COPE Survey | May 2020 COPE Survey	3
COVID-19 Participant Experience (COPE) Survey	1333292	In the past 7 days, I felt watchful or on-guard.	July 2020 COPE Survey | June 2020 COPE Survey | May 2020 COPE Survey	3
COVID-19 Participant Experience (COPE) Survey	1332867	In the past 7 days, I had trouble concentrating.	July 2020 COPE Survey | June 2020 COPE Survey | May 2020 COPE Survey	3
COVID-19 Participant Experience (COPE) Survey	1333303	In the past 7 days, I thought about COVID-19 when I didn't mean to.	July 2020 COPE Survey | June 2020 COPE Survey | May 2020 COPE Survey	3
COVID-19 Participant Experience (COPE) Survey	1333296	In the past 7 days, I tried not to think about COVID-19.	July 2020 COPE Survey | June 2020 COPE Survey | May 2020 COPE Survey	3
COVID-19 Participant Experience (COPE) Survey	1333295	In the past 7 days, I was aware that I still had a lot of feelings about COVID-19, but I didn't deal with them.	July 2020 COPE Survey | June 2020 COPE Survey | May 2020 COPE Survey	3
COVID-19 Participant Experience (COPE) Survey	1332866	In the past 7 days, other things kept making me think about COVID-19.	July 2020 COPE Survey | June 2020 COPE Survey | May 2020 COPE Survey	3
COVID-19 Participant Experience (COPE) Survey	1310136	In the past month, did you have a child(ren) enrolled in childcare centers, schools, or colleges that are learning remotely because of COVID-19?	December 2020 COPE Survey | February 2021 COPE Survey | November 2020 COPE Survey	3
COVID-19 Participant Experience (COPE) Survey	1333102	In the past month, have recommendations for socially distancing caused stress for you?	December 2020 COPE Survey | February 2021 COPE Survey | July 2020 COPE Survey | June 2020 COPE Survey | May 2020 COPE Survey | November 2020 COPE Survey	6
COVID-19 Participant Experience (COPE) Survey	1332847	In the past month, have the following behaviors increased in your household? Select all that apply.	December 2020 COPE Survey | February 2021 COPE Survey | July 2020 COPE Survey | June 2020 COPE Survey | May 2020 COPE Survey | November 2020 COPE Survey	6
COVID-19 Participant Experience (COPE) Survey	1333325	In the past month, have you been sick for more than one day with a new illness related to COVID-19 or flu-like symptoms?	December 2020 COPE Survey | February 2021 COPE Survey | July 2020 COPE Survey | June 2020 COPE Survey | May 2020 COPE Survey | November 2020 COPE Survey	6
COVID-19 Participant Experience (COPE) Survey	1333294	In the past month, have you experienced the following as a result of COVID-19? Select all that apply.	December 2020 COPE Survey | February 2021 COPE Survey | July 2020 COPE Survey | June 2020 COPE Survey | May 2020 COPE Survey | November 2020 COPE Survey	6
COVID-19 Participant Experience (COPE) Survey	1333017	In the past month, have you used any of the following drugs? Select all that apply.	July 2020 COPE Survey | June 2020 COPE Survey | May 2020 COPE Survey	3
COVID-19 Participant Experience (COPE) Survey	1333291	In the past month, how has the COVID-19 outbreak affected you? Please select all that apply.	December 2020 COPE Survey | February 2021 COPE Survey | July 2020 COPE Survey | June 2020 COPE Survey | May 2020 COPE Survey | November 2020 COPE Survey	6
COVID-19 Participant Experience (COPE) Survey	1333104	In the past month, to cope with social distancing and isolation, are you doing any of the following? Select all that apply.	December 2020 COPE Survey | February 2021 COPE Survey | July 2020 COPE Survey | June 2020 COPE Survey | May 2020 COPE Survey | November 2020 COPE Survey	6
COVID-19 Participant Experience (COPE) Survey	1332767	In the past month: Did someone in your home smoke tobacco/nicotine (including cigarettes, cigar, cigarillos, pipes, hookah) every day, some days, or not at all?	July 2020 COPE Survey | June 2020 COPE Survey | May 2020 COPE Survey	3
COVID-19 Participant Experience (COPE) Survey	1333011	In the past month: Did you smoke tobacco/nicotine (including cigarettes, cigar, cigarillos, pipes, hookah) every day, some days, or not at all?	July 2020 COPE Survey | June 2020 COPE Survey | May 2020 COPE Survey	3
COVID-19 Participant Experience (COPE) Survey	1333299	In the past month: Did you use any type of electronic nicotine product? This includes e- cigarettes, vape pens, hookah pens, personal vaporizers and mods, e-cigars, e-pipes, and e-hookahs.	July 2020 COPE Survey | June 2020 COPE Survey | May 2020 COPE Survey	3
COVID-19 Participant Experience (COPE) Survey	1332793	In the past month: How many standard drinks containing alcohol do you have on a typical day?	July 2020 COPE Survey | June 2020 COPE Survey | May 2020 COPE Survey	3
COVID-19 Participant Experience (COPE) Survey	1332876	In the past month: How often do you have a drink containing alcohol?	July 2020 COPE Survey | June 2020 COPE Survey | May 2020 COPE Survey	3
COVID-19 Participant Experience (COPE) Survey	1332853	In the past month: How often do you have six or more drinks containing alcohol on one occasion?	July 2020 COPE Survey | June 2020 COPE Survey | May 2020 COPE Survey	3
COVID-19 Participant Experience (COPE) Survey	1333314	In your day-to-day life, how often did this happen to you during the past month? People act as if they are afraid of you.	July 2020 COPE Survey | June 2020 COPE Survey | May 2020 COPE Survey	3
COVID-19 Participant Experience (COPE) Survey	1332935	In your day-to-day life, how often did this happen to you during the past month? People act as if they think you are dishonest.	July 2020 COPE Survey | June 2020 COPE Survey | May 2020 COPE Survey	3
COVID-19 Participant Experience (COPE) Survey	1333313	In your day-to-day life, how often did this happen to you during the past month? People act as if they think you are not smart.	July 2020 COPE Survey | June 2020 COPE Survey | May 2020 COPE Survey	3
COVID-19 Participant Experience (COPE) Survey	1332937	In your day-to-day life, how often did this happen to you during the past month? People act as if they're better than you are.	July 2020 COPE Survey | June 2020 COPE Survey | May 2020 COPE Survey	3
COVID-19 Participant Experience (COPE) Survey	1333298	In your day-to-day life, how often did this happen to you during the past month? You are called names or insulted.	July 2020 COPE Survey | June 2020 COPE Survey | May 2020 COPE Survey	3
COVID-19 Participant Experience (COPE) Survey	1333293	In your day-to-day life, how often did this happen to you during the past month? You are threatened or harassed.	July 2020 COPE Survey | June 2020 COPE Survey | May 2020 COPE Survey	3
COVID-19 Participant Experience (COPE) Survey	1333328	In your day-to-day life, how often did this happen to you during the past month? You are treated with less courtesy than other people are.	July 2020 COPE Survey | June 2020 COPE Survey | May 2020 COPE Survey	3
COVID-19 Participant Experience (COPE) Survey	1333311	In your day-to-day life, how often did this happen to you during the past month? You are treated with less respect than other people are.	July 2020 COPE Survey | June 2020 COPE Survey | May 2020 COPE Survey	3
COVID-19 Participant Experience (COPE) Survey	1333312	In your day-to-day life, how often did this happen to you during the past month? You receive poorer service than other people at restaurants or stores.	July 2020 COPE Survey | June 2020 COPE Survey | May 2020 COPE Survey	3
COVID-19 Participant Experience (COPE) Survey	1333015	Not including yourself, how many other people live at home with you?	December 2020 COPE Survey | February 2021 COPE Survey | July 2020 COPE Survey | June 2020 COPE Survey | May 2020 COPE Survey | November 2020 COPE Survey	6
COVID-19 Participant Experience (COPE) Survey	1333300	Now, thinking about the COVID-19 recommendations and mandates...How often in the past month are you doing the recommended pandemic hygiene?	December 2020 COPE Survey | February 2021 COPE Survey | July 2020 COPE Survey | June 2020 COPE Survey | May 2020 COPE Survey | November 2020 COPE Survey	6
COVID-19 Participant Experience (COPE) Survey	1332741	Please select the response that best reflects your behavior in the past month. I actively look for ways to replace the losses I encounter in life.	July 2020 COPE Survey | June 2020 COPE Survey | May 2020 COPE Survey	3
COVID-19 Participant Experience (COPE) Survey	1332848	Please select the response that best reflects your behavior in the past month. I believe I can grow in positive ways by dealing with difficult situations.	July 2020 COPE Survey | June 2020 COPE Survey | May 2020 COPE Survey	3
COVID-19 Participant Experience (COPE) Survey	1333024	Please select the response that best reflects your behavior in the past month. I look for creative ways to alter difficult situations.	July 2020 COPE Survey | June 2020 COPE Survey | May 2020 COPE Survey	3
COVID-19 Participant Experience (COPE) Survey	1332739	Please select the response that best reflects your behavior in the past month. Regardless of what happens to me, I believe I can control my reaction to it.	July 2020 COPE Survey | June 2020 COPE Survey | May 2020 COPE Survey	3
COVID-19 Participant Experience (COPE) Survey	1333288	Think about all the moderate activities that you did in the last 7 days. During the last 7 days, did you do moderate physical activity like carrying light loads, bicycling at a regular pace, or doubles tennis?	July 2020 COPE Survey | June 2020 COPE Survey | May 2020 COPE Survey	3
COVID-19 Participant Experience (COPE) Survey	1333289	Think about the time you spent walking in the last 7 days. During the last 7 days, did you walk for at least 10 minutes at a time?	July 2020 COPE Survey | June 2020 COPE Survey | May 2020 COPE Survey	3
COVID-19 Participant Experience (COPE) Survey	1333023	Think of other people who live with you. How many are under the age of 18 years?	December 2020 COPE Survey | February 2021 COPE Survey | July 2020 COPE Survey | June 2020 COPE Survey | May 2020 COPE Survey | November 2020 COPE Survey	6
COVID-19 Participant Experience (COPE) Survey	1333119	Thinking about these activities in the last 5 days, my social interaction with people outside my home was.	December 2020 COPE Survey | February 2021 COPE Survey | July 2020 COPE Survey | June 2020 COPE Survey | May 2020 COPE Survey | November 2020 COPE Survey	6
COVID-19 Participant Experience (COPE) Survey	1310134	Thinking about your current social habits, in the last 5 days: I have attended social gatherings of MORE than 50 people.	December 2020 COPE Survey | February 2021 COPE Survey | November 2020 COPE Survey	3
COVID-19 Participant Experience (COPE) Survey	1310062	Thinking about your current social habits, in the last 5 days: I have attended social gatherings of MORE than 50 people. How often did you wear a face mask or face covering?	December 2020 COPE Survey | February 2021 COPE Survey | November 2020 COPE Survey	3
COVID-19 Participant Experience (COPE) Survey	1310067	Thinking about your current social habits, in the last 5 days: I have attended social gatherings of MORE than 50 people. What was the purpose of the large gathering?	December 2020 COPE Survey | February 2021 COPE Survey | November 2020 COPE Survey	3
COVID-19 Participant Experience (COPE) Survey	1332735	Thinking about your current social habits, in the last 5 days: I have attended social gatherings outside my home of LESS than 10 people.	December 2020 COPE Survey | February 2021 COPE Survey | July 2020 COPE Survey | June 2020 COPE Survey | May 2020 COPE Survey | November 2020 COPE Survey	6
COVID-19 Participant Experience (COPE) Survey	1310051	Thinking about your current social habits, in the last 5 days: I have attended social gatherings outside my home of LESS than 10 people. How often did you wear a face mask or face covering?	December 2020 COPE Survey | February 2021 COPE Survey | November 2020 COPE Survey	3
COVID-19 Participant Experience (COPE) Survey	1310060	Thinking about your current social habits, in the last 5 days: I have attended social gatherings outside my home of MORE than 10 but LESS than 50 people. How often did you wear a face mask or face covering?	December 2020 COPE Survey | February 2021 COPE Survey | November 2020 COPE Survey	3
COVID-19 Participant Experience (COPE) Survey	1332734	Thinking about your current social habits, in the last 5 days: I have attended social gatherings outside my home of MORE than 10 people.	December 2020 COPE Survey | February 2021 COPE Survey | July 2020 COPE Survey | June 2020 COPE Survey | May 2020 COPE Survey | November 2020 COPE Survey	6
COVID-19 Participant Experience (COPE) Survey	1333301	Thinking about your current social habits, in the last 5 days: I have been in close contact with someone who is in a risk group for COVID-19. This includes someone inside or outside of your household.	December 2020 COPE Survey | February 2021 COPE Survey | July 2020 COPE Survey | June 2020 COPE Survey | May 2020 COPE Survey | November 2020 COPE Survey	6
COVID-19 Participant Experience (COPE) Survey	1332738	"Thinking about your current social habits, in the last 5 days: I have gone on shopping trips or outings that were ""just for fun""."	December 2020 COPE Survey | February 2021 COPE Survey | July 2020 COPE Survey | June 2020 COPE Survey | May 2020 COPE Survey | November 2020 COPE Survey	6
COVID-19 Participant Experience (COPE) Survey	1310056	"Thinking about your current social habits, in the last 5 days: I have gone on shopping trips or outings that were ""just for fun."" How often did you wear a face mask or face covering?"	December 2020 COPE Survey | February 2021 COPE Survey | November 2020 COPE Survey	3
COVID-19 Participant Experience (COPE) Survey	1333105	Thinking about your current social habits, in the last 5 days: I have gone to my workplace or volunteer site that is outside my home.	December 2020 COPE Survey | February 2021 COPE Survey | July 2020 COPE Survey | June 2020 COPE Survey | May 2020 COPE Survey | November 2020 COPE Survey	6
COVID-19 Participant Experience (COPE) Survey	1310052	Thinking about your current social habits, in the last 5 days: I have gone to my workplace or volunteer site that is outside my home. How often did you wear a face mask or face covering?	December 2020 COPE Survey | February 2021 COPE Survey | November 2020 COPE Survey	3
COVID-19 Participant Experience (COPE) Survey	1332748	Thinking about your current social habits, in the last 5 days: I have stayed home all day (aside from time spent outdoors, but never closer than 6 feet from people who are not from my home).	December 2020 COPE Survey | February 2021 COPE Survey | July 2020 COPE Survey | June 2020 COPE Survey | May 2020 COPE Survey | November 2020 COPE Survey	6
COVID-19 Participant Experience (COPE) Survey	1332762	Thinking about your current social habits, in the last 5 days: I have visited nursing homes or long-term care facilities (outside of work duties).	December 2020 COPE Survey | February 2021 COPE Survey | July 2020 COPE Survey | June 2020 COPE Survey | May 2020 COPE Survey | November 2020 COPE Survey	6
COVID-19 Participant Experience (COPE) Survey	1310053	Thinking about your current social habits, in the last 5 days: I have visited nursing homes or long-term care facilities (outside of work duties). How often did you wear a face mask or face covering?	December 2020 COPE Survey | February 2021 COPE Survey | November 2020 COPE Survey	3
COVID-19 Participant Experience (COPE) Survey	1333326	Was the test for COVID-19 positive?	December 2020 COPE Survey | February 2021 COPE Survey | July 2020 COPE Survey | June 2020 COPE Survey | May 2020 COPE Survey | November 2020 COPE Survey	6
COVID-19 Participant Experience (COPE) Survey	1333327	Were you tested for COVID-19 in the past month?	December 2020 COPE Survey | February 2021 COPE Survey | July 2020 COPE Survey | June 2020 COPE Survey | May 2020 COPE Survey | November 2020 COPE Survey	6
COVID-19 Participant Experience (COPE) Survey	1332742	Were you tested for influenza (flu) in the past month?	June 2020 COPE Survey | May 2020 COPE Survey	2
COVID-19 Participant Experience (COPE) Survey	1333012	What breathing treatment did you receive? Please select all that apply.	December 2020 COPE Survey | February 2021 COPE Survey | July 2020 COPE Survey | June 2020 COPE Survey | May 2020 COPE Survey | November 2020 COPE Survey	6
COVID-19 Participant Experience (COPE) Survey	1332880	What do you think is the main reason(s) for these experiences? Select all that apply.	July 2020 COPE Survey | June 2020 COPE Survey | May 2020 COPE Survey	3
COVID-19 Participant Experience (COPE) Survey	1332843	What is your current employment status? Select all that apply.	December 2020 COPE Survey | February 2021 COPE Survey | July 2020 COPE Survey | June 2020 COPE Survey | May 2020 COPE Survey | November 2020 COPE Survey	6
COVID-19 Participant Experience (COPE) Survey	1332833	What is your current marital status?	July 2020 COPE Survey | June 2020 COPE Survey | May 2020 COPE Survey	3
COVID-19 Participant Experience (COPE) Survey	1333324	What medical care did you receive? Please select all that apply.	December 2020 COPE Survey | February 2021 COPE Survey | July 2020 COPE Survey | June 2020 COPE Survey | May 2020 COPE Survey | November 2020 COPE Survey	6
COVID-19 Participant Experience (COPE) Survey	1333016	What type of household do you live in?	December 2020 COPE Survey | February 2021 COPE Survey | July 2020 COPE Survey | June 2020 COPE Survey | May 2020 COPE Survey | November 2020 COPE Survey	6
COVID-19 Participant Experience (COPE) Survey	1310144	What was your reason(s) for testing for COVID-19? Please select all that apply.	December 2020 COPE Survey | February 2021 COPE Survey | November 2020 COPE Survey	3
COVID-19 Participant Experience (COPE) Survey	713888	When did your COVID-19 symptoms begin?	December 2020 COPE Survey | February 2021 COPE Survey | November 2020 COPE Survey	3
COVID-19 Participant Experience (COPE) Survey	1333235	Which of the following symptoms did you have? (select all that apply).	December 2020 COPE Survey | February 2021 COPE Survey | July 2020 COPE Survey | June 2020 COPE Survey | May 2020 COPE Survey | November 2020 COPE Survey	6
COVID-19 Participant Experience (COPE) Survey	596888	Which vaccine did you receive?	February 2021 COPE Survey	1
COVID-19 Participant Experience (COPE) Survey	1332769	Who do you know who has died? Check all that apply.	December 2020 COPE Survey | February 2021 COPE Survey | July 2020 COPE Survey | November 2020 COPE Survey	4
COVID-19 Vaccine Survey	765937	Did you receive an additional dose of the COVID-19 vaccination? This includes boosters or 3 full doses of the COVID-19 vaccine.	New Year 2022 Minute Survey | Winter 2021 Minute Survey	2
COVID-19 Vaccine Survey	905045	Did you receive the first dose of the COVID-19 vaccination?	Fall 2021 Minute Survey | New Year 2022 Minute Survey | Summer 2021 Minute Survey | Winter 2021 Minute Survey	4
COVID-19 Vaccine Survey	905048	Did you receive the second dose of the COVID-19 vaccination?	Fall 2021 Minute Survey | New Year 2022 Minute Survey | Summer 2021 Minute Survey | Winter 2021 Minute Survey	4
COVID-19 Vaccine Survey	765953	Have you received a dose in addition to the one(s) previously indicated? This includes boosters or 10 full doses of the COVID-19 vaccine.	New Year 2022 Minute Survey | Winter 2021 Minute Survey	2
COVID-19 Vaccine Survey	765954	Have you received a dose in addition to the one(s) previously indicated? This includes boosters or 11 full doses of the COVID-19 vaccine.	New Year 2022 Minute Survey | Winter 2021 Minute Survey	2
COVID-19 Vaccine Survey	765955	Have you received a dose in addition to the one(s) previously indicated? This includes boosters or 12 full doses of the COVID-19 vaccine.	New Year 2022 Minute Survey | Winter 2021 Minute Survey	2
COVID-19 Vaccine Survey	765956	Have you received a dose in addition to the one(s) previously indicated? This includes boosters or 13 full doses of the COVID-19 vaccine.	New Year 2022 Minute Survey | Winter 2021 Minute Survey	2
COVID-19 Vaccine Survey	765957	Have you received a dose in addition to the one(s) previously indicated? This includes boosters or 14 full doses of the COVID-19 vaccine.	New Year 2022 Minute Survey | Winter 2021 Minute Survey	2
COVID-19 Vaccine Survey	765958	Have you received a dose in addition to the one(s) previously indicated? This includes boosters or 15 full doses of the COVID-19 vaccine.	New Year 2022 Minute Survey | Winter 2021 Minute Survey	2
COVID-19 Vaccine Survey	765959	Have you received a dose in addition to the one(s) previously indicated? This includes boosters or 16 full doses of the COVID-19 vaccine.	New Year 2022 Minute Survey | Winter 2021 Minute Survey	2
COVID-19 Vaccine Survey	765960	Have you received a dose in addition to the one(s) previously indicated? This includes boosters or 17 full doses of the COVID-19 vaccine.	New Year 2022 Minute Survey | Winter 2021 Minute Survey	2
COVID-19 Vaccine Survey	765961	Have you received a dose in addition to the one(s) previously indicated? This includes boosters or 4 full doses of the COVID-19 vaccine.	New Year 2022 Minute Survey | Winter 2021 Minute Survey	2
COVID-19 Vaccine Survey	765962	Have you received a dose in addition to the one(s) previously indicated? This includes boosters or 5 full doses of the COVID-19 vaccine.	New Year 2022 Minute Survey | Winter 2021 Minute Survey	2
COVID-19 Vaccine Survey	765963	Have you received a dose in addition to the one(s) previously indicated? This includes boosters or 6 full doses of the COVID-19 vaccine.	New Year 2022 Minute Survey | Winter 2021 Minute Survey	2
COVID-19 Vaccine Survey	765964	Have you received a dose in addition to the one(s) previously indicated? This includes boosters or 7 full doses of the COVID-19 vaccine.	New Year 2022 Minute Survey | Winter 2021 Minute Survey	2
COVID-19 Vaccine Survey	765965	Have you received a dose in addition to the one(s) previously indicated? This includes boosters or 8 full doses of the COVID-19 vaccine.	New Year 2022 Minute Survey | Winter 2021 Minute Survey	2
COVID-19 Vaccine Survey	765966	Have you received a dose in addition to the one(s) previously indicated? This includes boosters or 9 full doses of the COVID-19 vaccine.	New Year 2022 Minute Survey | Winter 2021 Minute Survey	2
COVID-19 Vaccine Survey	765967	If an additional dose is available to you, how likely are you to get vaccinated?	New Year 2022 Minute Survey | Winter 2021 Minute Survey	2
COVID-19 Vaccine Survey	765973	Since receiving 10th dose of COVID-19 vaccine, have you experienced any of the following adverse reactions related to the vaccine? Please select all that apply.	New Year 2022 Minute Survey | Winter 2021 Minute Survey	2
COVID-19 Vaccine Survey	765975	Since receiving 11th dose of COVID-19 vaccine, have you experienced any of the following adverse reactions related to the vaccine? Please select all that apply.	New Year 2022 Minute Survey | Winter 2021 Minute Survey	2
COVID-19 Vaccine Survey	765977	Since receiving 12th dose of COVID-19 vaccine, have you experienced any of the following adverse reactions related to the vaccine? Please select all that apply.	New Year 2022 Minute Survey | Winter 2021 Minute Survey	2
COVID-19 Vaccine Survey	765979	Since receiving 13th dose of COVID-19 vaccine, have you experienced any of the following adverse reactions related to the vaccine? Please select all that apply.	New Year 2022 Minute Survey | Winter 2021 Minute Survey	2
COVID-19 Vaccine Survey	765981	Since receiving 14th dose of COVID-19 vaccine, have you experienced any of the following adverse reactions related to the vaccine? Please select all that apply.	New Year 2022 Minute Survey | Winter 2021 Minute Survey	2
COVID-19 Vaccine Survey	765983	Since receiving 15th dose of COVID-19 vaccine, have you experienced any of the following adverse reactions related to the vaccine? Please select all that apply.	New Year 2022 Minute Survey | Winter 2021 Minute Survey	2
COVID-19 Vaccine Survey	765985	Since receiving 16th dose of COVID-19 vaccine, have you experienced any of the following adverse reactions related to the vaccine? Please select all that apply.	New Year 2022 Minute Survey | Winter 2021 Minute Survey	2
COVID-19 Vaccine Survey	765987	Since receiving 17th dose of COVID-19 vaccine, have you experienced any of the following adverse reactions related to the vaccine? Please select all that apply.	New Year 2022 Minute Survey | Winter 2021 Minute Survey	2
COVID-19 Vaccine Survey	765989	Since receiving 3rd dose of COVID-19 vaccine, have you experienced any of the following adverse reactions related to the vaccine? Please select all that apply.	New Year 2022 Minute Survey | Winter 2021 Minute Survey	2
COVID-19 Vaccine Survey	765991	Since receiving 4th dose of COVID-19 vaccine, have you experienced any of the following adverse reactions related to the vaccine? Please select all that apply.	New Year 2022 Minute Survey | Winter 2021 Minute Survey	2
COVID-19 Vaccine Survey	765993	Since receiving 5th dose of COVID-19 vaccine, have you experienced any of the following adverse reactions related to the vaccine? Please select all that apply.	New Year 2022 Minute Survey | Winter 2021 Minute Survey	2
COVID-19 Vaccine Survey	765995	Since receiving 6th dose of COVID-19 vaccine, have you experienced any of the following adverse reactions related to the vaccine? Please select all that apply.	New Year 2022 Minute Survey | Winter 2021 Minute Survey	2
COVID-19 Vaccine Survey	765997	Since receiving 7th dose of COVID-19 vaccine, have you experienced any of the following adverse reactions related to the vaccine? Please select all that apply.	New Year 2022 Minute Survey | Winter 2021 Minute Survey	2
COVID-19 Vaccine Survey	765999	Since receiving 8th dose of COVID-19 vaccine, have you experienced any of the following adverse reactions related to the vaccine? Please select all that apply.	New Year 2022 Minute Survey | Winter 2021 Minute Survey	2
COVID-19 Vaccine Survey	766001	Since receiving 9th dose of COVID-19 vaccine, have you experienced any of the following adverse reactions related to the vaccine? Please select all that apply.	New Year 2022 Minute Survey | Winter 2021 Minute Survey	2
COVID-19 Vaccine Survey	905061	Since receiving your first COVID-19 vaccine, have you experienced any of the following adverse reactions? Please select all that apply.	Fall 2021 Minute Survey | New Year 2022 Minute Survey | Summer 2021 Minute Survey | Winter 2021 Minute Survey	4
COVID-19 Vaccine Survey	905046	Since receiving your second COVID-19 vaccine, have you experienced any of the following adverse reactions? Please select all that apply.	Fall 2021 Minute Survey | New Year 2022 Minute Survey | Summer 2021 Minute Survey | Winter 2021 Minute Survey	4
COVID-19 Vaccine Survey	766005	What factors might make you less likely to get an additional dose? Please select all that apply.	New Year 2022 Minute Survey | Winter 2021 Minute Survey	2
COVID-19 Vaccine Survey	905040	What factors might make you less likely to get the second dose of vaccine? Please select all that apply.	Fall 2021 Minute Survey | New Year 2022 Minute Survey | Summer 2021 Minute Survey | Winter 2021 Minute Survey	4
COVID-19 Vaccine Survey	1310137	What factors might make you less likely to get the vaccine? Please select all that apply.	December 2020 COPE Survey | Fall 2021 Minute Survey | February 2021 COPE Survey | New Year 2022 Minute Survey | November 2020 COPE Survey | Summer 2021 Minute Survey | Winter 2021 Minute Survey	7
COVID-19 Vaccine Survey	766007	What type of vaccine did you receive for the 10th dose?	New Year 2022 Minute Survey | Winter 2021 Minute Survey	2
COVID-19 Vaccine Survey	766009	What type of vaccine did you receive for the 11th dose?	New Year 2022 Minute Survey | Winter 2021 Minute Survey	2
COVID-19 Vaccine Survey	766011	What type of vaccine did you receive for the 12th dose?	New Year 2022 Minute Survey | Winter 2021 Minute Survey	2
COVID-19 Vaccine Survey	766013	What type of vaccine did you receive for the 13th dose?	New Year 2022 Minute Survey | Winter 2021 Minute Survey	2
COVID-19 Vaccine Survey	766015	What type of vaccine did you receive for the 14th dose?	New Year 2022 Minute Survey | Winter 2021 Minute Survey	2
COVID-19 Vaccine Survey	766017	What type of vaccine did you receive for the 15th dose?	New Year 2022 Minute Survey | Winter 2021 Minute Survey	2
COVID-19 Vaccine Survey	766019	What type of vaccine did you receive for the 16th dose?	New Year 2022 Minute Survey | Winter 2021 Minute Survey	2
COVID-19 Vaccine Survey	766021	What type of vaccine did you receive for the 17th dose?	New Year 2022 Minute Survey | Winter 2021 Minute Survey	2
COVID-19 Vaccine Survey	766023	What type of vaccine did you receive for the 3rd dose?	New Year 2022 Minute Survey | Winter 2021 Minute Survey	2
COVID-19 Vaccine Survey	766025	What type of vaccine did you receive for the 4th dose?	New Year 2022 Minute Survey | Winter 2021 Minute Survey	2
COVID-19 Vaccine Survey	766027	What type of vaccine did you receive for the 5th dose?	New Year 2022 Minute Survey | Winter 2021 Minute Survey	2
COVID-19 Vaccine Survey	766029	What type of vaccine did you receive for the 6th dose?	New Year 2022 Minute Survey | Winter 2021 Minute Survey	2
COVID-19 Vaccine Survey	766031	What type of vaccine did you receive for the 7th dose?	New Year 2022 Minute Survey | Winter 2021 Minute Survey	2
COVID-19 Vaccine Survey	766033	What type of vaccine did you receive for the 8th dose?	New Year 2022 Minute Survey | Winter 2021 Minute Survey	2
COVID-19 Vaccine Survey	766035	What type of vaccine did you receive for the 9th dose?	New Year 2022 Minute Survey | Winter 2021 Minute Survey	2
COVID-19 Vaccine Survey	1310132	When a COVID-19 vaccine is available to you, how likely are you to get vaccinated?	December 2020 COPE Survey | Fall 2021 Minute Survey | February 2021 COPE Survey | New Year 2022 Minute Survey | November 2020 COPE Survey | Summer 2021 Minute Survey | Winter 2021 Minute Survey	7
COVID-19 Vaccine Survey	905057	When a second COVID-19 vaccine is available to you, how likely are you to get vaccinated?	Fall 2021 Minute Survey | New Year 2022 Minute Survey | Summer 2021 Minute Survey | Winter 2021 Minute Survey	4
COVID-19 Vaccine Survey	766037	Which vaccine did you receive for your 10th dose of the COVID-19 vaccination?	New Year 2022 Minute Survey | Winter 2021 Minute Survey	2
COVID-19 Vaccine Survey	766039	Which vaccine did you receive for your 11th dose of the COVID-19 vaccination?	New Year 2022 Minute Survey | Winter 2021 Minute Survey	2
COVID-19 Vaccine Survey	766041	Which vaccine did you receive for your 12th dose of the COVID-19 vaccination?	New Year 2022 Minute Survey | Winter 2021 Minute Survey	2
COVID-19 Vaccine Survey	766043	Which vaccine did you receive for your 13th dose of the COVID-19 vaccination?	New Year 2022 Minute Survey | Winter 2021 Minute Survey	2
COVID-19 Vaccine Survey	766045	Which vaccine did you receive for your 14th dose of the COVID-19 vaccination?	New Year 2022 Minute Survey | Winter 2021 Minute Survey	2
COVID-19 Vaccine Survey	766047	Which vaccine did you receive for your 15th dose of the COVID-19 vaccination?	New Year 2022 Minute Survey | Winter 2021 Minute Survey	2
COVID-19 Vaccine Survey	766049	Which vaccine did you receive for your 16th dose of the COVID-19 vaccination?	New Year 2022 Minute Survey | Winter 2021 Minute Survey	2
COVID-19 Vaccine Survey	766051	Which vaccine did you receive for your 17th dose of the COVID-19 vaccination?	New Year 2022 Minute Survey | Winter 2021 Minute Survey	2
COVID-19 Vaccine Survey	766053	Which vaccine did you receive for your 3rd dose of the COVID-19 vaccination?	New Year 2022 Minute Survey | Winter 2021 Minute Survey	2
COVID-19 Vaccine Survey	766055	Which vaccine did you receive for your 4th dose of the COVID-19 vaccination?	New Year 2022 Minute Survey | Winter 2021 Minute Survey	2
COVID-19 Vaccine Survey	766057	Which vaccine did you receive for your 5th dose of the COVID-19 vaccination?	New Year 2022 Minute Survey | Winter 2021 Minute Survey	2
COVID-19 Vaccine Survey	766059	Which vaccine did you receive for your 6th dose of the COVID-19 vaccination?	New Year 2022 Minute Survey | Winter 2021 Minute Survey	2
COVID-19 Vaccine Survey	766061	Which vaccine did you receive for your 7th dose of the COVID-19 vaccination?	New Year 2022 Minute Survey | Winter 2021 Minute Survey	2
COVID-19 Vaccine Survey	766063	Which vaccine did you receive for your 8th dose of the COVID-19 vaccination?	New Year 2022 Minute Survey | Winter 2021 Minute Survey	2
COVID-19 Vaccine Survey	766065	Which vaccine did you receive for your 9th dose of the COVID-19 vaccination?	New Year 2022 Minute Survey | Winter 2021 Minute Survey	2
COVID-19 Vaccine Survey	905052	Which vaccine did you receive for your first dose of the COVID-19 vaccination?	Fall 2021 Minute Survey | New Year 2022 Minute Survey | Summer 2021 Minute Survey | Winter 2021 Minute Survey	4
COVID-19 Vaccine Survey	905056	Which vaccine did you receive for your second dose of the COVID-19 vaccination?	Fall 2021 Minute Survey | New Year 2022 Minute Survey | Summer 2021 Minute Survey | Winter 2021 Minute Survey	4
Healthcare Access & Utilization	43528666	Can't Afford Care: Alternative Therapies		0
Healthcare Access & Utilization	43528665	Can't Afford Care: Bought Rx From Other Country		0
Healthcare Access & Utilization	43530415	Can't Afford Care: Delayed Filling Rx To Save Money		0
Healthcare Access & Utilization	43528662	Can't Afford Care: Dental Care		0
Healthcare Access & Utilization	43528663	Can't Afford Care: Emergency Care		0
Healthcare Access & Utilization	43530408	Can't Afford Care: Eyeglasses		0
Healthcare Access & Utilization	43530409	Can't Afford Care: Follow-up Care		0
Healthcare Access & Utilization	43528664	Can't Afford Care: Healthcare Provider		0
Healthcare Access & Utilization	43530413	Can't Afford Care: Lower Cost Rx To Save Money		0
Healthcare Access & Utilization	43530410	Can't Afford Care: Mental Health Counseling		0
Healthcare Access & Utilization	43530411	Can't Afford Care: Prescription Medicines		0
Healthcare Access & Utilization	43530416	Can't Afford Care: Skipped Med To Save Money		0
Healthcare Access & Utilization	43530412	Can't Afford Care: Specialist		0
Healthcare Access & Utilization	43530417	Can't Afford Care: Took Less Med To Save Money		0
Healthcare Access & Utilization	43530557	Can't Afford Care: Worried About Paying		0
Healthcare Access & Utilization	43530583	Delayed Medical Care: Can't Afford Co-pay		0
Healthcare Access & Utilization	43529903	Delayed Medical Care: Child Care		0
Healthcare Access & Utilization	43530585	Delayed Medical Care: Deductible Too High		0
Healthcare Access & Utilization	43529904	Delayed Medical Care: Elderly Care		0
Healthcare Access & Utilization	43530584	Delayed Medical Care: Had To Pay Out Of Pocket		0
Healthcare Access & Utilization	43530594	Delayed Medical Care: Nervous		0
Healthcare Access & Utilization	43530268	Delayed Medical Care: Rural Area		0
Healthcare Access & Utilization	43529905	Delayed Medical Care: Time Off Work		0
Healthcare Access & Utilization	43529906	Delayed Medical Care: Transportation		0
Healthcare Access & Utilization	43530437	Health Advice: Asked For Opinion		0
Healthcare Access & Utilization	43530589	Health Advice: Chiropractor Visits		0
Healthcare Access & Utilization	43529974	Health Advice: Dentist or Orthodontist Visits		0
Healthcare Access & Utilization	43530438	Health Advice: Ease of Understanding		0
Healthcare Access & Utilization	43530591	Health Advice: Eye Doctor Visits		0
Healthcare Access & Utilization	43530588	Health Advice: General Doctor Visits		0
Healthcare Access & Utilization	43529976	Health Advice: Medical Specialist Visits		0
Healthcare Access & Utilization	43529977	Health Advice: Mental Health Professional Visits		0
Healthcare Access & Utilization	43529973	Health Advice: Nurse Practitioner, Physician Assistant, or Midwife Visits		0
Healthcare Access & Utilization	43529975	Health Advice: OB/GYN Visits		0
Healthcare Access & Utilization	43530592	Health Advice: Physical Therapist, Speech Therapist, Respiratory Therapist, Audiologist, or Occupational Therapist Visits		0
Healthcare Access & Utilization	43530562	Health Advice: Place for Health Advice		0
Healthcare Access & Utilization	43530590	Health Advice: Podiatrist Visits		0
Healthcare Access & Utilization	43530439	Health Advice: Respected By Provider		0
Healthcare Access & Utilization	43530399	Health Advice: Spoken To Chiropractor		0
Healthcare Access & Utilization	43530400	Health Advice: Spoken To Dentist or Orthodontist		0
Healthcare Access & Utilization	43530403	Health Advice: Spoken To Eye Doctor		0
Healthcare Access & Utilization	43528660	Health Advice: Spoken To General Doctor		0
Healthcare Access & Utilization	43528661	Health Advice: Spoken To Medical Specialist		0
Healthcare Access & Utilization	43530402	Health Advice: Spoken To Mental Health Professional		0
Healthcare Access & Utilization	43530404	Health Advice: Spoken To Nurse Practitioner		0
Healthcare Access & Utilization	43530401	Health Advice: Spoken To OB/GYN		0
Healthcare Access & Utilization	43530405	Health Advice: Spoken To Physical Therapist, Speech Therapist, Respiratory Therapist, Audiologist, or Occupational Therapist		0
Healthcare Access & Utilization	43530406	Health Advice: Spoken To Podiatrist		0
Healthcare Access & Utilization	43530595	Health Advice: Spoken To Professional		0
Healthcare Access & Utilization	43530407	Health Advice: Spoken To Traditional Healer		0
Healthcare Access & Utilization	43529978	Health Advice: Traditional Healer Visits		0
Healthcare Access & Utilization	43530593	Health Advice: What Kind Of Place		0
Healthcare Access & Utilization	43529899	Health Provider Race Religion: Delayed Or No Care		0
Healthcare Access & Utilization	43529901	Health Provider Race Religion: How Important		0
Healthcare Access & Utilization	43529902	Health Provider Race Religion: How Often		0
Healthcare Access & Utilization	43530559	Insurance: Healthcare Coverage		0
Healthcare Access & Utilization	43530418	Insurance: Insurance Accepted		0
Lifestyle	1586213	Alcohol: 6 or More Drinks Occurrence		0
Lifestyle	1586198	Alcohol: Alcohol Participant		0
Lifestyle	1586207	Alcohol: Average Daily Drink Count		0
Lifestyle	1586201	Alcohol: Drink Frequency Past Year		0
Lifestyle	1585870	Attempt Quit Smoking: Completely Quit Age		0
Lifestyle	1586174	Cigar Smoking: Cigar Smoke Participant		0
Lifestyle	1586177	Cigar Smoking: Current Cigar Frequency		0
Lifestyle	1586169	Electronic Smoking: Electric Smoke Frequency		0
Lifestyle	1586166	Electronic Smoking: Electric Smoke Participant		0
Lifestyle	1586185	Hookah Smoking: Current Hookah Frequency		0
Lifestyle	1586182	Hookah Smoking: Hookah Smoke Participant		0
Lifestyle	1585656	Past 3 Month Use Frequency: Cocaine 3 Month Use		0
Lifestyle	1585686	Past 3 Month Use Frequency: Hallucinogen 3 Month Use		0
Lifestyle	1585674	Past 3 Month Use Frequency: Inhalant 3 Month Use		0
Lifestyle	1585650	Past 3 Month Use Frequency: Marijuana 3 Month Use		0
Lifestyle	1585704	Past 3 Month Use Frequency: Other 3 Month Use		0
Lifestyle	1585668	Past 3 Month Use Frequency: Other Stimulant 3 Month Use		0
Lifestyle	1585698	Past 3 Month Use Frequency: Prescription Opioid 3 Month Use		0
Lifestyle	903058	Past 3 Month Use Frequency: Prescription Stimulant 3 Month Use		0
Lifestyle	1585680	Past 3 Month Use Frequency: Sedative 3 Month Use		0
Lifestyle	1585692	Past 3 Month Use Frequency: Street Opioid 3 Month Use		0
Lifestyle	1585636	Recreational Drug Use: Which Drugs Used		0
Lifestyle	1586193	Smokeless Tobacco: Smokeless Tobacco Frequency		0
Lifestyle	1586190	Smokeless Tobacco: Smokeless Tobacco Participant		0
Lifestyle	1585857	Smoking: 100 Cigs Lifetime		0
Lifestyle	1586162	Smoking: Average Daily Cigarette Number		0
Lifestyle	1586159	Smoking: Current Daily Cigarette Number		0
Lifestyle	1585864	Smoking: Daily Smoke Starting Age		0
Lifestyle	1585873	Smoking: Number Of Years		0
Lifestyle	1585867	Smoking: Serious Quit Attempt		0
Lifestyle	1585860	Smoking: Smoke Frequency		0
Overall Health	1585806	Organ Transplant: Organ Transplant Description		0
Overall Health	1585820	Outside Travel 6 Month: Outside Travel 6 Month How Long		0
Overall Health	1585802	Overall Health Ovary Removal History Age		0
Overall Health	1585748	Overall Health: Average Fatigue 7 Days		0
Overall Health	1585747	Overall Health: Average Pain 7 Days		0
Overall Health	1585778	Overall Health: Difficult Understand Info		0
Overall Health	1585760	Overall Health: Emotional Problem 7 Days		0
Overall Health	1585741	Overall Health: Everyday Activities		0
Overall Health	1585711	Overall Health: General Health		0
Overall Health	1585729	Overall Health: General Mental Health		0
Overall Health	1585723	Overall Health: General Physical Health		0
Overall Health	1585717	Overall Health: General Quality		0
Overall Health	1585754	Overall Health: General Social		0
Overall Health	1585772	Overall Health: Health Material Assistance		0
Overall Health	1585791	Overall Health: Hysterectomy History		0
Overall Health	1585795	Overall Health: Hysterectomy History Age		0
Overall Health	1585766	Overall Health: Medical Form Confidence		0
Overall Health	1585784	Overall Health: Menstrual Stopped		0
Overall Health	1585803	Overall Health: Organ Transplant		0
Overall Health	1585815	Overall Health: Outside Travel 6 Month		0
Overall Health	1585796	Overall Health: Ovary Removal History		0
Overall Health	1585735	Overall Health: Social Satisfaction		0
Overall Health	1585811	Pregnancy: 1 Pregnancy Status		0
Overall Health	1585789	Yes None: Menstrual Stopped Reason		0
Personal and Family Health History	43530476	About how old were you when you were first told you had Crohn's disease?		0
Personal and Family Health History	43530505	About how old were you when you were first told you had HIV/AIDS?		0
Personal and Family Health History	1384670	About how old were you when you were first told you had Lou Gehrig's disease (amyotrophic lateral sclerosis)?		0
Personal and Family Health History	1384432	About how old were you when you were first told you had Lyme disease?		0
Personal and Family Health History	43530536	About how old were you when you were first told you had Parkinson's disease?		0
Personal and Family Health History	1384652	About how old were you when you were first told you had West Nile virus?		0
Personal and Family Health History	1384492	About how old were you when you were first told you had Zika virus?		0
Personal and Family Health History	43530462	About how old were you when you were first told you had a bleeding disorder?		0
Personal and Family Health History	1384514	About how old were you when you were first told you had a drug use disorder?		0
Personal and Family Health History	43530465	About how old were you when you were first told you had a heart attack?		0
Personal and Family Health History	43530480	About how old were you when you were first told you had a hernia?		0
Personal and Family Health History	43530482	About how old were you when you were first told you had a liver condition (e.g., cirrhosis)?		0
Personal and Family Health History	43530518	About how old were you when you were first told you had a personality disorder?		0
Personal and Family Health History	43530543	About how old were you when you were first told you had a skin condition(s) (e.g., eczema, psoriasis)?		0
Personal and Family Health History	43530521	About how old were you when you were first told you had a social phobia?		0
Personal and Family Health History	43530471	About how old were you when you were first told you had a stroke?		0
Personal and Family Health History	43530473	About how old were you when you were first told you had acid reflux?		0
Personal and Family Health History	43530539	About how old were you when you were first told you had acne?		0
Personal and Family Health History	43530508	About how old were you when you were first told you had acute kidney disease with no current dialysis?		0
Personal and Family Health History	1384625	About how old were you when you were first told you had alcohol use disorder?		0
Personal and Family Health History	43530540	About how old were you when you were first told you had allergies?		0
Personal and Family Health History	43530517	About how old were you when you were first told you had an eating disorder?		0
Personal and Family Health History	43530541	About how old were you when you were first told you had an enlarged prostate?		0
Personal and Family Health History	43530461	About how old were you when you were first told you had anemia?		0
Personal and Family Health History	43530514	About how old were you when you were first told you had anxiety reaction/panic disorder?		0
Personal and Family Health History	1740673	About how old were you when you were first told you had aortic aneurysm?		0
Personal and Family Health History	43530546	About how old were you when you were first told you had asthma?		0
Personal and Family Health History	1384554	About how old were you when you were first told you had astigmatism?		0
Personal and Family Health History	43530414	About how old were you when you were first told you had atrial fibrillation (a-fib) or atrial flutter (or a-flutter)?		0
Personal and Family Health History	43530512	About how old were you when you were first told you had attention-deficit/hyperactivity disorder (ADHD)?		0
Personal and Family Health History	1384574	About how old were you when you were first told you had autism spectrum disorder?		0
Personal and Family Health History	43530515	About how old were you when you were first told you had bipolar disorder?		0
Personal and Family Health History	43530440	About how old were you when you were first told you had bladder cancer?		0
Personal and Family Health History	43530493	About how old were you when you were first told you had blindness, all causes?		0
Personal and Family Health History	43530441	About how old were you when you were first told you had blood or soft tissue cancer?		0
Personal and Family Health History	43530442	About how old were you when you were first told you had bone cancer?		0
Personal and Family Health History	43530474	About how old were you when you were first told you had bowel obstruction?		0
Personal and Family Health History	43530443	About how old were you when you were first told you had brain cancer?		0
Personal and Family Health History	43530444	About how old were you when you were first told you had breast cancer?		0
Personal and Family Health History	43530550	About how old were you when you were first told you had carpal tunnel syndrome?		0
Personal and Family Health History	43530494	About how old were you when you were first told you had cataracts?		0
Personal and Family Health History	1384494	About how old were you when you were first told you had celiac disease?		0
Personal and Family Health History	1384426	About how old were you when you were first told you had cerebral palsy?		0
Personal and Family Health History	43530445	About how old were you when you were first told you had cervical cancer?		0
Personal and Family Health History	1384637	About how old were you when you were first told you had chickenpox?		0
Personal and Family Health History	43530523	About how old were you when you were first told you had chronic fatigue?		0
Personal and Family Health History	1384393	About how old were you when you were first told you had chronic lung disease (COPD, emphysema, or bronchitis)?		0
Personal and Family Health History	43530502	About how old were you when you were first told you had chronic sinus infections?		0
Personal and Family Health History	43530446	About how old were you when you were first told you had colon cancer/rectal cancer?		0
Personal and Family Health History	43530475	About how old were you when you were first told you had colon polyps?		0
Personal and Family Health History	43530524	About how old were you when you were first told you had concussion or loss of consciousness?		0
Personal and Family Health History	43530463	About how old were you when you were first told you had congestive heart failure?		0
Personal and Family Health History	43530464	About how old were you when you were first told you had coronary artery/coronary heart disease?		0
Personal and Family Health History	43530525	About how old were you when you were first told you had dementia (includes Alzheimer's, vascular, etc.)?		0
Personal and Family Health History	1384552	About how old were you when you were first told you had dengue fever?		0
Personal and Family Health History	43530516	About how old were you when you were first told you had depression?		0
Personal and Family Health History	43530477	About how old were you when you were first told you had diverticulitis/diverticulosis?		0
Personal and Family Health History	43530495	About how old were you when you were first told you had dry eyes?		0
Personal and Family Health History	43530447	About how old were you when you were first told you had endocrine cancer?		0
Personal and Family Health History	43530448	About how old were you when you were first told you had endometrial cancer?		0
Personal and Family Health History	1384636	About how old were you when you were first told you had endometriosis?		0
Personal and Family Health History	43530526	About how old were you when you were first told you had epilepsy or seizure?		0
Personal and Family Health History	43530449	About how old were you when you were first told you had esophageal cancer?		0
Personal and Family Health History	43530450	About how old were you when you were first told you had eye cancer?		0
Personal and Family Health History	43530496	About how old were you when you were first told you had farsightedness?		0
Personal and Family Health History	1384542	About how old were you when you were first told you had fibroids?		0
Personal and Family Health History	43530551	About how old were you when you were first told you had fibromyalgia?		0
Personal and Family Health History	43530552	About how old were you when you were first told you had fractured/broken bones?		0
Personal and Family Health History	43530478	About how old were you when you were first told you had gall stones?		0
Personal and Family Health History	43530497	About how old were you when you were first told you had glaucoma?		0
Personal and Family Health History	43530553	About how old were you when you were first told you had gout?		0
Personal and Family Health History	43530451	About how old were you when you were first told you had head and neck cancer? (This includes cancers of the mouth, sinuses, nose, or throat. This does not include brain cancer.)		0
Personal and Family Health History	43530466	About how old were you when you were first told you had heart valve disease?		0
Personal and Family Health History	43530479	About how old were you when you were first told you had hemorrhoids?		0
Personal and Family Health History	1384619	About how old were you when you were first told you had hepatitis A?		0
Personal and Family Health History	1384620	About how old were you when you were first told you had hepatitis B?		0
Personal and Family Health History	43530503	About how old were you when you were first told you had hepatitis C?		0
Personal and Family Health History	43530468	About how old were you when you were first told you had high blood pressure (hypertension)?		0
Personal and Family Health History	43530467	About how old were you when you were first told you had high cholesterol?		0
Personal and Family Health History	43530486	About how old were you when you were first told you had hyperthyroidism?		0
Personal and Family Health History	43530487	About how old were you when you were first told you had hypothyroidism?		0
Personal and Family Health History	43530527	About how old were you when you were first told you had insomnia?		0
Personal and Family Health History	43530481	About how old were you when you were first told you had irritable bowel syndrome (IBS)?		0
Personal and Family Health History	43530452	About how old were you when you were first told you had kidney cancer?		0
Personal and Family Health History	43530510	About how old were you when you were first told you had kidney disease with dialysis?		0
Personal and Family Health History	43530511	About how old were you when you were first told you had kidney disease without dialysis?		0
Personal and Family Health History	43530509	About how old were you when you were first told you had kidney stones?		0
Personal and Family Health History	43530453	About how old were you when you were first told you had lung cancer?		0
Personal and Family Health History	43530499	About how old were you when you were first told you had macular degeneration?		0
Personal and Family Health History	43530528	About how old were you when you were first told you had memory loss or impairment?		0
Personal and Family Health History	43530529	About how old were you when you were first told you had migraine headaches?		0
Personal and Family Health History	43530530	About how old were you when you were first told you had multiple sclerosis (MS)?		0
Personal and Family Health History	43530531	About how old were you when you were first told you had muscular dystrophy (MD)?		0
Personal and Family Health History	43530532	About how old were you when you were first told you had narcolepsy?		0
Personal and Family Health History	43530500	About how old were you when you were first told you had nearsightedness?		0
Personal and Family Health History	43530533	About how old were you when you were first told you had neuropathy?		0
Personal and Family Health History	43530542	About how old were you when you were first told you had obesity?		0
Personal and Family Health History	1384611	About how old were you when you were first told you had osteoarthritis?		0
Personal and Family Health History	43530555	About how old were you when you were first told you had osteoporosis?		0
Personal and Family Health History	1384470	About how old were you when you were first told you had other arthritis?		0
Personal and Family Health History	1384399	About how old were you when you were first told you had other bone, joint, or muscle condition(s)?		0
Personal and Family Health History	1384456	About how old were you when you were first told you had other brain or nervous system condition(s)?		0
Personal and Family Health History	43530454	About how old were you when you were first told you had other cancer(s)?		0
Personal and Family Health History	1384394	About how old were you when you were first told you had other condition(s)?		0
Personal and Family Health History	1384649	About how old were you when you were first told you had other digestive condition(s)?		0
Personal and Family Health History	1384667	About how old were you when you were first told you had other hearing or eye condition(s)?		0
Personal and Family Health History	1384462	About how old were you when you were first told you had other heart or blood condition(s)?		0
Personal and Family Health History	1384672	About how old were you when you were first told you had other hormone/endocrine condition(s)?		0
Personal and Family Health History	1384647	About how old were you when you were first told you had other infectious disease(s)?		0
Personal and Family Health History	1384661	About how old were you when you were first told you had other kidney condition(s)?		0
Personal and Family Health History	1384635	About how old were you when you were first told you had other lung condition(s)?		0
Personal and Family Health History	1384425	About how old were you when you were first told you had other mental health or substance use condition(s)?		0
Personal and Family Health History	43530488	About how old were you when you were first told you had other/unknown diabetes?		0
Personal and Family Health History	43530489	About how old were you when you were first told you had other/unknown thyroid condition(s)?		0
Personal and Family Health History	1384466	About how old were you when you were first told you had ovarian cancer?		0
Personal and Family Health History	43530455	About how old were you when you were first told you had pancreatic cancer?		0
Personal and Family Health History	43530483	About how old were you when you were first told you had pancreatitis?		0
Personal and Family Health History	43530484	About how old were you when you were first told you had peptic (stomach) ulcers?		0
Personal and Family Health History	1384448	About how old were you when you were first told you had peripheral vascular disease?		0
Personal and Family Health History	1384509	About how old were you when you were first told you had polycystic ovarian syndrome?		0
Personal and Family Health History	43530519	About how old were you when you were first told you had post-traumatic stress disorder (PTSD)?		0
Personal and Family Health History	1384543	About how old were you when you were first told you had prediabetes?		0
Personal and Family Health History	43530456	About how old were you when you were first told you had prostate cancer?		0
Personal and Family Health History	1384513	About how old were you when you were first told you had pseudogout (CPPD)?		0
Personal and Family Health History	43530469	About how old were you when you were first told you had pulmonary embolism or deep vein thrombosis (DVT)?		0
Personal and Family Health History	1384569	About how old were you when you were first told you had reactions to anesthesia (such as hyperthermia)?		0
Personal and Family Health History	43530507	About how old were you when you were first told you had recurrent urinary tract infections (UTI)/bladder infections?		0
Personal and Family Health History	1384621	About how old were you when you were first told you had recurrent yeast infections?		0
Personal and Family Health History	43530537	About how old were you when you were first told you had restless leg syndrome?		0
Personal and Family Health History	1384479	About how old were you when you were first told you had rheumatoid arthritis (RA)?		0
Personal and Family Health History	43530520	About how old were you when you were first told you had schizophrenia?		0
Personal and Family Health History	1384438	About how old were you when you were first told you had severe acute respiratory syndrome (SARS)?		0
Personal and Family Health History	43530498	About how old were you when you were first told you had severe hearing loss or partial deafness in one or both ears?		0
Personal and Family Health History	1384573	About how old were you when you were first told you had sexually transmitted infections (gonorrhea, syphilis, chlamydia)?		0
Personal and Family Health History	1384416	About how old were you when you were first told you had shingles?		0
Personal and Family Health History	43530470	About how old were you when you were first told you had sickle cell disease?		0
Personal and Family Health History	43530457	About how old were you when you were first told you had skin cancer?		0
Personal and Family Health History	43530548	About how old were you when you were first told you had sleep apnea?		0
Personal and Family Health History	1384655	About how old were you when you were first told you had spinal cord injury or impairment?		0
Personal and Family Health History	43530556	About how old were you when you were first told you had spine, muscle, or bone disorders (non-cancer)?		0
Personal and Family Health History	43530458	About how old were you when you were first told you had stomach cancer?		0
Personal and Family Health History	43530554	About how old were you when you were first told you had systemic lupus?		0
Personal and Family Health History	43530459	About how old were you when you were first told you had thyroid cancer?		0
Personal and Family Health History	43530501	About how old were you when you were first told you had tinnitus?		0
Personal and Family Health History	43530472	About how old were you when you were first told you had transient ischemic attacks (TIAs or mini-strokes)?		0
Personal and Family Health History	43530538	About how old were you when you were first told you had traumatic brain injury (TBI)?		0
Personal and Family Health History	43530506	About how old were you when you were first told you had tuberculosis?		0
Personal and Family Health History	43530491	About how old were you when you were first told you had type 1 diabetes?		0
Personal and Family Health History	43530492	About how old were you when you were first told you had type 2 diabetes?		0
Personal and Family Health History	43530485	About how old were you when you were first told you had ulcerative colitis?		0
Personal and Family Health History	43530544	About how old were you when you were first told you had vitamin B deficiency?		0
Personal and Family Health History	43530545	About how old were you when you were first told you had vitamin D deficiency?		0
Personal and Family Health History	43528804	Are you currently prescribed medications and/or receiving treatment for Crohn's disease?		0
Personal and Family Health History	43528832	Are you currently prescribed medications and/or receiving treatment for HIV/AIDS?		0
Personal and Family Health History	1384451	Are you currently prescribed medications and/or receiving treatment for Lou Gehrig's disease (amyotrophic lateral sclerosis)?		0
Personal and Family Health History	1384628	Are you currently prescribed medications and/or receiving treatment for Lyme disease?		0
Personal and Family Health History	43528862	Are you currently prescribed medications and/or receiving treatment for Parkinson's disease?		0
Personal and Family Health History	1384602	Are you currently prescribed medications and/or receiving treatment for West Nile virus?		0
Personal and Family Health History	1384424	Are you currently prescribed medications and/or receiving treatment for Zika virus?		0
Personal and Family Health History	43528788	Are you currently prescribed medications and/or receiving treatment for a bleeding disorder?		0
Personal and Family Health History	1384601	Are you currently prescribed medications and/or receiving treatment for a drug use disorder?		0
Personal and Family Health History	43528791	Are you currently prescribed medications and/or receiving treatment for a heart attack?		0
Personal and Family Health History	43528808	Are you currently prescribed medications and/or receiving treatment for a hernia?		0
Personal and Family Health History	43528810	Are you currently prescribed medications and/or receiving treatment for a liver condition (e.g., cirrhosis)?		0
Personal and Family Health History	43528845	Are you currently prescribed medications and/or receiving treatment for a personality disorder?		0
Personal and Family Health History	43528870	Are you currently prescribed medications and/or receiving treatment for a skin condition(s) (e.g., eczema, psoriasis)?		0
Personal and Family Health History	43528848	Are you currently prescribed medications and/or receiving treatment for a social phobia?		0
Personal and Family Health History	43528798	Are you currently prescribed medications and/or receiving treatment for a stroke?		0
Personal and Family Health History	43528800	Are you currently prescribed medications and/or receiving treatment for acid reflux?		0
Personal and Family Health History	43528866	Are you currently prescribed medications and/or receiving treatment for acne?		0
Personal and Family Health History	43528835	Are you currently prescribed medications and/or receiving treatment for acute kidney disease with no current dialysis?		0
Personal and Family Health History	1384518	Are you currently prescribed medications and/or receiving treatment for alcohol use disorder?		0
Personal and Family Health History	43528867	Are you currently prescribed medications and/or receiving treatment for allergies?		0
Personal and Family Health History	43528844	Are you currently prescribed medications and/or receiving treatment for an eating disorder?		0
Personal and Family Health History	43528868	Are you currently prescribed medications and/or receiving treatment for an enlarged prostate?		0
Personal and Family Health History	43528786	Are you currently prescribed medications and/or receiving treatment for anemia?		0
Personal and Family Health History	43528841	Are you currently prescribed medications and/or receiving treatment for anxiety reaction/panic disorder?		0
Personal and Family Health History	1740595	Are you currently prescribed medications and/or receiving treatment for aortic aneurysm?		0
Personal and Family Health History	43528873	Are you currently prescribed medications and/or receiving treatment for asthma?		0
Personal and Family Health History	1384388	Are you currently prescribed medications and/or receiving treatment for astigmatism?		0
Personal and Family Health History	43528787	Are you currently prescribed medications and/or receiving treatment for atrial fibrillation (a-fib) or atrial flutter (or a-flutter)?		0
Personal and Family Health History	43528839	Are you currently prescribed medications and/or receiving treatment for attention-deficit/hyperactivity disorder (ADHD)?		0
Personal and Family Health History	1384486	Are you currently prescribed medications and/or receiving treatment for autism spectrum disorder?		0
Personal and Family Health History	43528842	Are you currently prescribed medications and/or receiving treatment for bipolar disorder?		0
Personal and Family Health History	43528766	Are you currently prescribed medications and/or receiving treatment for bladder cancer?		0
Personal and Family Health History	43528821	Are you currently prescribed medications and/or receiving treatment for blindness, all causes?		0
Personal and Family Health History	43528767	Are you currently prescribed medications and/or receiving treatment for blood or soft tissue cancer?		0
Personal and Family Health History	43528768	Are you currently prescribed medications and/or receiving treatment for bone cancer?		0
Personal and Family Health History	43528801	Are you currently prescribed medications and/or receiving treatment for bowel obstruction?		0
Personal and Family Health History	43528769	Are you currently prescribed medications and/or receiving treatment for brain cancer?		0
Personal and Family Health History	43528770	Are you currently prescribed medications and/or receiving treatment for breast cancer?		0
Personal and Family Health History	43528877	Are you currently prescribed medications and/or receiving treatment for carpal tunnel syndrome?		0
Personal and Family Health History	43528822	Are you currently prescribed medications and/or receiving treatment for cataracts?		0
Personal and Family Health History	1384609	Are you currently prescribed medications and/or receiving treatment for celiac disease?		0
Personal and Family Health History	1384482	Are you currently prescribed medications and/or receiving treatment for cerebral palsy?		0
Personal and Family Health History	43528771	Are you currently prescribed medications and/or receiving treatment for cervical cancer?		0
Personal and Family Health History	1384442	Are you currently prescribed medications and/or receiving treatment for chickenpox?		0
Personal and Family Health History	43528850	Are you currently prescribed medications and/or receiving treatment for chronic fatigue?		0
Personal and Family Health History	1384587	Are you currently prescribed medications and/or receiving treatment for chronic lung disease (COPD, emphysema, or bronchitis)?		0
Personal and Family Health History	43528830	Are you currently prescribed medications and/or receiving treatment for chronic sinus infections?		0
Personal and Family Health History	43528772	Are you currently prescribed medications and/or receiving treatment for colon cancer/rectal cancer?		0
Personal and Family Health History	43528802	Are you currently prescribed medications and/or receiving treatment for colon polyps?		0
Personal and Family Health History	43528851	Are you currently prescribed medications and/or receiving treatment for concussion or loss of consciousness?		0
Personal and Family Health History	43528789	Are you currently prescribed medications and/or receiving treatment for congestive heart failure?		0
Personal and Family Health History	43528790	Are you currently prescribed medications and/or receiving treatment for coronary artery/coronary heart disease?		0
Personal and Family Health History	43528852	Are you currently prescribed medications and/or receiving treatment for dementia (includes Alzheimer's, vascular, etc.)?		0
Personal and Family Health History	1384627	Are you currently prescribed medications and/or receiving treatment for dengue fever?		0
Personal and Family Health History	43528843	Are you currently prescribed medications and/or receiving treatment for depression?		0
Personal and Family Health History	43528805	Are you currently prescribed medications and/or receiving treatment for diverticulitis/diverticulosis?		0
Personal and Family Health History	43528823	Are you currently prescribed medications and/or receiving treatment for dry eyes?		0
Personal and Family Health History	43528773	Are you currently prescribed medications and/or receiving treatment for endocrine cancer?		0
Personal and Family Health History	43528774	Are you currently prescribed medications and/or receiving treatment for endometrial cancer?		0
Personal and Family Health History	1384624	Are you currently prescribed medications and/or receiving treatment for endometriosis?		0
Personal and Family Health History	43528853	Are you currently prescribed medications and/or receiving treatment for epilepsy or seizure?		0
Personal and Family Health History	43528775	Are you currently prescribed medications and/or receiving treatment for esophageal cancer?		0
Personal and Family Health History	43528776	Are you currently prescribed medications and/or receiving treatment for eye cancer?		0
Personal and Family Health History	43528824	Are you currently prescribed medications and/or receiving treatment for farsightedness?		0
Personal and Family Health History	1384668	Are you currently prescribed medications and/or receiving treatment for fibroids?		0
Personal and Family Health History	43528878	Are you currently prescribed medications and/or receiving treatment for fibromyalgia?		0
Personal and Family Health History	43528879	Are you currently prescribed medications and/or receiving treatment for fractured/broken bones?		0
Personal and Family Health History	43528806	Are you currently prescribed medications and/or receiving treatment for gall stones?		0
Personal and Family Health History	43528825	Are you currently prescribed medications and/or receiving treatment for glaucoma?		0
Personal and Family Health History	43528880	Are you currently prescribed medications and/or receiving treatment for gout?		0
Personal and Family Health History	43528777	Are you currently prescribed medications and/or receiving treatment for head and neck cancer? (This includes cancers of the mouth, sinuses, nose, or throat. This does not include brain cancer.)		0
Personal and Family Health History	43528792	Are you currently prescribed medications and/or receiving treatment for heart valve disease?		0
Personal and Family Health History	43528807	Are you currently prescribed medications and/or receiving treatment for hemorrhoids?		0
Personal and Family Health History	1384535	Are you currently prescribed medications and/or receiving treatment for hepatitis A?		0
Personal and Family Health History	1384447	Are you currently prescribed medications and/or receiving treatment for hepatitis B?		0
Personal and Family Health History	43528831	Are you currently prescribed medications and/or receiving treatment for hepatitis C?		0
Personal and Family Health History	1384437	Are you currently prescribed medications and/or receiving treatment for high blood pressure (hypertension)?		0
Personal and Family Health History	43528793	Are you currently prescribed medications and/or receiving treatment for high cholesterol?		0
Personal and Family Health History	43528814	Are you currently prescribed medications and/or receiving treatment for hyperthyroidism?		0
Personal and Family Health History	43528815	Are you currently prescribed medications and/or receiving treatment for hypothyroidism?		0
Personal and Family Health History	43528854	Are you currently prescribed medications and/or receiving treatment for insomnia?		0
Personal and Family Health History	43528809	Are you currently prescribed medications and/or receiving treatment for irritable bowel syndrome (IBS)?		0
Personal and Family Health History	43528778	Are you currently prescribed medications and/or receiving treatment for kidney cancer?		0
Personal and Family Health History	43528837	Are you currently prescribed medications and/or receiving treatment for kidney disease with dialysis?		0
Personal and Family Health History	43528838	Are you currently prescribed medications and/or receiving treatment for kidney disease without dialysis?		0
Personal and Family Health History	43528836	Are you currently prescribed medications and/or receiving treatment for kidney stones?		0
Personal and Family Health History	43528779	Are you currently prescribed medications and/or receiving treatment for lung cancer?		0
Personal and Family Health History	43528827	Are you currently prescribed medications and/or receiving treatment for macular degeneration?		0
Personal and Family Health History	43528855	Are you currently prescribed medications and/or receiving treatment for memory loss or impairment?		0
Personal and Family Health History	43528856	Are you currently prescribed medications and/or receiving treatment for migraine headaches?		0
Personal and Family Health History	43528857	Are you currently prescribed medications and/or receiving treatment for multiple sclerosis (MS)?		0
Personal and Family Health History	43528858	Are you currently prescribed medications and/or receiving treatment for muscular dystrophy (MD)?		0
Personal and Family Health History	43528859	Are you currently prescribed medications and/or receiving treatment for narcolepsy?		0
Personal and Family Health History	43528828	Are you currently prescribed medications and/or receiving treatment for nearsightedness?		0
Personal and Family Health History	43528860	Are you currently prescribed medications and/or receiving treatment for neuropathy?		0
Personal and Family Health History	43528869	Are you currently prescribed medications and/or receiving treatment for obesity?		0
Personal and Family Health History	1384433	Are you currently prescribed medications and/or receiving treatment for osteoarthritis?		0
Personal and Family Health History	43528882	Are you currently prescribed medications and/or receiving treatment for osteoporosis?		0
Personal and Family Health History	1384478	Are you currently prescribed medications and/or receiving treatment for other arthritis?		0
Personal and Family Health History	1384671	Are you currently prescribed medications and/or receiving treatment for other bone, joint, or muscle condition(s)?		0
Personal and Family Health History	1384528	Are you currently prescribed medications and/or receiving treatment for other brain or nervous system condition(s)?		0
Personal and Family Health History	43528780	Are you currently prescribed medications and/or receiving treatment for other cancer(s)?		0
Personal and Family Health History	1384589	Are you currently prescribed medications and/or receiving treatment for other condition(s)?		0
Personal and Family Health History	1384468	Are you currently prescribed medications and/or receiving treatment for other digestive condition(s)?		0
Personal and Family Health History	1384663	Are you currently prescribed medications and/or receiving treatment for other hearing or eye condition(s)?		0
Personal and Family Health History	1384420	Are you currently prescribed medications and/or receiving treatment for other heart or blood condition(s)?		0
Personal and Family Health History	1384641	Are you currently prescribed medications and/or receiving treatment for other hormone/endocrine condition(s)?		0
Personal and Family Health History	1384517	Are you currently prescribed medications and/or receiving treatment for other infectious disease(s)?		0
Personal and Family Health History	1384612	Are you currently prescribed medications and/or receiving treatment for other kidney condition(s)?		0
Personal and Family Health History	1384476	Are you currently prescribed medications and/or receiving treatment for other lung condition(s)?		0
Personal and Family Health History	1384584	Are you currently prescribed medications and/or receiving treatment for other mental health or substance use condition(s)?		0
Personal and Family Health History	43528816	Are you currently prescribed medications and/or receiving treatment for other/unknown diabetes?		0
Personal and Family Health History	43528817	Are you currently prescribed medications and/or receiving treatment for other/unknown thyroid condition(s)?		0
Personal and Family Health History	1384529	Are you currently prescribed medications and/or receiving treatment for ovarian cancer?		0
Personal and Family Health History	43528781	Are you currently prescribed medications and/or receiving treatment for pancreatic cancer?		0
Personal and Family Health History	43528811	Are you currently prescribed medications and/or receiving treatment for pancreatitis?		0
Personal and Family Health History	43528812	Are you currently prescribed medications and/or receiving treatment for peptic (stomach) ulcers?		0
Personal and Family Health History	43528795	Are you currently prescribed medications and/or receiving treatment for peripheral vascular disease?		0
Personal and Family Health History	1384507	Are you currently prescribed medications and/or receiving treatment for polycystic ovarian syndrome?		0
Personal and Family Health History	43528846	Are you currently prescribed medications and/or receiving treatment for post-traumatic stress disorder (PTSD)?		0
Personal and Family Health History	1384566	Are you currently prescribed medications and/or receiving treatment for prediabetes?		0
Personal and Family Health History	43528782	Are you currently prescribed medications and/or receiving treatment for prostate cancer?		0
Personal and Family Health History	1384626	Are you currently prescribed medications and/or receiving treatment for pseudogout (CPPD)?		0
Personal and Family Health History	43528796	Are you currently prescribed medications and/or receiving treatment for pulmonary embolism or deep vein thrombosis (DVT)?		0
Personal and Family Health History	1384572	Are you currently prescribed medications and/or receiving treatment for reactions to anesthesia (such as hyperthermia)?		0
Personal and Family Health History	43528834	Are you currently prescribed medications and/or receiving treatment for recurrent urinary tract infections (UTI)/bladder infections?		0
Personal and Family Health History	1384398	Are you currently prescribed medications and/or receiving treatment for recurrent yeast infections?		0
Personal and Family Health History	43528863	Are you currently prescribed medications and/or receiving treatment for restless leg syndrome?		0
Personal and Family Health History	1384540	Are you currently prescribed medications and/or receiving treatment for rheumatoid arthritis (RA)?		0
Personal and Family Health History	43528847	Are you currently prescribed medications and/or receiving treatment for schizophrenia?		0
Personal and Family Health History	1384642	Are you currently prescribed medications and/or receiving treatment for severe acute respiratory syndrome (SARS)?		0
Personal and Family Health History	43528826	Are you currently prescribed medications and/or receiving treatment for severe hearing loss or partial deafness in one or both ears?		0
Personal and Family Health History	1384664	Are you currently prescribed medications and/or receiving treatment for sexually transmitted infections (gonorrhea, syphilis, chlamydia)?		0
Personal and Family Health History	1384505	Are you currently prescribed medications and/or receiving treatment for shingles?		0
Personal and Family Health History	43528797	Are you currently prescribed medications and/or receiving treatment for sickle cell disease?		0
Personal and Family Health History	43528783	Are you currently prescribed medications and/or receiving treatment for skin cancer?		0
Personal and Family Health History	43528875	Are you currently prescribed medications and/or receiving treatment for sleep apnea?		0
Personal and Family Health History	43528864	Are you currently prescribed medications and/or receiving treatment for spinal cord injury or impairment?		0
Personal and Family Health History	43528883	Are you currently prescribed medications and/or receiving treatment for spine, muscle, or bone disorders (non-cancer)?		0
Personal and Family Health History	43528784	Are you currently prescribed medications and/or receiving treatment for stomach cancer?		0
Personal and Family Health History	43528881	Are you currently prescribed medications and/or receiving treatment for systemic lupus?		0
Personal and Family Health History	43528785	Are you currently prescribed medications and/or receiving treatment for thyroid cancer?		0
Personal and Family Health History	43528829	Are you currently prescribed medications and/or receiving treatment for tinnitus?		0
Personal and Family Health History	43528799	Are you currently prescribed medications and/or receiving treatment for transient ischemic attacks (TIAs or mini-strokes)?		0
Personal and Family Health History	43528865	Are you currently prescribed medications and/or receiving treatment for traumatic brain injury (TBI)?		0
Personal and Family Health History	43528833	Are you currently prescribed medications and/or receiving treatment for tuberculosis?		0
Personal and Family Health History	43528819	Are you currently prescribed medications and/or receiving treatment for type 1 diabetes?		0
Personal and Family Health History	43528820	Are you currently prescribed medications and/or receiving treatment for type 2 diabetes?		0
Personal and Family Health History	43528813	Are you currently prescribed medications and/or receiving treatment for ulcerative colitis?		0
Personal and Family Health History	43528871	Are you currently prescribed medications and/or receiving treatment for vitamin B deficiency?		0
Personal and Family Health History	43528872	Are you currently prescribed medications and/or receiving treatment for vitamin D deficiency?		0
Personal and Family Health History	43530319	Are you still seeing a doctor or health care provider for Crohn's disease?		0
Personal and Family Health History	43530347	Are you still seeing a doctor or health care provider for HIV/AIDS?		0
Personal and Family Health History	1384633	Are you still seeing a doctor or health care provider for Lou Gehrig's disease (amyotrophic lateral sclerosis)?		0
Personal and Family Health History	1384431	Are you still seeing a doctor or health care provider for Lyme disease?		0
Personal and Family Health History	43530377	Are you still seeing a doctor or health care provider for Parkinson's disease?		0
Personal and Family Health History	1384596	Are you still seeing a doctor or health care provider for West Nile virus?		0
Personal and Family Health History	1384459	Are you still seeing a doctor or health care provider for Zika virus?		0
Personal and Family Health History	43530304	Are you still seeing a doctor or health care provider for a bleeding disorder?		0
Personal and Family Health History	1384480	Are you still seeing a doctor or health care provider for a drug use disorder?		0
Personal and Family Health History	43530307	Are you still seeing a doctor or health care provider for a heart attack?		0
Personal and Family Health History	43530323	Are you still seeing a doctor or health care provider for a hernia?		0
Personal and Family Health History	43530325	Are you still seeing a doctor or health care provider for a liver condition (e.g., cirrhosis)?		0
Personal and Family Health History	43530360	Are you still seeing a doctor or health care provider for a personality disorder?		0
Personal and Family Health History	43530363	Are you still seeing a doctor or health care provider for a social phobia?		0
Personal and Family Health History	43530314	Are you still seeing a doctor or health care provider for a stroke?		0
Personal and Family Health History	43530316	Are you still seeing a doctor or health care provider for acid reflux?		0
Personal and Family Health History	43530381	Are you still seeing a doctor or health care provider for acne?		0
Personal and Family Health History	43530350	Are you still seeing a doctor or health care provider for acute kidney disease with no current dialysis?		0
Personal and Family Health History	1384490	Are you still seeing a doctor or health care provider for alcohol use disorder?		0
Personal and Family Health History	43530382	Are you still seeing a doctor or health care provider for allergies?		0
Personal and Family Health History	43530359	Are you still seeing a doctor or health care provider for an eating disorder?		0
Personal and Family Health History	43530383	Are you still seeing a doctor or health care provider for an enlarged prostate?		0
Personal and Family Health History	43530302	Are you still seeing a doctor or health care provider for anemia?		0
Personal and Family Health History	43530356	Are you still seeing a doctor or health care provider for anxiety reaction/panic disorder?		0
Personal and Family Health History	1740662	Are you still seeing a doctor or health care provider for aortic aneurysm?		0
Personal and Family Health History	43530388	Are you still seeing a doctor or health care provider for asthma?		0
Personal and Family Health History	1384570	Are you still seeing a doctor or health care provider for astigmatism?		0
Personal and Family Health History	43530303	Are you still seeing a doctor or health care provider for atrial fibrillation (a-fib) or atrial flutter (or a-flutter)?		0
Personal and Family Health History	43530354	Are you still seeing a doctor or health care provider for attention-deficit/hyperactivity disorder (ADHD)?		0
Personal and Family Health History	1384630	Are you still seeing a doctor or health care provider for autism spectrum disorder?		0
Personal and Family Health History	43530357	Are you still seeing a doctor or health care provider for bipolar disorder?		0
Personal and Family Health History	43530282	Are you still seeing a doctor or health care provider for bladder cancer?		0
Personal and Family Health History	43530336	Are you still seeing a doctor or health care provider for blindness, all causes?		0
Personal and Family Health History	43530283	Are you still seeing a doctor or health care provider for blood or soft tissue cancer?		0
Personal and Family Health History	43530284	Are you still seeing a doctor or health care provider for bone cancer?		0
Personal and Family Health History	43530317	Are you still seeing a doctor or health care provider for bowel obstruction?		0
Personal and Family Health History	43530285	Are you still seeing a doctor or health care provider for brain cancer?		0
Personal and Family Health History	43530286	Are you still seeing a doctor or health care provider for breast cancer?		0
Personal and Family Health History	43530392	Are you still seeing a doctor or health care provider for carpal tunnel syndrome?		0
Personal and Family Health History	43530337	Are you still seeing a doctor or health care provider for cataracts?		0
Personal and Family Health History	1384660	Are you still seeing a doctor or health care provider for celiac disease?		0
Personal and Family Health History	1384597	Are you still seeing a doctor or health care provider for cerebral palsy?		0
Personal and Family Health History	43530287	Are you still seeing a doctor or health care provider for cervical cancer?		0
Personal and Family Health History	1384553	Are you still seeing a doctor or health care provider for chickenpox?		0
Personal and Family Health History	43530365	Are you still seeing a doctor or health care provider for chronic fatigue?		0
Personal and Family Health History	1384608	Are you still seeing a doctor or health care provider for chronic lung disease (COPD, emphysema, or bronchitis)?		0
Personal and Family Health History	43530345	Are you still seeing a doctor or health care provider for chronic sinus infections?		0
Personal and Family Health History	43530288	Are you still seeing a doctor or health care provider for colon cancer/rectal cancer?		0
Personal and Family Health History	43530318	Are you still seeing a doctor or health care provider for colon polyps?		0
Personal and Family Health History	43530366	Are you still seeing a doctor or health care provider for concussion or loss of consciousness?		0
Personal and Family Health History	43530305	Are you still seeing a doctor or health care provider for congestive heart failure?		0
Personal and Family Health History	43530306	Are you still seeing a doctor or health care provider for coronary artery/coronary heart disease?		0
Personal and Family Health History	43530367	Are you still seeing a doctor or health care provider for dementia (includes Alzheimer's, vascular, etc.)?		0
Personal and Family Health History	1384418	Are you still seeing a doctor or health care provider for dengue fever?		0
Personal and Family Health History	43530358	Are you still seeing a doctor or health care provider for depression?		0
Personal and Family Health History	43530320	Are you still seeing a doctor or health care provider for diverticulitis/diverticulosis?		0
Personal and Family Health History	43530338	Are you still seeing a doctor or health care provider for dry eyes?		0
Personal and Family Health History	43530289	Are you still seeing a doctor or health care provider for endocrine cancer?		0
Personal and Family Health History	43530290	Are you still seeing a doctor or health care provider for endometrial cancer?		0
Personal and Family Health History	1384474	Are you still seeing a doctor or health care provider for endometriosis?		0
Personal and Family Health History	43530368	Are you still seeing a doctor or health care provider for epilepsy or seizure?		0
Personal and Family Health History	43530291	Are you still seeing a doctor or health care provider for esophageal cancer?		0
Personal and Family Health History	43530292	Are you still seeing a doctor or health care provider for eye cancer?		0
Personal and Family Health History	43530339	Are you still seeing a doctor or health care provider for farsightedness?		0
Personal and Family Health History	1384605	Are you still seeing a doctor or health care provider for fibroids?		0
Personal and Family Health History	43530393	Are you still seeing a doctor or health care provider for fibromyalgia?		0
Personal and Family Health History	43530394	Are you still seeing a doctor or health care provider for fractured/broken bones?		0
Personal and Family Health History	43530321	Are you still seeing a doctor or health care provider for gall stones?		0
Personal and Family Health History	43530340	Are you still seeing a doctor or health care provider for glaucoma?		0
Personal and Family Health History	43530395	Are you still seeing a doctor or health care provider for gout?		0
Personal and Family Health History	43530293	Are you still seeing a doctor or health care provider for head and neck cancer? (This includes cancers of the mouth, sinuses, nose, or throat. This does not include brain cancer.)		0
Personal and Family Health History	43530308	Are you still seeing a doctor or health care provider for heart valve disease?		0
Personal and Family Health History	43530322	Are you still seeing a doctor or health care provider for hemorrhoids?		0
Personal and Family Health History	1384401	Are you still seeing a doctor or health care provider for hepatitis A?		0
Personal and Family Health History	1384506	Are you still seeing a doctor or health care provider for hepatitis B?		0
Personal and Family Health History	43530346	Are you still seeing a doctor or health care provider for hepatitis C?		0
Personal and Family Health History	43530310	Are you still seeing a doctor or health care provider for high blood pressure (hypertension)?		0
Personal and Family Health History	43530309	Are you still seeing a doctor or health care provider for high cholesterol?		0
Personal and Family Health History	43530329	Are you still seeing a doctor or health care provider for hyperthyroidism?		0
Personal and Family Health History	43530330	Are you still seeing a doctor or health care provider for hypothyroidism?		0
Personal and Family Health History	43530369	Are you still seeing a doctor or health care provider for insomnia?		0
Personal and Family Health History	43530324	Are you still seeing a doctor or health care provider for irritable bowel syndrome (IBS)?		0
Personal and Family Health History	43530294	Are you still seeing a doctor or health care provider for kidney cancer?		0
Personal and Family Health History	43530352	Are you still seeing a doctor or health care provider for kidney disease with dialysis?		0
Personal and Family Health History	43530353	Are you still seeing a doctor or health care provider for kidney disease without dialysis?		0
Personal and Family Health History	43530351	Are you still seeing a doctor or health care provider for kidney stones?		0
Personal and Family Health History	43530295	Are you still seeing a doctor or health care provider for lung cancer?		0
Personal and Family Health History	43530342	Are you still seeing a doctor or health care provider for macular degeneration?		0
Personal and Family Health History	43530370	Are you still seeing a doctor or health care provider for memory loss or impairment?		0
Personal and Family Health History	43530371	Are you still seeing a doctor or health care provider for migraine headaches?		0
Personal and Family Health History	43530372	Are you still seeing a doctor or health care provider for multiple sclerosis (MS)?		0
Personal and Family Health History	43530373	Are you still seeing a doctor or health care provider for muscular dystrophy (MD)?		0
Personal and Family Health History	43530374	Are you still seeing a doctor or health care provider for narcolepsy?		0
Personal and Family Health History	43530343	Are you still seeing a doctor or health care provider for nearsightedness?		0
Personal and Family Health History	43530375	Are you still seeing a doctor or health care provider for neuropathy?		0
Personal and Family Health History	43530384	Are you still seeing a doctor or health care provider for obesity?		0
Personal and Family Health History	1384617	Are you still seeing a doctor or health care provider for osteoarthritis?		0
Personal and Family Health History	43530397	Are you still seeing a doctor or health care provider for osteoporosis?		0
Personal and Family Health History	1384576	Are you still seeing a doctor or health care provider for other arthritis?		0
Personal and Family Health History	1384410	Are you still seeing a doctor or health care provider for other bone, joint, or muscle condition(s)?		0
Personal and Family Health History	1384560	Are you still seeing a doctor or health care provider for other brain or nervous system condition(s)?		0
Personal and Family Health History	43530296	Are you still seeing a doctor or health care provider for other cancer(s)?		0
Personal and Family Health History	1384409	Are you still seeing a doctor or health care provider for other condition(s)?		0
Personal and Family Health History	1384460	Are you still seeing a doctor or health care provider for other digestive condition(s)?		0
Personal and Family Health History	1384556	Are you still seeing a doctor or health care provider for other hearing or eye condition(s)?		0
Personal and Family Health History	1384423	Are you still seeing a doctor or health care provider for other heart or blood condition(s)?		0
Personal and Family Health History	1384538	Are you still seeing a doctor or health care provider for other hormone/endocrine condition(s)?		0
Personal and Family Health History	1384489	Are you still seeing a doctor or health care provider for other infectious disease(s)?		0
Personal and Family Health History	1384493	Are you still seeing a doctor or health care provider for other kidney condition(s)?		0
Personal and Family Health History	1384651	Are you still seeing a doctor or health care provider for other lung condition(s)?		0
Personal and Family Health History	1384539	Are you still seeing a doctor or health care provider for other mental health or substance use condition(s)?		0
Personal and Family Health History	43530331	Are you still seeing a doctor or health care provider for other/unknown diabetes?		0
Personal and Family Health History	43530332	Are you still seeing a doctor or health care provider for other/unknown thyroid condition(s)?		0
Personal and Family Health History	1384483	Are you still seeing a doctor or health care provider for ovarian cancer?		0
Personal and Family Health History	43530297	Are you still seeing a doctor or health care provider for pancreatic cancer?		0
Personal and Family Health History	43530326	Are you still seeing a doctor or health care provider for pancreatitis?		0
Personal and Family Health History	43530327	Are you still seeing a doctor or health care provider for peptic (stomach) ulcers?		0
Personal and Family Health History	43530311	Are you still seeing a doctor or health care provider for peripheral vascular disease?		0
Personal and Family Health History	1384501	Are you still seeing a doctor or health care provider for polycystic ovarian syndrome?		0
Personal and Family Health History	43530361	Are you still seeing a doctor or health care provider for post-traumatic stress disorder (PTSD)?		0
Personal and Family Health History	1384532	Are you still seeing a doctor or health care provider for prediabetes?		0
Personal and Family Health History	43530298	Are you still seeing a doctor or health care provider for prostate cancer?		0
Personal and Family Health History	1384645	Are you still seeing a doctor or health care provider for pseudogout (CPPD)?		0
Personal and Family Health History	43530312	Are you still seeing a doctor or health care provider for pulmonary embolism or deep vein thrombosis (DVT)?		0
Personal and Family Health History	1384530	Are you still seeing a doctor or health care provider for reactions to anesthesia (such as hyperthermia)?		0
Personal and Family Health History	43530349	Are you still seeing a doctor or health care provider for recurrent urinary tract infections (UTI)/bladder infections?		0
Personal and Family Health History	1384465	Are you still seeing a doctor or health care provider for recurrent yeast infections?		0
Personal and Family Health History	43530378	Are you still seeing a doctor or health care provider for restless leg syndrome?		0
Personal and Family Health History	1384593	Are you still seeing a doctor or health care provider for rheumatoid arthritis (RA)?		0
Personal and Family Health History	43530362	Are you still seeing a doctor or health care provider for schizophrenia?		0
Personal and Family Health History	1384537	Are you still seeing a doctor or health care provider for severe acute respiratory syndrome (SARS)?		0
Personal and Family Health History	43530341	Are you still seeing a doctor or health care provider for severe hearing loss or partial deafness in one or both ears?		0
Personal and Family Health History	1384463	Are you still seeing a doctor or health care provider for sexually transmitted infections (gonorrhea, syphilis, chlamydia)?		0
Personal and Family Health History	1384511	Are you still seeing a doctor or health care provider for shingles?		0
Personal and Family Health History	43530313	Are you still seeing a doctor or health care provider for sickle cell disease?		0
Personal and Family Health History	43530299	Are you still seeing a doctor or health care provider for skin cancer?		0
Personal and Family Health History	43530385	Are you still seeing a doctor or health care provider for skin condition(s) (e.g., eczema, psoriasis)?		0
Personal and Family Health History	43530390	Are you still seeing a doctor or health care provider for sleep apnea?		0
Personal and Family Health History	43530379	Are you still seeing a doctor or health care provider for spinal cord injury or impairment?		0
Personal and Family Health History	43530398	Are you still seeing a doctor or health care provider for spine, muscle, or bone disorders (non-cancer)?		0
Personal and Family Health History	43530300	Are you still seeing a doctor or health care provider for stomach cancer?		0
Personal and Family Health History	43530396	Are you still seeing a doctor or health care provider for systemic lupus?		0
Personal and Family Health History	43530301	Are you still seeing a doctor or health care provider for thyroid cancer?		0
Personal and Family Health History	43530344	Are you still seeing a doctor or health care provider for tinnitus?		0
Personal and Family Health History	43530315	Are you still seeing a doctor or health care provider for transient ischemic attacks (TIAs or mini-strokes)?		0
Personal and Family Health History	43530380	Are you still seeing a doctor or health care provider for traumatic brain injury (TBI)?		0
Personal and Family Health History	43530348	Are you still seeing a doctor or health care provider for tuberculosis?		0
Personal and Family Health History	43530334	Are you still seeing a doctor or health care provider for type 1 diabetes?		0
Personal and Family Health History	43530335	Are you still seeing a doctor or health care provider for type 2 diabetes?		0
Personal and Family Health History	43530328	Are you still seeing a doctor or health care provider for ulcerative colitis?		0
Personal and Family Health History	43530386	Are you still seeing a doctor or health care provider for vitamin B deficiency?		0
Personal and Family Health History	43530387	Are you still seeing a doctor or health care provider for vitamin D deficiency?		0
Personal and Family Health History	1384662	Have you ever been diagnosed with the following conditions? Select all that apply.		0
Personal and Family Health History	702786	Have you or anyone in your family ever been diagnosed with the following bone, joint, and muscle conditions? Think only of the people you are related to by blood. Select all that apply.		0
Personal and Family Health History	43529272	Have you or anyone in your family ever been diagnosed with the following brain and nervous system conditions? Think only of the people you are related to by blood. Select all that apply.		0
Personal and Family Health History	43528515	Have you or anyone in your family ever been diagnosed with the following cancer conditions? Think only of the people you are related to by blood. Select all that apply.		0
Personal and Family Health History	836841	Have you or anyone in your family ever been diagnosed with the following conditions? Think only of the people you are related to by blood. Select all that apply.		0
Personal and Family Health History	43528634	Have you or anyone in your family ever been diagnosed with the following digestive conditions? Think only of the people you are related to by blood. Select all that apply.		0
Personal and Family Health History	43529966	Have you or anyone in your family ever been diagnosed with the following hearing and eye conditions? Think only of the people you are related to by blood. Select all that apply.		0
Personal and Family Health History	43528563	Have you or anyone in your family ever been diagnosed with the following heart and blood conditions? Think only of the people you are related to by blood. Select all that apply.		0
Personal and Family Health History	43528678	Have you or anyone in your family ever been diagnosed with the following hormone and endocrine conditions? Think only of the people you are related to by blood. Select all that apply.		0
Personal and Family Health History	43529158	Have you or anyone in your family ever been diagnosed with the following kidney conditions? Think only of the people you are related to by blood. Select all that apply.		0
Personal and Family Health History	43529767	Have you or anyone in your family ever been diagnosed with the following lung conditions? Think only of the people you are related to by blood. Select all that apply.		0
Personal and Family Health History	43529217	Have you or anyone in your family ever been diagnosed with the following mental health or substance use conditions? Think only of the people you are related to by blood. Select all that apply.		0
Personal and Family Health History	43528652	How much do you know about illnesses or health problems for your parents, grandparents, brothers, sisters, and/or children?		0
Personal and Family Health History	836794	Including yourself, who in your family has had Crohn's disease? Select all that apply.		0
Personal and Family Health History	836806	Including yourself, who in your family has had Lou Gehrig's disease (amyotrophic lateral sclerosis)? Select all that apply.		0
Personal and Family Health History	836812	Including yourself, who in your family has had Parkinson's disease? Select all that apply.		0
Personal and Family Health History	1740600	Including yourself, who in your family has had a bleeding disorder? Select all that apply.		0
Personal and Family Health History	836851	Including yourself, who in your family has had a drug use disorder? Select all that apply.		0
Personal and Family Health History	836786	Including yourself, who in your family has had a heart attack? Select all that apply.		0
Personal and Family Health History	1740681	Including yourself, who in your family has had a hernia? Select all that apply.		0
Personal and Family Health History	836839	Including yourself, who in your family has had a liver condition (e.g., cirrhosis)? Select all that apply.		0
Personal and Family Health History	1740590	Including yourself, who in your family has had a pancreatitis? Select all that apply.		0
Personal and Family Health History	1740659	Including yourself, who in your family has had a personality disorder? Select all that apply.		0
Personal and Family Health History	1740655	Including yourself, who in your family has had a social phobia? Select all that apply.		0
Personal and Family Health History	836789	Including yourself, who in your family has had a stroke? Select all that apply.		0
Personal and Family Health History	836843	Including yourself, who in your family has had acid reflux? Select all that apply.		0
Personal and Family Health History	1740608	Including yourself, who in your family has had acne? Select all that apply.		0
Personal and Family Health History	1740620	Including yourself, who in your family has had acute kidney disease with no current dialysis? Select all that apply.		0
Personal and Family Health History	836827	Including yourself, who in your family has had alcohol use disorder? Select all that apply.		0
Personal and Family Health History	836791	Including yourself, who in your family has had allergies? Select all that apply.		0
Personal and Family Health History	1740556	Including yourself, who in your family has had an eating disorder? Select all that apply.		0
Personal and Family Health History	1740629	Including yourself, who in your family has had an enlarged prostate? Select all that apply.		0
Personal and Family Health History	836792	Including yourself, who in your family has had anemia? Select all that apply.		0
Personal and Family Health History	836850	Including yourself, who in your family has had anxiety reaction/panic disorder? Select all that apply.		0
Personal and Family Health History	836784	Including yourself, who in your family has had aortic aneurysm? Select all that apply.		0
Personal and Family Health History	836815	Including yourself, who in your family has had asthma? Select all that apply.		0
Personal and Family Health History	1740675	Including yourself, who in your family has had astigmatism? Select all that apply.		0
Personal and Family Health History	836828	Including yourself, who in your family has had atrial fibrillation (or a-fib) or atrial flutter (or a-flutter)? Select all that apply.		0
Personal and Family Health History	1740660	Including yourself, who in your family has had attention-deficit/hyperactivity disorder (ADHD)? Select all that apply.		0
Personal and Family Health History	836802	Including yourself, who in your family has had autism spectrum disorder? Select all that apply.		0
Personal and Family Health History	836803	Including yourself, who in your family has had bipolar disorder? Select all that apply.		0
Personal and Family Health History	836768	Including yourself, who in your family has had bladder cancer? Select all that apply.		0
Personal and Family Health History	1740561	Including yourself, who in your family has had blindness, all causes? Select all that apply.		0
Personal and Family Health History	836769	Including yourself, who in your family has had blood or soft tissue cancer? Select all that apply.		0
Personal and Family Health History	836770	Including yourself, who in your family has had bone cancer? Select all that apply.		0
Personal and Family Health History	1740663	Including yourself, who in your family has had bowel obstruction? Select all that apply.		0
Personal and Family Health History	836771	Including yourself, who in your family has had brain cancer? Select all that apply.		0
Personal and Family Health History	836772	Including yourself, who in your family has had breast cancer? Select all that apply.		0
Personal and Family Health History	1740617	Including yourself, who in your family has had carpal tunnel syndrome? Select all that apply.		0
Personal and Family Health History	836823	Including yourself, who in your family has had cataracts? Select all that apply.		0
Personal and Family Health History	836793	Including yourself, who in your family has had celiac disease? Select all that apply.		0
Personal and Family Health History	1740628	Including yourself, who in your family has had cerebral palsy? Select all that apply.		0
Personal and Family Health History	836773	Including yourself, who in your family has had cervical cancer? Select all that apply.		0
Personal and Family Health History	1740586	Including yourself, who in your family has had chronic fatigue? Select all that apply.		0
Personal and Family Health History	836858	Including yourself, who in your family has had chronic lung disease (COPD, emphysema, or bronchitis)? Select all that apply.		0
Personal and Family Health History	836831	Including yourself, who in your family has had colon cancer/rectal cancer? Select all that apply.		0
Personal and Family Health History	836844	Including yourself, who in your family has had colon polyps? Select all that apply.		0
Personal and Family Health History	1740671	Including yourself, who in your family has had concussion or loss of consciousness? Select all that apply.		0
Personal and Family Health History	836785	Including yourself, who in your family has had congestive heart failure? Select all that apply.		0
Personal and Family Health History	836876	Including yourself, who in your family has had coronary artery/coronary heart disease? Select all that apply.		0
Personal and Family Health History	836807	Including yourself, who in your family has had dementia (includes Alzheimer's, vascular, etc.)? Select all that apply.		0
Personal and Family Health History	836804	Including yourself, who in your family has had depression? Select all that apply.		0
Personal and Family Health History	836845	Including yourself, who in your family has had diverticulitis/diverticulosis? Select all that apply.		0
Personal and Family Health History	1740645	Including yourself, who in your family has had dry eyes? Select all that apply.		0
Personal and Family Health History	836832	Including yourself, who in your family has had endocrine cancer? Select all that apply.		0
Personal and Family Health History	836833	Including yourself, who in your family has had endometrial cancer? Select all that apply.		0
Personal and Family Health History	836854	Including yourself, who in your family has had endometriosis? Select all that apply.		0
Personal and Family Health History	836852	Including yourself, who in your family has had epilepsy or seizure? Select all that apply.		0
Personal and Family Health History	836774	Including yourself, who in your family has had esophageal cancer? Select all that apply.		0
Personal and Family Health History	836775	Including yourself, who in your family has had eye cancer? Select all that apply.		0
Personal and Family Health History	1740583	Including yourself, who in your family has had farsightedness? Select all that apply.		0
Personal and Family Health History	836855	Including yourself, who in your family has had fibroids? Select all that apply.		0
Personal and Family Health History	836859	Including yourself, who in your family has had fibromyalgia? Select all that apply.		0
Personal and Family Health History	1740679	Including yourself, who in your family has had fractured/broken bones in the last five years? Select all that apply.		0
Personal and Family Health History	836846	Including yourself, who in your family has had gall stones? Select all that apply.		0
Personal and Family Health History	836824	Including yourself, who in your family has had glaucoma? Select all that apply.		0
Personal and Family Health History	836817	Including yourself, who in your family has had gout? Select all that apply.		0
Personal and Family Health History	836834	Including yourself, who in your family has had head and neck cancer? (This includes cancers of the mouth, sinuses, nose, or throat. This does not include brain cancer.) Select all that apply.		0
Personal and Family Health History	836829	Including yourself, who in your family has had heart valve disease? Select all that apply.		0
Personal and Family Health History	1740578	Including yourself, who in your family has had hemorrhoids? Select all that apply.		0
Personal and Family Health History	836787	Including yourself, who in your family has had high blood pressure (hypertension)? Select all that apply.		0
Personal and Family Health History	836836	Including yourself, who in your family has had high cholesterol? Select all that apply.		0
Personal and Family Health History	836797	Including yourself, who in your family has had hyperthyroidism? Select all that apply.		0
Personal and Family Health History	836798	Including yourself, who in your family has had hypothyroidism? Select all that apply.		0
Personal and Family Health History	1740559	Including yourself, who in your family has had insomnia? Select all that apply.		0
Personal and Family Health History	836847	Including yourself, who in your family has had irritable bowel syndrome (IBS)? Select all that apply.		0
Personal and Family Health History	836776	Including yourself, who in your family has had kidney cancer? Select all that apply.		0
Personal and Family Health History	1740650	Including yourself, who in your family has had kidney disease with dialysis? Select all that apply.		0
Personal and Family Health History	1740676	Including yourself, who in your family has had kidney disease without dialysis? Select all that apply.		0
Personal and Family Health History	836801	Including yourself, who in your family has had kidney stones? Select all that apply.		0
Personal and Family Health History	836777	Including yourself, who in your family has had lung cancer? Select all that apply.		0
Personal and Family Health History	836826	Including yourself, who in your family has had macular degeneration? Select all that apply.		0
Personal and Family Health History	1740566	Including yourself, who in your family has had memory loss or impairment? Select all that apply.		0
Personal and Family Health History	836808	Including yourself, who in your family has had migraine headaches? Select all that apply.		0
Personal and Family Health History	836809	Including yourself, who in your family has had multiple sclerosis (MS)? Select all that apply.		0
Personal and Family Health History	836810	Including yourself, who in your family has had muscular dystrophy (MD)? Select all that apply.		0
Personal and Family Health History	836853	Including yourself, who in your family has had narcolepsy? Select all that apply.		0
Personal and Family Health History	1740644	Including yourself, who in your family has had nearsightedness? Select all that apply.		0
Personal and Family Health History	836811	Including yourself, who in your family has had neuropathy? Select all that apply.		0
Personal and Family Health History	1740668	Including yourself, who in your family has had obesity? Select all that apply.		0
Personal and Family Health History	836818	Including yourself, who in your family has had osteoarthritis? Select all that apply.		0
Personal and Family Health History	836819	Including yourself, who in your family has had osteoporosis? Select all that apply.		0
Personal and Family Health History	1740637	Including yourself, who in your family has had other arthritis? Select all that apply.		0
Personal and Family Health History	1740664	Including yourself, who in your family has had other bone, joint, or muscle condition(s)? Select all that apply.		0
Personal and Family Health History	1740558	Including yourself, who in your family has had other brain or nervous system condition(s)? Select all that apply.		0
Personal and Family Health History	836835	Including yourself, who in your family has had other cancer(s)? Select all that apply.		0
Personal and Family Health History	836856	Including yourself, who in your family has had other condition(s)? Select all that apply.		0
Personal and Family Health History	1740630	Including yourself, who in your family has had other digestive condition? Select all that apply.		0
Personal and Family Health History	1740636	Including yourself, who in your family has had other hearing or eye condition(s)? Select all that apply.		0
Personal and Family Health History	1740555	Including yourself, who in your family has had other heart or blood condition? Select all that apply.		0
Personal and Family Health History	1740585	Including yourself, who in your family has had other hormone/endocrine condition? Select all that apply.		0
Personal and Family Health History	1740599	Including yourself, who in your family has had other kidney condition(s)? Select all that apply.		0
Personal and Family Health History	1740623	Including yourself, who in your family has had other lung condition(s)? Select all that apply.		0
Personal and Family Health History	1740643	Including yourself, who in your family has had other mental or substance use condition? Select all that apply.		0
Personal and Family Health History	836848	Including yourself, who in your family has had other/unknown diabetes? Select all that apply.		0
Personal and Family Health History	1740588	Including yourself, who in your family has had other/unknown thyroid condition? Select all that apply.		0
Personal and Family Health History	836778	Including yourself, who in your family has had ovarian cancer? Select all that apply.		0
Personal and Family Health History	836779	Including yourself, who in your family has had pancreatic cancer? Select all that apply.		0
Personal and Family Health History	836795	Including yourself, who in your family has had peptic (stomach) ulcers? Select all that apply.		0
Personal and Family Health History	836837	Including yourself, who in your family has had peripheral vascular disease? Select all that apply.		0
Personal and Family Health History	836814	Including yourself, who in your family has had polycystic ovarian syndrome? Select all that apply.		0
Personal and Family Health History	1740562	Including yourself, who in your family has had post-traumatic stress disorder (PTSD)? Select all that apply.		0
Personal and Family Health History	1740613	Including yourself, who in your family has had prediabetes? Select all that apply.		0
Personal and Family Health History	836780	Including yourself, who in your family has had prostate cancer? Select all that apply.		0
Personal and Family Health History	836860	Including yourself, who in your family has had pseudogout (CPPD)? Select all that apply.		0
Personal and Family Health History	836849	Including yourself, who in your family has had pulmonary embolism or deep vein thrombosis (DVT)? Select all that apply.		0
Personal and Family Health History	836857	Including yourself, who in your family has had reactions to anesthesia (such as hyperthermia)? Select all that apply.		0
Personal and Family Health History	836813	Including yourself, who in your family has had restless leg syndrome? Select all that apply.		0
Personal and Family Health History	836820	Including yourself, who in your family has had rheumatoid arthritis (RA)? Select all that apply.		0
Personal and Family Health History	836805	Including yourself, who in your family has had schizophrenia? Select all that apply.		0
Personal and Family Health History	836825	Including yourself, who in your family has had severe hearing loss or partial deafness in one or both ears? Select all that apply.		0
Personal and Family Health History	836788	Including yourself, who in your family has had sickle cell disease? Select all that apply.		0
Personal and Family Health History	836781	Including yourself, who in your family has had skin cancer? Select all that apply.		0
Personal and Family Health History	836842	Including yourself, who in your family has had skin condition(s) (e.g., eczema, psoriasis)? Select all that apply.		0
Personal and Family Health History	836816	Including yourself, who in your family has had sleep apnea? Select all that apply.		0
Personal and Family Health History	1740576	Including yourself, who in your family has had spinal cord injury or impairment? Select all that apply.		0
Personal and Family Health History	836821	Including yourself, who in your family has had spine, muscle, or bone disorders (non-cancer)? Select all that apply.		0
Personal and Family Health History	836782	Including yourself, who in your family has had stomach cancer? Select all that apply.		0
Personal and Family Health History	836822	Including yourself, who in your family has had systemic lupus? Select all that apply.		0
Personal and Family Health History	836783	Including yourself, who in your family has had thyroid cancer? Select all that apply.		0
Personal and Family Health History	1740572	Including yourself, who in your family has had tinnitus? Select all that apply.		0
Personal and Family Health History	1740677	Including yourself, who in your family has had transient ischemic attacks (TIAs or mini-strokes)? Select all that apply.		0
Personal and Family Health History	1740627	Including yourself, who in your family has had traumatic brain injury (TBI)? Select all that apply.		0
Personal and Family Health History	836799	Including yourself, who in your family has had type 1 diabetes? Select all that apply.		0
Personal and Family Health History	836800	Including yourself, who in your family has had type 2 diabetes? Select all that apply.		0
Personal and Family Health History	836796	Including yourself, who in your family has had ulcerative colitis? Select all that apply.		0
Personal and Family Health History	1740573	Including yourself, who in your family has had vitamin B deficiency? Select all that apply.		0
Personal and Family Health History	1740601	Including yourself, who in your family has had vitamin D deficiency? Select all that apply.		0
Personal and Family Health History	836838	Who in your family has had a kidney condition? Select all that apply.		0
Personal and Family Health History	836790	Who in your family has had sudden death? Select all that apply.		0
Social Determinants of Health	40192428	Discrimination: What do you think is the main reason for these experiences?		0
Social Determinants of Health	40192526	Do you speak a language other than English at home?		0
Social Determinants of Health	40192400	How much you agree or disagree that in your neighborhood people watch out for each other?		0
Social Determinants of Health	40192463	How much you agree or disagree that people around here are willing to help their neighbor?		0
Social Determinants of Health	40192499	How much you agree or disagree that people in your neighborhood can be trusted?		0
Social Determinants of Health	40192411	How much you agree or disagree that people in your neighborhood generally get along with each other?		0
Social Determinants of Health	40192417	How much you agree or disagree that people in your neighborhood share the same values?		0
Social Determinants of Health	40192386	How much you agree or disagree that people in your neighborhood take good care of their houses and apartments?		0
Social Determinants of Health	40192469	How much you agree or disagree that there are lot of abandoned buildings in your neighborhood?		0
Social Determinants of Health	40192500	How much you agree or disagree that there are too many people hanging around on the streets near your home?		0
Social Determinants of Health	40192493	How much you agree or disagree that there is a lot of crime in your neighborhood?		0
Social Determinants of Health	40192420	How much you agree or disagree that there is a lot of graffiti in your neighborhood?		0
Social Determinants of Health	40192476	How much you agree or disagree that there is too much alcohol use in your neighborhood?		0
Social Determinants of Health	40192457	How much you agree or disagree that there is too much drug use in your neighborhood?		0
Social Determinants of Health	40192412	How much you agree or disagree that vandalism is common in your neighborhood?		0
Social Determinants of Health	40192404	How much you agree or disagree that you are always having trouble with your neighbors?		0
Social Determinants of Health	40192456	How much you agree or disagree that your neighborhood is clean?		0
Social Determinants of Health	40192522	How much you agree or disagree that your neighborhood is noisy?		0
Social Determinants of Health	40192384	How much you agree or disagree that your neighborhood is safe?		0
Social Determinants of Health	40192497	How often are you treated with less courtesy than other people when you go to a doctor's office or other health care provider?		0
Social Determinants of Health	40192425	How often are you treated with less respect than other people when you go to a doctor's office or other health care provider?		0
Social Determinants of Health	40192443	How often do you desire to be closer to or in union with God (or a higher power)?		0
Social Determinants of Health	40192471	How often do you feel God's (or a higher power's) love for you, directly or through others?		0
Social Determinants of Health	40192498	How often do you feel God's (or a higher power's) presence?		0
Social Determinants of Health	40192401	How often do you feel deep inner peace or harmony?		0
Social Determinants of Health	40192501	How often do you feel isolated from others?		0
Social Determinants of Health	40192507	How often do you feel lack companionship?		0
Social Determinants of Health	40192398	How often do you feel left out?		0
Social Determinants of Health	40192394	How often do you feel like a doctor or nurse is not listening to what you were saying. when you go to a doctor's office or other health care provider?		0
Social Determinants of Health	40192494	How often do you feel that people are around you but not with you?		0
Social Determinants of Health	40192397	How often do you feel that there is no one you can turn to?		0
Social Determinants of Health	40192504	How often do you feel that you are an outgoing person?		0
Social Determinants of Health	40192415	How often do you feel that you are spiritually touched by the beauty of creation?		0
Social Determinants of Health	40192390	How often do you feel that you are unhappy being so withdrawn?		0
Social Determinants of Health	40192516	How often do you fell that you can find companionship when you want it?		0
Social Determinants of Health	40192475	How often do you find strength and comfort in your religion?		0
Social Determinants of Health	40192470	How often do you go to religious meetings or services?		0
Social Determinants of Health	40192439	How often do you have someone to have a good time with?		0
Social Determinants of Health	40192442	How often do you have someone to help you if you were confined to bed?		0
Social Determinants of Health	40192511	How often do you have someone to help you with daily chores if you were sick?		0
Social Determinants of Health	40192446	How often do you have someone to love and make you feel wanted?		0
Social Determinants of Health	40192388	How often do you have someone to prepare your meals if you were unable to do it yourself?		0
Social Determinants of Health	40192480	How often do you have someone to take you to the doctor if you need it?		0
Social Determinants of Health	40192528	How often do you have someone to turn to for suggestions about how to deal with a personal problem?		0
Social Determinants of Health	40192399	How often do you have someone who understands your problems?		0
Social Determinants of Health	40192503	How often do you receive poorer service than others when you go to a doctor's office or other health care provider?		0
Social Determinants of Health	40192423	How often does a doctor or nurse act as if he or she is afraid of you when you go to a doctor's office or other health care provider?		0
Social Determinants of Health	40192383	How often does a doctor or nurse act as if he or she is better than you when you go to a doctor's office or other health care provider?		0
Social Determinants of Health	40192505	How often does a doctor or nurse act as if he or she thinks you are not smart when you go to a doctor's office or other health care provider?		0
Social Determinants of Health	40192441	In the last 12 months, how many times have you or your family moved from one home to another? Number of moves in past 12 months:		0
Social Determinants of Health	40192449	In the last month, how often have you been able to control irritations in your life?		0
Social Determinants of Health	40192396	In the last month, how often have you been angered because of things that were outside of your control?		0
Social Determinants of Health	40192452	In the last month, how often have you been upset because of something that happened unexpectedly?		0
Social Determinants of Health	40192419	In the last month, how often have you felt confident about your ability to handle your personal problems?		0
Social Determinants of Health	40192462	In the last month, how often have you felt difficulties were piling up so high that you could not overcome them?		0
Social Determinants of Health	40192491	"In the last month, how often have you felt nervous and ""stressed""?"		0
Social Determinants of Health	40192525	In the last month, how often have you felt that things were going your way?		0
Social Determinants of Health	40192445	In the last month, how often have you felt that you were on top of things?		0
Social Determinants of Health	40192381	In the last month, how often have you felt that you were unable to control the important things in your life?		0
Social Determinants of Health	40192506	In the last month, how often have you found that you could not cope with all the things that you had to do?		0
Social Determinants of Health	40192519	In your day-to-day life, how often are you called names or insulted?		0
Social Determinants of Health	40192451	In your day-to-day life, how often are you threatened or harassed?		0
Social Determinants of Health	40192466	In your day-to-day life, how often are you treated with less courtesy than other people?		0
Social Determinants of Health	40192489	In your day-to-day life, how often are you treated with less respect than other people?		0
Social Determinants of Health	40192380	In your day-to-day life, how often do people act as if they are afraid of you?		0
Social Determinants of Health	40192395	In your day-to-day life, how often do people act as if they think you are dishonest?		0
Social Determinants of Health	40192490	In your day-to-day life, how often do people act as if they think you are not smart?		0
Social Determinants of Health	40192496	In your day-to-day life, how often do people act as if they're better than you are?		0
Social Determinants of Health	40192416	In your day-to-day life, how often do you receive poorer service than other people at restaurants or stores?		0
Social Determinants of Health	40192440	It is within a 10-15 minute walk to a transit stop (such as bus, train, trolley, or tram) from my home. Would you say that you...		0
Social Determinants of Health	40192436	Many shops, stores, markets or other places to buy things I need are within easy walking distance of my home. Would you say that you...		0
Social Determinants of Health	40192410	My neighborhood has several free or low-cost recreation facilities, such as parks, walking trails, bike paths, recreation centers, playgrounds, public swimming pools, etc. Would you say that you...		0
Social Determinants of Health	40192529	Since you speak a language other than English at home, we are interested in your own thoughts about how well you think you speak English. Would you say you speak English...		0
Social Determinants of Health	40192492	The crime rate in my neighborhood makes it unsafe to go on walks at night. Would you say that you...		0
Social Determinants of Health	40192414	The crime rate in my neighborhood makes it unsafe to go on walks during the day. Would you say that you...		0
Social Determinants of Health	40192431	There are facilities to bicycle in or near my neighborhood, such as special lanes, separate paths or trails, or shared use paths for cycles and pedestrians. Would you say that you...		0
Social Determinants of Health	40192437	There are sidewalks on most of the streets in my neighborhood. Would you say that you...		0
Social Determinants of Health	40192402	Think about the place you live. Do you have problems with any of the following? Select all that apply.		0
Social Determinants of Health	40192458	What is the main type of housing in your neighborhood?		0
Social Determinants of Health	40192426	Within the past 12 months, were you worried whether the food you had bought just didn't last and you didn't have money to get more?		0
Social Determinants of Health	40192517	Within the past 12 months, were you worried whether your food would run out before you got money to buy more?		0
The Basics	1586150	AIAN: AIAN Specific		0
The Basics	1585852	Active Duty: Active Duty Serve Status		0
The Basics	1586151	Asian: Asian Specific		0
The Basics	1585845	Biological Sex At Birth: Sex At Birth		0
The Basics	1586152	Black: Black Specific		0
The Basics	903574	Disability: Blind		0
The Basics	903573	Disability: Deaf		0
The Basics	903575	Disability: Difficulty Concentrating		0
The Basics	903577	Disability: Dressing Bathing		0
The Basics	903578	Disability: Errands Alone		0
The Basics	903576	Disability: Walking Climbing		0
The Basics	1585940	Education Level: Highest Grade		0
The Basics	1585952	Employment: Employment Status		0
The Basics	1585357	Gender Identity: Sexuality Closer Description		0
The Basics	1585348	Gender: Closer Gender Description		0
The Basics	1585838	Gender: Gender Identity		0
The Basics	1585389	Health Insurance: Health Insurance Type		0
The Basics	43528428	Health Insurance: Insurance Type Update		0
The Basics	1586156	Hispanic: Hispanic Specific		0
The Basics	1585370	Home Own: Current Home Own		0
The Basics	1585375	Income: Annual Income		0
The Basics	1585386	Insurance: Health Insurance		0
The Basics	1585402	Living Situation: Current Living		0
The Basics	1585879	Living Situation: How Many Living Years		0
The Basics	1585889	Living Situation: How Many People		0
The Basics	1585890	Living Situation: People Under 18		0
The Basics	1585886	Living Situation: Stable House Concern		0
The Basics	1586153	MENA: MENA Specific		0
The Basics	1585892	Marital Status: Current Marital Status		0
The Basics	1586154	NHPI: NHPI Specific		0
The Basics	1586140	Race: What Race Ethnicity		0
The Basics	1586135	The Basics: Birthplace		0
The Basics	1585899	The Basics: Sexual Orientation		0
The Basics	1586155	White: White Specific		0
