survey	item_concept	question_concept_id	flag_reason	sensitive_topics	disposition	ordinal_rule	n_options	field_label	options
The Basics	thebasics_birthplace		sensitive	immigration_origin	nominal_binary		2	In what country were you born?	Birthplace_USA=USA | PMI_Other=Other
The Basics	disability_deaf		sensitive	disability	binary_only		3	Are you deaf or do you have serious difficulty hearing?	Deaf_Yes=Yes | Deaf_No=No | Deaf_PreferNotToAnswer=Prefer not to answer
The Basics	disability_blind		sensitive	disability	binary_only		3	Are you blind or do you have serious difficulty seeing, even when wearing glasses?	Blind_Yes=Yes | Blind_No=No | Blind_PreferNotToAnswer=Prefer not to answer
The Basics	disability_difficultyconcentrating		sensitive	disability	binary_only		3	Because of a physical, mental, or emotional condition, do you have serious difficulty concentrating, remembering or making decisions?	DifficultyConcentrating_Yes=Yes | DifficultyConcentrating_No=No | DifficultyConcentrating_PreferNotToAnswer=Prefer not to answer
The Basics	disability_walkingclimbing		sensitive	disability	binary_only		3	Do you have serious difficulty walking or climbing stairs?	WalkingClimbing_Yes=Yes | WalkingClimbing_No=No | WalkingClimbing_PreferNotToAnswer=Prefer not to answer
The Basics	disability_dressingbathing		sensitive	disability	binary_only		3	Do you have difficulty dressing or bathing?	DressingBathing_Yes=Yes | DressingBathing_No=No | DressingBathing_PreferNotToAnswer=Prefer not to answer
The Basics	income_annualincome		sensitive	financial_hardship	ordinal_and_binary	income_midpoint_k	10	One of the things we're trying to understand is how people's income may affect their use of health services. Household income includes your income plus the income of all family members in your household for the last calendar year. Include all wages and other sources of income. What is your annual household income from all sources?	AnnualIncome_less10k=Less than $10,000 | AnnualIncome_10k25k=$10,000- $24,999 | AnnualIncome_25k35k=$25,000- $34,999 | AnnualIncome_35k50k=$35,000- $49,999 | AnnualIncome_50k75k=$50,000- $74,999 | AnnualIncome_75k100k=$75,000-$99,999 | AnnualIncome_100k150k=$100,000- $149,999 | AnnualIncome_150k200k=$150,000- $199,999 | AnnualIncome_more200k=$200,000 or more | PMI_PreferNotToAnswer=Prefer not to answer
The Basics	livingsituation_howmanylivingyears		medium_confidence_ordinal		ordinal_and_binary	living_years_midpoint	6	How many years have you lived at your current address?	HowManyLivingYears_less1=Less than 1 year | HowManyLivingYears_1to2=1-2 years | HowManyLivingYears_3to5=3-5 years | HowManyLivingYears_6to10=6-10 years | HowManyLivingYears_11to20=11-20 years | HowManyLivingYears_more20=More than 20 years
Lifestyle	alcohol_alcoholparticipant		sensitive	alcohol	binary_only		3	"In your entire life, have you had at least 1 drink of any kind of alcohol, not counting small tastes or sips? (By a ""drink,"" we mean a can or bottle of beer, a glass of wine or a wine cooler, a shot of liquor, or a mixed drink with liquor in it.)"	AlcoholParticipant_Yes=Yes | AlcoholParticipant_No=No | PMI_PreferNotToAnswer=Prefer not to answer
Lifestyle	alcohol_drinkfrequencypastyear		sensitive	alcohol	ordinal_and_binary	audit_freq_0_4	6	How often did you have a drink containing alcohol in the past year?	DrinkFrequencyPastYear_Never=Never | DrinkFrequencyPastYear_MonthlyOrLess=Monthly or less | DrinkFrequencyPastYear_2to4PerMonth=Two to four times a month | DrinkFrequencyPastYear_2to3PerWeek=Two to three times a week | DrinkFrequencyPastYear_4orMorePerWeek=Four or more times a week | PMI_PreferNotToAnswer=Prefer not to answer
Lifestyle	alcohol_averagedailydrinkcount		medium_confidence_ordinal		ordinal_and_binary	drink_count_band_midpoint	6	On a typical day when you drink, how many drinks do you have?	AverageDailyDrinkCount_1or2=1 or 2 | AverageDailyDrinkCount_3or4=3 or 4 | AverageDailyDrinkCount_5or6=5 or 6 | AverageDailyDrinkCount_7to9=7 to 9 | AverageDailyDrinkCount_10orMore=10 or more | PMI_PreferNotToAnswer=Prefer not to answer
Lifestyle	past3monthusefrequency_marijuana3monthuse		sensitive	substance_use	ordinal_and_binary	subuse_lifestyle_0_4	6	In the PAST THREE MONTHS, how often have you used marijuana (cannabis, pot, grass, hash, etc.)?	Marijuana3MonthUse_Never=Never | Marijuana3MonthUse_OneOrTwice=Once or twice | Marijuana3MonthUse_Monthly=Monthly | Marijuana3MonthUse_Weekly=Weekly | Marijuana3MonthUse_Daily=Daily or almost daily | PMI_PreferNotToAnswer=Prefer not to answer
Lifestyle	past3monthusefrequency_cocaine3monthuse		sensitive	substance_use	ordinal_and_binary	subuse_lifestyle_0_4	6	In the PAST THREE MONTHS, how often have you used cocaine (coke, crack, etc.)?	Cocaine3MonthUse_Never=Never | Cocaine3MonthUse_OnceOrTwice=Once or twice | Cocaine3MonthUse_Monthly=Monthly | Cocaine3MonthUse_Weekly=Weekly | Cocaine3MonthUse_Daily=Daily or almost daily | PMI_PreferNotToAnswer=Prefer not to answer
Lifestyle	past3monthusefrequency_prescriptionstimulant3monthuse		sensitive	substance_use	ordinal_and_binary	subuse_lifestyle_0_4	6	In the PAST THREE MONTHS, how often have you used prescription stimulants for non-medical reasons (Vyvanse, Ritalin, Concerta, Dexedrine, Adderall, diet pills, etc.)	PrescriptionStimulant3MonthUse_Never=Never | PrescriptionStimulant3MonthUse_OnceOrTwice=Once or twice | PrescriptionStimulant3MonthUse_Monthly=Monthly | PrescriptionStimulant3MonthUse_Weekly=Weekly | PrescriptionStimulant3MonthUse_Daily=Daily or almost daily | PMI_PreferNotToAnswer=Prefer not to answer
Lifestyle	past3monthusefrequency_otherstimulant3monthuse		sensitive	substance_use	ordinal_and_binary	subuse_lifestyle_0_4	6	In the PAST THREE MONTHS, how often have you used other stimulants (methamphetamine, speed, crystal meth, ice, k2/spice, bath salts, etc.)	OtherStimulant3MonthUse_Never=Never | OtherStimulant3MonthUse_OnceOrTwice=Once or twice | OtherStimulant3MonthUse_Monthly=Monthly | OtherStimulant3MonthUse_Weekly=Weekly | OtherStimulant3MonthUse_Daily=Daily or almost daily | PMI_PreferNotToAnswer=Prefer not to answer
Lifestyle	past3monthusefrequency_inhalant3monthuse		sensitive	substance_use	ordinal_and_binary	subuse_lifestyle_0_4	6	In the PAST THREE MONTHS, how often have you used inhalants (nitrous oxide, glue, gas, paint thinner, etc.)?	Inhalant3MonthUse_Never=Never | Inhalant3MonthUse_OnceOrTwice=Once or twice | Inhalant3MonthUse_Monthly=Monthly | Inhalant3MonthUse_Weekly=Weekly | Inhalant3MonthUse_Daily=Daily or almost daily | PMI_PreferNotToAnswer=Prefer not to answer
Lifestyle	past3monthusefrequency_hallucinogen3monthuse		sensitive	substance_use	ordinal_and_binary	subuse_lifestyle_0_4	6	In the PAST THREE MONTHS, how often have you used hallucinogens (LSD, acid, mushrooms, PCP, Special K, ecstasy, etc.)?	Hallucinogen3MonthUse_Never=Never | Hallucinogen3MonthUse_OnceOrTwice=Once or twice | Hallucinogen3MonthUse_Monthly=Monthly | Hallucinogen3MonthUse_Weekly=Weekly | Hallucinogen3MonthUse_Daily=Daily or almost daily | PMI_PreferNotToAnswer=Prefer not to answer
Lifestyle	past3monthusefrequency_streetopioid3monthuse		sensitive	substance_use	ordinal_and_binary	subuse_lifestyle_0_4	6	In the PAST THREE MONTHS, how often have you used street opioids (heroin, opium, etc.)?	StreetOpioid3MonthUse_Never=Never | StreetOpioid3MonthUse_OnceOrTwice=Once or twice | StreetOpioid3MonthUse_Monthly=Monthly | StreetOpioid3MonthUse_Weekly=Weekly | StreetOpioid3MonthUse_Daily=Daily or almost daily | PMI_PreferNotToAnswer=Prefer not to answer
Lifestyle	past3monthusefrequency_prescriptionopiod3monthuse		sensitive	substance_use	ordinal_and_binary	subuse_lifestyle_0_4	6	In the PAST THREE MONTHS, how often have you used prescription opioids for non-medical reasons (obana, fentanyl, oxycodone [OxyContin, Percocet], hydrocodone [Vicodin], methadone, buprenorphine [Suboxone], etc.)	PrescriptionOpiod3MonthUse_Never=Never | PrescriptionOpiod3MonthUse_OnceOrTwice=Once or twice | PrescriptionOpiod3MonthUse_Monthly=Monthly | PrescriptionOpiod3MonthUse_Weekly=Weekly | PrescriptionOpiod3MonthUse_Daily=Daily or almost daily | PMI_PreferNotToAnswer=Prefer not to answer
Overall Health	overallhealth_generalmentalhealth		sensitive	mental_health	ordinal_and_binary	health_1_5	5	In general, how would you rate your mental health, including your mood and your ability to think?	GeneralMentalHealth_Excellent=Excellent | GeneralMentalHealth_VeryGood=Very Good | GeneralMentalHealth_Good=Good | GeneralMentalHealth_Fair=Fair | GeneralMentalHealth_Poor=Poor
Overall Health	overallhealth_emotionalproblem7days		sensitive	mental_health	ordinal_and_binary	freq_never_always5_0_4	5	In the past 7 days, how often have you been bothered by emotional problems such as feeling anxious, depressed, or irritable?	EmotionalProblem7Days_Never=Never | EmotionalProblem7Days_Rarely=Rarely | EmotionalProblem7Days_Sometimes=Sometimes | EmotionalProblem7Days_Often=Often | EmotionalProblem7Days_Always=Always
Overall Health	overallhealth_menstrualstopped		sensitive	reproductive_menstrual	nominal_binary		5	Have your menstrual periods stopped permanently?	MenstrualStopped_PeriodsHaventStopped=No | MenstrualStopped_YesNone=Yes, I have no menstrual periods | MenstrualStopped_YesButHormone=Yes, but I have periods induced by hormones | MenstrualStopped_NotSureMenstrualStopped=Not sure | PMI_PreferNotToAnswer=Prefer not to answer
Overall Health	pregnancy_1pregnancystatus	1332792	sensitive	reproductive_menstrual	binary_only		4	Are you currently pregnant?	1PregnancyStatus_No=No | 1PregnancyStatus_Yes=Yes | 1PregnancyStatus_DontKnow=Not sure | PMI_PreferNotToAnswer=Prefer not to answer
Overall Health	overallhealth_hysterectomyhistory		sensitive	reproductive_menstrual	binary_only		4	Have you ever had a hysterectomy (that is, surgery to remove your uterus or womb)?	HysterectomyHistory_No=No | HysterectomyHistory_Yes=Yes | HysterectomyHistory_NotSure=Not sure | PMI_PreferNotToAnswer=Prefer not to answer
Overall Health	overallhealth_ovaryremovalhistory		medium_confidence_ordinal;sensitive	reproductive_menstrual	ordinal_and_binary	ovary_removal_count_0_2	6	Have you ever had an ovary removed?	OvaryRemovalHistory_No=No | OvaryRemovalHistory_YesSectioned=Yes, but only one ovary or part of one ovary | OvaryRemovalHistory_YesBoth=Yes, both ovaries | OvaryRemovalHistory_YesUnsure=Yes, but don't know whether one or both ovaries | OvaryRemovalHistory_NotSure=Not sure | PMI_PreferNotToAnswer=Prefer not to answer
Healthcare Access and Utilization	insurance_healthcarecoverage		medium_confidence_ordinal		ordinal_and_binary	better_worse_signed	4	In regard to your health insurance or health care coverage, how does it compare to a year ago? Is it better, worse, or about the same?	HealthcareCoverage_Better=Better | HealthcareCoverage_Worse=Worse | HealthcareCoverage_AboutTheSame=About the Same | PMI_Dontknow=Don't know
Healthcare Access and Utilization	healthadvice_spokentoprofessional		medium_confidence_ordinal		ordinal_and_binary	healthcare_recency_0_5	7	About how long has it been since you last saw or talked to a doctor or other health care provider about your own health?	SpokenToProfessional_Never=Never | SpokenToProfessional_6moOrLess=6 months or less | SpokenToProfessional_6MoTo1YearAgo=More than 6 months, but not more than 1 year ago | SpokenToProfessional_1To2YearsAgo=More than 1 year, but not more than 2 years ago | SpokenToProfessional_2To5YearsAgo=More than 2 years, but not more than 5 years ago | SpokenToProfessional_MoreThan5YearsAgo=More than 5 years ago | PMI_Dontknow=Don't know
Healthcare Access and Utilization	healthadvice_generaldoctorvisits		medium_confidence_ordinal		ordinal_and_binary	visit_count_band_midpoint	9	What is the total number of general doctor visits you made in the last 12 months?	GeneralDoctorVisits_1=1 | GeneralDoctorVisits_2to3=2-3 | GeneralDoctorVisits_4to5=4-5 | GeneralDoctorVisits_6to7=6-7 | GeneralDoctorVisits_8to9=8-9 | GeneralDoctorVisits_10to12=10-12 | GeneralDoctorVisits_13to15=13-15 | GeneralDoctorVisits_16orMore=16 or more | PMI_Dontknow=Don't know
Healthcare Access and Utilization	healthadvice_nursepractitionervisits		medium_confidence_ordinal		ordinal_and_binary	visit_count_band_midpoint	9	What is the total number of nurse practitioner, physician assistant, or midwife visits you made in the last 12 months?	NursePractitionerVisits_1=1 | NursePractitionerVisits_2to3=2-3 | NursePractitionerVisits_4to5=4-5 | NursePractitionerVisits_6to7=6-7 | NursePractitionerVisits_8to9=8-9 | NursePractitionerVisits_10to12=10-12 | NursePractitionerVisits_13to15=13-15 | NursePractitionerVisits_16orMore=16 or more | PMI_Dontknow=Don't know
Healthcare Access and Utilization	healthadvice_obgynvisits		medium_confidence_ordinal		ordinal_and_binary	visit_count_band_midpoint	9	What is the total number of visits to a doctor who specializes in women's health that you made in the last 12 months?	OBGYNVisits_1=1 | OBGYNVisits_2to3=2-3 | OBGYNVisits_4to5=4-5 | OBGYNVisits_6to7=6-7 | OBGYNVisits_8to9=8-9 | OBGYNVisits_10to12=10-12 | OBGYNVisits_13to15=13-15 | OBGYNVisits_16orMore=16 or more | PMI_Dontknow=Don't know
Healthcare Access and Utilization	healthadvice_spokentomentalhealthprofessional		sensitive	mental_health	binary_only		3	A mental health professional such as a psychiatrist, psychologist, psychiatric nurse, or clinical social worker?	SpokenToMentalHealthProfessional_Yes=Yes | SpokenToMentalHealthProfessional_No=No | PMI_Dontknow=Don't know
Healthcare Access and Utilization	healthadvice_mentalhealthprofessionalvisits		medium_confidence_ordinal;sensitive	mental_health	ordinal_and_binary	visit_count_band_midpoint	9	What is the total number of visits to a mental health professional that you made in the last 12 months?	MentalHealthProfessionalVisits_1=1 | MentalHealthProfessionalVisits_2to3=2-3 | MentalHealthProfessionalVisits_4to5=4-5 | MentalHealthProfessionalVisits_6to7=6-7 | MentalHealthProfessionalVisits_8to9=8-9 | MentalHealthProfessionalVisits_10to12=10-12 | MentalHealthProfessionalVisits_13to15=13-15 | MentalHealthProfessionalVisits_16orMore=16 or more | PMI_Dontknow=Don't know
Healthcare Access and Utilization	healthadvice_eyedoctorvisits		medium_confidence_ordinal		ordinal_and_binary	visit_count_band_midpoint	9	What is the total number of visits to an eye doctor that you made in the last 12 months?	EyeDoctorVisits_1=1 | EyeDoctorVisits_2to3=2-3 | EyeDoctorVisits_4to5=4-5 | EyeDoctorVisits_6to7=6-7 | EyeDoctorVisits_8to9=8-9 | EyeDoctorVisits_10to12=10-12 | EyeDoctorVisits_13to15=13-15 | EyeDoctorVisits_16orMore=16 or more | PMI_Dontknow=Don't know
Healthcare Access and Utilization	healthadvice_podiatristvisits		medium_confidence_ordinal		ordinal_and_binary	visit_count_band_midpoint	9	What is the total number of visits to a foot doctor that you made in the last 12 months?	PodiatristVisits_1=1 | PodiatristVisits_2to3=2-3 | PodiatristVisits_4to5=4-5 | PodiatristVisits_6to7=6-7 | PodiatristVisits_8to9=8-9 | PodiatristVisits_10to12=10-12 | PodiatristVisits_13to15=13-15 | PodiatristVisits_16orMore=16 or more | PMI_Dontknow=Don't know
Healthcare Access and Utilization	healthadvice_chiropractorvisits		medium_confidence_ordinal		ordinal_and_binary	visit_count_band_midpoint	9	What is the total number of visits to a chiropractor that you made in the last 12 months?	ChiropractorVisits_1=1 | ChiropractorVisits_2to3=2-3 | ChiropractorVisits_4to5=4-5 | ChiropractorVisits_6to7=6-7 | ChiropractorVisits_8to9=8-9 | ChiropractorVisits_10to12=10-12 | ChiropractorVisits_13to15=13-15 | ChiropractorVisits_16orMore=16 or more | PMI_Dontknow=Don't know
Healthcare Access and Utilization	healthadvice_physicaltherapistvisits		medium_confidence_ordinal		ordinal_and_binary	visit_count_band_midpoint	9	What is the total number of visits to a physical therapist, speech therapist, respiratory therapist, audiologist, or occupational therapist that you made in the last 12 months?	PhysicalTherapistVisits_1=1 | PhysicalTherapistVisits_2to3=2-3 | PhysicalTherapistVisits_4to5=4-5 | PhysicalTherapistVisits_6to7=6-7 | PhysicalTherapistVisits_8to9=8-9 | PhysicalTherapistVisits_10to12=10-12 | PhysicalTherapistVisits_13to15=13-15 | PhysicalTherapistVisits_16orMore=16 or more | PMI_Dontknow=Don't know
Healthcare Access and Utilization	healthadvice_dentistvisits		medium_confidence_ordinal		ordinal_and_binary	visit_count_band_midpoint	9	What is the total number of visits to a dentist or orthodontist that you made in the last 12 months?	DentistVisits_1=1 | DentistVisits_2to3=2-3 | DentistVisits_4to5=4-5 | DentistVisits_6to7=6-7 | DentistVisits_8to9=8-9 | DentistVisits_10to12=10-12 | DentistVisits_13to15=13-15 | DentistVisits_16orMore=16 or more | PMI_Dontknow=Don't know
Healthcare Access and Utilization	healthadvice_medicalspecialistvisits		medium_confidence_ordinal		ordinal_and_binary	visit_count_band_midpoint	9	What is the total number of visits to a medical doctor who specializes in a particular medical disease or problem that you made in the last 12 months?	MedicalSpecialistVisits_1=1 | MedicalSpecialistVisits_2to3=2-3 | MedicalSpecialistVisits_4to5=4-5 | MedicalSpecialistVisits_6to7=6-7 | MedicalSpecialistVisits_8to9=8-9 | MedicalSpecialistVisits_10to12=10-12 | MedicalSpecialistVisits_13to15=13-15 | MedicalSpecialistVisits_16orMore=16 or more | PMI_Dontknow=Don't know
Healthcare Access and Utilization	healthadvice_traditionalhealervisits		medium_confidence_ordinal		ordinal_and_binary	visit_count_band_midpoint	9	What is the total number of visits to traditional healers that you made in the last 12 months?	TraditionalHealerVisits_1=1 | TraditionalHealerVisits_2to3=2-3 | TraditionalHealerVisits_4to5=4-5 | TraditionalHealerVisits_6to7=6-7 | TraditionalHealerVisits_8to9=8-9 | TraditionalHealerVisits_10to12=10-12 | TraditionalHealerVisits_13to15=13-15 | TraditionalHealerVisits_16orMore=16 or more | PMI_Dontknow=Don't know
Healthcare Access and Utilization	delayedmedicalcare_cantaffordcopay		sensitive	financial_hardship	binary_only		3	Couldn't afford the copay.	CantAffordCoPay_Yes=Yes | CantAffordCoPay_No=No | PMI_Dontknow=Don't know
Healthcare Access and Utilization	delayedmedicalcare_deductibletoohigh		sensitive	financial_hardship	binary_only		3	Your deductible was too high/or could not afford the deductible.	DeductibleTooHigh_Yes=Yes | DeductibleTooHigh_No=No | PMI_Dontknow=Don't know
Healthcare Access and Utilization	cantaffordcare_mentalhealthcounseling		sensitive	mental_health	binary_only		3	Mental health care or counseling	MentalHealthCounseling_Yes=Yes | MentalHealthCounseling_No=No | PMI_Dontknow=Don't know
Social Determinants of Health	nds_9		sensitive	substance_use	ordinal_and_binary	agree_1_4	4	There is too much drug use in my neighborhood.	SDOH_5=Strongly disagree | SDOH_4=Disagree | SDOH_2=Agree | SDOH_1=Strongly agree
Social Determinants of Health	nds_10		sensitive	alcohol	ordinal_and_binary	agree_1_4	4	There is too much alcohol use in my neighborhood.	SDOH_5=Strongly disagree | SDOH_4=Disagree | SDOH_2=Agree | SDOH_1=Strongly agree
Social Determinants of Health	ips_1	40192458	medium_confidence_ordinal		ordinal_and_binary	housing_density_1_5	6	What is the main type of housing in your neighborhood?	SDOH_10=Detached single-family housing | SDOH_11=Townhouses, row house, apartments, or condos of 2-3 stories | SDOH_12=Mix of single-family residences and townhouses, row houses, apartments, or condos | SDOH_13=Apartments or condos of 4-12 stories | SDOH_14=Apartments or condos of more than 12 stories | PMI_DontKnow=Don't know/Not sure
Social Determinants of Health	sdoh_eds_9		sensitive	trauma_violence	ordinal_and_binary	freq_event_0_5	6	You are threatened or harassed.	SDOH_24=Almost everyday | SDOH_25=At least once a week | SDOH_26=A few times a month | SDOH_27=A few times a year | SDOH_28=Less than once a year | SDOH_20=Never
Social Determinants of Health	bmmrs_1		medium_confidence_ordinal;sensitive	religion	ordinal_and_binary	spiritual_frequency_0_5	7	I feel God's (or a higher power's) presence	SDOH_55=Many times a day | SDOH_56=Every day | SDOH_57=Most days | SDOH_58=Some days | SDOH_59=Once in a while | SDOH_60=Never or almost never | SDOH_61=I do not believe in God (or a higher power)
Social Determinants of Health	bmmrs_2		medium_confidence_ordinal;sensitive	religion	ordinal_and_binary	spiritual_frequency_0_5	7	I find strength and comfort in my religion	SDOH_55=Many times a day | SDOH_56=Every day | SDOH_57=Most days | SDOH_58=Some days | SDOH_59=Once in a while | SDOH_60=Never or almost never | SDOH_62=I am not religious
Social Determinants of Health	bmmrs_3		medium_confidence_ordinal		ordinal_and_binary	spiritual_frequency_0_5	6	I feel deep inner peace or harmony	SDOH_55=Many times a day | SDOH_56=Every day | SDOH_57=Most days | SDOH_58=Some days | SDOH_59=Once in a while | SDOH_60=Never or almost never
Social Determinants of Health	bmmrs_4		medium_confidence_ordinal;sensitive	religion	ordinal_and_binary	spiritual_frequency_0_5	7	I desire to be closer to or in union with God (or a higher power)	SDOH_55=Many times a day | SDOH_56=Every day | SDOH_57=Most days | SDOH_58=Some days | SDOH_59=Once in a while | SDOH_60=Never or almost never | SDOH_61=I do not believe in God (or a higher power)
Social Determinants of Health	bmmrs_5		medium_confidence_ordinal;sensitive	religion	ordinal_and_binary	spiritual_frequency_0_5	7	I feel God's (or a higher power's) love for me, directly or through others	SDOH_55=Many times a day | SDOH_56=Every day | SDOH_57=Most days | SDOH_58=Some days | SDOH_59=Once in a while | SDOH_60=Never or almost never | SDOH_61=I do not believe in God (or a higher power)
Social Determinants of Health	bmmrs_6		medium_confidence_ordinal;sensitive	religion	ordinal_and_binary	spiritual_frequency_0_5	6	I am spiritually touched by the beauty of creation	SDOH_55=Many times a day | SDOH_56=Every day | SDOH_57=Most days | SDOH_58=Some days | SDOH_59=Once in a while | SDOH_60=Never or almost never
Social Determinants of Health	nhs_xx	40192470	medium_confidence_ordinal;sensitive	religion	ordinal_and_binary	religious_service_frequency_0_5	6	How often do you go to religious meetings or services?	SDOH_63=More than once a week | SDOH_64=Once a week | SDOH_65=1 to 3 times per month | SDOH_66=Less than once per month | SDOH_60=Never or almost never | SDOH_62=I am not religious
COVID-19 Participant Experience (COPE)	copect_40_xx15_a		medium_confidence_ordinal;sensitive	covid_related	ordinal_and_binary	symptom_onset_month_ordinal	6	When did your symptoms begin?	cope_a_319=January or February 2020 | cope_a_320=March or April 2020 | cope_a_321=May or June 2020 | cope_a_322=July or August 2020 | cope_a_323=September or October 2020 | cope_a_327=November or December 2020
COVID-19 Participant Experience (COPE)	cdc_covid_xx	596884	sensitive	covid_related	nominal_binary		3	Did you receive the COVID-19 vaccination?	COPE_A_44=Yes | COPE_A_13=No | cope_a_334=Not sure, I participated in a COVID-19 vaccination trial
COVID-19 Participant Experience (COPE)	cdc_covid_xx_a	596885	sensitive	covid_related	ordinal_and_binary	dose_count_1_2	2	How many doses of the vaccine did you receive?	cope_a_332=1 | cope_a_333=2
COVID-19 Participant Experience (COPE)	cdc_covid_xx_b	596888	sensitive	covid_related	nominal_binary		4	Which vaccine did you receive?	cope_a_330=Pfizer (Pfizer-BioNTech) | cope_a_331=Moderna | COPE_A_204=Other | COPE_A_52=Not sure
COVID-19 Participant Experience (COPE)	copect_40_xx15_a		medium_confidence_ordinal;sensitive	covid_related	ordinal_and_binary	symptom_onset_month_ordinal	7	When did your symptoms begin?	cope_a_319=January or February 2020 | cope_a_320=March or April 2020 | cope_a_321=May or June 2020 | cope_a_322=July or August 2020 | cope_a_323=September or October 2020 | cope_a_327=November or December 2020 | cope_a_328=January or February 2021
COVID-19 Participant Experience (COPE)	nhs_covid_fhc17a	1333297	sensitive	covid_related	binary_only		2	Do you personally know someone who has died of COVID-19?	COPE_A_44=Yes | COPE_A_13=No
COVID-19 Participant Experience (COPE)	section_participation		sensitive	covid_related	nominal_binary		3	You can choose not to answer any question at any time. This survey will take approximately 20 to 30 minutes to complete.	COPE_A_44=Yes, I'm ready to take the survey now. | COPE_A_231=Yes, I would like to take the survey at a later time. | COPE_A_13=No, I do not want to take the survey.
COVID-19 Participant Experience (COPE)	section_participation		sensitive	covid_related	nominal_binary		2	You can choose not to answer any question at any time. This survey will take approximately 15 to 20 minutes to complete.	COPE_A_44=Yes, I still want to take the survey. | COPE_A_13=No, I do not want to take the survey.
COVID-19 Participant Experience (COPE)	cdc_covid_19_9b	1332742	sensitive	covid_related	binary_only		3	Were you tested for influenza (flu) in the past month?	COPE_A_44=Yes | COPE_A_13=No | COPE_A_14=Unknown
COVID-19 Participant Experience (COPE)	audit_c_1	1332876	sensitive	alcohol;covid_related	ordinal_and_binary	audit_freq_0_4	5	In the past month: How often do you have a drink containing alcohol?	COPE_A_120=Never | COPE_A_125=Monthly or less | COPE_A_167=2-4 times a month | COPE_A_89=2-3 times a week | COPE_A_16=4 or more times a week
COVID-19 Participant Experience (COPE)	audit_c_2	1332793	medium_confidence_ordinal;sensitive	alcohol;covid_related	ordinal_and_binary	drink_count_band_midpoint	5	In the past month: How many standard drinks containing alcohol do you have on a typical day?	COPE_A_4=1 or 2 | COPE_A_23=3 or 4 | COPE_A_51=5 or 6 | COPE_A_172=7 to 9 | COPE_A_6=10 or more
COVID-19 Participant Experience (COPE)	audit_c_3	1332853	sensitive	alcohol;covid_related	ordinal_and_binary	binge_freq_0_4	5	In the past month: How often do you have six or more drinks containing alcohol on one occasion?	COPE_A_120=Never | COPE_A_37=Less than monthly | COPE_A_56=Monthly | COPE_A_180=Weekly | COPE_A_103=Daily or almost daily
COVID-19 Participant Experience (COPE)	basics_8	1332833	sensitive	covid_related	nominal_binary		7	What is your current marital status?	COPE_A_116=Married | COPE_A_133=Divorced | COPE_A_58=Widowed | COPE_A_177=Separated | COPE_A_163=Never married | COPE_A_104=Living with partner | COPE_A_30=Prefer not to answer
COVID-19 Participant Experience (COPE)	brcs_1	1333024	sensitive	covid_related	ordinal_and_binary	describes_me_0_4	5	Please select the response that best reflects your behavior in the past month. I look for creative ways to alter difficult situations.	COPE_A_15=Does not describe me at all | COPE_A_35=Does not describe me | COPE_A_176=Neutral | COPE_A_70=Describes me | COPE_A_88=Describes me very well
COVID-19 Participant Experience (COPE)	brcs_2	1332739	sensitive	covid_related	ordinal_and_binary	describes_me_0_4	5	Please select the response that best reflects your behavior in the past month. Regardless of what happens to me, I believe I can control my reaction to it.	COPE_A_15=Does not describe me at all | COPE_A_35=Does not describe me | COPE_A_176=Neutral | COPE_A_70=Describes me | COPE_A_88=Describes me very well
COVID-19 Participant Experience (COPE)	brcs_3	1332848	sensitive	covid_related	ordinal_and_binary	describes_me_0_4	5	Please select the response that best reflects your behavior in the past month. I believe I can grow in positive ways by dealing with difficult situations.	COPE_A_15=Does not describe me at all | COPE_A_35=Does not describe me | COPE_A_176=Neutral | COPE_A_70=Describes me | COPE_A_88=Describes me very well
COVID-19 Participant Experience (COPE)	brcs_4	1332741	sensitive	covid_related	ordinal_and_binary	describes_me_0_4	5	Please select the response that best reflects your behavior in the past month. I actively look for ways to replace the losses I encounter in life.	COPE_A_15=Does not describe me at all | COPE_A_35=Does not describe me | COPE_A_176=Neutral | COPE_A_70=Describes me | COPE_A_88=Describes me very well
COVID-19 Participant Experience (COPE)	cdc_covid_19_9_xx24	1333326	sensitive	covid_related	nominal_binary		4	Was the test for COVID-19 positive?	COPE_A_44=Yes | COPE_A_13=No | COPE_A_14=Unknown | COPE_A_117=Waiting for results
COVID-19 Participant Experience (COPE)	cdc_covid_19_9_xx25	1333327	medium_confidence_ordinal;sensitive	covid_related	ordinal_and_binary	testing_access_0_2	3	Were you tested for COVID-19 in the past month?	COPE_A_44=Yes | COPE_A_13=No | COPE_A_14=Unknown
COVID-19 Participant Experience (COPE)	copect_50_xx17	1332767	sensitive	covid_related	ordinal_and_binary	current_use_0_3	4	In the past month: Did someone in your home smoke tobacco/nicotine (including cigarettes, cigar, cigarillos, pipes, hookah) every day, some days, or not at all?	COPE_A_197=Yes, every day | COPE_A_169=Yes, some days | COPE_A_94=Not currently, but in the past | COPE_A_131=No, never
COVID-19 Participant Experience (COPE)	copect_50_xx18	1333011	sensitive	covid_related	ordinal_and_binary	current_use_0_3	4	In the past month: Did you smoke tobacco/nicotine (including cigarettes, cigar, cigarillos, pipes, hookah) every day, some days, or not at all?	COPE_A_197=Yes, every day | COPE_A_169=Yes, some days | COPE_A_94=Not currently, but in the past | COPE_A_131=No, never
COVID-19 Participant Experience (COPE)	copect_50_xx19	1332849	sensitive	covid_related	nominal_binary		3	How long has it been since you last smoked?	COPE_A_57=Weeks | COPE_A_198=Months | COPE_A_152=Years
COVID-19 Participant Experience (COPE)	copect_54	1332744	sensitive	covid_related	binary_only		2	Are you currently on chemotherapy or immunotherapy?	COPE_A_44=Yes | COPE_A_13=No
COVID-19 Participant Experience (COPE)	copect_58	1332745	sensitive	covid_related	binary_only		2	Do you regularly take immunosuppressant medications (including steroids, methotrexate, biologic agents)?	COPE_A_44=Yes | COPE_A_13=No
COVID-19 Participant Experience (COPE)	cpss_1	1332878	sensitive	covid_related	ordinal_and_binary	freq_pss_0_4	5	In the last month, how often have you been upset because of something that happened unexpectedly?	COPE_A_120=Never | COPE_A_154=Almost never | COPE_A_151=Sometimes | COPE_A_42=Fairly often | COPE_A_86=Very often
COVID-19 Participant Experience (COPE)	cpss_10	1332998	sensitive	covid_related	ordinal_and_binary	freq_pss_0_4	5	In the last month, how often have you felt difficulties were piling up so high that you could not overcome them?	COPE_A_120=Never | COPE_A_154=Almost never | COPE_A_151=Sometimes | COPE_A_42=Fairly often | COPE_A_86=Very often
COVID-19 Participant Experience (COPE)	cpss_2	1332794	sensitive	covid_related	ordinal_and_binary	freq_pss_0_4	5	In the last month, how often have you felt that you were unable to control the important things in your life?	COPE_A_120=Never | COPE_A_154=Almost never | COPE_A_151=Sometimes | COPE_A_42=Fairly often | COPE_A_86=Very often
COVID-19 Participant Experience (COPE)	cpss_3	1332854	sensitive	covid_related	ordinal_and_binary	freq_pss_0_4	5	"In the last month, how often have you felt nervous and ""stressed""?"	COPE_A_120=Never | COPE_A_154=Almost never | COPE_A_151=Sometimes | COPE_A_42=Fairly often | COPE_A_86=Very often
COVID-19 Participant Experience (COPE)	cpss_4	1332861	sensitive	covid_related	ordinal_and_binary	freq_pss_0_4	5	In the last month, how often have you felt confident about your ability to handle your personal problems?	COPE_A_120=Never | COPE_A_154=Almost never | COPE_A_151=Sometimes | COPE_A_42=Fairly often | COPE_A_86=Very often
COVID-19 Participant Experience (COPE)	cpss_5	1332862	sensitive	covid_related	ordinal_and_binary	freq_pss_0_4	5	In the last month, how often have you felt that things were going your way?	COPE_A_120=Never | COPE_A_154=Almost never | COPE_A_151=Sometimes | COPE_A_42=Fairly often | COPE_A_86=Very often
COVID-19 Participant Experience (COPE)	cpss_6	1332863	sensitive	covid_related	ordinal_and_binary	freq_pss_0_4	5	In the last month, how often have you found that you could not cope with all the things that you had to do?	COPE_A_120=Never | COPE_A_154=Almost never | COPE_A_151=Sometimes | COPE_A_42=Fairly often | COPE_A_86=Very often
COVID-19 Participant Experience (COPE)	cpss_7	1332944	sensitive	covid_related	ordinal_and_binary	freq_pss_0_4	5	In the last month, how often have you been able to control irritations in your life?	COPE_A_120=Never | COPE_A_154=Almost never | COPE_A_151=Sometimes | COPE_A_42=Fairly often | COPE_A_86=Very often
COVID-19 Participant Experience (COPE)	cpss_8	1332868	sensitive	covid_related	ordinal_and_binary	freq_pss_0_4	5	In the last month, how often have you felt that you were on top of things?	COPE_A_120=Never | COPE_A_154=Almost never | COPE_A_151=Sometimes | COPE_A_42=Fairly often | COPE_A_86=Very often
COVID-19 Participant Experience (COPE)	cpss_9	1332869	sensitive	covid_related	ordinal_and_binary	freq_pss_0_4	5	In the last month, how often have you been angered because of things that were outside of your control?	COPE_A_120=Never | COPE_A_154=Almost never | COPE_A_151=Sometimes | COPE_A_42=Fairly often | COPE_A_86=Very often
COVID-19 Participant Experience (COPE)	eds_1	1333328	sensitive	covid_related	ordinal_and_binary	freq_event_0_5	4	In your day-to-day life, how often did this happen to you during the past month? You are treated with less courtesy than other people are.	COPE_A_113=Almost everyday | COPE_A_62=At least once a week | COPE_A_84=A few times a month | COPE_A_120=Never
COVID-19 Participant Experience (COPE)	eds_2	1333311	sensitive	covid_related	ordinal_and_binary	freq_event_0_5	4	In your day-to-day life, how often did this happen to you during the past month? You are treated with less respect than other people are.	COPE_A_113=Almost everyday | COPE_A_62=At least once a week | COPE_A_84=A few times a month | COPE_A_120=Never
COVID-19 Participant Experience (COPE)	eds_3	1333312	sensitive	covid_related	ordinal_and_binary	freq_event_0_5	4	In your day-to-day life, how often did this happen to you during the past month? You receive poorer service than other people at restaurants or stores.	COPE_A_113=Almost everyday | COPE_A_62=At least once a week | COPE_A_84=A few times a month | COPE_A_120=Never
COVID-19 Participant Experience (COPE)	eds_4	1333313	sensitive	covid_related	ordinal_and_binary	freq_event_0_5	4	In your day-to-day life, how often did this happen to you during the past month? People act as if they think you are not smart.	COPE_A_113=Almost everyday | COPE_A_62=At least once a week | COPE_A_84=A few times a month | COPE_A_120=Never
COVID-19 Participant Experience (COPE)	eds_5	1333314	sensitive	covid_related	ordinal_and_binary	freq_event_0_5	4	In your day-to-day life, how often did this happen to you during the past month? People act as if they are afraid of you.	COPE_A_113=Almost everyday | COPE_A_62=At least once a week | COPE_A_84=A few times a month | COPE_A_120=Never
COVID-19 Participant Experience (COPE)	eds_6	1332935	sensitive	covid_related	ordinal_and_binary	freq_event_0_5	4	In your day-to-day life, how often did this happen to you during the past month? People act as if they think you are dishonest.	COPE_A_113=Almost everyday | COPE_A_62=At least once a week | COPE_A_84=A few times a month | COPE_A_120=Never
COVID-19 Participant Experience (COPE)	eds_7	1332937	sensitive	covid_related	ordinal_and_binary	freq_event_0_5	4	In your day-to-day life, how often did this happen to you during the past month? People act as if they're better than you are.	COPE_A_113=Almost everyday | COPE_A_62=At least once a week | COPE_A_84=A few times a month | COPE_A_120=Never
COVID-19 Participant Experience (COPE)	eds_8	1333298	sensitive	covid_related	ordinal_and_binary	freq_event_0_5	4	In your day-to-day life, how often did this happen to you during the past month? You are called names or insulted.	COPE_A_113=Almost everyday | COPE_A_62=At least once a week | COPE_A_84=A few times a month | COPE_A_120=Never
COVID-19 Participant Experience (COPE)	eds_9	1333293	sensitive	trauma_violence;covid_related	ordinal_and_binary	freq_event_0_5	4	In your day-to-day life, how often did this happen to you during the past month? You are threatened or harassed.	COPE_A_113=Almost everyday | COPE_A_62=At least once a week | COPE_A_84=A few times a month | COPE_A_120=Never
COVID-19 Participant Experience (COPE)	gad_7_1		sensitive	covid_related	ordinal_and_binary	phq_gad_0_3	4	In the past 2 weeks, how often have you been bothered by the following problem? Feeling nervous, anxious, or on edge	COPE_A_168=Not at all | COPE_A_111=Several days | COPE_A_75=More than half the days | COPE_A_161=Nearly every day
COVID-19 Participant Experience (COPE)	gad_7_2		sensitive	covid_related	ordinal_and_binary	phq_gad_0_3	4	In the past 2 weeks, how often have you been bothered by the following problem? Not being able to stop or control worrying	COPE_A_168=Not at all | COPE_A_111=Several days | COPE_A_75=More than half the days | COPE_A_161=Nearly every day
COVID-19 Participant Experience (COPE)	gad_7_3		sensitive	covid_related	ordinal_and_binary	phq_gad_0_3	4	In the past 2 weeks, how often have you been bothered by the following problem? Worrying too much about different things	COPE_A_168=Not at all | COPE_A_111=Several days | COPE_A_75=More than half the days | COPE_A_161=Nearly every day
COVID-19 Participant Experience (COPE)	gad_7_4		sensitive	covid_related	ordinal_and_binary	phq_gad_0_3	4	In the past 2 weeks, how often have you been bothered by the following problem? Trouble relaxing	COPE_A_168=Not at all | COPE_A_111=Several days | COPE_A_75=More than half the days | COPE_A_161=Nearly every day
COVID-19 Participant Experience (COPE)	gad_7_5		sensitive	covid_related	ordinal_and_binary	phq_gad_0_3	4	In the past 2 weeks, how often have you been bothered by the following problem? Being so restless that it's hard to sit still	COPE_A_168=Not at all | COPE_A_111=Several days | COPE_A_75=More than half the days | COPE_A_161=Nearly every day
COVID-19 Participant Experience (COPE)	gad_7_6		sensitive	covid_related	ordinal_and_binary	phq_gad_0_3	4	In the past 2 weeks, how often have you been bothered by the following problem? Becoming easily annoyed or irritable	COPE_A_168=Not at all | COPE_A_111=Several days | COPE_A_75=More than half the days | COPE_A_161=Nearly every day
COVID-19 Participant Experience (COPE)	gad_7_7		sensitive	covid_related	ordinal_and_binary	phq_gad_0_3	4	In the past 2 weeks, how often have you been bothered by the following problem? Feeling afraid as if something awful might happen	COPE_A_168=Not at all | COPE_A_111=Several days | COPE_A_75=More than half the days | COPE_A_161=Nearly every day
COVID-19 Participant Experience (COPE)	ies_r_6_1	1333303	sensitive	covid_related	ordinal_and_binary	intensity_0_4	5	In the past 7 days, I thought about COVID-19 when I didn't mean to.	COPE_A_168=Not at all | COPE_A_21=A little bit | COPE_A_139=Moderately | COPE_A_72=Quite a bit | COPE_A_93=Extremely
COVID-19 Participant Experience (COPE)	ies_r_6_2	1333292	sensitive	covid_related	ordinal_and_binary	intensity_0_4	5	In the past 7 days, I felt watchful or on-guard.	COPE_A_168=Not at all | COPE_A_21=A little bit | COPE_A_139=Moderately | COPE_A_72=Quite a bit | COPE_A_93=Extremely
COVID-19 Participant Experience (COPE)	ies_r_6_3	1332866	sensitive	covid_related	ordinal_and_binary	intensity_0_4	5	In the past 7 days, other things kept making me think about COVID-19.	COPE_A_168=Not at all | COPE_A_21=A little bit | COPE_A_139=Moderately | COPE_A_72=Quite a bit | COPE_A_93=Extremely
COVID-19 Participant Experience (COPE)	ies_r_6_4	1333295	sensitive	covid_related	ordinal_and_binary	intensity_0_4	5	In the past 7 days, I was aware that I still had a lot of feelings about COVID-19, but I didn't deal with them.	COPE_A_168=Not at all | COPE_A_21=A little bit | COPE_A_139=Moderately | COPE_A_72=Quite a bit | COPE_A_93=Extremely
COVID-19 Participant Experience (COPE)	ies_r_6_5	1333296	sensitive	covid_related	ordinal_and_binary	intensity_0_4	5	In the past 7 days, I tried not to think about COVID-19.	COPE_A_168=Not at all | COPE_A_21=A little bit | COPE_A_139=Moderately | COPE_A_72=Quite a bit | COPE_A_93=Extremely
COVID-19 Participant Experience (COPE)	ies_r_6_6	1332867	sensitive	covid_related	ordinal_and_binary	intensity_0_4	5	In the past 7 days, I had trouble concentrating.	COPE_A_168=Not at all | COPE_A_21=A little bit | COPE_A_139=Moderately | COPE_A_72=Quite a bit | COPE_A_93=Extremely
COVID-19 Participant Experience (COPE)	ipaq_1		sensitive	covid_related	binary_only		2	Think about all the vigorous activities that you did in the last 7 days. Vigorous physical activities refer to activities that take hard physical effort and make you breathe much harder than normal. Think only about those physical activities that you did for at least 10 minutes at a time. During the last 7 days, did you do vigorous physical activities like heavy lifting, digging, aerobics, or fast bicycling?	COPE_A_44=Yes | COPE_A_13=No
COVID-19 Participant Experience (COPE)	ipaq_3		sensitive	covid_related	binary_only		2	Think about all the moderate activities that you did in the last 7 days. Moderate activities refer to activities that take moderate physical effort and make you breathe somewhat harder than normal. Think only about those physical activities that you did for at least 10 minutes at a time. During the last 7 days, did you do moderate physical activity like carrying light loads, bicycling at a regular pace, or doubles tennis?	COPE_A_44=Yes | COPE_A_13=No
COVID-19 Participant Experience (COPE)	ipaq_5		sensitive	covid_related	binary_only		2	Think about the time you spent walking in the last 7 days. This includes at work and at home, walking to travel from place to place, and any other walking that you have done solely for recreation, sport, exercise, or leisure. During the last 7 days, did you walk for at least 10 minutes at a time?	COPE_A_44=Yes | COPE_A_13=No
COVID-19 Participant Experience (COPE)	lifestyle_2_xx12	1332756	sensitive	covid_related	nominal_binary		3	How long has it been since you last used an electronic nicotine product?	COPE_A_57=Weeks | COPE_A_198=Months | COPE_A_152=Years
COVID-19 Participant Experience (COPE)	lifestyle_2_xx13	1333299	sensitive	covid_related	ordinal_and_binary	current_use_0_3	4	In the past month: Did you use any type of electronic nicotine product? This includes e- cigarettes, vape pens, hookah pens, personal vaporizers and mods, e-cigars, e-pipes, and e-hookahs.	COPE_A_197=Yes, every day | COPE_A_169=Yes, some days | COPE_A_94=Not currently, but in the past | COPE_A_131=No, never
COVID-19 Participant Experience (COPE)	lot_r_1	1332835	sensitive	covid_related	ordinal_and_binary	agree_lotr_1_5	5	Choose the answer that best describes how you felt in the past month. In uncertain times, I usually expect the best.	COPE_A_76=I agree a lot | COPE_A_47=I agree a little | COPE_A_80=I neither agree nor disagree | COPE_A_59=I Disagree a little | COPE_A_143=I Disagree a lot
COVID-19 Participant Experience (COPE)	mos_ss_1		sensitive	covid_related	ordinal_and_binary	time_none_all_0_4	5	Choose the answer that best describes how often you can find this kind of support in the past month. Someone to help you if you were confined to bed	COPE_A_99=None of the time | COPE_A_95=A little of the time | COPE_A_158=Some of the time | COPE_A_102=Most of the time | COPE_A_129=All of the time
COVID-19 Participant Experience (COPE)	mos_ss_13		sensitive	covid_related	ordinal_and_binary	time_none_all_0_4	5	Choose the answer that best describes how often you can find this kind of support in the past month. Someone to confide in or talk to about yourself or your problems	COPE_A_99=None of the time | COPE_A_95=A little of the time | COPE_A_158=Some of the time | COPE_A_102=Most of the time | COPE_A_129=All of the time
COVID-19 Participant Experience (COPE)	mos_ss_17		sensitive	covid_related	ordinal_and_binary	time_none_all_0_4	5	Choose the answer that best describes how often you can find this kind of support in the past month. Someone to do things with to help you get your mind off things	COPE_A_99=None of the time | COPE_A_95=A little of the time | COPE_A_158=Some of the time | COPE_A_102=Most of the time | COPE_A_129=All of the time
COVID-19 Participant Experience (COPE)	mos_ss_2		sensitive	covid_related	ordinal_and_binary	time_none_all_0_4	5	Choose the answer that best describes how often you can find this kind of support in the past month. Someone to take you to the doctor if you needed it	COPE_A_99=None of the time | COPE_A_95=A little of the time | COPE_A_158=Some of the time | COPE_A_102=Most of the time | COPE_A_129=All of the time
COVID-19 Participant Experience (COPE)	mos_ss_3		sensitive	covid_related	ordinal_and_binary	time_none_all_0_4	5	Choose the answer that best describes how often you can find this kind of support in the past month. Someone to prepare your meals if you were unable to do it yourself	COPE_A_99=None of the time | COPE_A_95=A little of the time | COPE_A_158=Some of the time | COPE_A_102=Most of the time | COPE_A_129=All of the time
COVID-19 Participant Experience (COPE)	mos_ss_4		sensitive	covid_related	ordinal_and_binary	time_none_all_0_4	5	Choose the answer that best describes how often you can find this kind of support in the past month. Someone to help with daily chores if you were sick	COPE_A_99=None of the time | COPE_A_95=A little of the time | COPE_A_158=Some of the time | COPE_A_102=Most of the time | COPE_A_129=All of the time
COVID-19 Participant Experience (COPE)	mos_ss_5		sensitive	covid_related	ordinal_and_binary	time_none_all_0_4	5	Choose the answer that best describes how often you can find this kind of support in the past month. Someone to have a good time with	COPE_A_99=None of the time | COPE_A_95=A little of the time | COPE_A_158=Some of the time | COPE_A_102=Most of the time | COPE_A_129=All of the time
COVID-19 Participant Experience (COPE)	mos_ss_6		sensitive	covid_related	ordinal_and_binary	time_none_all_0_4	5	Choose the answer that best describes how often you can find this kind of support in the past month. Someone to turn to for suggestions about how to deal with a personal problem	COPE_A_99=None of the time | COPE_A_95=A little of the time | COPE_A_158=Some of the time | COPE_A_102=Most of the time | COPE_A_129=All of the time
COVID-19 Participant Experience (COPE)	mos_ss_7		sensitive	covid_related	ordinal_and_binary	time_none_all_0_4	5	Choose the answer that best describes how often you can find this kind of support in the past month. Someone who understands your problems	COPE_A_99=None of the time | COPE_A_95=A little of the time | COPE_A_158=Some of the time | COPE_A_102=Most of the time | COPE_A_129=All of the time
COVID-19 Participant Experience (COPE)	mos_ss_8		sensitive	covid_related	ordinal_and_binary	time_none_all_0_4	5	Choose the answer that best describes how often you can find this kind of support in the past month. Someone to love and make you feel wanted	COPE_A_99=None of the time | COPE_A_95=A little of the time | COPE_A_158=Some of the time | COPE_A_102=Most of the time | COPE_A_129=All of the time
COVID-19 Participant Experience (COPE)	phq_9_1		sensitive	covid_related	ordinal_and_binary	phq_gad_0_3	4	In the past 2 weeks, how often have you been bothered by: Little interest or pleasure in doing things	COPE_A_168=Not at all | COPE_A_111=Several days | COPE_A_75=More than half the days | COPE_A_161=Nearly every day
COVID-19 Participant Experience (COPE)	phq_9_2		sensitive	mental_health;covid_related	ordinal_and_binary	phq_gad_0_3	4	In the past 2 weeks, how often have you been bothered by: Feeling down, depressed, or hopeless	COPE_A_168=Not at all | COPE_A_111=Several days | COPE_A_75=More than half the days | COPE_A_161=Nearly every day
COVID-19 Participant Experience (COPE)	phq_9_3		sensitive	covid_related	ordinal_and_binary	phq_gad_0_3	4	In the past 2 weeks, how often have you been bothered by: Trouble falling or staying asleep, or sleeping too much	COPE_A_168=Not at all | COPE_A_111=Several days | COPE_A_75=More than half the days | COPE_A_161=Nearly every day
COVID-19 Participant Experience (COPE)	phq_9_4		sensitive	covid_related	ordinal_and_binary	phq_gad_0_3	4	In the past 2 weeks, how often have you been bothered by: Feeling tired or having little energy	COPE_A_168=Not at all | COPE_A_111=Several days | COPE_A_75=More than half the days | COPE_A_161=Nearly every day
COVID-19 Participant Experience (COPE)	phq_9_5		sensitive	covid_related	ordinal_and_binary	phq_gad_0_3	4	In the past 2 weeks, how often have you been bothered by: Poor appetite or overeating	COPE_A_168=Not at all | COPE_A_111=Several days | COPE_A_75=More than half the days | COPE_A_161=Nearly every day
COVID-19 Participant Experience (COPE)	phq_9_6		sensitive	covid_related	ordinal_and_binary	phq_gad_0_3	4	In the past 2 weeks, how often have you been bothered by: Feeling bad about yourself or that you are a failure or have let yourself or your family down	COPE_A_168=Not at all | COPE_A_111=Several days | COPE_A_75=More than half the days | COPE_A_161=Nearly every day
COVID-19 Participant Experience (COPE)	phq_9_7		sensitive	covid_related	ordinal_and_binary	phq_gad_0_3	4	In the past 2 weeks, how often have you been bothered by: Trouble concentrating on things, such as reading the newspaper or watching television	COPE_A_168=Not at all | COPE_A_111=Several days | COPE_A_75=More than half the days | COPE_A_161=Nearly every day
COVID-19 Participant Experience (COPE)	phq_9_8		sensitive	covid_related	ordinal_and_binary	phq_gad_0_3	4	In the past 2 weeks, how often have you been bothered by: Moving or speaking so slowly that other people could have noticed? Or the opposite - being so fidgety or restless that you have been moving around a lot more than usual	COPE_A_168=Not at all | COPE_A_111=Several days | COPE_A_75=More than half the days | COPE_A_161=Nearly every day
COVID-19 Participant Experience (COPE)	phq_9_9		sensitive	covid_related	ordinal_and_binary	phq_gad_0_3	4	In the past 2 weeks, how often have you been bothered by: Thoughts that you would be better off dead or of hurting yourself in some way	COPE_A_168=Not at all | COPE_A_111=Several days | COPE_A_75=More than half the days | COPE_A_161=Nearly every day
COVID-19 Participant Experience (COPE)	tsu_ds5_13_xx1	1332795	sensitive	substance_use;covid_related	ordinal_and_binary	freq_covid_contact_0_3	4	How often did you use prescription opioids?	COPE_A_201=Only a few times | COPE_A_18=1-3 times per month | COPE_A_174=1-5 times per week | COPE_A_107=Daily
COVID-19 Participant Experience (COPE)	tsu_ds5_13_xx10	1332754	sensitive	substance_use;covid_related	ordinal_and_binary	freq_covid_contact_0_3	4	How often did you use hallucinogens?	COPE_A_201=Only a few times | COPE_A_18=1-3 times per month | COPE_A_174=1-5 times per week | COPE_A_107=Daily
COVID-19 Participant Experience (COPE)	tsu_ds5_13_xx11	1332755	sensitive	substance_use;covid_related	ordinal_and_binary	freq_covid_contact_0_3	4	How often did you use prescription stimulants?	COPE_A_201=Only a few times | COPE_A_18=1-3 times per month | COPE_A_174=1-5 times per week | COPE_A_107=Daily
COVID-19 Participant Experience (COPE)	tsu_ds5_13_xx2	1332796	sensitive	substance_use;covid_related	ordinal_and_binary	freq_covid_contact_0_3	4	How often did you use heroin?	COPE_A_201=Only a few times | COPE_A_18=1-3 times per month | COPE_A_174=1-5 times per week | COPE_A_107=Daily
COVID-19 Participant Experience (COPE)	tsu_ds5_13_xx20	1332800	sensitive	substance_use;covid_related	binary_only		2	Did your use include smoking cannabis?	COPE_A_44=Yes | COPE_A_13=No
COVID-19 Participant Experience (COPE)	tsu_ds5_13_xx21	1332801	sensitive	substance_use;covid_related	ordinal_and_binary	change_lessmore_signed	3	Do you think you have used more or less cannabis in the past month than you used to?	COPE_A_227=Less often than usual | COPE_A_228=The same as usual | COPE_A_229=More often than usual
COVID-19 Participant Experience (COPE)	tsu_ds5_13_xx22	1332802	sensitive	substance_use;covid_related	binary_only		2	Did your use include smoking synthetic marijuana or fake weed?	COPE_A_44=Yes | COPE_A_13=No
COVID-19 Participant Experience (COPE)	tsu_ds5_13_xx23	1332803	sensitive	substance_use;covid_related	ordinal_and_binary	change_lessmore_signed	3	Do you think you have used more or less synthetic marijuana or fake weed in the past month than you used to?	COPE_A_227=Less often than usual | COPE_A_228=The same as usual | COPE_A_229=More often than usual
COVID-19 Participant Experience (COPE)	tsu_ds5_13_xx24	1332804	sensitive	substance_use;covid_related	binary_only		2	Did your use include smoking cocaine?	COPE_A_44=Yes | COPE_A_13=No
COVID-19 Participant Experience (COPE)	tsu_ds5_13_xx25	1332805	sensitive	substance_use;covid_related	ordinal_and_binary	change_lessmore_signed	3	Do you think you have used more or less cocaine in the past month than you used to?	COPE_A_227=Less often than usual | COPE_A_228=The same as usual | COPE_A_229=More often than usual
COVID-19 Participant Experience (COPE)	tsu_ds5_13_xx26	1332806	sensitive	substance_use;covid_related	binary_only		2	Did you use prescription stimulants in any way a doctor did not direct you to use it?	COPE_A_44=Yes | COPE_A_13=No
COVID-19 Participant Experience (COPE)	tsu_ds5_13_xx27	1332807	sensitive	substance_use;covid_related	ordinal_and_binary	change_lessmore_signed	3	Do you think you have used more or less prescription stimulants in the past month than you used to?	COPE_A_227=Less often than usual | COPE_A_228=The same as usual | COPE_A_229=More often than usual
COVID-19 Participant Experience (COPE)	tsu_ds5_13_xx28	1332808	sensitive	covid_related	binary_only		2	Did your use include smoking methamphetamine?	COPE_A_44=Yes | COPE_A_13=No
COVID-19 Participant Experience (COPE)	tsu_ds5_13_xx29	1332747	sensitive	covid_related	ordinal_and_binary	change_lessmore_signed	3	Do you think you have used more or less methamphetamine in the past month than you used to?	COPE_A_227=Less often than usual | COPE_A_228=The same as usual | COPE_A_229=More often than usual
COVID-19 Participant Experience (COPE)	tsu_ds5_13_xx3	1333013	sensitive	substance_use;covid_related	ordinal_and_binary	freq_covid_contact_0_3	4	How often did you use cannabis?	COPE_A_201=Only a few times | COPE_A_18=1-3 times per month | COPE_A_174=1-5 times per week | COPE_A_107=Daily
COVID-19 Participant Experience (COPE)	tsu_ds5_13_xx30	1332819	sensitive	substance_use;covid_related	binary_only		2	Did your use include smoking synthetic stimulants?	COPE_A_44=Yes | COPE_A_13=No
COVID-19 Participant Experience (COPE)	tsu_ds5_13_xx31	1332820	sensitive	substance_use;covid_related	ordinal_and_binary	change_lessmore_signed	3	Do you think you have used more or less synthetic stimulants in the past month than you used to?	COPE_A_227=Less often than usual | COPE_A_228=The same as usual | COPE_A_229=More often than usual
COVID-19 Participant Experience (COPE)	tsu_ds5_13_xx32	1332822	sensitive	substance_use;covid_related	ordinal_and_binary	change_lessmore_signed	3	Do you think you have used more or less inhalants in the past month than you used to?	COPE_A_227=Less often than usual | COPE_A_228=The same as usual | COPE_A_229=More often than usual
COVID-19 Participant Experience (COPE)	tsu_ds5_13_xx33	1332824	sensitive	covid_related	binary_only		2	Did you use prescription sedatives or prescription sleeping pills in any way a doctor did not direct you to use it?	COPE_A_44=Yes | COPE_A_13=No
COVID-19 Participant Experience (COPE)	tsu_ds5_13_xx34	1332826	sensitive	covid_related	ordinal_and_binary	change_lessmore_signed	3	Do you think you have used more or less prescription sedatives or prescription sleeping pills in the past month than you used to?	COPE_A_227=Less often than usual | COPE_A_228=The same as usual | COPE_A_229=More often than usual
COVID-19 Participant Experience (COPE)	tsu_ds5_13_xx35	1332828	sensitive	substance_use;covid_related	binary_only		2	Did your use include smoking hallucinogens?	COPE_A_44=Yes | COPE_A_13=No
COVID-19 Participant Experience (COPE)	tsu_ds5_13_xx36	1332829	sensitive	substance_use;covid_related	ordinal_and_binary	change_lessmore_signed	3	Do you think you have used more or less hallucinogens in the past month than you used to?	COPE_A_227=Less often than usual | COPE_A_228=The same as usual | COPE_A_229=More often than usual
COVID-19 Participant Experience (COPE)	tsu_ds5_13_xx37	1332830	sensitive	substance_use;covid_related	binary_only		2	Did your use include smoking heroin?	COPE_A_44=Yes | COPE_A_13=No
COVID-19 Participant Experience (COPE)	tsu_ds5_13_xx38	1332831	sensitive	substance_use;covid_related	ordinal_and_binary	change_lessmore_signed	3	Do you think you have used more or less heroin in the past month than you used to?	COPE_A_227=Less often than usual | COPE_A_228=The same as usual | COPE_A_229=More often than usual
COVID-19 Participant Experience (COPE)	tsu_ds5_13_xx39	1333018	sensitive	substance_use;covid_related	binary_only		2	Did you use prescription opioids in any way a doctor did not direct you to use it?	COPE_A_44=Yes | COPE_A_13=No
COVID-19 Participant Experience (COPE)	tsu_ds5_13_xx4	1332797	sensitive	substance_use;covid_related	ordinal_and_binary	freq_covid_contact_0_3	4	How often did you use synthetic stimulants?	COPE_A_201=Only a few times | COPE_A_18=1-3 times per month | COPE_A_174=1-5 times per week | COPE_A_107=Daily
COVID-19 Participant Experience (COPE)	tsu_ds5_13_xx40	1332832	sensitive	substance_use;covid_related	binary_only		2	Did your use include smoking prescription opioids?	COPE_A_44=Yes | COPE_A_13=No
COVID-19 Participant Experience (COPE)	tsu_ds5_13_xx41	1333019	sensitive	substance_use;covid_related	ordinal_and_binary	change_lessmore_signed	3	Do you think you have used more or less prescription opioids in the past month than you used to?	COPE_A_227=Less often than usual | COPE_A_228=The same as usual | COPE_A_229=More often than usual
COVID-19 Participant Experience (COPE)	tsu_ds5_13_xx42_cope_a_226_2	1333020	sensitive	covid_related	ordinal_and_binary	freq_covid_contact_0_3	4	How often did you use the other substance?	COPE_A_201=Only a few times | COPE_A_18=1-3 times per month | COPE_A_174=1-5 times per week | COPE_A_107=Daily
COVID-19 Participant Experience (COPE)	tsu_ds5_13_xx43	1333021	sensitive	covid_related	binary_only		2	Did your use include smoking the other substance?	COPE_A_44=Yes | COPE_A_13=No
COVID-19 Participant Experience (COPE)	tsu_ds5_13_xx44	1333022	sensitive	covid_related	ordinal_and_binary	change_lessmore_signed	3	Do you think you have used more or less of the other substance in the past month than you used to?	COPE_A_227=Less often than usual | COPE_A_228=The same as usual | COPE_A_229=More often than usual
COVID-19 Participant Experience (COPE)	tsu_ds5_13_xx5	1332746	sensitive	substance_use;covid_related	ordinal_and_binary	freq_covid_contact_0_3	4	How often did you use inhalants?	COPE_A_201=Only a few times | COPE_A_18=1-3 times per month | COPE_A_174=1-5 times per week | COPE_A_107=Daily
COVID-19 Participant Experience (COPE)	tsu_ds5_13_xx6	1333004	sensitive	covid_related	ordinal_and_binary	freq_covid_contact_0_3	4	How often did you use methamphetamine?	COPE_A_201=Only a few times | COPE_A_18=1-3 times per month | COPE_A_174=1-5 times per week | COPE_A_107=Daily
COVID-19 Participant Experience (COPE)	tsu_ds5_13_xx7	1332751	sensitive	substance_use;covid_related	ordinal_and_binary	freq_covid_contact_0_3	4	How often did you use synthetic marijuana or fake weed?	COPE_A_201=Only a few times | COPE_A_18=1-3 times per month | COPE_A_174=1-5 times per week | COPE_A_107=Daily
COVID-19 Participant Experience (COPE)	tsu_ds5_13_xx8	1332752	sensitive	covid_related	ordinal_and_binary	freq_covid_contact_0_3	4	How often did you use prescription sedatives or prescription sleeping pills?	COPE_A_201=Only a few times | COPE_A_18=1-3 times per month | COPE_A_174=1-5 times per week | COPE_A_107=Daily
COVID-19 Participant Experience (COPE)	tsu_ds5_13_xx9	1332753	sensitive	substance_use;covid_related	ordinal_and_binary	freq_covid_contact_0_3	4	How often did you use cocaine?	COPE_A_201=Only a few times | COPE_A_18=1-3 times per month | COPE_A_174=1-5 times per week | COPE_A_107=Daily
COVID-19 Participant Experience (COPE)	ucla_ls8_11		sensitive	covid_related	ordinal_and_binary	freq_never_veryoften_0_4	4	Choose the answer that is true for you in the past month. I feel left out	COPE_A_120=Never | COPE_A_41=Rarely | COPE_A_151=Sometimes | COPE_A_148=Often
COVID-19 Participant Experience (COPE)	ucla_ls8_14		sensitive	covid_related	ordinal_and_binary	freq_never_veryoften_0_4	4	Choose the answer that is true for you in the past month. I feel isolated from others	COPE_A_120=Never | COPE_A_41=Rarely | COPE_A_151=Sometimes | COPE_A_148=Often
COVID-19 Participant Experience (COPE)	ucla_ls8_15		sensitive	covid_related	ordinal_and_binary	freq_never_veryoften_0_4	4	Choose the answer that is true for you in the past month. I can find companionship when I want it	COPE_A_120=Never | COPE_A_41=Rarely | COPE_A_151=Sometimes | COPE_A_148=Often
COVID-19 Participant Experience (COPE)	ucla_ls8_17		sensitive	covid_related	ordinal_and_binary	freq_never_veryoften_0_4	4	Choose the answer that is true for you in the past month. I am unhappy being so withdrawn	COPE_A_120=Never | COPE_A_41=Rarely | COPE_A_151=Sometimes | COPE_A_148=Often
COVID-19 Participant Experience (COPE)	ucla_ls8_18		sensitive	covid_related	ordinal_and_binary	freq_never_veryoften_0_4	4	Choose the answer that is true for you in the past month. People are around me but not with me	COPE_A_120=Never | COPE_A_41=Rarely | COPE_A_151=Sometimes | COPE_A_148=Often
COVID-19 Participant Experience (COPE)	ucla_ls8_2		sensitive	covid_related	ordinal_and_binary	freq_never_veryoften_0_4	4	Choose the answer that is true for you in the past month. I lack companionship	COPE_A_120=Never | COPE_A_41=Rarely | COPE_A_151=Sometimes | COPE_A_148=Often
COVID-19 Participant Experience (COPE)	ucla_ls8_3		sensitive	covid_related	ordinal_and_binary	freq_never_veryoften_0_4	4	Choose the answer that is true for you in the past month. There is no one I can turn to	COPE_A_120=Never | COPE_A_41=Rarely | COPE_A_151=Sometimes | COPE_A_148=Often
COVID-19 Participant Experience (COPE)	ucla_ls8_9		sensitive	covid_related	ordinal_and_binary	freq_never_veryoften_0_4	4	Choose the answer that is true for you in the past month. I am an outgoing person	COPE_A_120=Never | COPE_A_41=Rarely | COPE_A_151=Sometimes | COPE_A_148=Often
COVID-19 Participant Experience (COPE)	ukmh_j1	1332749	sensitive	covid_related	ordinal_and_binary	happiness_0_5	8	Choose the answer that best describes how you felt in the past month. In general, how happy are you?	COPE_A_19=Extremely happy | COPE_A_38=Very happy | COPE_A_7=Moderately happy | COPE_A_31=Moderately unhappy | COPE_A_140=Very unhappy | COPE_A_144=Extremely unhappy | COPE_A_202=Don't know | COPE_A_30=Prefer not to answer
COVID-19 Participant Experience (COPE)	ukmh_j3	1332750	sensitive	covid_related	ordinal_and_binary	amount_0_4	7	Choose the answer that best describes how you felt in the past month. To what extent do you feel your life to be meaningful?	COPE_A_168=Not at all | COPE_A_67=A little | COPE_A_200=A moderate amount | COPE_A_10=Very much | COPE_A_132=An extreme amount | COPE_A_202=Don't know | COPE_A_30=Prefer not to answer
COVID-19 Participant Experience (COPE)	basics_11	1332874	sensitive	covid_related	binary_only		4	Are you covered by health insurance or some other kind of health care plan?	COPE_A_44=Yes | COPE_A_13=No | COPE_A_202=Don't know | COPE_A_30=Prefer not to answer
COVID-19 Participant Experience (COPE)	cdc_covid_19_21	1333102	sensitive	covid_related	ordinal_and_binary	impact_0_3	4	In the past month, have recommendations for socially distancing caused stress for you?	COPE_A_43=A lot | COPE_A_3=Somewhat | COPE_A_67=A little | COPE_A_168=Not at all
COVID-19 Participant Experience (COPE)	cdc_covid_19_7_xx22	1333325	sensitive	covid_related	binary_only		2	In the past month, have you been sick for more than one day with a new illness related to COVID-19 or flu-like symptoms?	COPE_A_44=Yes | COPE_A_13=No
COVID-19 Participant Experience (COPE)	copect_40_xx15	1333156	medium_confidence_ordinal;sensitive	covid_related	ordinal_and_binary	yes_maybe_no_0_2	3	Do you think you have had COVID-19?	COPE_A_44=Yes | COPE_A_13=No | COPE_A_203=Maybe
COVID-19 Participant Experience (COPE)	cu_covid	1333016	uncertain_ordinal;sensitive	covid_related	flagged_review		10	What type of household do you live in?	COPE_A_205=Studio | COPE_A_206=One-bedroom apartment | COPE_A_207=Two-bedroom apartment | COPE_A_208=Three-bedroom (or more) apartment | COPE_A_209=Townhouse | COPE_A_210=Free-standing house | COPE_A_211=Nursing home, or rehab facility | COPE_A_212=Homeless | COPE_A_204=Other | COPE_A_30=Prefer not to answer
COVID-19 Participant Experience (COPE)	msds_10	1333105	sensitive	covid_related	ordinal_and_binary	days_last5_midpoint	4	Thinking about your current social habits, in the last 5 days: I have gone to my workplace or volunteer site that is outside my home.	COPE_A_171=None of the days (0 days) | COPE_A_53=A few days (1-2 days) | COPE_A_127=Most days (3-4 days) | COPE_A_150=Every day
COVID-19 Participant Experience (COPE)	msds_11	1332734	sensitive	covid_related	ordinal_and_binary	days_last5_midpoint	4	Thinking about your current social habits, in the last 5 days: I have attended social gatherings outside my home of MORE than 10 people.	COPE_A_171=None of the days (0 days) | COPE_A_53=A few days (1-2 days) | COPE_A_127=Most days (3-4 days) | COPE_A_150=Every day
COVID-19 Participant Experience (COPE)	msds_12	1332735	sensitive	covid_related	ordinal_and_binary	days_last5_midpoint	4	Thinking about your current social habits, in the last 5 days: I have attended social gatherings outside my home of LESS than 10 people.	COPE_A_171=None of the days (0 days) | COPE_A_53=A few days (1-2 days) | COPE_A_127=Most days (3-4 days) | COPE_A_150=Every day
COVID-19 Participant Experience (COPE)	msds_13	1332738	sensitive	covid_related	ordinal_and_binary	days_last5_midpoint	4	"Thinking about your current social habits, in the last 5 days: I have gone on shopping trips or outings that were ""just for fun""."	COPE_A_171=None of the days (0 days) | COPE_A_53=A few days (1-2 days) | COPE_A_127=Most days (3-4 days) | COPE_A_150=Every day
COVID-19 Participant Experience (COPE)	msds_14	1332762	sensitive	covid_related	ordinal_and_binary	days_last5_midpoint	4	Thinking about your current social habits, in the last 5 days: I have visited nursing homes or long-term care facilities (outside of work duties).	COPE_A_171=None of the days (0 days) | COPE_A_53=A few days (1-2 days) | COPE_A_127=Most days (3-4 days) | COPE_A_150=Every day
COVID-19 Participant Experience (COPE)	msds_15		sensitive	covid_related	ordinal_and_binary	days_last5_midpoint	5	Thinking about your current social habits, in the last 5 days: I have been in close contact with someone who is in a risk group for COVID-19 (adults age 50+, people with chronic medical conditions like heart, lung, liver, or kidney disease, diabetes, high blood pressure, or a suppressed immune system). This includes someone inside or outside of your household.	COPE_A_171=None of the days (0 days) | COPE_A_53=A few days (1-2 days) | COPE_A_127=Most days (3-4 days) | COPE_A_150=Every day | COPE_A_202=I don't know
COVID-19 Participant Experience (COPE)	msds_16		sensitive	covid_related	ordinal_and_binary	social_change_signed	5	Thinking about these activities in the last 5 days, my social interaction with people outside my home was	COPE_A_138=A lot less than normal | COPE_A_78=Somewhat less than normal | COPE_A_146=About the same as normal | COPE_A_64=More than normal | COPE_A_26=A lot more than normal
COVID-19 Participant Experience (COPE)	msds_18		sensitive	covid_related	ordinal_and_binary	hygiene_frequency_1_4	4	Now, thinking about the COVID-19 recommendations and mandates...How often in the past month are you doing the recommended pandemic hygiene, like washing hands frequently, avoiding touching your face, covering coughs, wearing a mask, and avoiding frequently touched surfaces in public places?	COPE_A_129=All of the time | COPE_A_194=Most of the time | COPE_A_151=Sometimes | COPE_A_41=Rarely
COVID-19 Participant Experience (COPE)	msds_9		sensitive	covid_related	ordinal_and_binary	days_last5_midpoint	4	Thinking about your current social habits, in the last 5 days: I have stayed home all day.	COPE_A_171=None of the days (0 days) | COPE_A_53=A few days (1-2 days) | COPE_A_127=Most days (3-4 days) | COPE_A_150=Every day
COVID-19 Participant Experience (COPE)	overallhealth_14b	1332792	sensitive	reproductive_menstrual;covid_related	binary_only		4	Are you currently pregnant?	COPE_A_13=No | COPE_A_44=Yes | COPE_A_52=Not sure | COPE_A_30=Prefer not to answer
COVID-19 Participant Experience (COPE)	copect_40_xx15_a		medium_confidence_ordinal;sensitive	covid_related	ordinal_and_binary	symptom_onset_month_ordinal	5	When did your symptoms begin?	cope_a_319=January or February 2020 | cope_a_320=March or April 2020 | cope_a_321=May or June 2020 | cope_a_322=July or August 2020 | cope_a_323=September or October 2020
COVID-19 Participant Experience (COPE)	c19corset_59		sensitive	covid_related	nominal_binary		6	If you know it, what is your blood group/blood type?	cope_a_283=A | cope_a_279=B | cope_a_280=AB | cope_a_281=O | cope_a_282=I don't know my blood group for certain | COPE_A_30=Prefer not to answer
COVID-19 Participant Experience (COPE)	cdc_covid_19_7_xx23_other	1310148	sensitive	covid_related	binary_only		2	Are there other important symptoms you want to share with us?	COPE_A_44=Yes | COPE_A_13=No
COVID-19 Participant Experience (COPE)	cdc_covid_19_9_xx24		sensitive	covid_related	nominal_binary		5	Was the test(s) for COVID-19 positive?	COPE_A_44=Yes | cope_a_289=Yes, some | COPE_A_13=No, all were negative or inconclusive | COPE_A_117=Waiting for results for at least some tests | COPE_A_14=Unknown
COVID-19 Participant Experience (COPE)	cdc_covid_19_9_xx25		medium_confidence_ordinal;sensitive	covid_related	ordinal_and_binary	testing_access_0_2	4	Were you tested for COVID-19?	COPE_A_13=No | cope_a_326=No, I tried and was unable to be tested | COPE_A_44=Yes | COPE_A_14=I don't know
COVID-19 Participant Experience (COPE)	dmfs_27		sensitive	covid_related	binary_only		2	Did you receive the flu vaccination in the past month?	COPE_A_44=Yes | COPE_A_13=No
COVID-19 Participant Experience (COPE)	cope_aou_xx_1	1310135	sensitive	covid_related	binary_only		3	Are you receiving prenatal care?	COPE_A_44=Yes | COPE_A_13=No | COPE_A_30=Prefer not to answer
COVID-19 Participant Experience (COPE)	dmfs_28	1310142	sensitive	covid_related	nominal_binary		4	Do you plan to get the flu vaccine this season?	COPE_A_44=Yes | COPE_A_13=No | COPE_A_202=I'm not sure yet | COPE_A_329=No, I received it more than a month ago
COVID-19 Participant Experience (COPE)	dmfs_xx_1		sensitive	covid_related	ordinal_and_binary	likelihood_0_4	5	When a COVID-19 vaccine is available, how likely are you to want to receive vaccination?	cope_a_318=Very likely | cope_a_317=Likely | cope_a_273=I do not know yet | cope_a_315=Unlikely | cope_a_316=Very unlikely
COVID-19 Participant Experience (COPE)	gad_7_1		sensitive	covid_related	ordinal_and_binary	phq_gad_0_3	4	Over the last 2 weeks, how often have you been bothered by the following problem: Feeling nervous, anxious, or on edge	COPE_A_168=Not at all | COPE_A_111=Several days | COPE_A_75=More than half the days | COPE_A_161=Nearly every day
COVID-19 Participant Experience (COPE)	gad_7_2		sensitive	covid_related	ordinal_and_binary	phq_gad_0_3	4	Over the last 2 weeks, how often have you been bothered by the following problem: Not being able to stop or control worrying	COPE_A_168=Not at all | COPE_A_111=Several days | COPE_A_75=More than half the days | COPE_A_161=Nearly every day
COVID-19 Participant Experience (COPE)	msds_10_a		sensitive	covid_related	ordinal_and_binary	freq_never_always_na_0_3	5	How often did you wear a face mask or face covering?	COPE_A_120=Never | COPE_A_158=Sometimes | COPE_A_102=Most of the time | COPE_A_129=Always | PMI_DoesNotApplyToMe=Not applicable
COVID-19 Participant Experience (COPE)	msds_11_a		sensitive	covid_related	ordinal_and_binary	freq_never_always_na_0_3	5	How often did you wear a face mask or face covering?	COPE_A_120=Never | COPE_A_158=Sometimes | COPE_A_102=Most of the time | COPE_A_129=Always | PMI_DoesNotApplyToMe=Not applicable
COVID-19 Participant Experience (COPE)	msds_12_a		sensitive	covid_related	ordinal_and_binary	freq_never_always_na_0_3	5	How often did you wear a face mask or face covering?	COPE_A_120=Never | COPE_A_158=Sometimes | COPE_A_102=Most of the time | COPE_A_129=Always | PMI_DoesNotApplyToMe=Not applicable
COVID-19 Participant Experience (COPE)	msds_13_a		sensitive	covid_related	ordinal_and_binary	freq_never_always_na_0_3	5	How often did you wear a face mask or face covering?	COPE_A_120=Never | COPE_A_158=Sometimes | COPE_A_102=Most of the time | COPE_A_129=Always | PMI_DoesNotApplyToMe=Not applicable
COVID-19 Participant Experience (COPE)	msds_14_a		sensitive	covid_related	ordinal_and_binary	freq_never_always_na_0_3	5	How often did you wear a face mask or face covering?	COPE_A_120=Never | COPE_A_158=Sometimes | COPE_A_102=Most of the time | COPE_A_129=Always | PMI_DoesNotApplyToMe=Not applicable
COVID-19 Participant Experience (COPE)	msds_17	1310134	sensitive	covid_related	ordinal_and_binary	days_last5_midpoint	4	Thinking about your current social habits, in the last 5 days: I have attended social gatherings of MORE than 50 people.	COPE_A_171=None of the days (0 days) | COPE_A_53=A few days (1-2 days) | COPE_A_127=Most days (3-4 days) | COPE_A_150=Every day
COVID-19 Participant Experience (COPE)	msds_17_a		sensitive	covid_related	ordinal_and_binary	freq_never_always_na_0_3	5	How often did you wear a face mask or face covering?	COPE_A_120=Never | COPE_A_158=Sometimes | COPE_A_102=Most of the time | COPE_A_129=Always | PMI_DoesNotApplyToMe=Not applicable
COVID-19 Participant Experience (COPE)	phq_9_1		sensitive	covid_related	ordinal_and_binary	phq_gad_0_3	4	Over the last 2 weeks, how often have you been bothered by the following problem: Little interest or pleasure in doing things	COPE_A_168=Not at all | COPE_A_111=Several days | COPE_A_75=More than half the days | COPE_A_161=Nearly every day
COVID-19 Participant Experience (COPE)	phq_9_2		sensitive	mental_health;covid_related	ordinal_and_binary	phq_gad_0_3	4	In the past 2 weeks, how often have you been bothered by the following problem: Feeling down, depressed, or hopeless	COPE_A_168=Not at all | COPE_A_111=Several days | COPE_A_75=More than half the days | COPE_A_161=Nearly every day
COVID-19 Participant Experience (COPE)	phq_9_9		sensitive	covid_related	ordinal_and_binary	phq_gad_0_3	4	Over the last 2 weeks, how often have you been bothered by the following problem: Thoughts that you would be better off dead or of hurting yourself in some way	COPE_A_168=Not at all | COPE_A_111=Several days | COPE_A_75=More than half the days | COPE_A_161=Nearly every day
COVID-19 Participant Experience (COPE)	rand_alp_csq_1		sensitive	covid_related	binary_only		2	Do you have a child that is currently enrolled in childcare centers, schools, or colleges?	COPE_A_44=Yes | COPE_A_13=No
COVID-19 Participant Experience (COPE)	rand_alp_csq_2a	1310138	sensitive	covid_related	ordinal_and_binary	change_muchmore_signed	5	Compared with when they were in person at school or a childcare center, how much time are you spending on care and supervision of your children?	cope_a_254=Much more | cope_a_250=A little more | cope_a_251=About the same | cope_a_252=A little less | cope_a_253=Much less
COVID-19 Participant Experience (COPE)	rand_alp_csq_2b	1310139	sensitive	covid_related	ordinal_and_binary	change_muchmore_signed	5	Compared with when they were in in person school or a childcare center, how much time are you spending on helping your children with learning activities provided by their schools or childcare center?	cope_a_254=Much more | cope_a_250=A little more | cope_a_251=About the same | cope_a_252=A little less | cope_a_253=Much less
COVID-19 Participant Experience (COPE)	rand_alp_csq_xx_1		medium_confidence_ordinal;sensitive	covid_related	ordinal_and_binary	remote_childcare_0_3	4	In the past month, did you have a child enrolled in childcare centers, schools, or colleges that is learning remotely because of COVID-19?	cope_a_286=Yes, at home full time | cope_a_284=Yes, at home part of the time | cope_a_328=Yes, but not at home | cope_a_285=No, at care, school, or college full time
COVID-19 Participant Experience (COPE)	section_participation		sensitive	covid_related	nominal_binary		3	You can choose not to answer any question at any time. We expect this survey will take most people approximately 8 to 10 minutes to complete. It might take some people longer to complete the survey.	COPE_A_44=Yes, I still want to take the survey. | COPE_A_231=Yes, I would like to take the survey at a later time. | COPE_A_13=No, I do not want to take the survey.
Minute Survey on COVID-19 Vaccines	cdc_covid_xx_firstdose	905045	sensitive	covid_related	nominal_binary		3	Did you receive the first dose of the COVID-19 vaccination?	COPE_A_44=Yes | COPE_A_13=No | cope_a_334=Not sure, I participated in a COVID-19 vaccination trial
Minute Survey on COVID-19 Vaccines	cdc_covid_xx_b_firstdose	905052	sensitive	covid_related	nominal_binary		6	Which vaccine did you receive for your first dose of the COVID-19 vaccination?	cope_a_335=AstraZeneca | cope_a_336=Johnson & Johnson (Janssen Pharmaceuticals) | cope_a_330=Pfizer (Pfizer-BioNTech) | cope_a_331=Moderna | COPE_A_204=Other | COPE_A_52=Not sure
Minute Survey on COVID-19 Vaccines	cdc_covid_xx_seconddose	905048	sensitive	covid_related	binary_only		2	Did you receive the second dose of the COVID-19 vaccination?	COPE_A_44=Yes | COPE_A_13=No
Minute Survey on COVID-19 Vaccines	cdc_covid_xx_b_seconddose	905056	sensitive	covid_related	nominal_binary		5	Which vaccine did you receive for your second dose of the COVID-19 vaccination?	cope_a_335=AstraZeneca | cope_a_330=Pfizer (Pfizer-BioNTech) | cope_a_331=Moderna | COPE_A_204=Other | COPE_A_52=Not sure
Minute Survey on COVID-19 Vaccines	dmfs_xx_1	1310132	sensitive	covid_related	ordinal_and_binary	likelihood_0_4	5	When a COVID-19 vaccine is available to you, how likely are you to get vaccinated?	cope_a_318=Very likely | cope_a_317=Likely | cope_a_273=I do not know yet | cope_a_315=Unlikely | cope_a_316=Very unlikely
Minute Survey on COVID-19 Vaccines	dmfs_xx_1_seconddose	905057	sensitive	covid_related	ordinal_and_binary	likelihood_0_4	5	When a second COVID-19 vaccine is available to you, how likely are you to get vaccinated?	cope_a_318=Very likely | cope_a_317=Likely | cope_a_273=I do not know yet | cope_a_315=Unlikely | cope_a_316=Very unlikely
Minute Survey on COVID-19 Vaccines	cdc_covid_xx_dose3		sensitive	covid_related	binary_only		3	Did you receive an additional dose of the COVID-19 vaccination? This includes boosters or additional full doses of the COVID-19 vaccine.	COPE_A_44=Yes | COPE_A_13=No | COPE_A_52=Not sure
Minute Survey on COVID-19 Vaccines	cdc_covid_xx_b_dose3		sensitive	covid_related	nominal_binary		6	Which vaccine did you receive for your additional dose of the COVID-19 vaccination?	cope_a_335=AstraZeneca | cope_a_336=Johnson & Johnson (Janssen Pharmaceuticals) | cope_a_330=Pfizer (Pfizer-BioNTech) | cope_a_331=Moderna | COPE_A_204=Other | COPE_A_52=Not sure
Minute Survey on COVID-19 Vaccines	cdc_covid_xx_type_dose3		sensitive	covid_related	nominal_binary		4	What type of vaccine did you receive for the additional dose?	cope_a_361=Booster dose | cope_a_362=Additional full dose | COPE_A_204=Other | COPE_A_52=Not sure
Minute Survey on COVID-19 Vaccines	dmfs_xx_1_additionaldose	765967	medium_confidence_ordinal;sensitive	covid_related	ordinal_and_binary	likelihood_maybe_0_5	6	If an additional dose is available to you, how likely are you to get vaccinated?	cope_a_318=Very likely | cope_a_317=Likely | cope_a_273=I do not know yet | cope_a_363=Not likely now, but maybe later | cope_a_315=Unlikely | cope_a_316=Very unlikely
Minute Survey on COVID-19 Vaccines	cdc_covid_xx_dose4		sensitive	covid_related	binary_only		3	Have you received a dose in addition to the one(s) previously indicated? This includes boosters or additional full doses of the COVID-19 vaccine.	COPE_A_44=Yes | COPE_A_13=No | COPE_A_52=Not sure
Minute Survey on COVID-19 Vaccines	cdc_covid_xx_b_dose4		sensitive	covid_related	nominal_binary		6	Which vaccine did you receive for your additional dose of the COVID-19 vaccination?	cope_a_335=AstraZeneca | cope_a_336=Johnson & Johnson (Janssen Pharmaceuticals) | cope_a_330=Pfizer (Pfizer-BioNTech) | cope_a_331=Moderna | COPE_A_204=Other | COPE_A_52=Not sure
Minute Survey on COVID-19 Vaccines	cdc_covid_xx_type_dose4		sensitive	covid_related	nominal_binary		4	What type of vaccine did you receive for the additional dose?	cope_a_361=Booster dose | cope_a_362=Additional full dose | COPE_A_204=Other | COPE_A_52=Not sure
Minute Survey on COVID-19 Vaccines	cdc_covid_xx_dose5		sensitive	covid_related	binary_only		3	Have you received a dose in addition to the one(s) previously indicated? This includes boosters or additional full doses of the COVID-19 vaccine.	COPE_A_44=Yes | COPE_A_13=No | COPE_A_52=Not sure
Minute Survey on COVID-19 Vaccines	cdc_covid_xx_b_dose5		sensitive	covid_related	nominal_binary		6	Which vaccine did you receive for your additional dose of the COVID-19 vaccination?	cope_a_335=AstraZeneca | cope_a_336=Johnson & Johnson (Janssen Pharmaceuticals) | cope_a_330=Pfizer (Pfizer-BioNTech) | cope_a_331=Moderna | COPE_A_204=Other | COPE_A_52=Not sure
Minute Survey on COVID-19 Vaccines	cdc_covid_xx_type_dose5		sensitive	covid_related	nominal_binary		4	What type of vaccine did you receive for the additional dose?	cope_a_361=Booster dose | cope_a_362=Additional full dose | COPE_A_204=Other | COPE_A_52=Not sure
Minute Survey on COVID-19 Vaccines	cdc_covid_xx_dose6		sensitive	covid_related	binary_only		3	Have you received a dose in addition to the one(s) previously indicated? This includes boosters or additional full doses of the COVID-19 vaccine.	COPE_A_44=Yes | COPE_A_13=No | COPE_A_52=Not sure
Minute Survey on COVID-19 Vaccines	cdc_covid_xx_b_dose6		sensitive	covid_related	nominal_binary		6	Which vaccine did you receive for your additional dose of the COVID-19 vaccination?	cope_a_335=AstraZeneca | cope_a_336=Johnson & Johnson (Janssen Pharmaceuticals) | cope_a_330=Pfizer (Pfizer-BioNTech) | cope_a_331=Moderna | COPE_A_204=Other | COPE_A_52=Not sure
Minute Survey on COVID-19 Vaccines	cdc_covid_xx_type_dose6		sensitive	covid_related	nominal_binary		4	What type of vaccine did you receive for the additional dose?	cope_a_361=Booster dose | cope_a_362=Additional full dose | COPE_A_204=Other | COPE_A_52=Not sure
Minute Survey on COVID-19 Vaccines	cdc_covid_xx_dose7		sensitive	covid_related	binary_only		3	Have you received a dose in addition to the one(s) previously indicated? This includes boosters or additional full doses of the COVID-19 vaccine.	COPE_A_44=Yes | COPE_A_13=No | COPE_A_52=Not sure
Minute Survey on COVID-19 Vaccines	cdc_covid_xx_b_dose7		sensitive	covid_related	nominal_binary		6	Which vaccine did you receive for your additional dose of the COVID-19 vaccination?	cope_a_335=AstraZeneca | cope_a_336=Johnson & Johnson (Janssen Pharmaceuticals) | cope_a_330=Pfizer (Pfizer-BioNTech) | cope_a_331=Moderna | COPE_A_204=Other | COPE_A_52=Not sure
Minute Survey on COVID-19 Vaccines	cdc_covid_xx_type_dose7		sensitive	covid_related	nominal_binary		4	What type of vaccine did you receive for the additional dose?	cope_a_361=Booster dose | cope_a_362=Additional full dose | COPE_A_204=Other | COPE_A_52=Not sure
Minute Survey on COVID-19 Vaccines	cdc_covid_xx_dose8		sensitive	covid_related	binary_only		3	Have you received a dose in addition to the one(s) previously indicated? This includes boosters or additional full doses of the COVID-19 vaccine.	COPE_A_44=Yes | COPE_A_13=No | COPE_A_52=Not sure
Minute Survey on COVID-19 Vaccines	cdc_covid_xx_b_dose8		sensitive	covid_related	nominal_binary		6	Which vaccine did you receive for your additional dose of the COVID-19 vaccination?	cope_a_335=AstraZeneca | cope_a_336=Johnson & Johnson (Janssen Pharmaceuticals) | cope_a_330=Pfizer (Pfizer-BioNTech) | cope_a_331=Moderna | COPE_A_204=Other | COPE_A_52=Not sure
Minute Survey on COVID-19 Vaccines	cdc_covid_xx_type_dose8		sensitive	covid_related	nominal_binary		4	What type of vaccine did you receive for the additional dose?	cope_a_361=Booster dose | cope_a_362=Additional full dose | COPE_A_204=Other | COPE_A_52=Not sure
Minute Survey on COVID-19 Vaccines	cdc_covid_xx_dose9		sensitive	covid_related	binary_only		3	Have you received a dose in addition to the one(s) previously indicated? This includes boosters or additional full doses of the COVID-19 vaccine.	COPE_A_44=Yes | COPE_A_13=No | COPE_A_52=Not sure
Minute Survey on COVID-19 Vaccines	cdc_covid_xx_b_dose9		sensitive	covid_related	nominal_binary		6	Which vaccine did you receive for your additional dose of the COVID-19 vaccination?	cope_a_335=AstraZeneca | cope_a_336=Johnson & Johnson (Janssen Pharmaceuticals) | cope_a_330=Pfizer (Pfizer-BioNTech) | cope_a_331=Moderna | COPE_A_204=Other | COPE_A_52=Not sure
Minute Survey on COVID-19 Vaccines	cdc_covid_xx_type_dose9		sensitive	covid_related	nominal_binary		4	What type of vaccine did you receive for the additional dose?	cope_a_361=Booster dose | cope_a_362=Additional full dose | COPE_A_204=Other | COPE_A_52=Not sure
Minute Survey on COVID-19 Vaccines	cdc_covid_xx_dose10		sensitive	covid_related	binary_only		3	Have you received a dose in addition to the one(s) previously indicated? This includes boosters or additional full doses of the COVID-19 vaccine.	COPE_A_44=Yes | COPE_A_13=No | COPE_A_52=Not sure
Minute Survey on COVID-19 Vaccines	cdc_covid_xx_b_dose10		sensitive	covid_related	nominal_binary		6	Which vaccine did you receive for your additional dose of the COVID-19 vaccination?	cope_a_335=AstraZeneca | cope_a_336=Johnson & Johnson (Janssen Pharmaceuticals) | cope_a_330=Pfizer (Pfizer-BioNTech) | cope_a_331=Moderna | COPE_A_204=Other | COPE_A_52=Not sure
Minute Survey on COVID-19 Vaccines	cdc_covid_xx_type_dose10		sensitive	covid_related	nominal_binary		4	What type of vaccine did you receive for the additional dose?	cope_a_361=Booster dose | cope_a_362=Additional full dose | COPE_A_204=Other | COPE_A_52=Not sure
Minute Survey on COVID-19 Vaccines	cdc_covid_xx_dose11		sensitive	covid_related	binary_only		3	Have you received a dose in addition to the one(s) previously indicated? This includes boosters or additional full doses of the COVID-19 vaccine.	COPE_A_44=Yes | COPE_A_13=No | COPE_A_52=Not sure
Minute Survey on COVID-19 Vaccines	cdc_covid_xx_b_dose11		sensitive	covid_related	nominal_binary		6	Which vaccine did you receive for your additional dose of the COVID-19 vaccination?	cope_a_335=AstraZeneca | cope_a_336=Johnson & Johnson (Janssen Pharmaceuticals) | cope_a_330=Pfizer (Pfizer-BioNTech) | cope_a_331=Moderna | COPE_A_204=Other | COPE_A_52=Not sure
Minute Survey on COVID-19 Vaccines	cdc_covid_xx_type_dose11		sensitive	covid_related	nominal_binary		4	What type of vaccine did you receive for the additional dose?	cope_a_361=Booster dose | cope_a_362=Additional full dose | COPE_A_204=Other | COPE_A_52=Not sure
Minute Survey on COVID-19 Vaccines	cdc_covid_xx_dose12		sensitive	covid_related	binary_only		3	Have you received a dose in addition to the one(s) previously indicated? This includes boosters or additional full doses of the COVID-19 vaccine.	COPE_A_44=Yes | COPE_A_13=No | COPE_A_52=Not sure
Minute Survey on COVID-19 Vaccines	cdc_covid_xx_b_dose12		sensitive	covid_related	nominal_binary		6	Which vaccine did you receive for your additional dose of the COVID-19 vaccination?	cope_a_335=AstraZeneca | cope_a_336=Johnson & Johnson (Janssen Pharmaceuticals) | cope_a_330=Pfizer (Pfizer-BioNTech) | cope_a_331=Moderna | COPE_A_204=Other | COPE_A_52=Not sure
Minute Survey on COVID-19 Vaccines	cdc_covid_xx_type_dose12		sensitive	covid_related	nominal_binary		4	What type of vaccine did you receive for the additional dose?	cope_a_361=Booster dose | cope_a_362=Additional full dose | COPE_A_204=Other | COPE_A_52=Not sure
Minute Survey on COVID-19 Vaccines	cdc_covid_xx_dose13		sensitive	covid_related	binary_only		3	Have you received a dose in addition to the one(s) previously indicated? This includes boosters or additional full doses of the COVID-19 vaccine.	COPE_A_44=Yes | COPE_A_13=No | COPE_A_52=Not sure
Minute Survey on COVID-19 Vaccines	cdc_covid_xx_b_dose13		sensitive	covid_related	nominal_binary		6	Which vaccine did you receive for your additional dose of the COVID-19 vaccination?	cope_a_335=AstraZeneca | cope_a_336=Johnson & Johnson (Janssen Pharmaceuticals) | cope_a_330=Pfizer (Pfizer-BioNTech) | cope_a_331=Moderna | COPE_A_204=Other | COPE_A_52=Not sure
Minute Survey on COVID-19 Vaccines	cdc_covid_xx_type_dose13		sensitive	covid_related	nominal_binary		4	What type of vaccine did you receive for the additional dose?	cope_a_361=Booster dose | cope_a_362=Additional full dose | COPE_A_204=Other | COPE_A_52=Not sure
Minute Survey on COVID-19 Vaccines	cdc_covid_xx_dose14		sensitive	covid_related	binary_only		3	Have you received a dose in addition to the one(s) previously indicated? This includes boosters or additional full doses of the COVID-19 vaccine.	COPE_A_44=Yes | COPE_A_13=No | COPE_A_52=Not sure
Minute Survey on COVID-19 Vaccines	cdc_covid_xx_b_dose14		sensitive	covid_related	nominal_binary		6	Which vaccine did you receive for your additional dose of the COVID-19 vaccination?	cope_a_335=AstraZeneca | cope_a_336=Johnson & Johnson (Janssen Pharmaceuticals) | cope_a_330=Pfizer (Pfizer-BioNTech) | cope_a_331=Moderna | COPE_A_204=Other | COPE_A_52=Not sure
Minute Survey on COVID-19 Vaccines	cdc_covid_xx_type_dose14		sensitive	covid_related	nominal_binary		4	What type of vaccine did you receive for the additional dose?	cope_a_361=Booster dose | cope_a_362=Additional full dose | COPE_A_204=Other | COPE_A_52=Not sure
Minute Survey on COVID-19 Vaccines	cdc_covid_xx_dose15		sensitive	covid_related	binary_only		3	Have you received a dose in addition to the one(s) previously indicated? This includes boosters or additional full doses of the COVID-19 vaccine.	COPE_A_44=Yes | COPE_A_13=No | COPE_A_52=Not sure
Minute Survey on COVID-19 Vaccines	cdc_covid_xx_b_dose15		sensitive	covid_related	nominal_binary		6	Which vaccine did you receive for your additional dose of the COVID-19 vaccination?	cope_a_335=AstraZeneca | cope_a_336=Johnson & Johnson (Janssen Pharmaceuticals) | cope_a_330=Pfizer (Pfizer-BioNTech) | cope_a_331=Moderna | COPE_A_204=Other | COPE_A_52=Not sure
Minute Survey on COVID-19 Vaccines	cdc_covid_xx_type_dose15		sensitive	covid_related	nominal_binary		4	What type of vaccine did you receive for the additional dose?	cope_a_361=Booster dose | cope_a_362=Additional full dose | COPE_A_204=Other | COPE_A_52=Not sure
Minute Survey on COVID-19 Vaccines	cdc_covid_xx_dose16		sensitive	covid_related	binary_only		3	Have you received a dose in addition to the one(s) previously indicated? This includes boosters or additional full doses of the COVID-19 vaccine.	COPE_A_44=Yes | COPE_A_13=No | COPE_A_52=Not sure
Minute Survey on COVID-19 Vaccines	cdc_covid_xx_b_dose16		sensitive	covid_related	nominal_binary		6	Which vaccine did you receive for your additional dose of the COVID-19 vaccination?	cope_a_335=AstraZeneca | cope_a_336=Johnson & Johnson (Janssen Pharmaceuticals) | cope_a_330=Pfizer (Pfizer-BioNTech) | cope_a_331=Moderna | COPE_A_204=Other | COPE_A_52=Not sure
Minute Survey on COVID-19 Vaccines	cdc_covid_xx_type_dose16		sensitive	covid_related	nominal_binary		4	What type of vaccine did you receive for the additional dose?	cope_a_361=Booster dose | cope_a_362=Additional full dose | COPE_A_204=Other | COPE_A_52=Not sure
Minute Survey on COVID-19 Vaccines	cdc_covid_xx_dose17		sensitive	covid_related	binary_only		3	Have you received a dose in addition to the one(s) previously indicated? This includes boosters or additional full doses of the COVID-19 vaccine.	COPE_A_44=Yes | COPE_A_13=No | COPE_A_52=Not sure
Minute Survey on COVID-19 Vaccines	cdc_covid_xx_b_dose17		sensitive	covid_related	nominal_binary		6	Which vaccine did you receive for your additional dose of the COVID-19 vaccination?	cope_a_335=AstraZeneca | cope_a_336=Johnson & Johnson (Janssen Pharmaceuticals) | cope_a_330=Pfizer (Pfizer-BioNTech) | cope_a_331=Moderna | COPE_A_204=Other | COPE_A_52=Not sure
Minute Survey on COVID-19 Vaccines	cdc_covid_xx_type_dose17		sensitive	covid_related	nominal_binary		4	What type of vaccine did you receive for the additional dose?	cope_a_361=Booster dose | cope_a_362=Additional full dose | COPE_A_204=Other | COPE_A_52=Not sure
Life Functioning	disability_deaf		sensitive	disability	binary_only		3	Are you deaf or do you have serious difficulty hearing?	Deaf_Yes=Yes | Deaf_No=No | Deaf_PreferNotToAnswer=Prefer not to answer
Life Functioning	disability_blind		sensitive	disability	binary_only		3	Are you blind or do you have serious difficulty seeing, even when wearing glasses?	Blind_Yes=Yes | Blind_No=No | Blind_PreferNotToAnswer=Prefer not to answer
Life Functioning	disability_difficultyconcentrating		sensitive	disability	binary_only		3	Because of a physical, mental, or emotional condition, do you have serious difficulty concentrating, remembering or making decisions?	DifficultyConcentrating_Yes=Yes | DifficultyConcentrating_No=No | DifficultyConcentrating_PreferNotToAnswer=Prefer not to answer
Life Functioning	disability_walkingclimbing		sensitive	disability	binary_only		3	Do you have serious difficulty walking or climbing stairs?	WalkingClimbing_Yes=Yes | WalkingClimbing_No=No | WalkingClimbing_PreferNotToAnswer=Prefer not to answer
Life Functioning	disability_dressingbathing		sensitive	disability	binary_only		3	Do you have difficulty dressing or bathing?	DressingBathing_Yes=Yes | DressingBathing_No=No | DressingBathing_PreferNotToAnswer=Prefer not to answer
Emotional Health History and Well-Being	worryanxiety		sensitive	mental_health	binary_only		2	In your life, was there a period of 6 months or longer when you had problems with worry and anxiety?	ehhwb_6=Yes | ehhwb_7=No
Emotional Health History and Well-Being	cidi5_11		sensitive	disability	ordinal_and_binary	time_all_none_0_4	5	Have difficulty concentrating or your mind going blank?	ehhwb_70=All or almost all of the time | ehhwb_71=Most of the time | ehhwb_72=Some of the time | ehhwb_73=A little of the time | ehhwb_74=None of the time
Emotional Health History and Well-Being	phq9_2		sensitive	mental_health	ordinal_and_binary	phq_gad_0_3	4	Feeling down, depressed, or hopeless	ehhwb_8=Not at all | ehhwb_9=Several days | ehhwb_10=More than half the days | ehhwb_11=Nearly every day
Emotional Health History and Well-Being	mhqukb_5		sensitive	mental_health	binary_only		3	Have you ever had a time in your life when you felt sad, blue, or depressed for two weeks or more in a row?	ehhwb_6=Yes | ehhwb_7=No | pmi_prefernottoanswer=Prefer not to answer
Emotional Health History and Well-Being	mhqukb_7		sensitive	trauma_violence	binary_only		3	Did this worst period start within two months of the death of someone close to you or after a stressful or traumatic event in your life?	ehhwb_6=Yes | ehhwb_7=No | pmi_prefernottoanswer=Prefer not to answer
Emotional Health History and Well-Being	mhqukb_14		medium_confidence_ordinal		ordinal_and_binary	appetite_change_signed	5	Did you experience changes in your appetite?	ehhwb_22=No changes in appetite | ehhwb_23=Increased appetite | ehhwb_24=Decreased appetite | pmi_dontknow=Don't know | pmi_prefernottoanswer=Prefer not to answer
Emotional Health History and Well-Being	mhqukb_15		medium_confidence_ordinal		ordinal_and_binary	weight_change_signed	6	Did you gain or lose weight without trying, or did you stay about the same weight?	ehhwb_25=Gained weight | ehhwb_26=Lost weight | ehhwb_27=Both gained and lost some weight during the episode | ehhwb_28=Stayed about the same or was on a diet | pmi_dontknow=Don't know | pmi_prefernottoanswer=Prefer not to answer
Emotional Health History and Well-Being	mhqukb_21		medium_confidence_ordinal		ordinal_and_binary	duration_month_midpoint	7	About how long altogether did you feel this way? Count the time before, during and after the worst two weeks.	ehhwb_29=Less than a month | ehhwb_30=Between one and three months | ehhwb_31=Over three months, but less than six months | ehhwb_32=Over six months, but less than 12 months | ehhwb_33=One to two years | ehhwb_34=Over two years | pmi_prefernottoanswer=Prefer not to answer
Emotional Health History and Well-Being	mhqukb_23		medium_confidence_ordinal;sensitive	mental_health	ordinal_and_binary	experience_problem_severity_0_2	3	Some people who have had feelings of depression or loss of interest find that they have difficulties coping with rejection or negative responses from other people, even outside these periods. Does this sound like you?	ehhwb_39=Yes, and this has caused problems in work or social relationships | ehhwb_40=Yes, but has not caused problems in relationships | ehhwb_41=Does not sound like me
Emotional Health History and Well-Being	mhqukb_25		sensitive	mental_health	binary_only		2	Enter number of times you had a period lasting two or more weeks when you had feelings of depression or loss of interest. If you don't know, please use your best guess.	ehhwb_44=Enter number | ehhwb_45=Too many to count/One episode ran into the next
Emotional Health History and Well-Being	mhqukb_27		sensitive	mental_health	nominal_binary		5	Did this episode occur within months of giving birth? Or has it been suggested you had post-partum depression?	ehhwb_6=Yes | ehhwb_7=No | pmi_doesnotapplytome=Not applicable | pmi_dontknow=Don't know | pmi_prefernottoanswer=Prefer not to answer
Emotional Health History and Well-Being	mhqukb_31_other		sensitive	mental_health	binary_only		4	Did the other antidepressants help?	ehhwb_57=Yes, at least a little | ehhwb_7=No | pmi_dontknow=Don't know | pmi_prefernottoanswer=Prefer not to answer
Emotional Health History and Well-Being	ss_2		sensitive	suicidality_self_harm	binary_only		2	Did you ever in your life have thoughts of killing yourself?	ehhwb_6=Yes | ehhwb_7=No
Emotional Health History and Well-Being	ss_3		sensitive	suicidality_self_harm;trauma_violence	binary_only		2	Did you ever make a suicide attempt where you purposefully hurt yourself with at least some intention to die?	ehhwb_6=Yes | ehhwb_7=No
Emotional Health History and Well-Being	ace_1		sensitive	suicidality_self_harm;mental_health	binary_only		4	During your first 18 years of life, did you live with anyone who was depressed, mentally ill, or suicidal?	ehhwb_6=Yes | ehhwb_7=No | pmi_dontknow=Don't know/Not sure | pmi_prefernottoanswer=Prefer not to answer
Emotional Health History and Well-Being	ace_2		sensitive	alcohol	binary_only		4	During your first 18 years of life, did you live with anyone who was a problem drinker or alcoholic?	ehhwb_6=Yes | ehhwb_7=No | pmi_dontknow=Don't know/Not sure | pmi_prefernottoanswer=Prefer not to answer
Emotional Health History and Well-Being	ace_3		sensitive	trauma_violence	binary_only		4	During your first 18 years of life, did you live with anyone who used illegal street drugs or who abused prescription medications?	ehhwb_6=Yes | ehhwb_7=No | pmi_dontknow=Don't know/Not sure | pmi_prefernottoanswer=Prefer not to answer
Emotional Health History and Well-Being	ace_4		sensitive	justice_involvement	binary_only		4	During your first 18 years of life, did you live with anyone who served time or was sentenced to serve time in a prison, jail, or other correctional facility?	ehhwb_6=Yes | ehhwb_7=No | pmi_dontknow=Don't know/Not sure | pmi_prefernottoanswer=Prefer not to answer
Emotional Health History and Well-Being	ace_7		sensitive	trauma_violence	ordinal_and_binary	ace_freq_0_2	5	Before age 18, how often did a parent or adult in your home ever hit, beat, kick, or physically hurt you in any way? Do not include spanking. Would you say	ehhwb_61=Never | ehhwb_62=Once | ehhwb_63=More than once | pmi_dontknow=Don't know/Not sure | pmi_prefernottoanswer=Prefer not to answer
Emotional Health History and Well-Being	mhqukb_34		sensitive	trauma_violence	ordinal_and_binary	recency_lifetime_0_2	4	In your life, have you ever had a partner or ex-partner deliberately hit you or use violence against you?	ehhwb_64=Yes, within the last 12 months | ehhwb_65=Yes, but not in the last 12 months | ehhwb_61=Never | pmi_prefernottoanswer=Prefer not to answer
Emotional Health History and Well-Being	mhqukb_36		sensitive	sexual_behavior_or_trauma;trauma_violence	ordinal_and_binary	recency_lifetime_0_2	4	In your life, have you ever experienced sexual assault by a partner or ex-partner?	ehhwb_64=Yes, within the last 12 months | ehhwb_65=Yes, but not in the last 12 months | ehhwb_61=Never | pmi_prefernottoanswer=Prefer not to answer
Emotional Health History and Well-Being	mhqukb_37		sensitive	sexual_behavior_or_trauma;trauma_violence	ordinal_and_binary	recency_lifetime_0_2	4	In your life, have you ever been a victim of a sexual assault, whether by a stranger or someone you knew?	ehhwb_64=Yes, within the last 12 months | ehhwb_65=Yes, but not in the last 12 months | ehhwb_61=Never | pmi_prefernottoanswer=Prefer not to answer
Emotional Health History and Well-Being	mhqukb_40		sensitive	suicidality_self_harm	ordinal_and_binary	recency_lifetime_0_2	4	In your life, have you ever witnessed a sudden violent death (e.g. murder, suicide, aftermath of an accident)?	ehhwb_64=Yes, within the last 12 months | ehhwb_65=Yes, but not in the last 12 months | ehhwb_61=Never | pmi_prefernottoanswer=Prefer not to answer
Emotional Health History and Well-Being	cidi5_5		sensitive	trauma_violence	ordinal_and_binary	recency_lifetime_0_2	4	In your life, have you ever had another experience where your life was in danger or threatened?	ehhwb_64=Yes, within the last 12 months | ehhwb_65=Yes, but not in the last 12 months | ehhwb_61=Never | pmi_prefernottoanswer=Prefer not to answer
Emotional Health History and Well-Being	pcl_6		sensitive	disability	ordinal_and_binary	intensity_0_4	5	In the past month, have you had difficulty concentrating?	ehhwb_8=Not at all | ehhwb_66=A little bit | ehhwb_67=Moderately | ehhwb_68=Quite a bit | ehhwb_69=Extremely
Behavioral Health and Personality	mhqukb_46		medium_confidence_ordinal		ordinal_and_binary	episode_duration_days_midpoint	6	"What is the longest time that these ""high"" or ""irritable"" periods have lasted?"	bhp_83=Less than 24 hours | bhp_84=At least a day, but less than four days | bhp_85=At least four days in a row but less than a week | bhp_86=A week or more | pmi_dontknow=Don't know | pmi_prefernottoanswer=Prefer not to answer
Behavioral Health and Personality	mhqukb_47		medium_confidence_ordinal		ordinal_and_binary	impairment_0_1	4	"How much of a problem have these ""high"" or ""irritable"" periods caused you?"	bhp_87=No problems | bhp_88=Needed treatment or caused problems with work, relationships, finances, the law or other aspects of life | pmi_dontknow=Don't know | pmi_prefernottoanswer=Prefer not to answer
Behavioral Health and Personality	mhqukb_49		sensitive	alcohol	binary_only		3	Did you ever see something that wasn't really there that other people could not see? Please do not include any times when you were dreaming or half-asleep or under the influence of alcohol or drugs.	bhp_6=Yes | bhp_7=No | pmi_prefernottoanswer=Prefer not to answer
Behavioral Health and Personality	cidi5_16		sensitive	mental_health	binary_only		2	With this definition in mind, did you ever in your life have a panic attack?	bhp_6=Yes | bhp_7=No
Behavioral Health and Personality	cidi5_17		sensitive	mental_health	binary_only		4	"Have any of these panic attacks occurred ""out of the blue"" for no apparent reason?"	bhp_6=Yes | bhp_7=No | pmi_dontknow=Don't know | pmi_prefernottoanswer=Prefer not to answer
Behavioral Health and Personality	cidi5_19		medium_confidence_ordinal;sensitive	mental_health	ordinal_and_binary	count_band_midpoint	5	About how many panic attacks have you ever had in your life?	bhp_93=1 or 2 | bhp_94=More than 2 but less than 10 | bhp_95=10 or more times | pmi_dontknow=Don't know | pmi_prefernottoanswer=Prefer not to answer
Behavioral Health and Personality	cidi5_30		sensitive	mental_health	binary_only		2	Some people have a lot of fear or anxiety about things like going out of the house alone, being in a crowd, standing in lines, going over bridges, or traveling by bus, train or car. Were you ever in your life so frightened by any of these situations that it got in the way of you having a normal life?	bhp_6=Yes | bhp_7=No
Behavioral Health and Personality	cidi5_32		sensitive	mental_health	binary_only		2	Did these feelings of fear or anxiety in situations like these ever last for more than 6 months?	bhp_6=Yes | bhp_7=No
Behavioral Health and Personality	bfi2xs_9		sensitive	mental_health	ordinal_and_binary	agree_bfi_1_5	5	I am someone who tends to feel depressed, blue.	bhp_1=Disagree strongly | bhp_2=Disagree a little | bhp_3=Neutral; no opinion | bhp_4=Agree a little | bhp_5=Agree strongly
