survey	item_concept	question_concept_id	ordinal_rule	ordinal_source	confidence	answer_label	answer_label_normalized	ordinal_value	field_label
The Basics	educationlevel_highestgrade		education_years_ea_proxy	override	high	Never attended school or only attended kindergarten	never attended school or only attended kindergarten	9	What is the highest grade or year of school you completed?
The Basics	educationlevel_highestgrade		education_years_ea_proxy	override	high	Grades 1 through 4 (Primary school)	grades 1 through 4 (primary school)	9	What is the highest grade or year of school you completed?
The Basics	educationlevel_highestgrade		education_years_ea_proxy	override	high	Grades 5 through 8 (Middle school)	grades 5 through 8 (middle school)	9	What is the highest grade or year of school you completed?
The Basics	educationlevel_highestgrade		education_years_ea_proxy	override	high	Grades 9 through 11 (Some high school)	grades 9 through 11 (some high school)	10	What is the highest grade or year of school you completed?
The Basics	educationlevel_highestgrade		education_years_ea_proxy	override	high	Grade 12 or GED (High school graduate)	grade 12 or ged (high school graduate)	13	What is the highest grade or year of school you completed?
The Basics	educationlevel_highestgrade		education_years_ea_proxy	override	high	1 to 3 years after high school (Some college, Associate's Degree, or technical school)	1 to 3 years after high school (some college, associate's degree, or technical school)	15	What is the highest grade or year of school you completed?
The Basics	educationlevel_highestgrade		education_years_ea_proxy	override	high	College 4 years or more (College graduate)	college 4 years or more (college graduate)	18	What is the highest grade or year of school you completed?
The Basics	educationlevel_highestgrade		education_years_ea_proxy	override	high	Advanced degree (Master's, Doctorate, etc.)	advanced degree (master's, doctorate, etc.)	20	What is the highest grade or year of school you completed?
The Basics	income_annualincome		income_midpoint_k	override	high	Less than $10,000	less than $10,000	5.0	One of the things we're trying to understand is how people's income may affect their use of health services. Household income includes your income plus the income of all family members in your household for the last calendar year. Include all wages and other sources of income. What is your annual household income from all sources?
The Basics	income_annualincome		income_midpoint_k	override	high	$10,000- $24,999	$10,000- $24,999	17.5	One of the things we're trying to understand is how people's income may affect their use of health services. Household income includes your income plus the income of all family members in your household for the last calendar year. Include all wages and other sources of income. What is your annual household income from all sources?
The Basics	income_annualincome		income_midpoint_k	override	high	$25,000- $34,999	$25,000- $34,999	30.0	One of the things we're trying to understand is how people's income may affect their use of health services. Household income includes your income plus the income of all family members in your household for the last calendar year. Include all wages and other sources of income. What is your annual household income from all sources?
The Basics	income_annualincome		income_midpoint_k	override	high	$35,000- $49,999	$35,000- $49,999	42.5	One of the things we're trying to understand is how people's income may affect their use of health services. Household income includes your income plus the income of all family members in your household for the last calendar year. Include all wages and other sources of income. What is your annual household income from all sources?
The Basics	income_annualincome		income_midpoint_k	override	high	$50,000- $74,999	$50,000- $74,999	62.5	One of the things we're trying to understand is how people's income may affect their use of health services. Household income includes your income plus the income of all family members in your household for the last calendar year. Include all wages and other sources of income. What is your annual household income from all sources?
The Basics	income_annualincome		income_midpoint_k	override	high	$75,000-$99,999	$75,000-$99,999	87.5	One of the things we're trying to understand is how people's income may affect their use of health services. Household income includes your income plus the income of all family members in your household for the last calendar year. Include all wages and other sources of income. What is your annual household income from all sources?
The Basics	income_annualincome		income_midpoint_k	override	high	$100,000- $149,999	$100,000- $149,999	125.0	One of the things we're trying to understand is how people's income may affect their use of health services. Household income includes your income plus the income of all family members in your household for the last calendar year. Include all wages and other sources of income. What is your annual household income from all sources?
The Basics	income_annualincome		income_midpoint_k	override	high	$150,000- $199,999	$150,000- $199,999	175.0	One of the things we're trying to understand is how people's income may affect their use of health services. Household income includes your income plus the income of all family members in your household for the last calendar year. Include all wages and other sources of income. What is your annual household income from all sources?
The Basics	income_annualincome		income_midpoint_k	override	high	$200,000 or more	$200,000 or more	250.0	One of the things we're trying to understand is how people's income may affect their use of health services. Household income includes your income plus the income of all family members in your household for the last calendar year. Include all wages and other sources of income. What is your annual household income from all sources?
The Basics	livingsituation_howmanylivingyears		living_years_midpoint	override	medium	Less than 1 year	less than 1 year	0.5	How many years have you lived at your current address?
The Basics	livingsituation_howmanylivingyears		living_years_midpoint	override	medium	1-2 years	1-2 years	1.5	How many years have you lived at your current address?
The Basics	livingsituation_howmanylivingyears		living_years_midpoint	override	medium	3-5 years	3-5 years	4.0	How many years have you lived at your current address?
The Basics	livingsituation_howmanylivingyears		living_years_midpoint	override	medium	6-10 years	6-10 years	8.0	How many years have you lived at your current address?
The Basics	livingsituation_howmanylivingyears		living_years_midpoint	override	medium	11-20 years	11-20 years	15.0	How many years have you lived at your current address?
The Basics	livingsituation_howmanylivingyears		living_years_midpoint	override	medium	More than 20 years	more than 20 years	25.0	How many years have you lived at your current address?
Lifestyle	smoking_smokefrequency		smoke_freq_0_2	template	high	Every day	every day	2	Do you now smoke cigarettes every day, some days, or not at all?
Lifestyle	smoking_smokefrequency		smoke_freq_0_2	template	high	Some days	some days	1	Do you now smoke cigarettes every day, some days, or not at all?
Lifestyle	smoking_smokefrequency		smoke_freq_0_2	template	high	Not at all	not at all	0	Do you now smoke cigarettes every day, some days, or not at all?
Lifestyle	electronicsmoking_electricsmokefrequency		smoke_freq_0_2	template	high	Every day	every day	2	Do you now use electronic nicotine products...
Lifestyle	electronicsmoking_electricsmokefrequency		smoke_freq_0_2	template	high	Some days	some days	1	Do you now use electronic nicotine products...
Lifestyle	electronicsmoking_electricsmokefrequency		smoke_freq_0_2	template	high	Not at all	not at all	0	Do you now use electronic nicotine products...
Lifestyle	cigarsmoking_currentcigarfrequency		smoke_freq_0_2	template	high	Every day	every day	2	Do you now smoke a traditional cigar, cigarillo, or filtered cigar...
Lifestyle	cigarsmoking_currentcigarfrequency		smoke_freq_0_2	template	high	Some days	some days	1	Do you now smoke a traditional cigar, cigarillo, or filtered cigar...
Lifestyle	cigarsmoking_currentcigarfrequency		smoke_freq_0_2	template	high	Not at all	not at all	0	Do you now smoke a traditional cigar, cigarillo, or filtered cigar...
Lifestyle	hookahsmoking_currenthookahfrequency		smoke_freq_0_2	template	high	Every day	every day	2	Do you now smoke hookah...
Lifestyle	hookahsmoking_currenthookahfrequency		smoke_freq_0_2	template	high	Some days	some days	1	Do you now smoke hookah...
Lifestyle	hookahsmoking_currenthookahfrequency		smoke_freq_0_2	template	high	Not at all	not at all	0	Do you now smoke hookah...
Lifestyle	smokelesstobacco_smokelesstobaccofrequency		smoke_freq_0_2	template	high	Every day	every day	2	Do you now use smokeless tobacco products...
Lifestyle	smokelesstobacco_smokelesstobaccofrequency		smoke_freq_0_2	template	high	Some days	some days	1	Do you now use smokeless tobacco products...
Lifestyle	smokelesstobacco_smokelesstobaccofrequency		smoke_freq_0_2	template	high	Not at all	not at all	0	Do you now use smokeless tobacco products...
Lifestyle	alcohol_drinkfrequencypastyear		audit_freq_0_4	override	high	Never	never	0	How often did you have a drink containing alcohol in the past year?
Lifestyle	alcohol_drinkfrequencypastyear		audit_freq_0_4	override	high	Monthly or less	monthly or less	1	How often did you have a drink containing alcohol in the past year?
Lifestyle	alcohol_drinkfrequencypastyear		audit_freq_0_4	override	high	Two to four times a month	two to four times a month	2	How often did you have a drink containing alcohol in the past year?
Lifestyle	alcohol_drinkfrequencypastyear		audit_freq_0_4	override	high	Drink Frequency Past Year: 2 to 4 Per Month	2 to 4 per month	2	How often did you have a drink containing alcohol in the past year?
Lifestyle	alcohol_drinkfrequencypastyear		audit_freq_0_4	override	high	Two to three times a week	two to three times a week	3	How often did you have a drink containing alcohol in the past year?
Lifestyle	alcohol_drinkfrequencypastyear		audit_freq_0_4	override	high	Drink Frequency Past Year: 2 to 3 Per Week	2 to 3 per week	3	How often did you have a drink containing alcohol in the past year?
Lifestyle	alcohol_drinkfrequencypastyear		audit_freq_0_4	override	high	Four or more times a week	four or more times a week	4	How often did you have a drink containing alcohol in the past year?
Lifestyle	alcohol_drinkfrequencypastyear		audit_freq_0_4	override	high	Drink Frequency Past Year: 4 or More Per Week	4 or more per week	4	How often did you have a drink containing alcohol in the past year?
Lifestyle	alcohol_averagedailydrinkcount		drink_count_band_midpoint	override	medium	1 or 2	1 or 2	1.5	On a typical day when you drink, how many drinks do you have?
Lifestyle	alcohol_averagedailydrinkcount		drink_count_band_midpoint	override	medium	3 or 4	3 or 4	3.5	On a typical day when you drink, how many drinks do you have?
Lifestyle	alcohol_averagedailydrinkcount		drink_count_band_midpoint	override	medium	5 or 6	5 or 6	5.5	On a typical day when you drink, how many drinks do you have?
Lifestyle	alcohol_averagedailydrinkcount		drink_count_band_midpoint	override	medium	7 to 9	7 to 9	8.0	On a typical day when you drink, how many drinks do you have?
Lifestyle	alcohol_averagedailydrinkcount		drink_count_band_midpoint	override	medium	10 or more	10 or more	10.0	On a typical day when you drink, how many drinks do you have?
Lifestyle	alcohol_6ormoredrinksoccurence		binge_freq_0_4	override	high	Less than monthly	less than monthly	1	How often did you have six or more drinks on one occasion in the past year?
Lifestyle	alcohol_6ormoredrinksoccurence		binge_freq_0_4	override	high	Monthly	monthly	2	How often did you have six or more drinks on one occasion in the past year?
Lifestyle	alcohol_6ormoredrinksoccurence		binge_freq_0_4	override	high	Weekly	weekly	3	How often did you have six or more drinks on one occasion in the past year?
Lifestyle	alcohol_6ormoredrinksoccurence		binge_freq_0_4	override	high	Daily or almost daily	daily or almost daily	4	How often did you have six or more drinks on one occasion in the past year?
Lifestyle	alcohol_6ormoredrinksoccurence		binge_freq_0_4	override	high	Never in the last year	never in the last year	0	How often did you have six or more drinks on one occasion in the past year?
Lifestyle	past3monthusefrequency_marijuana3monthuse		subuse_lifestyle_0_4	template	high	Never	never	0	In the PAST THREE MONTHS, how often have you used marijuana (cannabis, pot, grass, hash, etc.)?
Lifestyle	past3monthusefrequency_marijuana3monthuse		subuse_lifestyle_0_4	template	high	Once or twice	once or twice	1	In the PAST THREE MONTHS, how often have you used marijuana (cannabis, pot, grass, hash, etc.)?
Lifestyle	past3monthusefrequency_marijuana3monthuse		subuse_lifestyle_0_4	template	high	Monthly	monthly	2	In the PAST THREE MONTHS, how often have you used marijuana (cannabis, pot, grass, hash, etc.)?
Lifestyle	past3monthusefrequency_marijuana3monthuse		subuse_lifestyle_0_4	template	high	Weekly	weekly	3	In the PAST THREE MONTHS, how often have you used marijuana (cannabis, pot, grass, hash, etc.)?
Lifestyle	past3monthusefrequency_marijuana3monthuse		subuse_lifestyle_0_4	template	high	Daily or almost daily	daily or almost daily	4	In the PAST THREE MONTHS, how often have you used marijuana (cannabis, pot, grass, hash, etc.)?
Lifestyle	past3monthusefrequency_cocaine3monthuse		subuse_lifestyle_0_4	template	high	Never	never	0	In the PAST THREE MONTHS, how often have you used cocaine (coke, crack, etc.)?
Lifestyle	past3monthusefrequency_cocaine3monthuse		subuse_lifestyle_0_4	template	high	Once or twice	once or twice	1	In the PAST THREE MONTHS, how often have you used cocaine (coke, crack, etc.)?
Lifestyle	past3monthusefrequency_cocaine3monthuse		subuse_lifestyle_0_4	template	high	Monthly	monthly	2	In the PAST THREE MONTHS, how often have you used cocaine (coke, crack, etc.)?
Lifestyle	past3monthusefrequency_cocaine3monthuse		subuse_lifestyle_0_4	template	high	Weekly	weekly	3	In the PAST THREE MONTHS, how often have you used cocaine (coke, crack, etc.)?
Lifestyle	past3monthusefrequency_cocaine3monthuse		subuse_lifestyle_0_4	template	high	Daily or almost daily	daily or almost daily	4	In the PAST THREE MONTHS, how often have you used cocaine (coke, crack, etc.)?
Lifestyle	past3monthusefrequency_prescriptionstimulant3monthuse		subuse_lifestyle_0_4	template	high	Never	never	0	In the PAST THREE MONTHS, how often have you used prescription stimulants for non-medical reasons (Vyvanse, Ritalin, Concerta, Dexedrine, Adderall, diet pills, etc.)
Lifestyle	past3monthusefrequency_prescriptionstimulant3monthuse		subuse_lifestyle_0_4	template	high	Once or twice	once or twice	1	In the PAST THREE MONTHS, how often have you used prescription stimulants for non-medical reasons (Vyvanse, Ritalin, Concerta, Dexedrine, Adderall, diet pills, etc.)
Lifestyle	past3monthusefrequency_prescriptionstimulant3monthuse		subuse_lifestyle_0_4	template	high	Monthly	monthly	2	In the PAST THREE MONTHS, how often have you used prescription stimulants for non-medical reasons (Vyvanse, Ritalin, Concerta, Dexedrine, Adderall, diet pills, etc.)
Lifestyle	past3monthusefrequency_prescriptionstimulant3monthuse		subuse_lifestyle_0_4	template	high	Weekly	weekly	3	In the PAST THREE MONTHS, how often have you used prescription stimulants for non-medical reasons (Vyvanse, Ritalin, Concerta, Dexedrine, Adderall, diet pills, etc.)
Lifestyle	past3monthusefrequency_prescriptionstimulant3monthuse		subuse_lifestyle_0_4	template	high	Daily or almost daily	daily or almost daily	4	In the PAST THREE MONTHS, how often have you used prescription stimulants for non-medical reasons (Vyvanse, Ritalin, Concerta, Dexedrine, Adderall, diet pills, etc.)
Lifestyle	past3monthusefrequency_otherstimulant3monthuse		subuse_lifestyle_0_4	template	high	Never	never	0	In the PAST THREE MONTHS, how often have you used other stimulants (methamphetamine, speed, crystal meth, ice, k2/spice, bath salts, etc.)
Lifestyle	past3monthusefrequency_otherstimulant3monthuse		subuse_lifestyle_0_4	template	high	Once or twice	once or twice	1	In the PAST THREE MONTHS, how often have you used other stimulants (methamphetamine, speed, crystal meth, ice, k2/spice, bath salts, etc.)
Lifestyle	past3monthusefrequency_otherstimulant3monthuse		subuse_lifestyle_0_4	template	high	Monthly	monthly	2	In the PAST THREE MONTHS, how often have you used other stimulants (methamphetamine, speed, crystal meth, ice, k2/spice, bath salts, etc.)
Lifestyle	past3monthusefrequency_otherstimulant3monthuse		subuse_lifestyle_0_4	template	high	Weekly	weekly	3	In the PAST THREE MONTHS, how often have you used other stimulants (methamphetamine, speed, crystal meth, ice, k2/spice, bath salts, etc.)
Lifestyle	past3monthusefrequency_otherstimulant3monthuse		subuse_lifestyle_0_4	template	high	Daily or almost daily	daily or almost daily	4	In the PAST THREE MONTHS, how often have you used other stimulants (methamphetamine, speed, crystal meth, ice, k2/spice, bath salts, etc.)
Lifestyle	past3monthusefrequency_inhalant3monthuse		subuse_lifestyle_0_4	template	high	Never	never	0	In the PAST THREE MONTHS, how often have you used inhalants (nitrous oxide, glue, gas, paint thinner, etc.)?
Lifestyle	past3monthusefrequency_inhalant3monthuse		subuse_lifestyle_0_4	template	high	Once or twice	once or twice	1	In the PAST THREE MONTHS, how often have you used inhalants (nitrous oxide, glue, gas, paint thinner, etc.)?
Lifestyle	past3monthusefrequency_inhalant3monthuse		subuse_lifestyle_0_4	template	high	Monthly	monthly	2	In the PAST THREE MONTHS, how often have you used inhalants (nitrous oxide, glue, gas, paint thinner, etc.)?
Lifestyle	past3monthusefrequency_inhalant3monthuse		subuse_lifestyle_0_4	template	high	Weekly	weekly	3	In the PAST THREE MONTHS, how often have you used inhalants (nitrous oxide, glue, gas, paint thinner, etc.)?
Lifestyle	past3monthusefrequency_inhalant3monthuse		subuse_lifestyle_0_4	template	high	Daily or almost daily	daily or almost daily	4	In the PAST THREE MONTHS, how often have you used inhalants (nitrous oxide, glue, gas, paint thinner, etc.)?
Lifestyle	past3monthusefrequency_sedative3monthuse		subuse_lifestyle_0_4	template	high	Never	never	0	In the PAST THREE MONTHS, how often have you used sedatives or sleeping pills for non-medical reasons (Valium, Serepax, Ativan, Xanax, Librium, Rohypnol, GHB, etc.)?
Lifestyle	past3monthusefrequency_sedative3monthuse		subuse_lifestyle_0_4	template	high	Once or twice	once or twice	1	In the PAST THREE MONTHS, how often have you used sedatives or sleeping pills for non-medical reasons (Valium, Serepax, Ativan, Xanax, Librium, Rohypnol, GHB, etc.)?
Lifestyle	past3monthusefrequency_sedative3monthuse		subuse_lifestyle_0_4	template	high	Monthly	monthly	2	In the PAST THREE MONTHS, how often have you used sedatives or sleeping pills for non-medical reasons (Valium, Serepax, Ativan, Xanax, Librium, Rohypnol, GHB, etc.)?
Lifestyle	past3monthusefrequency_sedative3monthuse		subuse_lifestyle_0_4	template	high	Weekly	weekly	3	In the PAST THREE MONTHS, how often have you used sedatives or sleeping pills for non-medical reasons (Valium, Serepax, Ativan, Xanax, Librium, Rohypnol, GHB, etc.)?
Lifestyle	past3monthusefrequency_sedative3monthuse		subuse_lifestyle_0_4	template	high	Daily or almost daily	daily or almost daily	4	In the PAST THREE MONTHS, how often have you used sedatives or sleeping pills for non-medical reasons (Valium, Serepax, Ativan, Xanax, Librium, Rohypnol, GHB, etc.)?
Lifestyle	past3monthusefrequency_hallucinogen3monthuse		subuse_lifestyle_0_4	template	high	Never	never	0	In the PAST THREE MONTHS, how often have you used hallucinogens (LSD, acid, mushrooms, PCP, Special K, ecstasy, etc.)?
Lifestyle	past3monthusefrequency_hallucinogen3monthuse		subuse_lifestyle_0_4	template	high	Once or twice	once or twice	1	In the PAST THREE MONTHS, how often have you used hallucinogens (LSD, acid, mushrooms, PCP, Special K, ecstasy, etc.)?
Lifestyle	past3monthusefrequency_hallucinogen3monthuse		subuse_lifestyle_0_4	template	high	Monthly	monthly	2	In the PAST THREE MONTHS, how often have you used hallucinogens (LSD, acid, mushrooms, PCP, Special K, ecstasy, etc.)?
Lifestyle	past3monthusefrequency_hallucinogen3monthuse		subuse_lifestyle_0_4	template	high	Weekly	weekly	3	In the PAST THREE MONTHS, how often have you used hallucinogens (LSD, acid, mushrooms, PCP, Special K, ecstasy, etc.)?
Lifestyle	past3monthusefrequency_hallucinogen3monthuse		subuse_lifestyle_0_4	template	high	Daily or almost daily	daily or almost daily	4	In the PAST THREE MONTHS, how often have you used hallucinogens (LSD, acid, mushrooms, PCP, Special K, ecstasy, etc.)?
Lifestyle	past3monthusefrequency_streetopioid3monthuse		subuse_lifestyle_0_4	template	high	Never	never	0	In the PAST THREE MONTHS, how often have you used street opioids (heroin, opium, etc.)?
Lifestyle	past3monthusefrequency_streetopioid3monthuse		subuse_lifestyle_0_4	template	high	Once or twice	once or twice	1	In the PAST THREE MONTHS, how often have you used street opioids (heroin, opium, etc.)?
Lifestyle	past3monthusefrequency_streetopioid3monthuse		subuse_lifestyle_0_4	template	high	Monthly	monthly	2	In the PAST THREE MONTHS, how often have you used street opioids (heroin, opium, etc.)?
Lifestyle	past3monthusefrequency_streetopioid3monthuse		subuse_lifestyle_0_4	template	high	Weekly	weekly	3	In the PAST THREE MONTHS, how often have you used street opioids (heroin, opium, etc.)?
Lifestyle	past3monthusefrequency_streetopioid3monthuse		subuse_lifestyle_0_4	template	high	Daily or almost daily	daily or almost daily	4	In the PAST THREE MONTHS, how often have you used street opioids (heroin, opium, etc.)?
Lifestyle	past3monthusefrequency_prescriptionopiod3monthuse		subuse_lifestyle_0_4	template	high	Never	never	0	In the PAST THREE MONTHS, how often have you used prescription opioids for non-medical reasons (obana, fentanyl, oxycodone [OxyContin, Percocet], hydrocodone [Vicodin], methadone, buprenorphine [Suboxone], etc.)
Lifestyle	past3monthusefrequency_prescriptionopiod3monthuse		subuse_lifestyle_0_4	template	high	Once or twice	once or twice	1	In the PAST THREE MONTHS, how often have you used prescription opioids for non-medical reasons (obana, fentanyl, oxycodone [OxyContin, Percocet], hydrocodone [Vicodin], methadone, buprenorphine [Suboxone], etc.)
Lifestyle	past3monthusefrequency_prescriptionopiod3monthuse		subuse_lifestyle_0_4	template	high	Monthly	monthly	2	In the PAST THREE MONTHS, how often have you used prescription opioids for non-medical reasons (obana, fentanyl, oxycodone [OxyContin, Percocet], hydrocodone [Vicodin], methadone, buprenorphine [Suboxone], etc.)
Lifestyle	past3monthusefrequency_prescriptionopiod3monthuse		subuse_lifestyle_0_4	template	high	Weekly	weekly	3	In the PAST THREE MONTHS, how often have you used prescription opioids for non-medical reasons (obana, fentanyl, oxycodone [OxyContin, Percocet], hydrocodone [Vicodin], methadone, buprenorphine [Suboxone], etc.)
Lifestyle	past3monthusefrequency_prescriptionopiod3monthuse		subuse_lifestyle_0_4	template	high	Daily or almost daily	daily or almost daily	4	In the PAST THREE MONTHS, how often have you used prescription opioids for non-medical reasons (obana, fentanyl, oxycodone [OxyContin, Percocet], hydrocodone [Vicodin], methadone, buprenorphine [Suboxone], etc.)
Lifestyle	past3monthusefrequency_other3monthuse		subuse_lifestyle_0_4	template	high	Never	never	0	In the PAST THREE MONTHS, how often have you used other drugs?
Lifestyle	past3monthusefrequency_other3monthuse		subuse_lifestyle_0_4	template	high	Once or twice	once or twice	1	In the PAST THREE MONTHS, how often have you used other drugs?
Lifestyle	past3monthusefrequency_other3monthuse		subuse_lifestyle_0_4	template	high	Monthly	monthly	2	In the PAST THREE MONTHS, how often have you used other drugs?
Lifestyle	past3monthusefrequency_other3monthuse		subuse_lifestyle_0_4	template	high	Weekly	weekly	3	In the PAST THREE MONTHS, how often have you used other drugs?
Lifestyle	past3monthusefrequency_other3monthuse		subuse_lifestyle_0_4	template	high	Daily or almost daily	daily or almost daily	4	In the PAST THREE MONTHS, how often have you used other drugs?
Overall Health	overallhealth_medicalformconfidence		confidence_1_5	override	high	Extremely	extremely	5	How confident are you filling out medical forms by yourself?
Overall Health	overallhealth_medicalformconfidence		confidence_1_5	override	high	Quite a bit	quite a bit	4	How confident are you filling out medical forms by yourself?
Overall Health	overallhealth_medicalformconfidence		confidence_1_5	override	high	Somewhat	somewhat	3	How confident are you filling out medical forms by yourself?
Overall Health	overallhealth_medicalformconfidence		confidence_1_5	override	high	A little bit	a little bit	2	How confident are you filling out medical forms by yourself?
Overall Health	overallhealth_medicalformconfidence		confidence_1_5	override	high	Not at all	not at all	1	How confident are you filling out medical forms by yourself?
Overall Health	overallhealth_healthmaterialassistance		freq_always_never_0_4	template	high	Always	always	4	How often do you have someone help you read health-related materials?
Overall Health	overallhealth_healthmaterialassistance		freq_always_never_0_4	template	high	Often	often	3	How often do you have someone help you read health-related materials?
Overall Health	overallhealth_healthmaterialassistance		freq_always_never_0_4	template	high	Sometimes	sometimes	2	How often do you have someone help you read health-related materials?
Overall Health	overallhealth_healthmaterialassistance		freq_always_never_0_4	template	high	Occasionally	occasionally	1	How often do you have someone help you read health-related materials?
Overall Health	overallhealth_healthmaterialassistance		freq_always_never_0_4	template	high	Never	never	0	How often do you have someone help you read health-related materials?
Overall Health	overallhealth_difficultunderstandinfo		freq_always_never_0_4	template	high	Always	always	4	How often do you have problems learning about your medical condition because of difficulty understanding written information?
Overall Health	overallhealth_difficultunderstandinfo		freq_always_never_0_4	template	high	Often	often	3	How often do you have problems learning about your medical condition because of difficulty understanding written information?
Overall Health	overallhealth_difficultunderstandinfo		freq_always_never_0_4	template	high	Sometimes	sometimes	2	How often do you have problems learning about your medical condition because of difficulty understanding written information?
Overall Health	overallhealth_difficultunderstandinfo		freq_always_never_0_4	template	high	Occasionally	occasionally	1	How often do you have problems learning about your medical condition because of difficulty understanding written information?
Overall Health	overallhealth_difficultunderstandinfo		freq_always_never_0_4	template	high	Never	never	0	How often do you have problems learning about your medical condition because of difficulty understanding written information?
Overall Health	overallhealth_generalhealth		health_1_5	template	high	Excellent	excellent	5	In general, would you say your health is:
Overall Health	overallhealth_generalhealth		health_1_5	template	high	Very Good	very good	4	In general, would you say your health is:
Overall Health	overallhealth_generalhealth		health_1_5	template	high	Good	good	3	In general, would you say your health is:
Overall Health	overallhealth_generalhealth		health_1_5	template	high	Fair	fair	2	In general, would you say your health is:
Overall Health	overallhealth_generalhealth		health_1_5	template	high	Poor	poor	1	In general, would you say your health is:
Overall Health	overallhealth_generalquality		health_1_5	template	high	Excellent	excellent	5	In general, would you say your quality of life is:
Overall Health	overallhealth_generalquality		health_1_5	template	high	Very Good	very good	4	In general, would you say your quality of life is:
Overall Health	overallhealth_generalquality		health_1_5	template	high	Good	good	3	In general, would you say your quality of life is:
Overall Health	overallhealth_generalquality		health_1_5	template	high	Fair	fair	2	In general, would you say your quality of life is:
Overall Health	overallhealth_generalquality		health_1_5	template	high	Poor	poor	1	In general, would you say your quality of life is:
Overall Health	overallhealth_generalphysicalhealth		health_1_5	template	high	Excellent	excellent	5	In general, how would you rate your physical health?
Overall Health	overallhealth_generalphysicalhealth		health_1_5	template	high	Very Good	very good	4	In general, how would you rate your physical health?
Overall Health	overallhealth_generalphysicalhealth		health_1_5	template	high	Good	good	3	In general, how would you rate your physical health?
Overall Health	overallhealth_generalphysicalhealth		health_1_5	template	high	Fair	fair	2	In general, how would you rate your physical health?
Overall Health	overallhealth_generalphysicalhealth		health_1_5	template	high	Poor	poor	1	In general, how would you rate your physical health?
Overall Health	overallhealth_generalmentalhealth		health_1_5	template	high	Excellent	excellent	5	In general, how would you rate your mental health, including your mood and your ability to think?
Overall Health	overallhealth_generalmentalhealth		health_1_5	template	high	Very Good	very good	4	In general, how would you rate your mental health, including your mood and your ability to think?
Overall Health	overallhealth_generalmentalhealth		health_1_5	template	high	Good	good	3	In general, how would you rate your mental health, including your mood and your ability to think?
Overall Health	overallhealth_generalmentalhealth		health_1_5	template	high	Fair	fair	2	In general, how would you rate your mental health, including your mood and your ability to think?
Overall Health	overallhealth_generalmentalhealth		health_1_5	template	high	Poor	poor	1	In general, how would you rate your mental health, including your mood and your ability to think?
Overall Health	overallhealth_socialsatisfaction		health_1_5	template	high	Excellent	excellent	5	In general, how would you rate your satisfaction with your social activities and relationships?
Overall Health	overallhealth_socialsatisfaction		health_1_5	template	high	Very Good	very good	4	In general, how would you rate your satisfaction with your social activities and relationships?
Overall Health	overallhealth_socialsatisfaction		health_1_5	template	high	Good	good	3	In general, how would you rate your satisfaction with your social activities and relationships?
Overall Health	overallhealth_socialsatisfaction		health_1_5	template	high	Fair	fair	2	In general, how would you rate your satisfaction with your social activities and relationships?
Overall Health	overallhealth_socialsatisfaction		health_1_5	template	high	Poor	poor	1	In general, how would you rate your satisfaction with your social activities and relationships?
Overall Health	overallhealth_everydayactivities		ability_extent_0_4	override	high	Completely	completely	4	To what extent are you able to carry out your everyday physical activities such as walking, climbing stairs, carrying groceries, or moving a chair?
Overall Health	overallhealth_everydayactivities		ability_extent_0_4	override	high	Mostly	mostly	3	To what extent are you able to carry out your everyday physical activities such as walking, climbing stairs, carrying groceries, or moving a chair?
Overall Health	overallhealth_everydayactivities		ability_extent_0_4	override	high	Moderately	moderately	2	To what extent are you able to carry out your everyday physical activities such as walking, climbing stairs, carrying groceries, or moving a chair?
Overall Health	overallhealth_everydayactivities		ability_extent_0_4	override	high	A little	a little	1	To what extent are you able to carry out your everyday physical activities such as walking, climbing stairs, carrying groceries, or moving a chair?
Overall Health	overallhealth_everydayactivities		ability_extent_0_4	override	high	Not at all	not at all	0	To what extent are you able to carry out your everyday physical activities such as walking, climbing stairs, carrying groceries, or moving a chair?
Overall Health	overallhealth_averagefatigue7days		severity_0_4	override	high	None	none	0	In the past 7 days, how would you rate your fatigue?
Overall Health	overallhealth_averagefatigue7days		severity_0_4	override	high	Mild	mild	1	In the past 7 days, how would you rate your fatigue?
Overall Health	overallhealth_averagefatigue7days		severity_0_4	override	high	Moderate	moderate	2	In the past 7 days, how would you rate your fatigue?
Overall Health	overallhealth_averagefatigue7days		severity_0_4	override	high	Severe	severe	3	In the past 7 days, how would you rate your fatigue?
Overall Health	overallhealth_averagefatigue7days		severity_0_4	override	high	Very Severe	very severe	4	In the past 7 days, how would you rate your fatigue?
Overall Health	overallhealth_generalsocial		health_1_5	template	high	Excellent	excellent	5	In general, please rate how well you carry out your usual social roles. (This includes activities at home, at work and in your community, and responsibilities as a parent, child, spouse, employee, friend, etc.)
Overall Health	overallhealth_generalsocial		health_1_5	template	high	Very Good	very good	4	In general, please rate how well you carry out your usual social roles. (This includes activities at home, at work and in your community, and responsibilities as a parent, child, spouse, employee, friend, etc.)
Overall Health	overallhealth_generalsocial		health_1_5	template	high	Good	good	3	In general, please rate how well you carry out your usual social roles. (This includes activities at home, at work and in your community, and responsibilities as a parent, child, spouse, employee, friend, etc.)
Overall Health	overallhealth_generalsocial		health_1_5	template	high	Fair	fair	2	In general, please rate how well you carry out your usual social roles. (This includes activities at home, at work and in your community, and responsibilities as a parent, child, spouse, employee, friend, etc.)
Overall Health	overallhealth_generalsocial		health_1_5	template	high	Poor	poor	1	In general, please rate how well you carry out your usual social roles. (This includes activities at home, at work and in your community, and responsibilities as a parent, child, spouse, employee, friend, etc.)
Overall Health	overallhealth_emotionalproblem7days		freq_never_always5_0_4	template	high	Never	never	0	In the past 7 days, how often have you been bothered by emotional problems such as feeling anxious, depressed, or irritable?
Overall Health	overallhealth_emotionalproblem7days		freq_never_always5_0_4	template	high	Rarely	rarely	1	In the past 7 days, how often have you been bothered by emotional problems such as feeling anxious, depressed, or irritable?
Overall Health	overallhealth_emotionalproblem7days		freq_never_always5_0_4	template	high	Sometimes	sometimes	2	In the past 7 days, how often have you been bothered by emotional problems such as feeling anxious, depressed, or irritable?
Overall Health	overallhealth_emotionalproblem7days		freq_never_always5_0_4	template	high	Often	often	3	In the past 7 days, how often have you been bothered by emotional problems such as feeling anxious, depressed, or irritable?
Overall Health	overallhealth_emotionalproblem7days		freq_never_always5_0_4	template	high	Always	always	4	In the past 7 days, how often have you been bothered by emotional problems such as feeling anxious, depressed, or irritable?
Overall Health	overallhealth_ovaryremovalhistory		ovary_removal_count_0_2	override	medium	No	no	0	Have you ever had an ovary removed?
Overall Health	overallhealth_ovaryremovalhistory		ovary_removal_count_0_2	override	medium	Yes, but only one ovary or part of one ovary	yes, but only one ovary or part of one ovary	1	Have you ever had an ovary removed?
Overall Health	overallhealth_ovaryremovalhistory		ovary_removal_count_0_2	override	medium	Ovary Removal History: Yes Sectioned	yes sectioned	1	Have you ever had an ovary removed?
Overall Health	overallhealth_ovaryremovalhistory		ovary_removal_count_0_2	override	medium	Yes, both ovaries	yes, both ovaries	2	Have you ever had an ovary removed?
Overall Health	overallhealth_ovaryremovalhistory		ovary_removal_count_0_2	override	medium	Ovary Removal History: Yes Both	yes both	2	Have you ever had an ovary removed?
Healthcare Access and Utilization	insurance_healthcarecoverage		better_worse_signed	override	medium	Better	better	1	In regard to your health insurance or health care coverage, how does it compare to a year ago? Is it better, worse, or about the same?
Healthcare Access and Utilization	insurance_healthcarecoverage		better_worse_signed	override	medium	Worse	worse	-1	In regard to your health insurance or health care coverage, how does it compare to a year ago? Is it better, worse, or about the same?
Healthcare Access and Utilization	insurance_healthcarecoverage		better_worse_signed	override	medium	About the Same	about the same	0	In regard to your health insurance or health care coverage, how does it compare to a year ago? Is it better, worse, or about the same?
Healthcare Access and Utilization	healthadvice_spokentoprofessional		healthcare_recency_0_5	override	medium	Never	never	0	About how long has it been since you last saw or talked to a doctor or other health care provider about your own health?
Healthcare Access and Utilization	healthadvice_spokentoprofessional		healthcare_recency_0_5	override	medium	6 months or less	6 months or less	5	About how long has it been since you last saw or talked to a doctor or other health care provider about your own health?
Healthcare Access and Utilization	healthadvice_spokentoprofessional		healthcare_recency_0_5	override	medium	More than 6 months, but not more than 1 year ago	more than 6 months, but not more than 1 year ago	4	About how long has it been since you last saw or talked to a doctor or other health care provider about your own health?
Healthcare Access and Utilization	healthadvice_spokentoprofessional		healthcare_recency_0_5	override	medium	More than 1 year, but not more than 2 years ago	more than 1 year, but not more than 2 years ago	3	About how long has it been since you last saw or talked to a doctor or other health care provider about your own health?
Healthcare Access and Utilization	healthadvice_spokentoprofessional		healthcare_recency_0_5	override	medium	More than 2 years, but not more than 5 years ago	more than 2 years, but not more than 5 years ago	2	About how long has it been since you last saw or talked to a doctor or other health care provider about your own health?
Healthcare Access and Utilization	healthadvice_spokentoprofessional		healthcare_recency_0_5	override	medium	More than 5 years ago	more than 5 years ago	1	About how long has it been since you last saw or talked to a doctor or other health care provider about your own health?
Healthcare Access and Utilization	healthadvice_generaldoctorvisits		visit_count_band_midpoint	template	medium	1	1	1.0	What is the total number of general doctor visits you made in the last 12 months?
Healthcare Access and Utilization	healthadvice_generaldoctorvisits		visit_count_band_midpoint	template	medium	2-3	2-3	2.5	What is the total number of general doctor visits you made in the last 12 months?
Healthcare Access and Utilization	healthadvice_generaldoctorvisits		visit_count_band_midpoint	template	medium	4-5	4-5	4.5	What is the total number of general doctor visits you made in the last 12 months?
Healthcare Access and Utilization	healthadvice_generaldoctorvisits		visit_count_band_midpoint	template	medium	6-7	6-7	6.5	What is the total number of general doctor visits you made in the last 12 months?
Healthcare Access and Utilization	healthadvice_generaldoctorvisits		visit_count_band_midpoint	template	medium	8-9	8-9	8.5	What is the total number of general doctor visits you made in the last 12 months?
Healthcare Access and Utilization	healthadvice_generaldoctorvisits		visit_count_band_midpoint	template	medium	10-12	10-12	11.0	What is the total number of general doctor visits you made in the last 12 months?
Healthcare Access and Utilization	healthadvice_generaldoctorvisits		visit_count_band_midpoint	template	medium	13-15	13-15	14.0	What is the total number of general doctor visits you made in the last 12 months?
Healthcare Access and Utilization	healthadvice_generaldoctorvisits		visit_count_band_midpoint	template	medium	16 or more	16 or more	16.0	What is the total number of general doctor visits you made in the last 12 months?
Healthcare Access and Utilization	healthadvice_nursepractitionervisits		visit_count_band_midpoint	template	medium	1	1	1.0	What is the total number of nurse practitioner, physician assistant, or midwife visits you made in the last 12 months?
Healthcare Access and Utilization	healthadvice_nursepractitionervisits		visit_count_band_midpoint	template	medium	2-3	2-3	2.5	What is the total number of nurse practitioner, physician assistant, or midwife visits you made in the last 12 months?
Healthcare Access and Utilization	healthadvice_nursepractitionervisits		visit_count_band_midpoint	template	medium	4-5	4-5	4.5	What is the total number of nurse practitioner, physician assistant, or midwife visits you made in the last 12 months?
Healthcare Access and Utilization	healthadvice_nursepractitionervisits		visit_count_band_midpoint	template	medium	6-7	6-7	6.5	What is the total number of nurse practitioner, physician assistant, or midwife visits you made in the last 12 months?
Healthcare Access and Utilization	healthadvice_nursepractitionervisits		visit_count_band_midpoint	template	medium	8-9	8-9	8.5	What is the total number of nurse practitioner, physician assistant, or midwife visits you made in the last 12 months?
Healthcare Access and Utilization	healthadvice_nursepractitionervisits		visit_count_band_midpoint	template	medium	10-12	10-12	11.0	What is the total number of nurse practitioner, physician assistant, or midwife visits you made in the last 12 months?
Healthcare Access and Utilization	healthadvice_nursepractitionervisits		visit_count_band_midpoint	template	medium	13-15	13-15	14.0	What is the total number of nurse practitioner, physician assistant, or midwife visits you made in the last 12 months?
Healthcare Access and Utilization	healthadvice_nursepractitionervisits		visit_count_band_midpoint	template	medium	16 or more	16 or more	16.0	What is the total number of nurse practitioner, physician assistant, or midwife visits you made in the last 12 months?
Healthcare Access and Utilization	healthadvice_obgynvisits		visit_count_band_midpoint	template	medium	1	1	1.0	What is the total number of visits to a doctor who specializes in women's health that you made in the last 12 months?
Healthcare Access and Utilization	healthadvice_obgynvisits		visit_count_band_midpoint	template	medium	2-3	2-3	2.5	What is the total number of visits to a doctor who specializes in women's health that you made in the last 12 months?
Healthcare Access and Utilization	healthadvice_obgynvisits		visit_count_band_midpoint	template	medium	4-5	4-5	4.5	What is the total number of visits to a doctor who specializes in women's health that you made in the last 12 months?
Healthcare Access and Utilization	healthadvice_obgynvisits		visit_count_band_midpoint	template	medium	6-7	6-7	6.5	What is the total number of visits to a doctor who specializes in women's health that you made in the last 12 months?
Healthcare Access and Utilization	healthadvice_obgynvisits		visit_count_band_midpoint	template	medium	8-9	8-9	8.5	What is the total number of visits to a doctor who specializes in women's health that you made in the last 12 months?
Healthcare Access and Utilization	healthadvice_obgynvisits		visit_count_band_midpoint	template	medium	10-12	10-12	11.0	What is the total number of visits to a doctor who specializes in women's health that you made in the last 12 months?
Healthcare Access and Utilization	healthadvice_obgynvisits		visit_count_band_midpoint	template	medium	13-15	13-15	14.0	What is the total number of visits to a doctor who specializes in women's health that you made in the last 12 months?
Healthcare Access and Utilization	healthadvice_obgynvisits		visit_count_band_midpoint	template	medium	16 or more	16 or more	16.0	What is the total number of visits to a doctor who specializes in women's health that you made in the last 12 months?
Healthcare Access and Utilization	healthadvice_mentalhealthprofessionalvisits		visit_count_band_midpoint	template	medium	1	1	1.0	What is the total number of visits to a mental health professional that you made in the last 12 months?
Healthcare Access and Utilization	healthadvice_mentalhealthprofessionalvisits		visit_count_band_midpoint	template	medium	2-3	2-3	2.5	What is the total number of visits to a mental health professional that you made in the last 12 months?
Healthcare Access and Utilization	healthadvice_mentalhealthprofessionalvisits		visit_count_band_midpoint	template	medium	4-5	4-5	4.5	What is the total number of visits to a mental health professional that you made in the last 12 months?
Healthcare Access and Utilization	healthadvice_mentalhealthprofessionalvisits		visit_count_band_midpoint	template	medium	6-7	6-7	6.5	What is the total number of visits to a mental health professional that you made in the last 12 months?
Healthcare Access and Utilization	healthadvice_mentalhealthprofessionalvisits		visit_count_band_midpoint	template	medium	8-9	8-9	8.5	What is the total number of visits to a mental health professional that you made in the last 12 months?
Healthcare Access and Utilization	healthadvice_mentalhealthprofessionalvisits		visit_count_band_midpoint	template	medium	10-12	10-12	11.0	What is the total number of visits to a mental health professional that you made in the last 12 months?
Healthcare Access and Utilization	healthadvice_mentalhealthprofessionalvisits		visit_count_band_midpoint	template	medium	13-15	13-15	14.0	What is the total number of visits to a mental health professional that you made in the last 12 months?
Healthcare Access and Utilization	healthadvice_mentalhealthprofessionalvisits		visit_count_band_midpoint	template	medium	16 or more	16 or more	16.0	What is the total number of visits to a mental health professional that you made in the last 12 months?
Healthcare Access and Utilization	healthadvice_eyedoctorvisits		visit_count_band_midpoint	template	medium	1	1	1.0	What is the total number of visits to an eye doctor that you made in the last 12 months?
Healthcare Access and Utilization	healthadvice_eyedoctorvisits		visit_count_band_midpoint	template	medium	2-3	2-3	2.5	What is the total number of visits to an eye doctor that you made in the last 12 months?
Healthcare Access and Utilization	healthadvice_eyedoctorvisits		visit_count_band_midpoint	template	medium	4-5	4-5	4.5	What is the total number of visits to an eye doctor that you made in the last 12 months?
Healthcare Access and Utilization	healthadvice_eyedoctorvisits		visit_count_band_midpoint	template	medium	6-7	6-7	6.5	What is the total number of visits to an eye doctor that you made in the last 12 months?
Healthcare Access and Utilization	healthadvice_eyedoctorvisits		visit_count_band_midpoint	template	medium	8-9	8-9	8.5	What is the total number of visits to an eye doctor that you made in the last 12 months?
Healthcare Access and Utilization	healthadvice_eyedoctorvisits		visit_count_band_midpoint	template	medium	10-12	10-12	11.0	What is the total number of visits to an eye doctor that you made in the last 12 months?
Healthcare Access and Utilization	healthadvice_eyedoctorvisits		visit_count_band_midpoint	template	medium	13-15	13-15	14.0	What is the total number of visits to an eye doctor that you made in the last 12 months?
Healthcare Access and Utilization	healthadvice_eyedoctorvisits		visit_count_band_midpoint	template	medium	16 or more	16 or more	16.0	What is the total number of visits to an eye doctor that you made in the last 12 months?
Healthcare Access and Utilization	healthadvice_podiatristvisits		visit_count_band_midpoint	template	medium	1	1	1.0	What is the total number of visits to a foot doctor that you made in the last 12 months?
Healthcare Access and Utilization	healthadvice_podiatristvisits		visit_count_band_midpoint	template	medium	2-3	2-3	2.5	What is the total number of visits to a foot doctor that you made in the last 12 months?
Healthcare Access and Utilization	healthadvice_podiatristvisits		visit_count_band_midpoint	template	medium	4-5	4-5	4.5	What is the total number of visits to a foot doctor that you made in the last 12 months?
Healthcare Access and Utilization	healthadvice_podiatristvisits		visit_count_band_midpoint	template	medium	6-7	6-7	6.5	What is the total number of visits to a foot doctor that you made in the last 12 months?
Healthcare Access and Utilization	healthadvice_podiatristvisits		visit_count_band_midpoint	template	medium	8-9	8-9	8.5	What is the total number of visits to a foot doctor that you made in the last 12 months?
Healthcare Access and Utilization	healthadvice_podiatristvisits		visit_count_band_midpoint	template	medium	10-12	10-12	11.0	What is the total number of visits to a foot doctor that you made in the last 12 months?
Healthcare Access and Utilization	healthadvice_podiatristvisits		visit_count_band_midpoint	template	medium	13-15	13-15	14.0	What is the total number of visits to a foot doctor that you made in the last 12 months?
Healthcare Access and Utilization	healthadvice_podiatristvisits		visit_count_band_midpoint	template	medium	16 or more	16 or more	16.0	What is the total number of visits to a foot doctor that you made in the last 12 months?
Healthcare Access and Utilization	healthadvice_chiropractorvisits		visit_count_band_midpoint	template	medium	1	1	1.0	What is the total number of visits to a chiropractor that you made in the last 12 months?
Healthcare Access and Utilization	healthadvice_chiropractorvisits		visit_count_band_midpoint	template	medium	2-3	2-3	2.5	What is the total number of visits to a chiropractor that you made in the last 12 months?
Healthcare Access and Utilization	healthadvice_chiropractorvisits		visit_count_band_midpoint	template	medium	4-5	4-5	4.5	What is the total number of visits to a chiropractor that you made in the last 12 months?
Healthcare Access and Utilization	healthadvice_chiropractorvisits		visit_count_band_midpoint	template	medium	6-7	6-7	6.5	What is the total number of visits to a chiropractor that you made in the last 12 months?
Healthcare Access and Utilization	healthadvice_chiropractorvisits		visit_count_band_midpoint	template	medium	8-9	8-9	8.5	What is the total number of visits to a chiropractor that you made in the last 12 months?
Healthcare Access and Utilization	healthadvice_chiropractorvisits		visit_count_band_midpoint	template	medium	10-12	10-12	11.0	What is the total number of visits to a chiropractor that you made in the last 12 months?
Healthcare Access and Utilization	healthadvice_chiropractorvisits		visit_count_band_midpoint	template	medium	13-15	13-15	14.0	What is the total number of visits to a chiropractor that you made in the last 12 months?
Healthcare Access and Utilization	healthadvice_chiropractorvisits		visit_count_band_midpoint	template	medium	16 or more	16 or more	16.0	What is the total number of visits to a chiropractor that you made in the last 12 months?
Healthcare Access and Utilization	healthadvice_physicaltherapistvisits		visit_count_band_midpoint	template	medium	1	1	1.0	What is the total number of visits to a physical therapist, speech therapist, respiratory therapist, audiologist, or occupational therapist that you made in the last 12 months?
Healthcare Access and Utilization	healthadvice_physicaltherapistvisits		visit_count_band_midpoint	template	medium	2-3	2-3	2.5	What is the total number of visits to a physical therapist, speech therapist, respiratory therapist, audiologist, or occupational therapist that you made in the last 12 months?
Healthcare Access and Utilization	healthadvice_physicaltherapistvisits		visit_count_band_midpoint	template	medium	4-5	4-5	4.5	What is the total number of visits to a physical therapist, speech therapist, respiratory therapist, audiologist, or occupational therapist that you made in the last 12 months?
Healthcare Access and Utilization	healthadvice_physicaltherapistvisits		visit_count_band_midpoint	template	medium	6-7	6-7	6.5	What is the total number of visits to a physical therapist, speech therapist, respiratory therapist, audiologist, or occupational therapist that you made in the last 12 months?
Healthcare Access and Utilization	healthadvice_physicaltherapistvisits		visit_count_band_midpoint	template	medium	8-9	8-9	8.5	What is the total number of visits to a physical therapist, speech therapist, respiratory therapist, audiologist, or occupational therapist that you made in the last 12 months?
Healthcare Access and Utilization	healthadvice_physicaltherapistvisits		visit_count_band_midpoint	template	medium	10-12	10-12	11.0	What is the total number of visits to a physical therapist, speech therapist, respiratory therapist, audiologist, or occupational therapist that you made in the last 12 months?
Healthcare Access and Utilization	healthadvice_physicaltherapistvisits		visit_count_band_midpoint	template	medium	13-15	13-15	14.0	What is the total number of visits to a physical therapist, speech therapist, respiratory therapist, audiologist, or occupational therapist that you made in the last 12 months?
Healthcare Access and Utilization	healthadvice_physicaltherapistvisits		visit_count_band_midpoint	template	medium	16 or more	16 or more	16.0	What is the total number of visits to a physical therapist, speech therapist, respiratory therapist, audiologist, or occupational therapist that you made in the last 12 months?
Healthcare Access and Utilization	healthadvice_dentistvisits		visit_count_band_midpoint	template	medium	1	1	1.0	What is the total number of visits to a dentist or orthodontist that you made in the last 12 months?
Healthcare Access and Utilization	healthadvice_dentistvisits		visit_count_band_midpoint	template	medium	2-3	2-3	2.5	What is the total number of visits to a dentist or orthodontist that you made in the last 12 months?
Healthcare Access and Utilization	healthadvice_dentistvisits		visit_count_band_midpoint	template	medium	4-5	4-5	4.5	What is the total number of visits to a dentist or orthodontist that you made in the last 12 months?
Healthcare Access and Utilization	healthadvice_dentistvisits		visit_count_band_midpoint	template	medium	6-7	6-7	6.5	What is the total number of visits to a dentist or orthodontist that you made in the last 12 months?
Healthcare Access and Utilization	healthadvice_dentistvisits		visit_count_band_midpoint	template	medium	8-9	8-9	8.5	What is the total number of visits to a dentist or orthodontist that you made in the last 12 months?
Healthcare Access and Utilization	healthadvice_dentistvisits		visit_count_band_midpoint	template	medium	10-12	10-12	11.0	What is the total number of visits to a dentist or orthodontist that you made in the last 12 months?
Healthcare Access and Utilization	healthadvice_dentistvisits		visit_count_band_midpoint	template	medium	13-15	13-15	14.0	What is the total number of visits to a dentist or orthodontist that you made in the last 12 months?
Healthcare Access and Utilization	healthadvice_dentistvisits		visit_count_band_midpoint	template	medium	16 or more	16 or more	16.0	What is the total number of visits to a dentist or orthodontist that you made in the last 12 months?
Healthcare Access and Utilization	healthadvice_medicalspecialistvisits		visit_count_band_midpoint	template	medium	1	1	1.0	What is the total number of visits to a medical doctor who specializes in a particular medical disease or problem that you made in the last 12 months?
Healthcare Access and Utilization	healthadvice_medicalspecialistvisits		visit_count_band_midpoint	template	medium	2-3	2-3	2.5	What is the total number of visits to a medical doctor who specializes in a particular medical disease or problem that you made in the last 12 months?
Healthcare Access and Utilization	healthadvice_medicalspecialistvisits		visit_count_band_midpoint	template	medium	4-5	4-5	4.5	What is the total number of visits to a medical doctor who specializes in a particular medical disease or problem that you made in the last 12 months?
Healthcare Access and Utilization	healthadvice_medicalspecialistvisits		visit_count_band_midpoint	template	medium	6-7	6-7	6.5	What is the total number of visits to a medical doctor who specializes in a particular medical disease or problem that you made in the last 12 months?
Healthcare Access and Utilization	healthadvice_medicalspecialistvisits		visit_count_band_midpoint	template	medium	8-9	8-9	8.5	What is the total number of visits to a medical doctor who specializes in a particular medical disease or problem that you made in the last 12 months?
Healthcare Access and Utilization	healthadvice_medicalspecialistvisits		visit_count_band_midpoint	template	medium	10-12	10-12	11.0	What is the total number of visits to a medical doctor who specializes in a particular medical disease or problem that you made in the last 12 months?
Healthcare Access and Utilization	healthadvice_medicalspecialistvisits		visit_count_band_midpoint	template	medium	13-15	13-15	14.0	What is the total number of visits to a medical doctor who specializes in a particular medical disease or problem that you made in the last 12 months?
Healthcare Access and Utilization	healthadvice_medicalspecialistvisits		visit_count_band_midpoint	template	medium	16 or more	16 or more	16.0	What is the total number of visits to a medical doctor who specializes in a particular medical disease or problem that you made in the last 12 months?
Healthcare Access and Utilization	healthadvice_traditionalhealervisits		visit_count_band_midpoint	template	medium	1	1	1.0	What is the total number of visits to traditional healers that you made in the last 12 months?
Healthcare Access and Utilization	healthadvice_traditionalhealervisits		visit_count_band_midpoint	template	medium	2-3	2-3	2.5	What is the total number of visits to traditional healers that you made in the last 12 months?
Healthcare Access and Utilization	healthadvice_traditionalhealervisits		visit_count_band_midpoint	template	medium	4-5	4-5	4.5	What is the total number of visits to traditional healers that you made in the last 12 months?
Healthcare Access and Utilization	healthadvice_traditionalhealervisits		visit_count_band_midpoint	template	medium	6-7	6-7	6.5	What is the total number of visits to traditional healers that you made in the last 12 months?
Healthcare Access and Utilization	healthadvice_traditionalhealervisits		visit_count_band_midpoint	template	medium	8-9	8-9	8.5	What is the total number of visits to traditional healers that you made in the last 12 months?
Healthcare Access and Utilization	healthadvice_traditionalhealervisits		visit_count_band_midpoint	template	medium	10-12	10-12	11.0	What is the total number of visits to traditional healers that you made in the last 12 months?
Healthcare Access and Utilization	healthadvice_traditionalhealervisits		visit_count_band_midpoint	template	medium	13-15	13-15	14.0	What is the total number of visits to traditional healers that you made in the last 12 months?
Healthcare Access and Utilization	healthadvice_traditionalhealervisits		visit_count_band_midpoint	template	medium	16 or more	16 or more	16.0	What is the total number of visits to traditional healers that you made in the last 12 months?
Healthcare Access and Utilization	healthadvice_respectedbyprovider		freq_always_none_0_3	template	high	Always	always	3	How often were you treated with respect by your doctors or health care providers? Would you say...
Healthcare Access and Utilization	healthadvice_respectedbyprovider		freq_always_none_0_3	template	high	Most of the time	most of the time	2	How often were you treated with respect by your doctors or health care providers? Would you say...
Healthcare Access and Utilization	healthadvice_respectedbyprovider		freq_always_none_0_3	template	high	Some of the time	some of the time	1	How often were you treated with respect by your doctors or health care providers? Would you say...
Healthcare Access and Utilization	healthadvice_respectedbyprovider		freq_always_none_0_3	template	high	None of the time	none of the time	0	How often were you treated with respect by your doctors or health care providers? Would you say...
Healthcare Access and Utilization	healthadvice_askedforopinion		freq_always_none_0_3	template	high	Always	always	3	How often did your doctors or health care providers ask for your opinions or beliefs about your medical care or treatment? For example, what kind of tests, procedures, or medications you prefer. Would you say...
Healthcare Access and Utilization	healthadvice_askedforopinion		freq_always_none_0_3	template	high	Most of the time	most of the time	2	How often did your doctors or health care providers ask for your opinions or beliefs about your medical care or treatment? For example, what kind of tests, procedures, or medications you prefer. Would you say...
Healthcare Access and Utilization	healthadvice_askedforopinion		freq_always_none_0_3	template	high	Some of the time	some of the time	1	How often did your doctors or health care providers ask for your opinions or beliefs about your medical care or treatment? For example, what kind of tests, procedures, or medications you prefer. Would you say...
Healthcare Access and Utilization	healthadvice_askedforopinion		freq_always_none_0_3	template	high	None of the time	none of the time	0	How often did your doctors or health care providers ask for your opinions or beliefs about your medical care or treatment? For example, what kind of tests, procedures, or medications you prefer. Would you say...
Healthcare Access and Utilization	healthadvice_easeofunderstanding		freq_always_none_0_3	template	high	Always	always	3	How often did your doctors or health care providers tell or give you information about your health and health care that was easy to understand? Would you say...
Healthcare Access and Utilization	healthadvice_easeofunderstanding		freq_always_none_0_3	template	high	Most of the time	most of the time	2	How often did your doctors or health care providers tell or give you information about your health and health care that was easy to understand? Would you say...
Healthcare Access and Utilization	healthadvice_easeofunderstanding		freq_always_none_0_3	template	high	Some of the time	some of the time	1	How often did your doctors or health care providers tell or give you information about your health and health care that was easy to understand? Would you say...
Healthcare Access and Utilization	healthadvice_easeofunderstanding		freq_always_none_0_3	template	high	None of the time	none of the time	0	How often did your doctors or health care providers tell or give you information about your health and health care that was easy to understand? Would you say...
Healthcare Access and Utilization	cantaffordcare_worriedaboutpaying		worry_0_2	override	high	Very worried	very worried	2	If you get sick or have an accident, how worried are you that you will be able to pay your medical bills? Are you very worried, somewhat worried, or not at all worried?
Healthcare Access and Utilization	cantaffordcare_worriedaboutpaying		worry_0_2	override	high	Somewhat worried	somewhat worried	1	If you get sick or have an accident, how worried are you that you will be able to pay your medical bills? Are you very worried, somewhat worried, or not at all worried?
Healthcare Access and Utilization	cantaffordcare_worriedaboutpaying		worry_0_2	override	high	Not at all worried	not at all worried	0	If you get sick or have an accident, how worried are you that you will be able to pay your medical bills? Are you very worried, somewhat worried, or not at all worried?
Healthcare Access and Utilization	healthproviderracereligion_howimportant		importance_0_3	override	high	Very important	very important	3	How important is it to you that your doctors or health care providers understand or are similar to you in any of these ways? Would you say...
Healthcare Access and Utilization	healthproviderracereligion_howimportant		importance_0_3	override	high	Somewhat important	somewhat important	2	How important is it to you that your doctors or health care providers understand or are similar to you in any of these ways? Would you say...
Healthcare Access and Utilization	healthproviderracereligion_howimportant		importance_0_3	override	high	Slightly important	slightly important	1	How important is it to you that your doctors or health care providers understand or are similar to you in any of these ways? Would you say...
Healthcare Access and Utilization	healthproviderracereligion_howimportant		importance_0_3	override	high	Not important at all	not important at all	0	How important is it to you that your doctors or health care providers understand or are similar to you in any of these ways? Would you say...
Healthcare Access and Utilization	healthproviderracereligion_howoften		freq_always_none_0_3	template	high	Always	always	3	How often were you able to see doctors or health care providers who were similar to you in any of these ways? Would you say...
Healthcare Access and Utilization	healthproviderracereligion_howoften		freq_always_none_0_3	template	high	Most of the time	most of the time	2	How often were you able to see doctors or health care providers who were similar to you in any of these ways? Would you say...
Healthcare Access and Utilization	healthproviderracereligion_howoften		freq_always_none_0_3	template	high	Some of the time	some of the time	1	How often were you able to see doctors or health care providers who were similar to you in any of these ways? Would you say...
Healthcare Access and Utilization	healthproviderracereligion_howoften		freq_always_none_0_3	template	high	None of the time	none of the time	0	How often were you able to see doctors or health care providers who were similar to you in any of these ways? Would you say...
Healthcare Access and Utilization	healthproviderracereligion_delayedornocare		freq_always_none_0_3	template	high	Always	always	3	How often have you either delayed or not gone to see doctors or health care providers because they were different from you in any of these ways?
Healthcare Access and Utilization	healthproviderracereligion_delayedornocare		freq_always_none_0_3	template	high	Most of the time	most of the time	2	How often have you either delayed or not gone to see doctors or health care providers because they were different from you in any of these ways?
Healthcare Access and Utilization	healthproviderracereligion_delayedornocare		freq_always_none_0_3	template	high	Some of the time	some of the time	1	How often have you either delayed or not gone to see doctors or health care providers because they were different from you in any of these ways?
Healthcare Access and Utilization	healthproviderracereligion_delayedornocare		freq_always_none_0_3	template	high	None of the time	none of the time	0	How often have you either delayed or not gone to see doctors or health care providers because they were different from you in any of these ways?
Social Determinants of Health	scns_1		agree_neutral_1_5	template	high	Strongly agree	strongly agree	5	People around here are willing to help their neighbors.
Social Determinants of Health	scns_1		agree_neutral_1_5	template	high	Agree	agree	4	People around here are willing to help their neighbors.
Social Determinants of Health	scns_1		agree_neutral_1_5	template	high	Neutral (neither agree nor disagree)	neutral (neither agree nor disagree)	3	People around here are willing to help their neighbors.
Social Determinants of Health	scns_1		agree_neutral_1_5	template	high	Disagree	disagree	2	People around here are willing to help their neighbors.
Social Determinants of Health	scns_1		agree_neutral_1_5	template	high	Strongly disagree	strongly disagree	1	People around here are willing to help their neighbors.
Social Determinants of Health	scns_2		agree_neutral_1_5	template	high	Strongly agree	strongly agree	5	People in my neighborhood generally get along with each other.
Social Determinants of Health	scns_2		agree_neutral_1_5	template	high	Agree	agree	4	People in my neighborhood generally get along with each other.
Social Determinants of Health	scns_2		agree_neutral_1_5	template	high	Neutral (neither agree nor disagree)	neutral (neither agree nor disagree)	3	People in my neighborhood generally get along with each other.
Social Determinants of Health	scns_2		agree_neutral_1_5	template	high	Disagree	disagree	2	People in my neighborhood generally get along with each other.
Social Determinants of Health	scns_2		agree_neutral_1_5	template	high	Strongly disagree	strongly disagree	1	People in my neighborhood generally get along with each other.
Social Determinants of Health	scns_3		agree_neutral_1_5	template	high	Strongly agree	strongly agree	5	People in my neighborhood can be trusted.
Social Determinants of Health	scns_3		agree_neutral_1_5	template	high	Agree	agree	4	People in my neighborhood can be trusted.
Social Determinants of Health	scns_3		agree_neutral_1_5	template	high	Neutral (neither agree nor disagree)	neutral (neither agree nor disagree)	3	People in my neighborhood can be trusted.
Social Determinants of Health	scns_3		agree_neutral_1_5	template	high	Disagree	disagree	2	People in my neighborhood can be trusted.
Social Determinants of Health	scns_3		agree_neutral_1_5	template	high	Strongly disagree	strongly disagree	1	People in my neighborhood can be trusted.
Social Determinants of Health	scns_4		agree_neutral_1_5	template	high	Strongly agree	strongly agree	5	People in my neighborhood share the same values.
Social Determinants of Health	scns_4		agree_neutral_1_5	template	high	Agree	agree	4	People in my neighborhood share the same values.
Social Determinants of Health	scns_4		agree_neutral_1_5	template	high	Neutral (neither agree nor disagree)	neutral (neither agree nor disagree)	3	People in my neighborhood share the same values.
Social Determinants of Health	scns_4		agree_neutral_1_5	template	high	Disagree	disagree	2	People in my neighborhood share the same values.
Social Determinants of Health	scns_4		agree_neutral_1_5	template	high	Strongly disagree	strongly disagree	1	People in my neighborhood share the same values.
Social Determinants of Health	nds_1		agree_1_4	template	high	Strongly disagree	strongly disagree	1	There is a lot of graffiti in my neighborhood.
Social Determinants of Health	nds_1		agree_1_4	template	high	Disagree	disagree	2	There is a lot of graffiti in my neighborhood.
Social Determinants of Health	nds_1		agree_1_4	template	high	Agree	agree	3	There is a lot of graffiti in my neighborhood.
Social Determinants of Health	nds_1		agree_1_4	template	high	Strongly agree	strongly agree	4	There is a lot of graffiti in my neighborhood.
Social Determinants of Health	nds_2		agree_1_4	template	high	Strongly disagree	strongly disagree	1	My neighborhood is noisy.
Social Determinants of Health	nds_2		agree_1_4	template	high	Disagree	disagree	2	My neighborhood is noisy.
Social Determinants of Health	nds_2		agree_1_4	template	high	Agree	agree	3	My neighborhood is noisy.
Social Determinants of Health	nds_2		agree_1_4	template	high	Strongly agree	strongly agree	4	My neighborhood is noisy.
Social Determinants of Health	nds_3		agree_1_4	template	high	Strongly disagree	strongly disagree	1	Vandalism is common in my neighborhood.
Social Determinants of Health	nds_3		agree_1_4	template	high	Disagree	disagree	2	Vandalism is common in my neighborhood.
Social Determinants of Health	nds_3		agree_1_4	template	high	Agree	agree	3	Vandalism is common in my neighborhood.
Social Determinants of Health	nds_3		agree_1_4	template	high	Strongly agree	strongly agree	4	Vandalism is common in my neighborhood.
Social Determinants of Health	nds_4		agree_1_4	template	high	Strongly disagree	strongly disagree	1	There are lot of abandoned buildings in my neighborhood.
Social Determinants of Health	nds_4		agree_1_4	template	high	Disagree	disagree	2	There are lot of abandoned buildings in my neighborhood.
Social Determinants of Health	nds_4		agree_1_4	template	high	Agree	agree	3	There are lot of abandoned buildings in my neighborhood.
Social Determinants of Health	nds_4		agree_1_4	template	high	Strongly agree	strongly agree	4	There are lot of abandoned buildings in my neighborhood.
Social Determinants of Health	nds_5		agree_1_4	template	high	Strongly disagree	strongly disagree	1	My neighborhood is clean.
Social Determinants of Health	nds_5		agree_1_4	template	high	Disagree	disagree	2	My neighborhood is clean.
Social Determinants of Health	nds_5		agree_1_4	template	high	Agree	agree	3	My neighborhood is clean.
Social Determinants of Health	nds_5		agree_1_4	template	high	Strongly agree	strongly agree	4	My neighborhood is clean.
Social Determinants of Health	nds_6		agree_1_4	template	high	Strongly disagree	strongly disagree	1	People in my neighborhood take good care of their houses and apartments.
Social Determinants of Health	nds_6		agree_1_4	template	high	Disagree	disagree	2	People in my neighborhood take good care of their houses and apartments.
Social Determinants of Health	nds_6		agree_1_4	template	high	Agree	agree	3	People in my neighborhood take good care of their houses and apartments.
Social Determinants of Health	nds_6		agree_1_4	template	high	Strongly agree	strongly agree	4	People in my neighborhood take good care of their houses and apartments.
Social Determinants of Health	nds_7		agree_1_4	template	high	Strongly disagree	strongly disagree	1	There are too many people hanging around on the streets near my home.
Social Determinants of Health	nds_7		agree_1_4	template	high	Disagree	disagree	2	There are too many people hanging around on the streets near my home.
Social Determinants of Health	nds_7		agree_1_4	template	high	Agree	agree	3	There are too many people hanging around on the streets near my home.
Social Determinants of Health	nds_7		agree_1_4	template	high	Strongly agree	strongly agree	4	There are too many people hanging around on the streets near my home.
Social Determinants of Health	nds_8		agree_1_4	template	high	Strongly disagree	strongly disagree	1	There is a lot of crime in my neighborhood.
Social Determinants of Health	nds_8		agree_1_4	template	high	Disagree	disagree	2	There is a lot of crime in my neighborhood.
Social Determinants of Health	nds_8		agree_1_4	template	high	Agree	agree	3	There is a lot of crime in my neighborhood.
Social Determinants of Health	nds_8		agree_1_4	template	high	Strongly agree	strongly agree	4	There is a lot of crime in my neighborhood.
Social Determinants of Health	nds_9		agree_1_4	template	high	Strongly disagree	strongly disagree	1	There is too much drug use in my neighborhood.
Social Determinants of Health	nds_9		agree_1_4	template	high	Disagree	disagree	2	There is too much drug use in my neighborhood.
Social Determinants of Health	nds_9		agree_1_4	template	high	Agree	agree	3	There is too much drug use in my neighborhood.
Social Determinants of Health	nds_9		agree_1_4	template	high	Strongly agree	strongly agree	4	There is too much drug use in my neighborhood.
Social Determinants of Health	nds_10		agree_1_4	template	high	Strongly disagree	strongly disagree	1	There is too much alcohol use in my neighborhood.
Social Determinants of Health	nds_10		agree_1_4	template	high	Disagree	disagree	2	There is too much alcohol use in my neighborhood.
Social Determinants of Health	nds_10		agree_1_4	template	high	Agree	agree	3	There is too much alcohol use in my neighborhood.
Social Determinants of Health	nds_10		agree_1_4	template	high	Strongly agree	strongly agree	4	There is too much alcohol use in my neighborhood.
Social Determinants of Health	nds_11		agree_1_4	template	high	Strongly disagree	strongly disagree	1	I'm always having trouble with my neighbors.
Social Determinants of Health	nds_11		agree_1_4	template	high	Disagree	disagree	2	I'm always having trouble with my neighbors.
Social Determinants of Health	nds_11		agree_1_4	template	high	Agree	agree	3	I'm always having trouble with my neighbors.
Social Determinants of Health	nds_11		agree_1_4	template	high	Strongly agree	strongly agree	4	I'm always having trouble with my neighbors.
Social Determinants of Health	nds_12		agree_1_4	template	high	Strongly disagree	strongly disagree	1	In my neighborhood, people watch out for each other.
Social Determinants of Health	nds_12		agree_1_4	template	high	Disagree	disagree	2	In my neighborhood, people watch out for each other.
Social Determinants of Health	nds_12		agree_1_4	template	high	Agree	agree	3	In my neighborhood, people watch out for each other.
Social Determinants of Health	nds_12		agree_1_4	template	high	Strongly agree	strongly agree	4	In my neighborhood, people watch out for each other.
Social Determinants of Health	nds_13		agree_1_4	template	high	Strongly disagree	strongly disagree	1	My neighborhood is safe.
Social Determinants of Health	nds_13		agree_1_4	template	high	Disagree	disagree	2	My neighborhood is safe.
Social Determinants of Health	nds_13		agree_1_4	template	high	Agree	agree	3	My neighborhood is safe.
Social Determinants of Health	nds_13		agree_1_4	template	high	Strongly agree	strongly agree	4	My neighborhood is safe.
Social Determinants of Health	ips_1	40192458	housing_density_1_5	override	medium	Detached single-family housing	detached single-family housing	1	What is the main type of housing in your neighborhood?
Social Determinants of Health	ips_1	40192458	housing_density_1_5	override	medium	Townhouses, row house, apartments, or condos of 2-3 stories	townhouses, row house, apartments, or condos of 2-3 stories	2	What is the main type of housing in your neighborhood?
Social Determinants of Health	ips_1	40192458	housing_density_1_5	override	medium	Mix of single-family residences and townhouses, row houses, apartments, or condos	mix of single-family residences and townhouses, row houses, apartments, or condos	3	What is the main type of housing in your neighborhood?
Social Determinants of Health	ips_1	40192458	housing_density_1_5	override	medium	Apartments or condos of 4-12 stories	apartments or condos of 4-12 stories	4	What is the main type of housing in your neighborhood?
Social Determinants of Health	ips_1	40192458	housing_density_1_5	override	medium	Apartments or condos of more than 12 stories	apartments or condos of more than 12 stories	5	What is the main type of housing in your neighborhood?
Social Determinants of Health	ips_2	40192436	agree_somewhat_1_4	template	high	Strongly disagree	strongly disagree	1	Many shops, stores, markets or other places to buy things I need are within easy walking distance of my home. Would you say that you...
Social Determinants of Health	ips_2	40192436	agree_somewhat_1_4	template	high	Somewhat disagree	somewhat disagree	2	Many shops, stores, markets or other places to buy things I need are within easy walking distance of my home. Would you say that you...
Social Determinants of Health	ips_2	40192436	agree_somewhat_1_4	template	high	Somewhat agree	somewhat agree	3	Many shops, stores, markets or other places to buy things I need are within easy walking distance of my home. Would you say that you...
Social Determinants of Health	ips_2	40192436	agree_somewhat_1_4	template	high	Strongly agree	strongly agree	4	Many shops, stores, markets or other places to buy things I need are within easy walking distance of my home. Would you say that you...
Social Determinants of Health	ips_3	40192440	agree_somewhat_1_4	template	high	Strongly disagree	strongly disagree	1	It is within a 10-15 minute walk to a transit stop (such as bus, train, trolley, or tram) from my home. Would you say that you...
Social Determinants of Health	ips_3	40192440	agree_somewhat_1_4	template	high	Somewhat disagree	somewhat disagree	2	It is within a 10-15 minute walk to a transit stop (such as bus, train, trolley, or tram) from my home. Would you say that you...
Social Determinants of Health	ips_3	40192440	agree_somewhat_1_4	template	high	Somewhat agree	somewhat agree	3	It is within a 10-15 minute walk to a transit stop (such as bus, train, trolley, or tram) from my home. Would you say that you...
Social Determinants of Health	ips_3	40192440	agree_somewhat_1_4	template	high	Strongly agree	strongly agree	4	It is within a 10-15 minute walk to a transit stop (such as bus, train, trolley, or tram) from my home. Would you say that you...
Social Determinants of Health	ips_4	40192437	agree_somewhat_1_4	template	high	Strongly disagree	strongly disagree	1	There are sidewalks on most of the streets in my neighborhood. Would you say that you...
Social Determinants of Health	ips_4	40192437	agree_somewhat_1_4	template	high	Somewhat disagree	somewhat disagree	2	There are sidewalks on most of the streets in my neighborhood. Would you say that you...
Social Determinants of Health	ips_4	40192437	agree_somewhat_1_4	template	high	Somewhat agree	somewhat agree	3	There are sidewalks on most of the streets in my neighborhood. Would you say that you...
Social Determinants of Health	ips_4	40192437	agree_somewhat_1_4	template	high	Strongly agree	strongly agree	4	There are sidewalks on most of the streets in my neighborhood. Would you say that you...
Social Determinants of Health	ips_5	40192431	agree_somewhat_1_4	template	high	Strongly disagree	strongly disagree	1	There are facilities to bicycle in or near my neighborhood, such as special lanes, separate paths or trails, or shared use paths for cycles and pedestrians. Would you say that you...
Social Determinants of Health	ips_5	40192431	agree_somewhat_1_4	template	high	Somewhat disagree	somewhat disagree	2	There are facilities to bicycle in or near my neighborhood, such as special lanes, separate paths or trails, or shared use paths for cycles and pedestrians. Would you say that you...
Social Determinants of Health	ips_5	40192431	agree_somewhat_1_4	template	high	Somewhat agree	somewhat agree	3	There are facilities to bicycle in or near my neighborhood, such as special lanes, separate paths or trails, or shared use paths for cycles and pedestrians. Would you say that you...
Social Determinants of Health	ips_5	40192431	agree_somewhat_1_4	template	high	Strongly agree	strongly agree	4	There are facilities to bicycle in or near my neighborhood, such as special lanes, separate paths or trails, or shared use paths for cycles and pedestrians. Would you say that you...
Social Determinants of Health	ips_6	40192410	agree_somewhat_1_4	template	high	Strongly disagree	strongly disagree	1	My neighborhood has several free or low-cost recreation facilities, such as parks, walking trails, bike paths, recreation centers, playgrounds, public swimming pools, etc. Would you say that you...
Social Determinants of Health	ips_6	40192410	agree_somewhat_1_4	template	high	Somewhat disagree	somewhat disagree	2	My neighborhood has several free or low-cost recreation facilities, such as parks, walking trails, bike paths, recreation centers, playgrounds, public swimming pools, etc. Would you say that you...
Social Determinants of Health	ips_6	40192410	agree_somewhat_1_4	template	high	Somewhat agree	somewhat agree	3	My neighborhood has several free or low-cost recreation facilities, such as parks, walking trails, bike paths, recreation centers, playgrounds, public swimming pools, etc. Would you say that you...
Social Determinants of Health	ips_6	40192410	agree_somewhat_1_4	template	high	Strongly agree	strongly agree	4	My neighborhood has several free or low-cost recreation facilities, such as parks, walking trails, bike paths, recreation centers, playgrounds, public swimming pools, etc. Would you say that you...
Social Determinants of Health	ips_7	40192492	agree_somewhat_1_4	template	high	Strongly disagree	strongly disagree	1	The crime rate in my neighborhood makes it unsafe to go on walks at night. Would you say that you...
Social Determinants of Health	ips_7	40192492	agree_somewhat_1_4	template	high	Somewhat disagree	somewhat disagree	2	The crime rate in my neighborhood makes it unsafe to go on walks at night. Would you say that you...
Social Determinants of Health	ips_7	40192492	agree_somewhat_1_4	template	high	Somewhat agree	somewhat agree	3	The crime rate in my neighborhood makes it unsafe to go on walks at night. Would you say that you...
Social Determinants of Health	ips_7	40192492	agree_somewhat_1_4	template	high	Strongly agree	strongly agree	4	The crime rate in my neighborhood makes it unsafe to go on walks at night. Would you say that you...
Social Determinants of Health	ips_16	40192414	agree_somewhat_1_4	template	high	Strongly disagree	strongly disagree	1	The crime rate in my neighborhood makes it unsafe to go on walks during the day. Would you say that you...
Social Determinants of Health	ips_16	40192414	agree_somewhat_1_4	template	high	Somewhat disagree	somewhat disagree	2	The crime rate in my neighborhood makes it unsafe to go on walks during the day. Would you say that you...
Social Determinants of Health	ips_16	40192414	agree_somewhat_1_4	template	high	Somewhat agree	somewhat agree	3	The crime rate in my neighborhood makes it unsafe to go on walks during the day. Would you say that you...
Social Determinants of Health	ips_16	40192414	agree_somewhat_1_4	template	high	Strongly agree	strongly agree	4	The crime rate in my neighborhood makes it unsafe to go on walks during the day. Would you say that you...
Social Determinants of Health	sdoh_mos_ss_1		time_none_all_0_4	template	high	None of the time	none of the time	0	Someone to help you if you were confined to bed
Social Determinants of Health	sdoh_mos_ss_1		time_none_all_0_4	template	high	A little of the time	a little of the time	1	Someone to help you if you were confined to bed
Social Determinants of Health	sdoh_mos_ss_1		time_none_all_0_4	template	high	Some of the time	some of the time	2	Someone to help you if you were confined to bed
Social Determinants of Health	sdoh_mos_ss_1		time_none_all_0_4	template	high	Most of the time	most of the time	3	Someone to help you if you were confined to bed
Social Determinants of Health	sdoh_mos_ss_1		time_none_all_0_4	template	high	All of the time	all of the time	4	Someone to help you if you were confined to bed
Social Determinants of Health	sdoh_mos_ss_2		time_none_all_0_4	template	high	None of the time	none of the time	0	Someone to take you to the doctor if you need it
Social Determinants of Health	sdoh_mos_ss_2		time_none_all_0_4	template	high	A little of the time	a little of the time	1	Someone to take you to the doctor if you need it
Social Determinants of Health	sdoh_mos_ss_2		time_none_all_0_4	template	high	Some of the time	some of the time	2	Someone to take you to the doctor if you need it
Social Determinants of Health	sdoh_mos_ss_2		time_none_all_0_4	template	high	Most of the time	most of the time	3	Someone to take you to the doctor if you need it
Social Determinants of Health	sdoh_mos_ss_2		time_none_all_0_4	template	high	All of the time	all of the time	4	Someone to take you to the doctor if you need it
Social Determinants of Health	sdoh_mos_ss_3		time_none_all_0_4	template	high	None of the time	none of the time	0	Someone to prepare your meals if you were unable to do it yourself
Social Determinants of Health	sdoh_mos_ss_3		time_none_all_0_4	template	high	A little of the time	a little of the time	1	Someone to prepare your meals if you were unable to do it yourself
Social Determinants of Health	sdoh_mos_ss_3		time_none_all_0_4	template	high	Some of the time	some of the time	2	Someone to prepare your meals if you were unable to do it yourself
Social Determinants of Health	sdoh_mos_ss_3		time_none_all_0_4	template	high	Most of the time	most of the time	3	Someone to prepare your meals if you were unable to do it yourself
Social Determinants of Health	sdoh_mos_ss_3		time_none_all_0_4	template	high	All of the time	all of the time	4	Someone to prepare your meals if you were unable to do it yourself
Social Determinants of Health	sdoh_mos_ss_4		time_none_all_0_4	template	high	None of the time	none of the time	0	Someone to help with daily chores if you were sick
Social Determinants of Health	sdoh_mos_ss_4		time_none_all_0_4	template	high	A little of the time	a little of the time	1	Someone to help with daily chores if you were sick
Social Determinants of Health	sdoh_mos_ss_4		time_none_all_0_4	template	high	Some of the time	some of the time	2	Someone to help with daily chores if you were sick
Social Determinants of Health	sdoh_mos_ss_4		time_none_all_0_4	template	high	Most of the time	most of the time	3	Someone to help with daily chores if you were sick
Social Determinants of Health	sdoh_mos_ss_4		time_none_all_0_4	template	high	All of the time	all of the time	4	Someone to help with daily chores if you were sick
Social Determinants of Health	sdoh_mos_ss_5		time_none_all_0_4	template	high	None of the time	none of the time	0	Someone to have a good time with
Social Determinants of Health	sdoh_mos_ss_5		time_none_all_0_4	template	high	A little of the time	a little of the time	1	Someone to have a good time with
Social Determinants of Health	sdoh_mos_ss_5		time_none_all_0_4	template	high	Some of the time	some of the time	2	Someone to have a good time with
Social Determinants of Health	sdoh_mos_ss_5		time_none_all_0_4	template	high	Most of the time	most of the time	3	Someone to have a good time with
Social Determinants of Health	sdoh_mos_ss_5		time_none_all_0_4	template	high	All of the time	all of the time	4	Someone to have a good time with
Social Determinants of Health	sdoh_mos_ss_6		time_none_all_0_4	template	high	None of the time	none of the time	0	Someone to turn to for suggestions about how to deal with a personal problem
Social Determinants of Health	sdoh_mos_ss_6		time_none_all_0_4	template	high	A little of the time	a little of the time	1	Someone to turn to for suggestions about how to deal with a personal problem
Social Determinants of Health	sdoh_mos_ss_6		time_none_all_0_4	template	high	Some of the time	some of the time	2	Someone to turn to for suggestions about how to deal with a personal problem
Social Determinants of Health	sdoh_mos_ss_6		time_none_all_0_4	template	high	Most of the time	most of the time	3	Someone to turn to for suggestions about how to deal with a personal problem
Social Determinants of Health	sdoh_mos_ss_6		time_none_all_0_4	template	high	All of the time	all of the time	4	Someone to turn to for suggestions about how to deal with a personal problem
Social Determinants of Health	sdoh_mos_ss_7		time_none_all_0_4	template	high	None of the time	none of the time	0	Someone who understands your problems
Social Determinants of Health	sdoh_mos_ss_7		time_none_all_0_4	template	high	A little of the time	a little of the time	1	Someone who understands your problems
Social Determinants of Health	sdoh_mos_ss_7		time_none_all_0_4	template	high	Some of the time	some of the time	2	Someone who understands your problems
Social Determinants of Health	sdoh_mos_ss_7		time_none_all_0_4	template	high	Most of the time	most of the time	3	Someone who understands your problems
Social Determinants of Health	sdoh_mos_ss_7		time_none_all_0_4	template	high	All of the time	all of the time	4	Someone who understands your problems
Social Determinants of Health	sdoh_mos_ss_8		time_none_all_0_4	template	high	None of the time	none of the time	0	Someone to love and make you feel wanted
Social Determinants of Health	sdoh_mos_ss_8		time_none_all_0_4	template	high	A little of the time	a little of the time	1	Someone to love and make you feel wanted
Social Determinants of Health	sdoh_mos_ss_8		time_none_all_0_4	template	high	Some of the time	some of the time	2	Someone to love and make you feel wanted
Social Determinants of Health	sdoh_mos_ss_8		time_none_all_0_4	template	high	Most of the time	most of the time	3	Someone to love and make you feel wanted
Social Determinants of Health	sdoh_mos_ss_8		time_none_all_0_4	template	high	All of the time	all of the time	4	Someone to love and make you feel wanted
Social Determinants of Health	sdoh_ucla_ls8_2		freq_never_veryoften_0_4	template	high	Never	never	0	I lack companionship
Social Determinants of Health	sdoh_ucla_ls8_2		freq_never_veryoften_0_4	template	high	Rarely	rarely	1	I lack companionship
Social Determinants of Health	sdoh_ucla_ls8_2		freq_never_veryoften_0_4	template	high	Sometimes	sometimes	2	I lack companionship
Social Determinants of Health	sdoh_ucla_ls8_2		freq_never_veryoften_0_4	template	high	Often	often	3	I lack companionship
Social Determinants of Health	sdoh_ucla_ls8_3		freq_never_veryoften_0_4	template	high	Never	never	0	There is no one I can turn to
Social Determinants of Health	sdoh_ucla_ls8_3		freq_never_veryoften_0_4	template	high	Rarely	rarely	1	There is no one I can turn to
Social Determinants of Health	sdoh_ucla_ls8_3		freq_never_veryoften_0_4	template	high	Sometimes	sometimes	2	There is no one I can turn to
Social Determinants of Health	sdoh_ucla_ls8_3		freq_never_veryoften_0_4	template	high	Often	often	3	There is no one I can turn to
Social Determinants of Health	sdoh_ucla_ls8_9		freq_never_veryoften_0_4	template	high	Never	never	0	I am an outgoing person
Social Determinants of Health	sdoh_ucla_ls8_9		freq_never_veryoften_0_4	template	high	Rarely	rarely	1	I am an outgoing person
Social Determinants of Health	sdoh_ucla_ls8_9		freq_never_veryoften_0_4	template	high	Sometimes	sometimes	2	I am an outgoing person
Social Determinants of Health	sdoh_ucla_ls8_9		freq_never_veryoften_0_4	template	high	Often	often	3	I am an outgoing person
Social Determinants of Health	sdoh_ucla_ls8_11		freq_never_veryoften_0_4	template	high	Never	never	0	I feel left out
Social Determinants of Health	sdoh_ucla_ls8_11		freq_never_veryoften_0_4	template	high	Rarely	rarely	1	I feel left out
Social Determinants of Health	sdoh_ucla_ls8_11		freq_never_veryoften_0_4	template	high	Sometimes	sometimes	2	I feel left out
Social Determinants of Health	sdoh_ucla_ls8_11		freq_never_veryoften_0_4	template	high	Often	often	3	I feel left out
Social Determinants of Health	sdoh_ucla_ls8_14		freq_never_veryoften_0_4	template	high	Never	never	0	I feel isolated from others
Social Determinants of Health	sdoh_ucla_ls8_14		freq_never_veryoften_0_4	template	high	Rarely	rarely	1	I feel isolated from others
Social Determinants of Health	sdoh_ucla_ls8_14		freq_never_veryoften_0_4	template	high	Sometimes	sometimes	2	I feel isolated from others
Social Determinants of Health	sdoh_ucla_ls8_14		freq_never_veryoften_0_4	template	high	Often	often	3	I feel isolated from others
Social Determinants of Health	sdoh_ucla_ls8_15	40192516	freq_never_veryoften_0_4	template	high	Never	never	0	I can find companionship when I want it
Social Determinants of Health	sdoh_ucla_ls8_15	40192516	freq_never_veryoften_0_4	template	high	Rarely	rarely	1	I can find companionship when I want it
Social Determinants of Health	sdoh_ucla_ls8_15	40192516	freq_never_veryoften_0_4	template	high	Sometimes	sometimes	2	I can find companionship when I want it
Social Determinants of Health	sdoh_ucla_ls8_15	40192516	freq_never_veryoften_0_4	template	high	Often	often	3	I can find companionship when I want it
Social Determinants of Health	sdoh_ucla_ls8_17		freq_never_veryoften_0_4	template	high	Never	never	0	I am unhappy being so withdrawn
Social Determinants of Health	sdoh_ucla_ls8_17		freq_never_veryoften_0_4	template	high	Rarely	rarely	1	I am unhappy being so withdrawn
Social Determinants of Health	sdoh_ucla_ls8_17		freq_never_veryoften_0_4	template	high	Sometimes	sometimes	2	I am unhappy being so withdrawn
Social Determinants of Health	sdoh_ucla_ls8_17		freq_never_veryoften_0_4	template	high	Often	often	3	I am unhappy being so withdrawn
Social Determinants of Health	sdoh_ucla_ls8_18		freq_never_veryoften_0_4	template	high	Never	never	0	People are around me but not with me
Social Determinants of Health	sdoh_ucla_ls8_18		freq_never_veryoften_0_4	template	high	Rarely	rarely	1	People are around me but not with me
Social Determinants of Health	sdoh_ucla_ls8_18		freq_never_veryoften_0_4	template	high	Sometimes	sometimes	2	People are around me but not with me
Social Determinants of Health	sdoh_ucla_ls8_18		freq_never_veryoften_0_4	template	high	Often	often	3	People are around me but not with me
Social Determinants of Health	sdoh_eds_1		freq_event_0_5	template	high	Almost everyday	almost everyday	5	You are treated with less courtesy than other people are.
Social Determinants of Health	sdoh_eds_1		freq_event_0_5	template	high	At least once a week	at least once a week	4	You are treated with less courtesy than other people are.
Social Determinants of Health	sdoh_eds_1		freq_event_0_5	template	high	A few times a month	a few times a month	3	You are treated with less courtesy than other people are.
Social Determinants of Health	sdoh_eds_1		freq_event_0_5	template	high	A few times a year	a few times a year	2	You are treated with less courtesy than other people are.
Social Determinants of Health	sdoh_eds_1		freq_event_0_5	template	high	Less than once a year	less than once a year	1	You are treated with less courtesy than other people are.
Social Determinants of Health	sdoh_eds_1		freq_event_0_5	template	high	Never	never	0	You are treated with less courtesy than other people are.
Social Determinants of Health	sdoh_eds_2		freq_event_0_5	template	high	Almost everyday	almost everyday	5	You are treated with less respect than other people are.
Social Determinants of Health	sdoh_eds_2		freq_event_0_5	template	high	At least once a week	at least once a week	4	You are treated with less respect than other people are.
Social Determinants of Health	sdoh_eds_2		freq_event_0_5	template	high	A few times a month	a few times a month	3	You are treated with less respect than other people are.
Social Determinants of Health	sdoh_eds_2		freq_event_0_5	template	high	A few times a year	a few times a year	2	You are treated with less respect than other people are.
Social Determinants of Health	sdoh_eds_2		freq_event_0_5	template	high	Less than once a year	less than once a year	1	You are treated with less respect than other people are.
Social Determinants of Health	sdoh_eds_2		freq_event_0_5	template	high	Never	never	0	You are treated with less respect than other people are.
Social Determinants of Health	sdoh_eds_3		freq_event_0_5	template	high	Almost everyday	almost everyday	5	You receive poorer service than other people at restaurants or stores.
Social Determinants of Health	sdoh_eds_3		freq_event_0_5	template	high	At least once a week	at least once a week	4	You receive poorer service than other people at restaurants or stores.
Social Determinants of Health	sdoh_eds_3		freq_event_0_5	template	high	A few times a month	a few times a month	3	You receive poorer service than other people at restaurants or stores.
Social Determinants of Health	sdoh_eds_3		freq_event_0_5	template	high	A few times a year	a few times a year	2	You receive poorer service than other people at restaurants or stores.
Social Determinants of Health	sdoh_eds_3		freq_event_0_5	template	high	Less than once a year	less than once a year	1	You receive poorer service than other people at restaurants or stores.
Social Determinants of Health	sdoh_eds_3		freq_event_0_5	template	high	Never	never	0	You receive poorer service than other people at restaurants or stores.
Social Determinants of Health	sdoh_eds_4		freq_event_0_5	template	high	Almost everyday	almost everyday	5	People act as if they think you are not smart.
Social Determinants of Health	sdoh_eds_4		freq_event_0_5	template	high	At least once a week	at least once a week	4	People act as if they think you are not smart.
Social Determinants of Health	sdoh_eds_4		freq_event_0_5	template	high	A few times a month	a few times a month	3	People act as if they think you are not smart.
Social Determinants of Health	sdoh_eds_4		freq_event_0_5	template	high	A few times a year	a few times a year	2	People act as if they think you are not smart.
Social Determinants of Health	sdoh_eds_4		freq_event_0_5	template	high	Less than once a year	less than once a year	1	People act as if they think you are not smart.
Social Determinants of Health	sdoh_eds_4		freq_event_0_5	template	high	Never	never	0	People act as if they think you are not smart.
Social Determinants of Health	sdoh_eds_5		freq_event_0_5	template	high	Almost everyday	almost everyday	5	People act as if they are afraid of you.
Social Determinants of Health	sdoh_eds_5		freq_event_0_5	template	high	At least once a week	at least once a week	4	People act as if they are afraid of you.
Social Determinants of Health	sdoh_eds_5		freq_event_0_5	template	high	A few times a month	a few times a month	3	People act as if they are afraid of you.
Social Determinants of Health	sdoh_eds_5		freq_event_0_5	template	high	A few times a year	a few times a year	2	People act as if they are afraid of you.
Social Determinants of Health	sdoh_eds_5		freq_event_0_5	template	high	Less than once a year	less than once a year	1	People act as if they are afraid of you.
Social Determinants of Health	sdoh_eds_5		freq_event_0_5	template	high	Never	never	0	People act as if they are afraid of you.
Social Determinants of Health	sdoh_eds_6		freq_event_0_5	template	high	Almost everyday	almost everyday	5	People act as if they think you are dishonest.
Social Determinants of Health	sdoh_eds_6		freq_event_0_5	template	high	At least once a week	at least once a week	4	People act as if they think you are dishonest.
Social Determinants of Health	sdoh_eds_6		freq_event_0_5	template	high	A few times a month	a few times a month	3	People act as if they think you are dishonest.
Social Determinants of Health	sdoh_eds_6		freq_event_0_5	template	high	A few times a year	a few times a year	2	People act as if they think you are dishonest.
Social Determinants of Health	sdoh_eds_6		freq_event_0_5	template	high	Less than once a year	less than once a year	1	People act as if they think you are dishonest.
Social Determinants of Health	sdoh_eds_6		freq_event_0_5	template	high	Never	never	0	People act as if they think you are dishonest.
Social Determinants of Health	sdoh_eds_7		freq_event_0_5	template	high	Almost everyday	almost everyday	5	People act as if they're better than you are.
Social Determinants of Health	sdoh_eds_7		freq_event_0_5	template	high	At least once a week	at least once a week	4	People act as if they're better than you are.
Social Determinants of Health	sdoh_eds_7		freq_event_0_5	template	high	A few times a month	a few times a month	3	People act as if they're better than you are.
Social Determinants of Health	sdoh_eds_7		freq_event_0_5	template	high	A few times a year	a few times a year	2	People act as if they're better than you are.
Social Determinants of Health	sdoh_eds_7		freq_event_0_5	template	high	Less than once a year	less than once a year	1	People act as if they're better than you are.
Social Determinants of Health	sdoh_eds_7		freq_event_0_5	template	high	Never	never	0	People act as if they're better than you are.
Social Determinants of Health	sdoh_eds_8		freq_event_0_5	template	high	Almost everyday	almost everyday	5	You are called names or insulted.
Social Determinants of Health	sdoh_eds_8		freq_event_0_5	template	high	At least once a week	at least once a week	4	You are called names or insulted.
Social Determinants of Health	sdoh_eds_8		freq_event_0_5	template	high	A few times a month	a few times a month	3	You are called names or insulted.
Social Determinants of Health	sdoh_eds_8		freq_event_0_5	template	high	A few times a year	a few times a year	2	You are called names or insulted.
Social Determinants of Health	sdoh_eds_8		freq_event_0_5	template	high	Less than once a year	less than once a year	1	You are called names or insulted.
Social Determinants of Health	sdoh_eds_8		freq_event_0_5	template	high	Never	never	0	You are called names or insulted.
Social Determinants of Health	sdoh_eds_9		freq_event_0_5	template	high	Almost everyday	almost everyday	5	You are threatened or harassed.
Social Determinants of Health	sdoh_eds_9		freq_event_0_5	template	high	At least once a week	at least once a week	4	You are threatened or harassed.
Social Determinants of Health	sdoh_eds_9		freq_event_0_5	template	high	A few times a month	a few times a month	3	You are threatened or harassed.
Social Determinants of Health	sdoh_eds_9		freq_event_0_5	template	high	A few times a year	a few times a year	2	You are threatened or harassed.
Social Determinants of Health	sdoh_eds_9		freq_event_0_5	template	high	Less than once a year	less than once a year	1	You are threatened or harassed.
Social Determinants of Health	sdoh_eds_9		freq_event_0_5	template	high	Never	never	0	You are threatened or harassed.
Social Determinants of Health	sdoh_dms_1		freq_never_always_0_4	template	high	Never	never	0	You are treated with less courtesy than other people.
Social Determinants of Health	sdoh_dms_1		freq_never_always_0_4	template	high	Rarely	rarely	1	You are treated with less courtesy than other people.
Social Determinants of Health	sdoh_dms_1		freq_never_always_0_4	template	high	Sometimes	sometimes	2	You are treated with less courtesy than other people.
Social Determinants of Health	sdoh_dms_1		freq_never_always_0_4	template	high	Most of the time	most of the time	3	You are treated with less courtesy than other people.
Social Determinants of Health	sdoh_dms_1		freq_never_always_0_4	template	high	Always	always	4	You are treated with less courtesy than other people.
Social Determinants of Health	sdoh_dms_2		freq_never_always_0_4	template	high	Never	never	0	You are treated with less respect than other people.
Social Determinants of Health	sdoh_dms_2		freq_never_always_0_4	template	high	Rarely	rarely	1	You are treated with less respect than other people.
Social Determinants of Health	sdoh_dms_2		freq_never_always_0_4	template	high	Sometimes	sometimes	2	You are treated with less respect than other people.
Social Determinants of Health	sdoh_dms_2		freq_never_always_0_4	template	high	Most of the time	most of the time	3	You are treated with less respect than other people.
Social Determinants of Health	sdoh_dms_2		freq_never_always_0_4	template	high	Always	always	4	You are treated with less respect than other people.
Social Determinants of Health	sdoh_dms_3		freq_never_always_0_4	template	high	Never	never	0	You receive poorer service than others.
Social Determinants of Health	sdoh_dms_3		freq_never_always_0_4	template	high	Rarely	rarely	1	You receive poorer service than others.
Social Determinants of Health	sdoh_dms_3		freq_never_always_0_4	template	high	Sometimes	sometimes	2	You receive poorer service than others.
Social Determinants of Health	sdoh_dms_3		freq_never_always_0_4	template	high	Most of the time	most of the time	3	You receive poorer service than others.
Social Determinants of Health	sdoh_dms_3		freq_never_always_0_4	template	high	Always	always	4	You receive poorer service than others.
Social Determinants of Health	sdoh_dms_4		freq_never_always_0_4	template	high	Never	never	0	A doctor or nurse acts as if he or she thinks you are not smart.
Social Determinants of Health	sdoh_dms_4		freq_never_always_0_4	template	high	Rarely	rarely	1	A doctor or nurse acts as if he or she thinks you are not smart.
Social Determinants of Health	sdoh_dms_4		freq_never_always_0_4	template	high	Sometimes	sometimes	2	A doctor or nurse acts as if he or she thinks you are not smart.
Social Determinants of Health	sdoh_dms_4		freq_never_always_0_4	template	high	Most of the time	most of the time	3	A doctor or nurse acts as if he or she thinks you are not smart.
Social Determinants of Health	sdoh_dms_4		freq_never_always_0_4	template	high	Always	always	4	A doctor or nurse acts as if he or she thinks you are not smart.
Social Determinants of Health	sdoh_dms_5		freq_never_always_0_4	template	high	Never	never	0	A doctor or nurse acts as if he or she is afraid of you.
Social Determinants of Health	sdoh_dms_5		freq_never_always_0_4	template	high	Rarely	rarely	1	A doctor or nurse acts as if he or she is afraid of you.
Social Determinants of Health	sdoh_dms_5		freq_never_always_0_4	template	high	Sometimes	sometimes	2	A doctor or nurse acts as if he or she is afraid of you.
Social Determinants of Health	sdoh_dms_5		freq_never_always_0_4	template	high	Most of the time	most of the time	3	A doctor or nurse acts as if he or she is afraid of you.
Social Determinants of Health	sdoh_dms_5		freq_never_always_0_4	template	high	Always	always	4	A doctor or nurse acts as if he or she is afraid of you.
Social Determinants of Health	sdoh_dms_7		freq_never_always_0_4	template	high	Never	never	0	A doctor or nurse acts as if he or she is better than you.
Social Determinants of Health	sdoh_dms_7		freq_never_always_0_4	template	high	Rarely	rarely	1	A doctor or nurse acts as if he or she is better than you.
Social Determinants of Health	sdoh_dms_7		freq_never_always_0_4	template	high	Sometimes	sometimes	2	A doctor or nurse acts as if he or she is better than you.
Social Determinants of Health	sdoh_dms_7		freq_never_always_0_4	template	high	Most of the time	most of the time	3	A doctor or nurse acts as if he or she is better than you.
Social Determinants of Health	sdoh_dms_7		freq_never_always_0_4	template	high	Always	always	4	A doctor or nurse acts as if he or she is better than you.
Social Determinants of Health	sdoh_dms_6		freq_never_always_0_4	template	high	Never	never	0	You feel like a doctor or nurse is not listening to what you were saying.
Social Determinants of Health	sdoh_dms_6		freq_never_always_0_4	template	high	Rarely	rarely	1	You feel like a doctor or nurse is not listening to what you were saying.
Social Determinants of Health	sdoh_dms_6		freq_never_always_0_4	template	high	Sometimes	sometimes	2	You feel like a doctor or nurse is not listening to what you were saying.
Social Determinants of Health	sdoh_dms_6		freq_never_always_0_4	template	high	Most of the time	most of the time	3	You feel like a doctor or nurse is not listening to what you were saying.
Social Determinants of Health	sdoh_dms_6		freq_never_always_0_4	template	high	Always	always	4	You feel like a doctor or nurse is not listening to what you were saying.
Social Determinants of Health	hvs_1		food_insecurity_0_2	template	high	Often true	often true	2	Within the past 12 months, we worried whether our food would run out before we got money to buy more.
Social Determinants of Health	hvs_1		food_insecurity_0_2	template	high	Sometimes true	sometimes true	1	Within the past 12 months, we worried whether our food would run out before we got money to buy more.
Social Determinants of Health	hvs_1		food_insecurity_0_2	template	high	Never true	never true	0	Within the past 12 months, we worried whether our food would run out before we got money to buy more.
Social Determinants of Health	hvs_2		food_insecurity_0_2	template	high	Often true	often true	2	Within the past 12 months, the food we bought just didn't last and we didn't have money to get more.
Social Determinants of Health	hvs_2		food_insecurity_0_2	template	high	Sometimes true	sometimes true	1	Within the past 12 months, the food we bought just didn't last and we didn't have money to get more.
Social Determinants of Health	hvs_2		food_insecurity_0_2	template	high	Never true	never true	0	Within the past 12 months, the food we bought just didn't last and we didn't have money to get more.
Social Determinants of Health	sdoh_cpss_1	1332878	freq_pss_0_4	template	high	Never	never	0	In the last month, how often have you been upset because of something that happened unexpectedly?
Social Determinants of Health	sdoh_cpss_1	1332878	freq_pss_0_4	template	high	Almost Never	almost never	1	In the last month, how often have you been upset because of something that happened unexpectedly?
Social Determinants of Health	sdoh_cpss_1	1332878	freq_pss_0_4	template	high	Sometimes	sometimes	2	In the last month, how often have you been upset because of something that happened unexpectedly?
Social Determinants of Health	sdoh_cpss_1	1332878	freq_pss_0_4	template	high	Fairly Often	fairly often	3	In the last month, how often have you been upset because of something that happened unexpectedly?
Social Determinants of Health	sdoh_cpss_1	1332878	freq_pss_0_4	template	high	Very Often	very often	4	In the last month, how often have you been upset because of something that happened unexpectedly?
Social Determinants of Health	sdoh_cpss_2	1332794	freq_pss_0_4	template	high	Never	never	0	In the last month, how often have you felt that you were unable to control the important things in your life?
Social Determinants of Health	sdoh_cpss_2	1332794	freq_pss_0_4	template	high	Almost Never	almost never	1	In the last month, how often have you felt that you were unable to control the important things in your life?
Social Determinants of Health	sdoh_cpss_2	1332794	freq_pss_0_4	template	high	Sometimes	sometimes	2	In the last month, how often have you felt that you were unable to control the important things in your life?
Social Determinants of Health	sdoh_cpss_2	1332794	freq_pss_0_4	template	high	Fairly Often	fairly often	3	In the last month, how often have you felt that you were unable to control the important things in your life?
Social Determinants of Health	sdoh_cpss_2	1332794	freq_pss_0_4	template	high	Very Often	very often	4	In the last month, how often have you felt that you were unable to control the important things in your life?
Social Determinants of Health	sdoh_cpss_3	1332854	freq_pss_0_4	template	high	Never	never	0	"In the last month, how often have you felt nervous and ""stressed""?"
Social Determinants of Health	sdoh_cpss_3	1332854	freq_pss_0_4	template	high	Almost Never	almost never	1	"In the last month, how often have you felt nervous and ""stressed""?"
Social Determinants of Health	sdoh_cpss_3	1332854	freq_pss_0_4	template	high	Sometimes	sometimes	2	"In the last month, how often have you felt nervous and ""stressed""?"
Social Determinants of Health	sdoh_cpss_3	1332854	freq_pss_0_4	template	high	Fairly Often	fairly often	3	"In the last month, how often have you felt nervous and ""stressed""?"
Social Determinants of Health	sdoh_cpss_3	1332854	freq_pss_0_4	template	high	Very Often	very often	4	"In the last month, how often have you felt nervous and ""stressed""?"
Social Determinants of Health	sdoh_cpss_4	1332861	freq_pss_0_4	template	high	Never	never	0	In the last month, how often have you felt confident about your ability to handle your personal problems?
Social Determinants of Health	sdoh_cpss_4	1332861	freq_pss_0_4	template	high	Almost Never	almost never	1	In the last month, how often have you felt confident about your ability to handle your personal problems?
Social Determinants of Health	sdoh_cpss_4	1332861	freq_pss_0_4	template	high	Sometimes	sometimes	2	In the last month, how often have you felt confident about your ability to handle your personal problems?
Social Determinants of Health	sdoh_cpss_4	1332861	freq_pss_0_4	template	high	Fairly Often	fairly often	3	In the last month, how often have you felt confident about your ability to handle your personal problems?
Social Determinants of Health	sdoh_cpss_4	1332861	freq_pss_0_4	template	high	Very Often	very often	4	In the last month, how often have you felt confident about your ability to handle your personal problems?
Social Determinants of Health	sdoh_cpss_5	1332862	freq_pss_0_4	template	high	Never	never	0	In the last month, how often have you felt that things were going your way?
Social Determinants of Health	sdoh_cpss_5	1332862	freq_pss_0_4	template	high	Almost Never	almost never	1	In the last month, how often have you felt that things were going your way?
Social Determinants of Health	sdoh_cpss_5	1332862	freq_pss_0_4	template	high	Sometimes	sometimes	2	In the last month, how often have you felt that things were going your way?
Social Determinants of Health	sdoh_cpss_5	1332862	freq_pss_0_4	template	high	Fairly Often	fairly often	3	In the last month, how often have you felt that things were going your way?
Social Determinants of Health	sdoh_cpss_5	1332862	freq_pss_0_4	template	high	Very Often	very often	4	In the last month, how often have you felt that things were going your way?
Social Determinants of Health	sdoh_cpss_6	1332863	freq_pss_0_4	template	high	Never	never	0	In the last month, how often have you found that you could not cope with all the things that you had to do?
Social Determinants of Health	sdoh_cpss_6	1332863	freq_pss_0_4	template	high	Almost Never	almost never	1	In the last month, how often have you found that you could not cope with all the things that you had to do?
Social Determinants of Health	sdoh_cpss_6	1332863	freq_pss_0_4	template	high	Sometimes	sometimes	2	In the last month, how often have you found that you could not cope with all the things that you had to do?
Social Determinants of Health	sdoh_cpss_6	1332863	freq_pss_0_4	template	high	Fairly Often	fairly often	3	In the last month, how often have you found that you could not cope with all the things that you had to do?
Social Determinants of Health	sdoh_cpss_6	1332863	freq_pss_0_4	template	high	Very Often	very often	4	In the last month, how often have you found that you could not cope with all the things that you had to do?
Social Determinants of Health	sdoh_cpss_7	1332944	freq_pss_0_4	template	high	Never	never	0	In the last month, how often have you been able to control irritations in your life?
Social Determinants of Health	sdoh_cpss_7	1332944	freq_pss_0_4	template	high	Almost Never	almost never	1	In the last month, how often have you been able to control irritations in your life?
Social Determinants of Health	sdoh_cpss_7	1332944	freq_pss_0_4	template	high	Sometimes	sometimes	2	In the last month, how often have you been able to control irritations in your life?
Social Determinants of Health	sdoh_cpss_7	1332944	freq_pss_0_4	template	high	Fairly Often	fairly often	3	In the last month, how often have you been able to control irritations in your life?
Social Determinants of Health	sdoh_cpss_7	1332944	freq_pss_0_4	template	high	Very Often	very often	4	In the last month, how often have you been able to control irritations in your life?
Social Determinants of Health	sdoh_cpss_8	1332868	freq_pss_0_4	template	high	Never	never	0	In the last month, how often have you felt that you were on top of things?
Social Determinants of Health	sdoh_cpss_8	1332868	freq_pss_0_4	template	high	Almost Never	almost never	1	In the last month, how often have you felt that you were on top of things?
Social Determinants of Health	sdoh_cpss_8	1332868	freq_pss_0_4	template	high	Sometimes	sometimes	2	In the last month, how often have you felt that you were on top of things?
Social Determinants of Health	sdoh_cpss_8	1332868	freq_pss_0_4	template	high	Fairly Often	fairly often	3	In the last month, how often have you felt that you were on top of things?
Social Determinants of Health	sdoh_cpss_8	1332868	freq_pss_0_4	template	high	Very Often	very often	4	In the last month, how often have you felt that you were on top of things?
Social Determinants of Health	sdoh_cpss_9	1332869	freq_pss_0_4	template	high	Never	never	0	In the last month, how often have you been angered because of things that were outside of your control?
Social Determinants of Health	sdoh_cpss_9	1332869	freq_pss_0_4	template	high	Almost Never	almost never	1	In the last month, how often have you been angered because of things that were outside of your control?
Social Determinants of Health	sdoh_cpss_9	1332869	freq_pss_0_4	template	high	Sometimes	sometimes	2	In the last month, how often have you been angered because of things that were outside of your control?
Social Determinants of Health	sdoh_cpss_9	1332869	freq_pss_0_4	template	high	Fairly Often	fairly often	3	In the last month, how often have you been angered because of things that were outside of your control?
Social Determinants of Health	sdoh_cpss_9	1332869	freq_pss_0_4	template	high	Very Often	very often	4	In the last month, how often have you been angered because of things that were outside of your control?
Social Determinants of Health	sdoh_cpss_10	1332998	freq_pss_0_4	template	high	Never	never	0	In the last month, how often have you felt difficulties were piling up so high that you could not overcome them?
Social Determinants of Health	sdoh_cpss_10	1332998	freq_pss_0_4	template	high	Almost Never	almost never	1	In the last month, how often have you felt difficulties were piling up so high that you could not overcome them?
Social Determinants of Health	sdoh_cpss_10	1332998	freq_pss_0_4	template	high	Sometimes	sometimes	2	In the last month, how often have you felt difficulties were piling up so high that you could not overcome them?
Social Determinants of Health	sdoh_cpss_10	1332998	freq_pss_0_4	template	high	Fairly Often	fairly often	3	In the last month, how often have you felt difficulties were piling up so high that you could not overcome them?
Social Determinants of Health	sdoh_cpss_10	1332998	freq_pss_0_4	template	high	Very Often	very often	4	In the last month, how often have you felt difficulties were piling up so high that you could not overcome them?
Social Determinants of Health	bmmrs_1		spiritual_frequency_0_5	template	medium	Many times a day	many times a day	5	I feel God's (or a higher power's) presence
Social Determinants of Health	bmmrs_1		spiritual_frequency_0_5	template	medium	Every day	every day	4	I feel God's (or a higher power's) presence
Social Determinants of Health	bmmrs_1		spiritual_frequency_0_5	template	medium	Most days	most days	3	I feel God's (or a higher power's) presence
Social Determinants of Health	bmmrs_1		spiritual_frequency_0_5	template	medium	Some days	some days	2	I feel God's (or a higher power's) presence
Social Determinants of Health	bmmrs_1		spiritual_frequency_0_5	template	medium	Once in a while	once in a while	1	I feel God's (or a higher power's) presence
Social Determinants of Health	bmmrs_1		spiritual_frequency_0_5	template	medium	Never or almost never	never or almost never	0	I feel God's (or a higher power's) presence
Social Determinants of Health	bmmrs_1		spiritual_frequency_0_5	template	medium	I do not believe in God (or a higher power)	i do not believe in god (or a higher power)	0	I feel God's (or a higher power's) presence
Social Determinants of Health	bmmrs_2		spiritual_frequency_0_5	template	medium	Many times a day	many times a day	5	I find strength and comfort in my religion
Social Determinants of Health	bmmrs_2		spiritual_frequency_0_5	template	medium	Every day	every day	4	I find strength and comfort in my religion
Social Determinants of Health	bmmrs_2		spiritual_frequency_0_5	template	medium	Most days	most days	3	I find strength and comfort in my religion
Social Determinants of Health	bmmrs_2		spiritual_frequency_0_5	template	medium	Some days	some days	2	I find strength and comfort in my religion
Social Determinants of Health	bmmrs_2		spiritual_frequency_0_5	template	medium	Once in a while	once in a while	1	I find strength and comfort in my religion
Social Determinants of Health	bmmrs_2		spiritual_frequency_0_5	template	medium	Never or almost never	never or almost never	0	I find strength and comfort in my religion
Social Determinants of Health	bmmrs_2		spiritual_frequency_0_5	template	medium	I am not religious	i am not religious	0	I find strength and comfort in my religion
Social Determinants of Health	bmmrs_3		spiritual_frequency_0_5	template	medium	Many times a day	many times a day	5	I feel deep inner peace or harmony
Social Determinants of Health	bmmrs_3		spiritual_frequency_0_5	template	medium	Every day	every day	4	I feel deep inner peace or harmony
Social Determinants of Health	bmmrs_3		spiritual_frequency_0_5	template	medium	Most days	most days	3	I feel deep inner peace or harmony
Social Determinants of Health	bmmrs_3		spiritual_frequency_0_5	template	medium	Some days	some days	2	I feel deep inner peace or harmony
Social Determinants of Health	bmmrs_3		spiritual_frequency_0_5	template	medium	Once in a while	once in a while	1	I feel deep inner peace or harmony
Social Determinants of Health	bmmrs_3		spiritual_frequency_0_5	template	medium	Never or almost never	never or almost never	0	I feel deep inner peace or harmony
Social Determinants of Health	bmmrs_4		spiritual_frequency_0_5	template	medium	Many times a day	many times a day	5	I desire to be closer to or in union with God (or a higher power)
Social Determinants of Health	bmmrs_4		spiritual_frequency_0_5	template	medium	Every day	every day	4	I desire to be closer to or in union with God (or a higher power)
Social Determinants of Health	bmmrs_4		spiritual_frequency_0_5	template	medium	Most days	most days	3	I desire to be closer to or in union with God (or a higher power)
Social Determinants of Health	bmmrs_4		spiritual_frequency_0_5	template	medium	Some days	some days	2	I desire to be closer to or in union with God (or a higher power)
Social Determinants of Health	bmmrs_4		spiritual_frequency_0_5	template	medium	Once in a while	once in a while	1	I desire to be closer to or in union with God (or a higher power)
Social Determinants of Health	bmmrs_4		spiritual_frequency_0_5	template	medium	Never or almost never	never or almost never	0	I desire to be closer to or in union with God (or a higher power)
Social Determinants of Health	bmmrs_4		spiritual_frequency_0_5	template	medium	I do not believe in God (or a higher power)	i do not believe in god (or a higher power)	0	I desire to be closer to or in union with God (or a higher power)
Social Determinants of Health	bmmrs_5		spiritual_frequency_0_5	template	medium	Many times a day	many times a day	5	I feel God's (or a higher power's) love for me, directly or through others
Social Determinants of Health	bmmrs_5		spiritual_frequency_0_5	template	medium	Every day	every day	4	I feel God's (or a higher power's) love for me, directly or through others
Social Determinants of Health	bmmrs_5		spiritual_frequency_0_5	template	medium	Most days	most days	3	I feel God's (or a higher power's) love for me, directly or through others
Social Determinants of Health	bmmrs_5		spiritual_frequency_0_5	template	medium	Some days	some days	2	I feel God's (or a higher power's) love for me, directly or through others
Social Determinants of Health	bmmrs_5		spiritual_frequency_0_5	template	medium	Once in a while	once in a while	1	I feel God's (or a higher power's) love for me, directly or through others
Social Determinants of Health	bmmrs_5		spiritual_frequency_0_5	template	medium	Never or almost never	never or almost never	0	I feel God's (or a higher power's) love for me, directly or through others
Social Determinants of Health	bmmrs_5		spiritual_frequency_0_5	template	medium	I do not believe in God (or a higher power)	i do not believe in god (or a higher power)	0	I feel God's (or a higher power's) love for me, directly or through others
Social Determinants of Health	bmmrs_6		spiritual_frequency_0_5	template	medium	Many times a day	many times a day	5	I am spiritually touched by the beauty of creation
Social Determinants of Health	bmmrs_6		spiritual_frequency_0_5	template	medium	Every day	every day	4	I am spiritually touched by the beauty of creation
Social Determinants of Health	bmmrs_6		spiritual_frequency_0_5	template	medium	Most days	most days	3	I am spiritually touched by the beauty of creation
Social Determinants of Health	bmmrs_6		spiritual_frequency_0_5	template	medium	Some days	some days	2	I am spiritually touched by the beauty of creation
Social Determinants of Health	bmmrs_6		spiritual_frequency_0_5	template	medium	Once in a while	once in a while	1	I am spiritually touched by the beauty of creation
Social Determinants of Health	bmmrs_6		spiritual_frequency_0_5	template	medium	Never or almost never	never or almost never	0	I am spiritually touched by the beauty of creation
Social Determinants of Health	nhs_xx	40192470	religious_service_frequency_0_5	override	medium	More than once a week	more than once a week	4	How often do you go to religious meetings or services?
Social Determinants of Health	nhs_xx	40192470	religious_service_frequency_0_5	override	medium	Once a week	once a week	3	How often do you go to religious meetings or services?
Social Determinants of Health	nhs_xx	40192470	religious_service_frequency_0_5	override	medium	1 to 3 times per month	1 to 3 times per month	2	How often do you go to religious meetings or services?
Social Determinants of Health	nhs_xx	40192470	religious_service_frequency_0_5	override	medium	Less than once per month	less than once per month	1	How often do you go to religious meetings or services?
Social Determinants of Health	nhs_xx	40192470	religious_service_frequency_0_5	override	medium	Never or almost never	never or almost never	0	How often do you go to religious meetings or services?
Social Determinants of Health	nhs_xx	40192470	religious_service_frequency_0_5	override	medium	I am not religious	i am not religious	0	How often do you go to religious meetings or services?
Social Determinants of Health	chis_1_xx	40192529	english_proficiency_0_3	override	high	Very well	very well	3	Since you speak a language other than English at home, we are interested in your own thoughts about how well you think you speak English. Would you say you speak English...
Social Determinants of Health	chis_1_xx	40192529	english_proficiency_0_3	override	high	Well	well	2	Since you speak a language other than English at home, we are interested in your own thoughts about how well you think you speak English. Would you say you speak English...
Social Determinants of Health	chis_1_xx	40192529	english_proficiency_0_3	override	high	Not well	not well	1	Since you speak a language other than English at home, we are interested in your own thoughts about how well you think you speak English. Would you say you speak English...
Social Determinants of Health	chis_1_xx	40192529	english_proficiency_0_3	override	high	Not at all	not at all	0	Since you speak a language other than English at home, we are interested in your own thoughts about how well you think you speak English. Would you say you speak English...
COVID-19 Participant Experience (COPE)	copect_40_xx15_a		symptom_onset_month_ordinal	override	medium	January or February 2020	january or february 2020	1	When did your symptoms begin?
COVID-19 Participant Experience (COPE)	copect_40_xx15_a		symptom_onset_month_ordinal	override	medium	March or April 2020	march or april 2020	2	When did your symptoms begin?
COVID-19 Participant Experience (COPE)	copect_40_xx15_a		symptom_onset_month_ordinal	override	medium	May or June 2020	may or june 2020	3	When did your symptoms begin?
COVID-19 Participant Experience (COPE)	copect_40_xx15_a		symptom_onset_month_ordinal	override	medium	July or August 2020	july or august 2020	4	When did your symptoms begin?
COVID-19 Participant Experience (COPE)	copect_40_xx15_a		symptom_onset_month_ordinal	override	medium	September or October 2020	september or october 2020	5	When did your symptoms begin?
COVID-19 Participant Experience (COPE)	copect_40_xx15_a		symptom_onset_month_ordinal	override	medium	November or December 2020	november or december 2020	6	When did your symptoms begin?
COVID-19 Participant Experience (COPE)	cdc_covid_xx_a	596885	dose_count_1_2	override	high	1	1	1	How many doses of the vaccine did you receive?
COVID-19 Participant Experience (COPE)	cdc_covid_xx_a	596885	dose_count_1_2	override	high	2	2	2	How many doses of the vaccine did you receive?
COVID-19 Participant Experience (COPE)	copect_40_xx15_a		symptom_onset_month_ordinal	override	medium	January or February 2020	january or february 2020	1	When did your symptoms begin?
COVID-19 Participant Experience (COPE)	copect_40_xx15_a		symptom_onset_month_ordinal	override	medium	March or April 2020	march or april 2020	2	When did your symptoms begin?
COVID-19 Participant Experience (COPE)	copect_40_xx15_a		symptom_onset_month_ordinal	override	medium	May or June 2020	may or june 2020	3	When did your symptoms begin?
COVID-19 Participant Experience (COPE)	copect_40_xx15_a		symptom_onset_month_ordinal	override	medium	July or August 2020	july or august 2020	4	When did your symptoms begin?
COVID-19 Participant Experience (COPE)	copect_40_xx15_a		symptom_onset_month_ordinal	override	medium	September or October 2020	september or october 2020	5	When did your symptoms begin?
COVID-19 Participant Experience (COPE)	copect_40_xx15_a		symptom_onset_month_ordinal	override	medium	November or December 2020	november or december 2020	6	When did your symptoms begin?
COVID-19 Participant Experience (COPE)	copect_40_xx15_a		symptom_onset_month_ordinal	override	medium	January or February 2021	january or february 2021	7	When did your symptoms begin?
COVID-19 Participant Experience (COPE)	audit_c_1	1332876	audit_freq_0_4	override	high	Never	never	0	In the past month: How often do you have a drink containing alcohol?
COVID-19 Participant Experience (COPE)	audit_c_1	1332876	audit_freq_0_4	override	high	Monthly or less	monthly or less	1	In the past month: How often do you have a drink containing alcohol?
COVID-19 Participant Experience (COPE)	audit_c_1	1332876	audit_freq_0_4	override	high	2-4 times a month	2-4 times a month	2	In the past month: How often do you have a drink containing alcohol?
COVID-19 Participant Experience (COPE)	audit_c_1	1332876	audit_freq_0_4	override	high	2-3 times a week	2-3 times a week	3	In the past month: How often do you have a drink containing alcohol?
COVID-19 Participant Experience (COPE)	audit_c_1	1332876	audit_freq_0_4	override	high	4 or more times a week	4 or more times a week	4	In the past month: How often do you have a drink containing alcohol?
COVID-19 Participant Experience (COPE)	audit_c_2	1332793	drink_count_band_midpoint	template	medium	1 or 2	1 or 2	1.5	In the past month: How many standard drinks containing alcohol do you have on a typical day?
COVID-19 Participant Experience (COPE)	audit_c_2	1332793	drink_count_band_midpoint	template	medium	3 or 4	3 or 4	3.5	In the past month: How many standard drinks containing alcohol do you have on a typical day?
COVID-19 Participant Experience (COPE)	audit_c_2	1332793	drink_count_band_midpoint	template	medium	5 or 6	5 or 6	5.5	In the past month: How many standard drinks containing alcohol do you have on a typical day?
COVID-19 Participant Experience (COPE)	audit_c_2	1332793	drink_count_band_midpoint	template	medium	7 to 9	7 to 9	8.0	In the past month: How many standard drinks containing alcohol do you have on a typical day?
COVID-19 Participant Experience (COPE)	audit_c_2	1332793	drink_count_band_midpoint	template	medium	10 or more	10 or more	10.0	In the past month: How many standard drinks containing alcohol do you have on a typical day?
COVID-19 Participant Experience (COPE)	audit_c_3	1332853	binge_freq_0_4	override	high	Never	never	0	In the past month: How often do you have six or more drinks containing alcohol on one occasion?
COVID-19 Participant Experience (COPE)	audit_c_3	1332853	binge_freq_0_4	override	high	Less than monthly	less than monthly	1	In the past month: How often do you have six or more drinks containing alcohol on one occasion?
COVID-19 Participant Experience (COPE)	audit_c_3	1332853	binge_freq_0_4	override	high	Monthly	monthly	2	In the past month: How often do you have six or more drinks containing alcohol on one occasion?
COVID-19 Participant Experience (COPE)	audit_c_3	1332853	binge_freq_0_4	override	high	Weekly	weekly	3	In the past month: How often do you have six or more drinks containing alcohol on one occasion?
COVID-19 Participant Experience (COPE)	audit_c_3	1332853	binge_freq_0_4	override	high	Daily or almost daily	daily or almost daily	4	In the past month: How often do you have six or more drinks containing alcohol on one occasion?
COVID-19 Participant Experience (COPE)	brcs_1	1333024	describes_me_0_4	template	high	Does not describe me at all	does not describe me at all	0	Please select the response that best reflects your behavior in the past month. I look for creative ways to alter difficult situations.
COVID-19 Participant Experience (COPE)	brcs_1	1333024	describes_me_0_4	template	high	Does not describe me	does not describe me	1	Please select the response that best reflects your behavior in the past month. I look for creative ways to alter difficult situations.
COVID-19 Participant Experience (COPE)	brcs_1	1333024	describes_me_0_4	template	high	Neutral	neutral	2	Please select the response that best reflects your behavior in the past month. I look for creative ways to alter difficult situations.
COVID-19 Participant Experience (COPE)	brcs_1	1333024	describes_me_0_4	template	high	Describes me	describes me	3	Please select the response that best reflects your behavior in the past month. I look for creative ways to alter difficult situations.
COVID-19 Participant Experience (COPE)	brcs_1	1333024	describes_me_0_4	template	high	Describes me very well	describes me very well	4	Please select the response that best reflects your behavior in the past month. I look for creative ways to alter difficult situations.
COVID-19 Participant Experience (COPE)	brcs_2	1332739	describes_me_0_4	template	high	Does not describe me at all	does not describe me at all	0	Please select the response that best reflects your behavior in the past month. Regardless of what happens to me, I believe I can control my reaction to it.
COVID-19 Participant Experience (COPE)	brcs_2	1332739	describes_me_0_4	template	high	Does not describe me	does not describe me	1	Please select the response that best reflects your behavior in the past month. Regardless of what happens to me, I believe I can control my reaction to it.
COVID-19 Participant Experience (COPE)	brcs_2	1332739	describes_me_0_4	template	high	Neutral	neutral	2	Please select the response that best reflects your behavior in the past month. Regardless of what happens to me, I believe I can control my reaction to it.
COVID-19 Participant Experience (COPE)	brcs_2	1332739	describes_me_0_4	template	high	Describes me	describes me	3	Please select the response that best reflects your behavior in the past month. Regardless of what happens to me, I believe I can control my reaction to it.
COVID-19 Participant Experience (COPE)	brcs_2	1332739	describes_me_0_4	template	high	Describes me very well	describes me very well	4	Please select the response that best reflects your behavior in the past month. Regardless of what happens to me, I believe I can control my reaction to it.
COVID-19 Participant Experience (COPE)	brcs_3	1332848	describes_me_0_4	template	high	Does not describe me at all	does not describe me at all	0	Please select the response that best reflects your behavior in the past month. I believe I can grow in positive ways by dealing with difficult situations.
COVID-19 Participant Experience (COPE)	brcs_3	1332848	describes_me_0_4	template	high	Does not describe me	does not describe me	1	Please select the response that best reflects your behavior in the past month. I believe I can grow in positive ways by dealing with difficult situations.
COVID-19 Participant Experience (COPE)	brcs_3	1332848	describes_me_0_4	template	high	Neutral	neutral	2	Please select the response that best reflects your behavior in the past month. I believe I can grow in positive ways by dealing with difficult situations.
COVID-19 Participant Experience (COPE)	brcs_3	1332848	describes_me_0_4	template	high	Describes me	describes me	3	Please select the response that best reflects your behavior in the past month. I believe I can grow in positive ways by dealing with difficult situations.
COVID-19 Participant Experience (COPE)	brcs_3	1332848	describes_me_0_4	template	high	Describes me very well	describes me very well	4	Please select the response that best reflects your behavior in the past month. I believe I can grow in positive ways by dealing with difficult situations.
COVID-19 Participant Experience (COPE)	brcs_4	1332741	describes_me_0_4	template	high	Does not describe me at all	does not describe me at all	0	Please select the response that best reflects your behavior in the past month. I actively look for ways to replace the losses I encounter in life.
COVID-19 Participant Experience (COPE)	brcs_4	1332741	describes_me_0_4	template	high	Does not describe me	does not describe me	1	Please select the response that best reflects your behavior in the past month. I actively look for ways to replace the losses I encounter in life.
COVID-19 Participant Experience (COPE)	brcs_4	1332741	describes_me_0_4	template	high	Neutral	neutral	2	Please select the response that best reflects your behavior in the past month. I actively look for ways to replace the losses I encounter in life.
COVID-19 Participant Experience (COPE)	brcs_4	1332741	describes_me_0_4	template	high	Describes me	describes me	3	Please select the response that best reflects your behavior in the past month. I actively look for ways to replace the losses I encounter in life.
COVID-19 Participant Experience (COPE)	brcs_4	1332741	describes_me_0_4	template	high	Describes me very well	describes me very well	4	Please select the response that best reflects your behavior in the past month. I actively look for ways to replace the losses I encounter in life.
COVID-19 Participant Experience (COPE)	cdc_covid_19_9_xx25	1333327	testing_access_0_2	override	medium	Yes	yes	2	Were you tested for COVID-19 in the past month?
COVID-19 Participant Experience (COPE)	cdc_covid_19_9_xx25	1333327	testing_access_0_2	override	medium	No	no	0	Were you tested for COVID-19 in the past month?
COVID-19 Participant Experience (COPE)	copect_50_xx17	1332767	current_use_0_3	template	high	Yes, every day	yes, every day	3	In the past month: Did someone in your home smoke tobacco/nicotine (including cigarettes, cigar, cigarillos, pipes, hookah) every day, some days, or not at all?
COVID-19 Participant Experience (COPE)	copect_50_xx17	1332767	current_use_0_3	template	high	Yes, some days	yes, some days	2	In the past month: Did someone in your home smoke tobacco/nicotine (including cigarettes, cigar, cigarillos, pipes, hookah) every day, some days, or not at all?
COVID-19 Participant Experience (COPE)	copect_50_xx17	1332767	current_use_0_3	template	high	Not currently, but in the past	not currently, but in the past	1	In the past month: Did someone in your home smoke tobacco/nicotine (including cigarettes, cigar, cigarillos, pipes, hookah) every day, some days, or not at all?
COVID-19 Participant Experience (COPE)	copect_50_xx17	1332767	current_use_0_3	template	high	No, never	no, never	0	In the past month: Did someone in your home smoke tobacco/nicotine (including cigarettes, cigar, cigarillos, pipes, hookah) every day, some days, or not at all?
COVID-19 Participant Experience (COPE)	copect_50_xx18	1333011	current_use_0_3	template	high	Yes, every day	yes, every day	3	In the past month: Did you smoke tobacco/nicotine (including cigarettes, cigar, cigarillos, pipes, hookah) every day, some days, or not at all?
COVID-19 Participant Experience (COPE)	copect_50_xx18	1333011	current_use_0_3	template	high	Yes, some days	yes, some days	2	In the past month: Did you smoke tobacco/nicotine (including cigarettes, cigar, cigarillos, pipes, hookah) every day, some days, or not at all?
COVID-19 Participant Experience (COPE)	copect_50_xx18	1333011	current_use_0_3	template	high	Not currently, but in the past	not currently, but in the past	1	In the past month: Did you smoke tobacco/nicotine (including cigarettes, cigar, cigarillos, pipes, hookah) every day, some days, or not at all?
COVID-19 Participant Experience (COPE)	copect_50_xx18	1333011	current_use_0_3	template	high	No, never	no, never	0	In the past month: Did you smoke tobacco/nicotine (including cigarettes, cigar, cigarillos, pipes, hookah) every day, some days, or not at all?
COVID-19 Participant Experience (COPE)	cpss_1	1332878	freq_pss_0_4	template	high	Never	never	0	In the last month, how often have you been upset because of something that happened unexpectedly?
COVID-19 Participant Experience (COPE)	cpss_1	1332878	freq_pss_0_4	template	high	Almost never	almost never	1	In the last month, how often have you been upset because of something that happened unexpectedly?
COVID-19 Participant Experience (COPE)	cpss_1	1332878	freq_pss_0_4	template	high	Sometimes	sometimes	2	In the last month, how often have you been upset because of something that happened unexpectedly?
COVID-19 Participant Experience (COPE)	cpss_1	1332878	freq_pss_0_4	template	high	Fairly often	fairly often	3	In the last month, how often have you been upset because of something that happened unexpectedly?
COVID-19 Participant Experience (COPE)	cpss_1	1332878	freq_pss_0_4	template	high	Very often	very often	4	In the last month, how often have you been upset because of something that happened unexpectedly?
COVID-19 Participant Experience (COPE)	cpss_10	1332998	freq_pss_0_4	template	high	Never	never	0	In the last month, how often have you felt difficulties were piling up so high that you could not overcome them?
COVID-19 Participant Experience (COPE)	cpss_10	1332998	freq_pss_0_4	template	high	Almost never	almost never	1	In the last month, how often have you felt difficulties were piling up so high that you could not overcome them?
COVID-19 Participant Experience (COPE)	cpss_10	1332998	freq_pss_0_4	template	high	Sometimes	sometimes	2	In the last month, how often have you felt difficulties were piling up so high that you could not overcome them?
COVID-19 Participant Experience (COPE)	cpss_10	1332998	freq_pss_0_4	template	high	Fairly often	fairly often	3	In the last month, how often have you felt difficulties were piling up so high that you could not overcome them?
COVID-19 Participant Experience (COPE)	cpss_10	1332998	freq_pss_0_4	template	high	Very often	very often	4	In the last month, how often have you felt difficulties were piling up so high that you could not overcome them?
COVID-19 Participant Experience (COPE)	cpss_2	1332794	freq_pss_0_4	template	high	Never	never	0	In the last month, how often have you felt that you were unable to control the important things in your life?
COVID-19 Participant Experience (COPE)	cpss_2	1332794	freq_pss_0_4	template	high	Almost never	almost never	1	In the last month, how often have you felt that you were unable to control the important things in your life?
COVID-19 Participant Experience (COPE)	cpss_2	1332794	freq_pss_0_4	template	high	Sometimes	sometimes	2	In the last month, how often have you felt that you were unable to control the important things in your life?
COVID-19 Participant Experience (COPE)	cpss_2	1332794	freq_pss_0_4	template	high	Fairly often	fairly often	3	In the last month, how often have you felt that you were unable to control the important things in your life?
COVID-19 Participant Experience (COPE)	cpss_2	1332794	freq_pss_0_4	template	high	Very often	very often	4	In the last month, how often have you felt that you were unable to control the important things in your life?
COVID-19 Participant Experience (COPE)	cpss_3	1332854	freq_pss_0_4	template	high	Never	never	0	"In the last month, how often have you felt nervous and ""stressed""?"
COVID-19 Participant Experience (COPE)	cpss_3	1332854	freq_pss_0_4	template	high	Almost never	almost never	1	"In the last month, how often have you felt nervous and ""stressed""?"
COVID-19 Participant Experience (COPE)	cpss_3	1332854	freq_pss_0_4	template	high	Sometimes	sometimes	2	"In the last month, how often have you felt nervous and ""stressed""?"
COVID-19 Participant Experience (COPE)	cpss_3	1332854	freq_pss_0_4	template	high	Fairly often	fairly often	3	"In the last month, how often have you felt nervous and ""stressed""?"
COVID-19 Participant Experience (COPE)	cpss_3	1332854	freq_pss_0_4	template	high	Very often	very often	4	"In the last month, how often have you felt nervous and ""stressed""?"
COVID-19 Participant Experience (COPE)	cpss_4	1332861	freq_pss_0_4	template	high	Never	never	0	In the last month, how often have you felt confident about your ability to handle your personal problems?
COVID-19 Participant Experience (COPE)	cpss_4	1332861	freq_pss_0_4	template	high	Almost never	almost never	1	In the last month, how often have you felt confident about your ability to handle your personal problems?
COVID-19 Participant Experience (COPE)	cpss_4	1332861	freq_pss_0_4	template	high	Sometimes	sometimes	2	In the last month, how often have you felt confident about your ability to handle your personal problems?
COVID-19 Participant Experience (COPE)	cpss_4	1332861	freq_pss_0_4	template	high	Fairly often	fairly often	3	In the last month, how often have you felt confident about your ability to handle your personal problems?
COVID-19 Participant Experience (COPE)	cpss_4	1332861	freq_pss_0_4	template	high	Very often	very often	4	In the last month, how often have you felt confident about your ability to handle your personal problems?
COVID-19 Participant Experience (COPE)	cpss_5	1332862	freq_pss_0_4	template	high	Never	never	0	In the last month, how often have you felt that things were going your way?
COVID-19 Participant Experience (COPE)	cpss_5	1332862	freq_pss_0_4	template	high	Almost never	almost never	1	In the last month, how often have you felt that things were going your way?
COVID-19 Participant Experience (COPE)	cpss_5	1332862	freq_pss_0_4	template	high	Sometimes	sometimes	2	In the last month, how often have you felt that things were going your way?
COVID-19 Participant Experience (COPE)	cpss_5	1332862	freq_pss_0_4	template	high	Fairly often	fairly often	3	In the last month, how often have you felt that things were going your way?
COVID-19 Participant Experience (COPE)	cpss_5	1332862	freq_pss_0_4	template	high	Very often	very often	4	In the last month, how often have you felt that things were going your way?
COVID-19 Participant Experience (COPE)	cpss_6	1332863	freq_pss_0_4	template	high	Never	never	0	In the last month, how often have you found that you could not cope with all the things that you had to do?
COVID-19 Participant Experience (COPE)	cpss_6	1332863	freq_pss_0_4	template	high	Almost never	almost never	1	In the last month, how often have you found that you could not cope with all the things that you had to do?
COVID-19 Participant Experience (COPE)	cpss_6	1332863	freq_pss_0_4	template	high	Sometimes	sometimes	2	In the last month, how often have you found that you could not cope with all the things that you had to do?
COVID-19 Participant Experience (COPE)	cpss_6	1332863	freq_pss_0_4	template	high	Fairly often	fairly often	3	In the last month, how often have you found that you could not cope with all the things that you had to do?
COVID-19 Participant Experience (COPE)	cpss_6	1332863	freq_pss_0_4	template	high	Very often	very often	4	In the last month, how often have you found that you could not cope with all the things that you had to do?
COVID-19 Participant Experience (COPE)	cpss_7	1332944	freq_pss_0_4	template	high	Never	never	0	In the last month, how often have you been able to control irritations in your life?
COVID-19 Participant Experience (COPE)	cpss_7	1332944	freq_pss_0_4	template	high	Almost never	almost never	1	In the last month, how often have you been able to control irritations in your life?
COVID-19 Participant Experience (COPE)	cpss_7	1332944	freq_pss_0_4	template	high	Sometimes	sometimes	2	In the last month, how often have you been able to control irritations in your life?
COVID-19 Participant Experience (COPE)	cpss_7	1332944	freq_pss_0_4	template	high	Fairly often	fairly often	3	In the last month, how often have you been able to control irritations in your life?
COVID-19 Participant Experience (COPE)	cpss_7	1332944	freq_pss_0_4	template	high	Very often	very often	4	In the last month, how often have you been able to control irritations in your life?
COVID-19 Participant Experience (COPE)	cpss_8	1332868	freq_pss_0_4	template	high	Never	never	0	In the last month, how often have you felt that you were on top of things?
COVID-19 Participant Experience (COPE)	cpss_8	1332868	freq_pss_0_4	template	high	Almost never	almost never	1	In the last month, how often have you felt that you were on top of things?
COVID-19 Participant Experience (COPE)	cpss_8	1332868	freq_pss_0_4	template	high	Sometimes	sometimes	2	In the last month, how often have you felt that you were on top of things?
COVID-19 Participant Experience (COPE)	cpss_8	1332868	freq_pss_0_4	template	high	Fairly often	fairly often	3	In the last month, how often have you felt that you were on top of things?
COVID-19 Participant Experience (COPE)	cpss_8	1332868	freq_pss_0_4	template	high	Very often	very often	4	In the last month, how often have you felt that you were on top of things?
COVID-19 Participant Experience (COPE)	cpss_9	1332869	freq_pss_0_4	template	high	Never	never	0	In the last month, how often have you been angered because of things that were outside of your control?
COVID-19 Participant Experience (COPE)	cpss_9	1332869	freq_pss_0_4	template	high	Almost never	almost never	1	In the last month, how often have you been angered because of things that were outside of your control?
COVID-19 Participant Experience (COPE)	cpss_9	1332869	freq_pss_0_4	template	high	Sometimes	sometimes	2	In the last month, how often have you been angered because of things that were outside of your control?
COVID-19 Participant Experience (COPE)	cpss_9	1332869	freq_pss_0_4	template	high	Fairly often	fairly often	3	In the last month, how often have you been angered because of things that were outside of your control?
COVID-19 Participant Experience (COPE)	cpss_9	1332869	freq_pss_0_4	template	high	Very often	very often	4	In the last month, how often have you been angered because of things that were outside of your control?
COVID-19 Participant Experience (COPE)	eds_1	1333328	freq_event_0_5	template	high	Almost everyday	almost everyday	5	In your day-to-day life, how often did this happen to you during the past month? You are treated with less courtesy than other people are.
COVID-19 Participant Experience (COPE)	eds_1	1333328	freq_event_0_5	template	high	At least once a week	at least once a week	4	In your day-to-day life, how often did this happen to you during the past month? You are treated with less courtesy than other people are.
COVID-19 Participant Experience (COPE)	eds_1	1333328	freq_event_0_5	template	high	A few times a month	a few times a month	3	In your day-to-day life, how often did this happen to you during the past month? You are treated with less courtesy than other people are.
COVID-19 Participant Experience (COPE)	eds_1	1333328	freq_event_0_5	template	high	Never	never	0	In your day-to-day life, how often did this happen to you during the past month? You are treated with less courtesy than other people are.
COVID-19 Participant Experience (COPE)	eds_2	1333311	freq_event_0_5	template	high	Almost everyday	almost everyday	5	In your day-to-day life, how often did this happen to you during the past month? You are treated with less respect than other people are.
COVID-19 Participant Experience (COPE)	eds_2	1333311	freq_event_0_5	template	high	At least once a week	at least once a week	4	In your day-to-day life, how often did this happen to you during the past month? You are treated with less respect than other people are.
COVID-19 Participant Experience (COPE)	eds_2	1333311	freq_event_0_5	template	high	A few times a month	a few times a month	3	In your day-to-day life, how often did this happen to you during the past month? You are treated with less respect than other people are.
COVID-19 Participant Experience (COPE)	eds_2	1333311	freq_event_0_5	template	high	Never	never	0	In your day-to-day life, how often did this happen to you during the past month? You are treated with less respect than other people are.
COVID-19 Participant Experience (COPE)	eds_3	1333312	freq_event_0_5	template	high	Almost everyday	almost everyday	5	In your day-to-day life, how often did this happen to you during the past month? You receive poorer service than other people at restaurants or stores.
COVID-19 Participant Experience (COPE)	eds_3	1333312	freq_event_0_5	template	high	At least once a week	at least once a week	4	In your day-to-day life, how often did this happen to you during the past month? You receive poorer service than other people at restaurants or stores.
COVID-19 Participant Experience (COPE)	eds_3	1333312	freq_event_0_5	template	high	A few times a month	a few times a month	3	In your day-to-day life, how often did this happen to you during the past month? You receive poorer service than other people at restaurants or stores.
COVID-19 Participant Experience (COPE)	eds_3	1333312	freq_event_0_5	template	high	Never	never	0	In your day-to-day life, how often did this happen to you during the past month? You receive poorer service than other people at restaurants or stores.
COVID-19 Participant Experience (COPE)	eds_4	1333313	freq_event_0_5	template	high	Almost everyday	almost everyday	5	In your day-to-day life, how often did this happen to you during the past month? People act as if they think you are not smart.
COVID-19 Participant Experience (COPE)	eds_4	1333313	freq_event_0_5	template	high	At least once a week	at least once a week	4	In your day-to-day life, how often did this happen to you during the past month? People act as if they think you are not smart.
COVID-19 Participant Experience (COPE)	eds_4	1333313	freq_event_0_5	template	high	A few times a month	a few times a month	3	In your day-to-day life, how often did this happen to you during the past month? People act as if they think you are not smart.
COVID-19 Participant Experience (COPE)	eds_4	1333313	freq_event_0_5	template	high	Never	never	0	In your day-to-day life, how often did this happen to you during the past month? People act as if they think you are not smart.
COVID-19 Participant Experience (COPE)	eds_5	1333314	freq_event_0_5	template	high	Almost everyday	almost everyday	5	In your day-to-day life, how often did this happen to you during the past month? People act as if they are afraid of you.
COVID-19 Participant Experience (COPE)	eds_5	1333314	freq_event_0_5	template	high	At least once a week	at least once a week	4	In your day-to-day life, how often did this happen to you during the past month? People act as if they are afraid of you.
COVID-19 Participant Experience (COPE)	eds_5	1333314	freq_event_0_5	template	high	A few times a month	a few times a month	3	In your day-to-day life, how often did this happen to you during the past month? People act as if they are afraid of you.
COVID-19 Participant Experience (COPE)	eds_5	1333314	freq_event_0_5	template	high	Never	never	0	In your day-to-day life, how often did this happen to you during the past month? People act as if they are afraid of you.
COVID-19 Participant Experience (COPE)	eds_6	1332935	freq_event_0_5	template	high	Almost everyday	almost everyday	5	In your day-to-day life, how often did this happen to you during the past month? People act as if they think you are dishonest.
COVID-19 Participant Experience (COPE)	eds_6	1332935	freq_event_0_5	template	high	At least once a week	at least once a week	4	In your day-to-day life, how often did this happen to you during the past month? People act as if they think you are dishonest.
COVID-19 Participant Experience (COPE)	eds_6	1332935	freq_event_0_5	template	high	A few times a month	a few times a month	3	In your day-to-day life, how often did this happen to you during the past month? People act as if they think you are dishonest.
COVID-19 Participant Experience (COPE)	eds_6	1332935	freq_event_0_5	template	high	Never	never	0	In your day-to-day life, how often did this happen to you during the past month? People act as if they think you are dishonest.
COVID-19 Participant Experience (COPE)	eds_7	1332937	freq_event_0_5	template	high	Almost everyday	almost everyday	5	In your day-to-day life, how often did this happen to you during the past month? People act as if they're better than you are.
COVID-19 Participant Experience (COPE)	eds_7	1332937	freq_event_0_5	template	high	At least once a week	at least once a week	4	In your day-to-day life, how often did this happen to you during the past month? People act as if they're better than you are.
COVID-19 Participant Experience (COPE)	eds_7	1332937	freq_event_0_5	template	high	A few times a month	a few times a month	3	In your day-to-day life, how often did this happen to you during the past month? People act as if they're better than you are.
COVID-19 Participant Experience (COPE)	eds_7	1332937	freq_event_0_5	template	high	Never	never	0	In your day-to-day life, how often did this happen to you during the past month? People act as if they're better than you are.
COVID-19 Participant Experience (COPE)	eds_8	1333298	freq_event_0_5	template	high	Almost everyday	almost everyday	5	In your day-to-day life, how often did this happen to you during the past month? You are called names or insulted.
COVID-19 Participant Experience (COPE)	eds_8	1333298	freq_event_0_5	template	high	At least once a week	at least once a week	4	In your day-to-day life, how often did this happen to you during the past month? You are called names or insulted.
COVID-19 Participant Experience (COPE)	eds_8	1333298	freq_event_0_5	template	high	A few times a month	a few times a month	3	In your day-to-day life, how often did this happen to you during the past month? You are called names or insulted.
COVID-19 Participant Experience (COPE)	eds_8	1333298	freq_event_0_5	template	high	Never	never	0	In your day-to-day life, how often did this happen to you during the past month? You are called names or insulted.
COVID-19 Participant Experience (COPE)	eds_9	1333293	freq_event_0_5	template	high	Almost everyday	almost everyday	5	In your day-to-day life, how often did this happen to you during the past month? You are threatened or harassed.
COVID-19 Participant Experience (COPE)	eds_9	1333293	freq_event_0_5	template	high	At least once a week	at least once a week	4	In your day-to-day life, how often did this happen to you during the past month? You are threatened or harassed.
COVID-19 Participant Experience (COPE)	eds_9	1333293	freq_event_0_5	template	high	A few times a month	a few times a month	3	In your day-to-day life, how often did this happen to you during the past month? You are threatened or harassed.
COVID-19 Participant Experience (COPE)	eds_9	1333293	freq_event_0_5	template	high	Never	never	0	In your day-to-day life, how often did this happen to you during the past month? You are threatened or harassed.
COVID-19 Participant Experience (COPE)	gad_7_1		phq_gad_0_3	template	high	Not at all	not at all	0	In the past 2 weeks, how often have you been bothered by the following problem? Feeling nervous, anxious, or on edge
COVID-19 Participant Experience (COPE)	gad_7_1		phq_gad_0_3	template	high	Several days	several days	1	In the past 2 weeks, how often have you been bothered by the following problem? Feeling nervous, anxious, or on edge
COVID-19 Participant Experience (COPE)	gad_7_1		phq_gad_0_3	template	high	More than half the days	more than half the days	2	In the past 2 weeks, how often have you been bothered by the following problem? Feeling nervous, anxious, or on edge
COVID-19 Participant Experience (COPE)	gad_7_1		phq_gad_0_3	template	high	Nearly every day	nearly every day	3	In the past 2 weeks, how often have you been bothered by the following problem? Feeling nervous, anxious, or on edge
COVID-19 Participant Experience (COPE)	gad_7_2		phq_gad_0_3	template	high	Not at all	not at all	0	In the past 2 weeks, how often have you been bothered by the following problem? Not being able to stop or control worrying
COVID-19 Participant Experience (COPE)	gad_7_2		phq_gad_0_3	template	high	Several days	several days	1	In the past 2 weeks, how often have you been bothered by the following problem? Not being able to stop or control worrying
COVID-19 Participant Experience (COPE)	gad_7_2		phq_gad_0_3	template	high	More than half the days	more than half the days	2	In the past 2 weeks, how often have you been bothered by the following problem? Not being able to stop or control worrying
COVID-19 Participant Experience (COPE)	gad_7_2		phq_gad_0_3	template	high	Nearly every day	nearly every day	3	In the past 2 weeks, how often have you been bothered by the following problem? Not being able to stop or control worrying
COVID-19 Participant Experience (COPE)	gad_7_3		phq_gad_0_3	template	high	Not at all	not at all	0	In the past 2 weeks, how often have you been bothered by the following problem? Worrying too much about different things
COVID-19 Participant Experience (COPE)	gad_7_3		phq_gad_0_3	template	high	Several days	several days	1	In the past 2 weeks, how often have you been bothered by the following problem? Worrying too much about different things
COVID-19 Participant Experience (COPE)	gad_7_3		phq_gad_0_3	template	high	More than half the days	more than half the days	2	In the past 2 weeks, how often have you been bothered by the following problem? Worrying too much about different things
COVID-19 Participant Experience (COPE)	gad_7_3		phq_gad_0_3	template	high	Nearly every day	nearly every day	3	In the past 2 weeks, how often have you been bothered by the following problem? Worrying too much about different things
COVID-19 Participant Experience (COPE)	gad_7_4		phq_gad_0_3	template	high	Not at all	not at all	0	In the past 2 weeks, how often have you been bothered by the following problem? Trouble relaxing
COVID-19 Participant Experience (COPE)	gad_7_4		phq_gad_0_3	template	high	Several days	several days	1	In the past 2 weeks, how often have you been bothered by the following problem? Trouble relaxing
COVID-19 Participant Experience (COPE)	gad_7_4		phq_gad_0_3	template	high	More than half the days	more than half the days	2	In the past 2 weeks, how often have you been bothered by the following problem? Trouble relaxing
COVID-19 Participant Experience (COPE)	gad_7_4		phq_gad_0_3	template	high	Nearly every day	nearly every day	3	In the past 2 weeks, how often have you been bothered by the following problem? Trouble relaxing
COVID-19 Participant Experience (COPE)	gad_7_5		phq_gad_0_3	template	high	Not at all	not at all	0	In the past 2 weeks, how often have you been bothered by the following problem? Being so restless that it's hard to sit still
COVID-19 Participant Experience (COPE)	gad_7_5		phq_gad_0_3	template	high	Several days	several days	1	In the past 2 weeks, how often have you been bothered by the following problem? Being so restless that it's hard to sit still
COVID-19 Participant Experience (COPE)	gad_7_5		phq_gad_0_3	template	high	More than half the days	more than half the days	2	In the past 2 weeks, how often have you been bothered by the following problem? Being so restless that it's hard to sit still
COVID-19 Participant Experience (COPE)	gad_7_5		phq_gad_0_3	template	high	Nearly every day	nearly every day	3	In the past 2 weeks, how often have you been bothered by the following problem? Being so restless that it's hard to sit still
COVID-19 Participant Experience (COPE)	gad_7_6		phq_gad_0_3	template	high	Not at all	not at all	0	In the past 2 weeks, how often have you been bothered by the following problem? Becoming easily annoyed or irritable
COVID-19 Participant Experience (COPE)	gad_7_6		phq_gad_0_3	template	high	Several days	several days	1	In the past 2 weeks, how often have you been bothered by the following problem? Becoming easily annoyed or irritable
COVID-19 Participant Experience (COPE)	gad_7_6		phq_gad_0_3	template	high	More than half the days	more than half the days	2	In the past 2 weeks, how often have you been bothered by the following problem? Becoming easily annoyed or irritable
COVID-19 Participant Experience (COPE)	gad_7_6		phq_gad_0_3	template	high	Nearly every day	nearly every day	3	In the past 2 weeks, how often have you been bothered by the following problem? Becoming easily annoyed or irritable
COVID-19 Participant Experience (COPE)	gad_7_7		phq_gad_0_3	template	high	Not at all	not at all	0	In the past 2 weeks, how often have you been bothered by the following problem? Feeling afraid as if something awful might happen
COVID-19 Participant Experience (COPE)	gad_7_7		phq_gad_0_3	template	high	Several days	several days	1	In the past 2 weeks, how often have you been bothered by the following problem? Feeling afraid as if something awful might happen
COVID-19 Participant Experience (COPE)	gad_7_7		phq_gad_0_3	template	high	More than half the days	more than half the days	2	In the past 2 weeks, how often have you been bothered by the following problem? Feeling afraid as if something awful might happen
COVID-19 Participant Experience (COPE)	gad_7_7		phq_gad_0_3	template	high	Nearly every day	nearly every day	3	In the past 2 weeks, how often have you been bothered by the following problem? Feeling afraid as if something awful might happen
COVID-19 Participant Experience (COPE)	ies_r_6_1	1333303	intensity_0_4	template	high	Not at all	not at all	0	In the past 7 days, I thought about COVID-19 when I didn't mean to.
COVID-19 Participant Experience (COPE)	ies_r_6_1	1333303	intensity_0_4	template	high	A little bit	a little bit	1	In the past 7 days, I thought about COVID-19 when I didn't mean to.
COVID-19 Participant Experience (COPE)	ies_r_6_1	1333303	intensity_0_4	template	high	Moderately	moderately	2	In the past 7 days, I thought about COVID-19 when I didn't mean to.
COVID-19 Participant Experience (COPE)	ies_r_6_1	1333303	intensity_0_4	template	high	Quite a bit	quite a bit	3	In the past 7 days, I thought about COVID-19 when I didn't mean to.
COVID-19 Participant Experience (COPE)	ies_r_6_1	1333303	intensity_0_4	template	high	Extremely	extremely	4	In the past 7 days, I thought about COVID-19 when I didn't mean to.
COVID-19 Participant Experience (COPE)	ies_r_6_2	1333292	intensity_0_4	template	high	Not at all	not at all	0	In the past 7 days, I felt watchful or on-guard.
COVID-19 Participant Experience (COPE)	ies_r_6_2	1333292	intensity_0_4	template	high	A little bit	a little bit	1	In the past 7 days, I felt watchful or on-guard.
COVID-19 Participant Experience (COPE)	ies_r_6_2	1333292	intensity_0_4	template	high	Moderately	moderately	2	In the past 7 days, I felt watchful or on-guard.
COVID-19 Participant Experience (COPE)	ies_r_6_2	1333292	intensity_0_4	template	high	Quite a bit	quite a bit	3	In the past 7 days, I felt watchful or on-guard.
COVID-19 Participant Experience (COPE)	ies_r_6_2	1333292	intensity_0_4	template	high	Extremely	extremely	4	In the past 7 days, I felt watchful or on-guard.
COVID-19 Participant Experience (COPE)	ies_r_6_3	1332866	intensity_0_4	template	high	Not at all	not at all	0	In the past 7 days, other things kept making me think about COVID-19.
COVID-19 Participant Experience (COPE)	ies_r_6_3	1332866	intensity_0_4	template	high	A little bit	a little bit	1	In the past 7 days, other things kept making me think about COVID-19.
COVID-19 Participant Experience (COPE)	ies_r_6_3	1332866	intensity_0_4	template	high	Moderately	moderately	2	In the past 7 days, other things kept making me think about COVID-19.
COVID-19 Participant Experience (COPE)	ies_r_6_3	1332866	intensity_0_4	template	high	Quite a bit	quite a bit	3	In the past 7 days, other things kept making me think about COVID-19.
COVID-19 Participant Experience (COPE)	ies_r_6_3	1332866	intensity_0_4	template	high	Extremely	extremely	4	In the past 7 days, other things kept making me think about COVID-19.
COVID-19 Participant Experience (COPE)	ies_r_6_4	1333295	intensity_0_4	template	high	Not at all	not at all	0	In the past 7 days, I was aware that I still had a lot of feelings about COVID-19, but I didn't deal with them.
COVID-19 Participant Experience (COPE)	ies_r_6_4	1333295	intensity_0_4	template	high	A little bit	a little bit	1	In the past 7 days, I was aware that I still had a lot of feelings about COVID-19, but I didn't deal with them.
COVID-19 Participant Experience (COPE)	ies_r_6_4	1333295	intensity_0_4	template	high	Moderately	moderately	2	In the past 7 days, I was aware that I still had a lot of feelings about COVID-19, but I didn't deal with them.
COVID-19 Participant Experience (COPE)	ies_r_6_4	1333295	intensity_0_4	template	high	Quite a bit	quite a bit	3	In the past 7 days, I was aware that I still had a lot of feelings about COVID-19, but I didn't deal with them.
COVID-19 Participant Experience (COPE)	ies_r_6_4	1333295	intensity_0_4	template	high	Extremely	extremely	4	In the past 7 days, I was aware that I still had a lot of feelings about COVID-19, but I didn't deal with them.
COVID-19 Participant Experience (COPE)	ies_r_6_5	1333296	intensity_0_4	template	high	Not at all	not at all	0	In the past 7 days, I tried not to think about COVID-19.
COVID-19 Participant Experience (COPE)	ies_r_6_5	1333296	intensity_0_4	template	high	A little bit	a little bit	1	In the past 7 days, I tried not to think about COVID-19.
COVID-19 Participant Experience (COPE)	ies_r_6_5	1333296	intensity_0_4	template	high	Moderately	moderately	2	In the past 7 days, I tried not to think about COVID-19.
COVID-19 Participant Experience (COPE)	ies_r_6_5	1333296	intensity_0_4	template	high	Quite a bit	quite a bit	3	In the past 7 days, I tried not to think about COVID-19.
COVID-19 Participant Experience (COPE)	ies_r_6_5	1333296	intensity_0_4	template	high	Extremely	extremely	4	In the past 7 days, I tried not to think about COVID-19.
COVID-19 Participant Experience (COPE)	ies_r_6_6	1332867	intensity_0_4	template	high	Not at all	not at all	0	In the past 7 days, I had trouble concentrating.
COVID-19 Participant Experience (COPE)	ies_r_6_6	1332867	intensity_0_4	template	high	A little bit	a little bit	1	In the past 7 days, I had trouble concentrating.
COVID-19 Participant Experience (COPE)	ies_r_6_6	1332867	intensity_0_4	template	high	Moderately	moderately	2	In the past 7 days, I had trouble concentrating.
COVID-19 Participant Experience (COPE)	ies_r_6_6	1332867	intensity_0_4	template	high	Quite a bit	quite a bit	3	In the past 7 days, I had trouble concentrating.
COVID-19 Participant Experience (COPE)	ies_r_6_6	1332867	intensity_0_4	template	high	Extremely	extremely	4	In the past 7 days, I had trouble concentrating.
COVID-19 Participant Experience (COPE)	lifestyle_2_xx13	1333299	current_use_0_3	template	high	Yes, every day	yes, every day	3	In the past month: Did you use any type of electronic nicotine product? This includes e- cigarettes, vape pens, hookah pens, personal vaporizers and mods, e-cigars, e-pipes, and e-hookahs.
COVID-19 Participant Experience (COPE)	lifestyle_2_xx13	1333299	current_use_0_3	template	high	Yes, some days	yes, some days	2	In the past month: Did you use any type of electronic nicotine product? This includes e- cigarettes, vape pens, hookah pens, personal vaporizers and mods, e-cigars, e-pipes, and e-hookahs.
COVID-19 Participant Experience (COPE)	lifestyle_2_xx13	1333299	current_use_0_3	template	high	Not currently, but in the past	not currently, but in the past	1	In the past month: Did you use any type of electronic nicotine product? This includes e- cigarettes, vape pens, hookah pens, personal vaporizers and mods, e-cigars, e-pipes, and e-hookahs.
COVID-19 Participant Experience (COPE)	lifestyle_2_xx13	1333299	current_use_0_3	template	high	No, never	no, never	0	In the past month: Did you use any type of electronic nicotine product? This includes e- cigarettes, vape pens, hookah pens, personal vaporizers and mods, e-cigars, e-pipes, and e-hookahs.
COVID-19 Participant Experience (COPE)	lot_r_1	1332835	agree_lotr_1_5	override	high	I agree a lot	i agree a lot	5	Choose the answer that best describes how you felt in the past month. In uncertain times, I usually expect the best.
COVID-19 Participant Experience (COPE)	lot_r_1	1332835	agree_lotr_1_5	override	high	I agree a little	i agree a little	4	Choose the answer that best describes how you felt in the past month. In uncertain times, I usually expect the best.
COVID-19 Participant Experience (COPE)	lot_r_1	1332835	agree_lotr_1_5	override	high	I neither agree nor disagree	i neither agree nor disagree	3	Choose the answer that best describes how you felt in the past month. In uncertain times, I usually expect the best.
COVID-19 Participant Experience (COPE)	lot_r_1	1332835	agree_lotr_1_5	override	high	I Disagree a little	i disagree a little	2	Choose the answer that best describes how you felt in the past month. In uncertain times, I usually expect the best.
COVID-19 Participant Experience (COPE)	lot_r_1	1332835	agree_lotr_1_5	override	high	I Disagree a lot	i disagree a lot	1	Choose the answer that best describes how you felt in the past month. In uncertain times, I usually expect the best.
COVID-19 Participant Experience (COPE)	mos_ss_1		time_none_all_0_4	template	high	None of the time	none of the time	0	Choose the answer that best describes how often you can find this kind of support in the past month. Someone to help you if you were confined to bed
COVID-19 Participant Experience (COPE)	mos_ss_1		time_none_all_0_4	template	high	A little of the time	a little of the time	1	Choose the answer that best describes how often you can find this kind of support in the past month. Someone to help you if you were confined to bed
COVID-19 Participant Experience (COPE)	mos_ss_1		time_none_all_0_4	template	high	Some of the time	some of the time	2	Choose the answer that best describes how often you can find this kind of support in the past month. Someone to help you if you were confined to bed
COVID-19 Participant Experience (COPE)	mos_ss_1		time_none_all_0_4	template	high	Most of the time	most of the time	3	Choose the answer that best describes how often you can find this kind of support in the past month. Someone to help you if you were confined to bed
COVID-19 Participant Experience (COPE)	mos_ss_1		time_none_all_0_4	template	high	All of the time	all of the time	4	Choose the answer that best describes how often you can find this kind of support in the past month. Someone to help you if you were confined to bed
COVID-19 Participant Experience (COPE)	mos_ss_13		time_none_all_0_4	template	high	None of the time	none of the time	0	Choose the answer that best describes how often you can find this kind of support in the past month. Someone to confide in or talk to about yourself or your problems
COVID-19 Participant Experience (COPE)	mos_ss_13		time_none_all_0_4	template	high	A little of the time	a little of the time	1	Choose the answer that best describes how often you can find this kind of support in the past month. Someone to confide in or talk to about yourself or your problems
COVID-19 Participant Experience (COPE)	mos_ss_13		time_none_all_0_4	template	high	Some of the time	some of the time	2	Choose the answer that best describes how often you can find this kind of support in the past month. Someone to confide in or talk to about yourself or your problems
COVID-19 Participant Experience (COPE)	mos_ss_13		time_none_all_0_4	template	high	Most of the time	most of the time	3	Choose the answer that best describes how often you can find this kind of support in the past month. Someone to confide in or talk to about yourself or your problems
COVID-19 Participant Experience (COPE)	mos_ss_13		time_none_all_0_4	template	high	All of the time	all of the time	4	Choose the answer that best describes how often you can find this kind of support in the past month. Someone to confide in or talk to about yourself or your problems
COVID-19 Participant Experience (COPE)	mos_ss_17		time_none_all_0_4	template	high	None of the time	none of the time	0	Choose the answer that best describes how often you can find this kind of support in the past month. Someone to do things with to help you get your mind off things
COVID-19 Participant Experience (COPE)	mos_ss_17		time_none_all_0_4	template	high	A little of the time	a little of the time	1	Choose the answer that best describes how often you can find this kind of support in the past month. Someone to do things with to help you get your mind off things
COVID-19 Participant Experience (COPE)	mos_ss_17		time_none_all_0_4	template	high	Some of the time	some of the time	2	Choose the answer that best describes how often you can find this kind of support in the past month. Someone to do things with to help you get your mind off things
COVID-19 Participant Experience (COPE)	mos_ss_17		time_none_all_0_4	template	high	Most of the time	most of the time	3	Choose the answer that best describes how often you can find this kind of support in the past month. Someone to do things with to help you get your mind off things
COVID-19 Participant Experience (COPE)	mos_ss_17		time_none_all_0_4	template	high	All of the time	all of the time	4	Choose the answer that best describes how often you can find this kind of support in the past month. Someone to do things with to help you get your mind off things
COVID-19 Participant Experience (COPE)	mos_ss_2		time_none_all_0_4	template	high	None of the time	none of the time	0	Choose the answer that best describes how often you can find this kind of support in the past month. Someone to take you to the doctor if you needed it
COVID-19 Participant Experience (COPE)	mos_ss_2		time_none_all_0_4	template	high	A little of the time	a little of the time	1	Choose the answer that best describes how often you can find this kind of support in the past month. Someone to take you to the doctor if you needed it
COVID-19 Participant Experience (COPE)	mos_ss_2		time_none_all_0_4	template	high	Some of the time	some of the time	2	Choose the answer that best describes how often you can find this kind of support in the past month. Someone to take you to the doctor if you needed it
COVID-19 Participant Experience (COPE)	mos_ss_2		time_none_all_0_4	template	high	Most of the time	most of the time	3	Choose the answer that best describes how often you can find this kind of support in the past month. Someone to take you to the doctor if you needed it
COVID-19 Participant Experience (COPE)	mos_ss_2		time_none_all_0_4	template	high	All of the time	all of the time	4	Choose the answer that best describes how often you can find this kind of support in the past month. Someone to take you to the doctor if you needed it
COVID-19 Participant Experience (COPE)	mos_ss_3		time_none_all_0_4	template	high	None of the time	none of the time	0	Choose the answer that best describes how often you can find this kind of support in the past month. Someone to prepare your meals if you were unable to do it yourself
COVID-19 Participant Experience (COPE)	mos_ss_3		time_none_all_0_4	template	high	A little of the time	a little of the time	1	Choose the answer that best describes how often you can find this kind of support in the past month. Someone to prepare your meals if you were unable to do it yourself
COVID-19 Participant Experience (COPE)	mos_ss_3		time_none_all_0_4	template	high	Some of the time	some of the time	2	Choose the answer that best describes how often you can find this kind of support in the past month. Someone to prepare your meals if you were unable to do it yourself
COVID-19 Participant Experience (COPE)	mos_ss_3		time_none_all_0_4	template	high	Most of the time	most of the time	3	Choose the answer that best describes how often you can find this kind of support in the past month. Someone to prepare your meals if you were unable to do it yourself
COVID-19 Participant Experience (COPE)	mos_ss_3		time_none_all_0_4	template	high	All of the time	all of the time	4	Choose the answer that best describes how often you can find this kind of support in the past month. Someone to prepare your meals if you were unable to do it yourself
COVID-19 Participant Experience (COPE)	mos_ss_4		time_none_all_0_4	template	high	None of the time	none of the time	0	Choose the answer that best describes how often you can find this kind of support in the past month. Someone to help with daily chores if you were sick
COVID-19 Participant Experience (COPE)	mos_ss_4		time_none_all_0_4	template	high	A little of the time	a little of the time	1	Choose the answer that best describes how often you can find this kind of support in the past month. Someone to help with daily chores if you were sick
COVID-19 Participant Experience (COPE)	mos_ss_4		time_none_all_0_4	template	high	Some of the time	some of the time	2	Choose the answer that best describes how often you can find this kind of support in the past month. Someone to help with daily chores if you were sick
COVID-19 Participant Experience (COPE)	mos_ss_4		time_none_all_0_4	template	high	Most of the time	most of the time	3	Choose the answer that best describes how often you can find this kind of support in the past month. Someone to help with daily chores if you were sick
COVID-19 Participant Experience (COPE)	mos_ss_4		time_none_all_0_4	template	high	All of the time	all of the time	4	Choose the answer that best describes how often you can find this kind of support in the past month. Someone to help with daily chores if you were sick
COVID-19 Participant Experience (COPE)	mos_ss_5		time_none_all_0_4	template	high	None of the time	none of the time	0	Choose the answer that best describes how often you can find this kind of support in the past month. Someone to have a good time with
COVID-19 Participant Experience (COPE)	mos_ss_5		time_none_all_0_4	template	high	A little of the time	a little of the time	1	Choose the answer that best describes how often you can find this kind of support in the past month. Someone to have a good time with
COVID-19 Participant Experience (COPE)	mos_ss_5		time_none_all_0_4	template	high	Some of the time	some of the time	2	Choose the answer that best describes how often you can find this kind of support in the past month. Someone to have a good time with
COVID-19 Participant Experience (COPE)	mos_ss_5		time_none_all_0_4	template	high	Most of the time	most of the time	3	Choose the answer that best describes how often you can find this kind of support in the past month. Someone to have a good time with
COVID-19 Participant Experience (COPE)	mos_ss_5		time_none_all_0_4	template	high	All of the time	all of the time	4	Choose the answer that best describes how often you can find this kind of support in the past month. Someone to have a good time with
COVID-19 Participant Experience (COPE)	mos_ss_6		time_none_all_0_4	template	high	None of the time	none of the time	0	Choose the answer that best describes how often you can find this kind of support in the past month. Someone to turn to for suggestions about how to deal with a personal problem
COVID-19 Participant Experience (COPE)	mos_ss_6		time_none_all_0_4	template	high	A little of the time	a little of the time	1	Choose the answer that best describes how often you can find this kind of support in the past month. Someone to turn to for suggestions about how to deal with a personal problem
COVID-19 Participant Experience (COPE)	mos_ss_6		time_none_all_0_4	template	high	Some of the time	some of the time	2	Choose the answer that best describes how often you can find this kind of support in the past month. Someone to turn to for suggestions about how to deal with a personal problem
COVID-19 Participant Experience (COPE)	mos_ss_6		time_none_all_0_4	template	high	Most of the time	most of the time	3	Choose the answer that best describes how often you can find this kind of support in the past month. Someone to turn to for suggestions about how to deal with a personal problem
COVID-19 Participant Experience (COPE)	mos_ss_6		time_none_all_0_4	template	high	All of the time	all of the time	4	Choose the answer that best describes how often you can find this kind of support in the past month. Someone to turn to for suggestions about how to deal with a personal problem
COVID-19 Participant Experience (COPE)	mos_ss_7		time_none_all_0_4	template	high	None of the time	none of the time	0	Choose the answer that best describes how often you can find this kind of support in the past month. Someone who understands your problems
COVID-19 Participant Experience (COPE)	mos_ss_7		time_none_all_0_4	template	high	A little of the time	a little of the time	1	Choose the answer that best describes how often you can find this kind of support in the past month. Someone who understands your problems
COVID-19 Participant Experience (COPE)	mos_ss_7		time_none_all_0_4	template	high	Some of the time	some of the time	2	Choose the answer that best describes how often you can find this kind of support in the past month. Someone who understands your problems
COVID-19 Participant Experience (COPE)	mos_ss_7		time_none_all_0_4	template	high	Most of the time	most of the time	3	Choose the answer that best describes how often you can find this kind of support in the past month. Someone who understands your problems
COVID-19 Participant Experience (COPE)	mos_ss_7		time_none_all_0_4	template	high	All of the time	all of the time	4	Choose the answer that best describes how often you can find this kind of support in the past month. Someone who understands your problems
COVID-19 Participant Experience (COPE)	mos_ss_8		time_none_all_0_4	template	high	None of the time	none of the time	0	Choose the answer that best describes how often you can find this kind of support in the past month. Someone to love and make you feel wanted
COVID-19 Participant Experience (COPE)	mos_ss_8		time_none_all_0_4	template	high	A little of the time	a little of the time	1	Choose the answer that best describes how often you can find this kind of support in the past month. Someone to love and make you feel wanted
COVID-19 Participant Experience (COPE)	mos_ss_8		time_none_all_0_4	template	high	Some of the time	some of the time	2	Choose the answer that best describes how often you can find this kind of support in the past month. Someone to love and make you feel wanted
COVID-19 Participant Experience (COPE)	mos_ss_8		time_none_all_0_4	template	high	Most of the time	most of the time	3	Choose the answer that best describes how often you can find this kind of support in the past month. Someone to love and make you feel wanted
COVID-19 Participant Experience (COPE)	mos_ss_8		time_none_all_0_4	template	high	All of the time	all of the time	4	Choose the answer that best describes how often you can find this kind of support in the past month. Someone to love and make you feel wanted
COVID-19 Participant Experience (COPE)	phq_9_1		phq_gad_0_3	template	high	Not at all	not at all	0	In the past 2 weeks, how often have you been bothered by: Little interest or pleasure in doing things
COVID-19 Participant Experience (COPE)	phq_9_1		phq_gad_0_3	template	high	Several days	several days	1	In the past 2 weeks, how often have you been bothered by: Little interest or pleasure in doing things
COVID-19 Participant Experience (COPE)	phq_9_1		phq_gad_0_3	template	high	More than half the days	more than half the days	2	In the past 2 weeks, how often have you been bothered by: Little interest or pleasure in doing things
COVID-19 Participant Experience (COPE)	phq_9_1		phq_gad_0_3	template	high	Nearly every day	nearly every day	3	In the past 2 weeks, how often have you been bothered by: Little interest or pleasure in doing things
COVID-19 Participant Experience (COPE)	phq_9_2		phq_gad_0_3	template	high	Not at all	not at all	0	In the past 2 weeks, how often have you been bothered by: Feeling down, depressed, or hopeless
COVID-19 Participant Experience (COPE)	phq_9_2		phq_gad_0_3	template	high	Several days	several days	1	In the past 2 weeks, how often have you been bothered by: Feeling down, depressed, or hopeless
COVID-19 Participant Experience (COPE)	phq_9_2		phq_gad_0_3	template	high	More than half the days	more than half the days	2	In the past 2 weeks, how often have you been bothered by: Feeling down, depressed, or hopeless
COVID-19 Participant Experience (COPE)	phq_9_2		phq_gad_0_3	template	high	Nearly every day	nearly every day	3	In the past 2 weeks, how often have you been bothered by: Feeling down, depressed, or hopeless
COVID-19 Participant Experience (COPE)	phq_9_3		phq_gad_0_3	template	high	Not at all	not at all	0	In the past 2 weeks, how often have you been bothered by: Trouble falling or staying asleep, or sleeping too much
COVID-19 Participant Experience (COPE)	phq_9_3		phq_gad_0_3	template	high	Several days	several days	1	In the past 2 weeks, how often have you been bothered by: Trouble falling or staying asleep, or sleeping too much
COVID-19 Participant Experience (COPE)	phq_9_3		phq_gad_0_3	template	high	More than half the days	more than half the days	2	In the past 2 weeks, how often have you been bothered by: Trouble falling or staying asleep, or sleeping too much
COVID-19 Participant Experience (COPE)	phq_9_3		phq_gad_0_3	template	high	Nearly every day	nearly every day	3	In the past 2 weeks, how often have you been bothered by: Trouble falling or staying asleep, or sleeping too much
COVID-19 Participant Experience (COPE)	phq_9_4		phq_gad_0_3	template	high	Not at all	not at all	0	In the past 2 weeks, how often have you been bothered by: Feeling tired or having little energy
COVID-19 Participant Experience (COPE)	phq_9_4		phq_gad_0_3	template	high	Several days	several days	1	In the past 2 weeks, how often have you been bothered by: Feeling tired or having little energy
COVID-19 Participant Experience (COPE)	phq_9_4		phq_gad_0_3	template	high	More than half the days	more than half the days	2	In the past 2 weeks, how often have you been bothered by: Feeling tired or having little energy
COVID-19 Participant Experience (COPE)	phq_9_4		phq_gad_0_3	template	high	Nearly every day	nearly every day	3	In the past 2 weeks, how often have you been bothered by: Feeling tired or having little energy
COVID-19 Participant Experience (COPE)	phq_9_5		phq_gad_0_3	template	high	Not at all	not at all	0	In the past 2 weeks, how often have you been bothered by: Poor appetite or overeating
COVID-19 Participant Experience (COPE)	phq_9_5		phq_gad_0_3	template	high	Several days	several days	1	In the past 2 weeks, how often have you been bothered by: Poor appetite or overeating
COVID-19 Participant Experience (COPE)	phq_9_5		phq_gad_0_3	template	high	More than half the days	more than half the days	2	In the past 2 weeks, how often have you been bothered by: Poor appetite or overeating
COVID-19 Participant Experience (COPE)	phq_9_5		phq_gad_0_3	template	high	Nearly every day	nearly every day	3	In the past 2 weeks, how often have you been bothered by: Poor appetite or overeating
COVID-19 Participant Experience (COPE)	phq_9_6		phq_gad_0_3	template	high	Not at all	not at all	0	In the past 2 weeks, how often have you been bothered by: Feeling bad about yourself or that you are a failure or have let yourself or your family down
COVID-19 Participant Experience (COPE)	phq_9_6		phq_gad_0_3	template	high	Several days	several days	1	In the past 2 weeks, how often have you been bothered by: Feeling bad about yourself or that you are a failure or have let yourself or your family down
COVID-19 Participant Experience (COPE)	phq_9_6		phq_gad_0_3	template	high	More than half the days	more than half the days	2	In the past 2 weeks, how often have you been bothered by: Feeling bad about yourself or that you are a failure or have let yourself or your family down
COVID-19 Participant Experience (COPE)	phq_9_6		phq_gad_0_3	template	high	Nearly every day	nearly every day	3	In the past 2 weeks, how often have you been bothered by: Feeling bad about yourself or that you are a failure or have let yourself or your family down
COVID-19 Participant Experience (COPE)	phq_9_7		phq_gad_0_3	template	high	Not at all	not at all	0	In the past 2 weeks, how often have you been bothered by: Trouble concentrating on things, such as reading the newspaper or watching television
COVID-19 Participant Experience (COPE)	phq_9_7		phq_gad_0_3	template	high	Several days	several days	1	In the past 2 weeks, how often have you been bothered by: Trouble concentrating on things, such as reading the newspaper or watching television
COVID-19 Participant Experience (COPE)	phq_9_7		phq_gad_0_3	template	high	More than half the days	more than half the days	2	In the past 2 weeks, how often have you been bothered by: Trouble concentrating on things, such as reading the newspaper or watching television
COVID-19 Participant Experience (COPE)	phq_9_7		phq_gad_0_3	template	high	Nearly every day	nearly every day	3	In the past 2 weeks, how often have you been bothered by: Trouble concentrating on things, such as reading the newspaper or watching television
COVID-19 Participant Experience (COPE)	phq_9_8		phq_gad_0_3	template	high	Not at all	not at all	0	In the past 2 weeks, how often have you been bothered by: Moving or speaking so slowly that other people could have noticed? Or the opposite - being so fidgety or restless that you have been moving around a lot more than usual
COVID-19 Participant Experience (COPE)	phq_9_8		phq_gad_0_3	template	high	Several days	several days	1	In the past 2 weeks, how often have you been bothered by: Moving or speaking so slowly that other people could have noticed? Or the opposite - being so fidgety or restless that you have been moving around a lot more than usual
COVID-19 Participant Experience (COPE)	phq_9_8		phq_gad_0_3	template	high	More than half the days	more than half the days	2	In the past 2 weeks, how often have you been bothered by: Moving or speaking so slowly that other people could have noticed? Or the opposite - being so fidgety or restless that you have been moving around a lot more than usual
COVID-19 Participant Experience (COPE)	phq_9_8		phq_gad_0_3	template	high	Nearly every day	nearly every day	3	In the past 2 weeks, how often have you been bothered by: Moving or speaking so slowly that other people could have noticed? Or the opposite - being so fidgety or restless that you have been moving around a lot more than usual
COVID-19 Participant Experience (COPE)	phq_9_9		phq_gad_0_3	template	high	Not at all	not at all	0	In the past 2 weeks, how often have you been bothered by: Thoughts that you would be better off dead or of hurting yourself in some way
COVID-19 Participant Experience (COPE)	phq_9_9		phq_gad_0_3	template	high	Several days	several days	1	In the past 2 weeks, how often have you been bothered by: Thoughts that you would be better off dead or of hurting yourself in some way
COVID-19 Participant Experience (COPE)	phq_9_9		phq_gad_0_3	template	high	More than half the days	more than half the days	2	In the past 2 weeks, how often have you been bothered by: Thoughts that you would be better off dead or of hurting yourself in some way
COVID-19 Participant Experience (COPE)	phq_9_9		phq_gad_0_3	template	high	Nearly every day	nearly every day	3	In the past 2 weeks, how often have you been bothered by: Thoughts that you would be better off dead or of hurting yourself in some way
COVID-19 Participant Experience (COPE)	tsu_ds5_13_xx1	1332795	freq_covid_contact_0_3	template	high	Only a few times	only a few times	0	How often did you use prescription opioids?
COVID-19 Participant Experience (COPE)	tsu_ds5_13_xx1	1332795	freq_covid_contact_0_3	template	high	1-3 times per month	1-3 times per month	1	How often did you use prescription opioids?
COVID-19 Participant Experience (COPE)	tsu_ds5_13_xx1	1332795	freq_covid_contact_0_3	template	high	1-5 times per week	1-5 times per week	2	How often did you use prescription opioids?
COVID-19 Participant Experience (COPE)	tsu_ds5_13_xx1	1332795	freq_covid_contact_0_3	template	high	Daily	daily	3	How often did you use prescription opioids?
COVID-19 Participant Experience (COPE)	tsu_ds5_13_xx10	1332754	freq_covid_contact_0_3	template	high	Only a few times	only a few times	0	How often did you use hallucinogens?
COVID-19 Participant Experience (COPE)	tsu_ds5_13_xx10	1332754	freq_covid_contact_0_3	template	high	1-3 times per month	1-3 times per month	1	How often did you use hallucinogens?
COVID-19 Participant Experience (COPE)	tsu_ds5_13_xx10	1332754	freq_covid_contact_0_3	template	high	1-5 times per week	1-5 times per week	2	How often did you use hallucinogens?
COVID-19 Participant Experience (COPE)	tsu_ds5_13_xx10	1332754	freq_covid_contact_0_3	template	high	Daily	daily	3	How often did you use hallucinogens?
COVID-19 Participant Experience (COPE)	tsu_ds5_13_xx11	1332755	freq_covid_contact_0_3	template	high	Only a few times	only a few times	0	How often did you use prescription stimulants?
COVID-19 Participant Experience (COPE)	tsu_ds5_13_xx11	1332755	freq_covid_contact_0_3	template	high	1-3 times per month	1-3 times per month	1	How often did you use prescription stimulants?
COVID-19 Participant Experience (COPE)	tsu_ds5_13_xx11	1332755	freq_covid_contact_0_3	template	high	1-5 times per week	1-5 times per week	2	How often did you use prescription stimulants?
COVID-19 Participant Experience (COPE)	tsu_ds5_13_xx11	1332755	freq_covid_contact_0_3	template	high	Daily	daily	3	How often did you use prescription stimulants?
COVID-19 Participant Experience (COPE)	tsu_ds5_13_xx2	1332796	freq_covid_contact_0_3	template	high	Only a few times	only a few times	0	How often did you use heroin?
COVID-19 Participant Experience (COPE)	tsu_ds5_13_xx2	1332796	freq_covid_contact_0_3	template	high	1-3 times per month	1-3 times per month	1	How often did you use heroin?
COVID-19 Participant Experience (COPE)	tsu_ds5_13_xx2	1332796	freq_covid_contact_0_3	template	high	1-5 times per week	1-5 times per week	2	How often did you use heroin?
COVID-19 Participant Experience (COPE)	tsu_ds5_13_xx2	1332796	freq_covid_contact_0_3	template	high	Daily	daily	3	How often did you use heroin?
COVID-19 Participant Experience (COPE)	tsu_ds5_13_xx21	1332801	change_lessmore_signed	template	high	Less often than usual	less often than usual	-1	Do you think you have used more or less cannabis in the past month than you used to?
COVID-19 Participant Experience (COPE)	tsu_ds5_13_xx21	1332801	change_lessmore_signed	template	high	The same as usual	the same as usual	0	Do you think you have used more or less cannabis in the past month than you used to?
COVID-19 Participant Experience (COPE)	tsu_ds5_13_xx21	1332801	change_lessmore_signed	template	high	More often than usual	more often than usual	1	Do you think you have used more or less cannabis in the past month than you used to?
COVID-19 Participant Experience (COPE)	tsu_ds5_13_xx23	1332803	change_lessmore_signed	template	high	Less often than usual	less often than usual	-1	Do you think you have used more or less synthetic marijuana or fake weed in the past month than you used to?
COVID-19 Participant Experience (COPE)	tsu_ds5_13_xx23	1332803	change_lessmore_signed	template	high	The same as usual	the same as usual	0	Do you think you have used more or less synthetic marijuana or fake weed in the past month than you used to?
COVID-19 Participant Experience (COPE)	tsu_ds5_13_xx23	1332803	change_lessmore_signed	template	high	More often than usual	more often than usual	1	Do you think you have used more or less synthetic marijuana or fake weed in the past month than you used to?
COVID-19 Participant Experience (COPE)	tsu_ds5_13_xx25	1332805	change_lessmore_signed	template	high	Less often than usual	less often than usual	-1	Do you think you have used more or less cocaine in the past month than you used to?
COVID-19 Participant Experience (COPE)	tsu_ds5_13_xx25	1332805	change_lessmore_signed	template	high	The same as usual	the same as usual	0	Do you think you have used more or less cocaine in the past month than you used to?
COVID-19 Participant Experience (COPE)	tsu_ds5_13_xx25	1332805	change_lessmore_signed	template	high	More often than usual	more often than usual	1	Do you think you have used more or less cocaine in the past month than you used to?
COVID-19 Participant Experience (COPE)	tsu_ds5_13_xx27	1332807	change_lessmore_signed	template	high	Less often than usual	less often than usual	-1	Do you think you have used more or less prescription stimulants in the past month than you used to?
COVID-19 Participant Experience (COPE)	tsu_ds5_13_xx27	1332807	change_lessmore_signed	template	high	The same as usual	the same as usual	0	Do you think you have used more or less prescription stimulants in the past month than you used to?
COVID-19 Participant Experience (COPE)	tsu_ds5_13_xx27	1332807	change_lessmore_signed	template	high	More often than usual	more often than usual	1	Do you think you have used more or less prescription stimulants in the past month than you used to?
COVID-19 Participant Experience (COPE)	tsu_ds5_13_xx29	1332747	change_lessmore_signed	template	high	Less often than usual	less often than usual	-1	Do you think you have used more or less methamphetamine in the past month than you used to?
COVID-19 Participant Experience (COPE)	tsu_ds5_13_xx29	1332747	change_lessmore_signed	template	high	The same as usual	the same as usual	0	Do you think you have used more or less methamphetamine in the past month than you used to?
COVID-19 Participant Experience (COPE)	tsu_ds5_13_xx29	1332747	change_lessmore_signed	template	high	More often than usual	more often than usual	1	Do you think you have used more or less methamphetamine in the past month than you used to?
COVID-19 Participant Experience (COPE)	tsu_ds5_13_xx3	1333013	freq_covid_contact_0_3	template	high	Only a few times	only a few times	0	How often did you use cannabis?
COVID-19 Participant Experience (COPE)	tsu_ds5_13_xx3	1333013	freq_covid_contact_0_3	template	high	1-3 times per month	1-3 times per month	1	How often did you use cannabis?
COVID-19 Participant Experience (COPE)	tsu_ds5_13_xx3	1333013	freq_covid_contact_0_3	template	high	1-5 times per week	1-5 times per week	2	How often did you use cannabis?
COVID-19 Participant Experience (COPE)	tsu_ds5_13_xx3	1333013	freq_covid_contact_0_3	template	high	Daily	daily	3	How often did you use cannabis?
COVID-19 Participant Experience (COPE)	tsu_ds5_13_xx31	1332820	change_lessmore_signed	template	high	Less often than usual	less often than usual	-1	Do you think you have used more or less synthetic stimulants in the past month than you used to?
COVID-19 Participant Experience (COPE)	tsu_ds5_13_xx31	1332820	change_lessmore_signed	template	high	The same as usual	the same as usual	0	Do you think you have used more or less synthetic stimulants in the past month than you used to?
COVID-19 Participant Experience (COPE)	tsu_ds5_13_xx31	1332820	change_lessmore_signed	template	high	More often than usual	more often than usual	1	Do you think you have used more or less synthetic stimulants in the past month than you used to?
COVID-19 Participant Experience (COPE)	tsu_ds5_13_xx32	1332822	change_lessmore_signed	template	high	Less often than usual	less often than usual	-1	Do you think you have used more or less inhalants in the past month than you used to?
COVID-19 Participant Experience (COPE)	tsu_ds5_13_xx32	1332822	change_lessmore_signed	template	high	The same as usual	the same as usual	0	Do you think you have used more or less inhalants in the past month than you used to?
COVID-19 Participant Experience (COPE)	tsu_ds5_13_xx32	1332822	change_lessmore_signed	template	high	More often than usual	more often than usual	1	Do you think you have used more or less inhalants in the past month than you used to?
COVID-19 Participant Experience (COPE)	tsu_ds5_13_xx34	1332826	change_lessmore_signed	template	high	Less often than usual	less often than usual	-1	Do you think you have used more or less prescription sedatives or prescription sleeping pills in the past month than you used to?
COVID-19 Participant Experience (COPE)	tsu_ds5_13_xx34	1332826	change_lessmore_signed	template	high	The same as usual	the same as usual	0	Do you think you have used more or less prescription sedatives or prescription sleeping pills in the past month than you used to?
COVID-19 Participant Experience (COPE)	tsu_ds5_13_xx34	1332826	change_lessmore_signed	template	high	More often than usual	more often than usual	1	Do you think you have used more or less prescription sedatives or prescription sleeping pills in the past month than you used to?
COVID-19 Participant Experience (COPE)	tsu_ds5_13_xx36	1332829	change_lessmore_signed	template	high	Less often than usual	less often than usual	-1	Do you think you have used more or less hallucinogens in the past month than you used to?
COVID-19 Participant Experience (COPE)	tsu_ds5_13_xx36	1332829	change_lessmore_signed	template	high	The same as usual	the same as usual	0	Do you think you have used more or less hallucinogens in the past month than you used to?
COVID-19 Participant Experience (COPE)	tsu_ds5_13_xx36	1332829	change_lessmore_signed	template	high	More often than usual	more often than usual	1	Do you think you have used more or less hallucinogens in the past month than you used to?
COVID-19 Participant Experience (COPE)	tsu_ds5_13_xx38	1332831	change_lessmore_signed	template	high	Less often than usual	less often than usual	-1	Do you think you have used more or less heroin in the past month than you used to?
COVID-19 Participant Experience (COPE)	tsu_ds5_13_xx38	1332831	change_lessmore_signed	template	high	The same as usual	the same as usual	0	Do you think you have used more or less heroin in the past month than you used to?
COVID-19 Participant Experience (COPE)	tsu_ds5_13_xx38	1332831	change_lessmore_signed	template	high	More often than usual	more often than usual	1	Do you think you have used more or less heroin in the past month than you used to?
COVID-19 Participant Experience (COPE)	tsu_ds5_13_xx4	1332797	freq_covid_contact_0_3	template	high	Only a few times	only a few times	0	How often did you use synthetic stimulants?
COVID-19 Participant Experience (COPE)	tsu_ds5_13_xx4	1332797	freq_covid_contact_0_3	template	high	1-3 times per month	1-3 times per month	1	How often did you use synthetic stimulants?
COVID-19 Participant Experience (COPE)	tsu_ds5_13_xx4	1332797	freq_covid_contact_0_3	template	high	1-5 times per week	1-5 times per week	2	How often did you use synthetic stimulants?
COVID-19 Participant Experience (COPE)	tsu_ds5_13_xx4	1332797	freq_covid_contact_0_3	template	high	Daily	daily	3	How often did you use synthetic stimulants?
COVID-19 Participant Experience (COPE)	tsu_ds5_13_xx41	1333019	change_lessmore_signed	template	high	Less often than usual	less often than usual	-1	Do you think you have used more or less prescription opioids in the past month than you used to?
COVID-19 Participant Experience (COPE)	tsu_ds5_13_xx41	1333019	change_lessmore_signed	template	high	The same as usual	the same as usual	0	Do you think you have used more or less prescription opioids in the past month than you used to?
COVID-19 Participant Experience (COPE)	tsu_ds5_13_xx41	1333019	change_lessmore_signed	template	high	More often than usual	more often than usual	1	Do you think you have used more or less prescription opioids in the past month than you used to?
COVID-19 Participant Experience (COPE)	tsu_ds5_13_xx42_cope_a_226_2	1333020	freq_covid_contact_0_3	template	high	Only a few times	only a few times	0	How often did you use the other substance?
COVID-19 Participant Experience (COPE)	tsu_ds5_13_xx42_cope_a_226_2	1333020	freq_covid_contact_0_3	template	high	1-3 times per month	1-3 times per month	1	How often did you use the other substance?
COVID-19 Participant Experience (COPE)	tsu_ds5_13_xx42_cope_a_226_2	1333020	freq_covid_contact_0_3	template	high	1-5 times per week	1-5 times per week	2	How often did you use the other substance?
COVID-19 Participant Experience (COPE)	tsu_ds5_13_xx42_cope_a_226_2	1333020	freq_covid_contact_0_3	template	high	Daily	daily	3	How often did you use the other substance?
COVID-19 Participant Experience (COPE)	tsu_ds5_13_xx44	1333022	change_lessmore_signed	template	high	Less often than usual	less often than usual	-1	Do you think you have used more or less of the other substance in the past month than you used to?
COVID-19 Participant Experience (COPE)	tsu_ds5_13_xx44	1333022	change_lessmore_signed	template	high	The same as usual	the same as usual	0	Do you think you have used more or less of the other substance in the past month than you used to?
COVID-19 Participant Experience (COPE)	tsu_ds5_13_xx44	1333022	change_lessmore_signed	template	high	More often than usual	more often than usual	1	Do you think you have used more or less of the other substance in the past month than you used to?
COVID-19 Participant Experience (COPE)	tsu_ds5_13_xx5	1332746	freq_covid_contact_0_3	template	high	Only a few times	only a few times	0	How often did you use inhalants?
COVID-19 Participant Experience (COPE)	tsu_ds5_13_xx5	1332746	freq_covid_contact_0_3	template	high	1-3 times per month	1-3 times per month	1	How often did you use inhalants?
COVID-19 Participant Experience (COPE)	tsu_ds5_13_xx5	1332746	freq_covid_contact_0_3	template	high	1-5 times per week	1-5 times per week	2	How often did you use inhalants?
COVID-19 Participant Experience (COPE)	tsu_ds5_13_xx5	1332746	freq_covid_contact_0_3	template	high	Daily	daily	3	How often did you use inhalants?
COVID-19 Participant Experience (COPE)	tsu_ds5_13_xx6	1333004	freq_covid_contact_0_3	template	high	Only a few times	only a few times	0	How often did you use methamphetamine?
COVID-19 Participant Experience (COPE)	tsu_ds5_13_xx6	1333004	freq_covid_contact_0_3	template	high	1-3 times per month	1-3 times per month	1	How often did you use methamphetamine?
COVID-19 Participant Experience (COPE)	tsu_ds5_13_xx6	1333004	freq_covid_contact_0_3	template	high	1-5 times per week	1-5 times per week	2	How often did you use methamphetamine?
COVID-19 Participant Experience (COPE)	tsu_ds5_13_xx6	1333004	freq_covid_contact_0_3	template	high	Daily	daily	3	How often did you use methamphetamine?
COVID-19 Participant Experience (COPE)	tsu_ds5_13_xx7	1332751	freq_covid_contact_0_3	template	high	Only a few times	only a few times	0	How often did you use synthetic marijuana or fake weed?
COVID-19 Participant Experience (COPE)	tsu_ds5_13_xx7	1332751	freq_covid_contact_0_3	template	high	1-3 times per month	1-3 times per month	1	How often did you use synthetic marijuana or fake weed?
COVID-19 Participant Experience (COPE)	tsu_ds5_13_xx7	1332751	freq_covid_contact_0_3	template	high	1-5 times per week	1-5 times per week	2	How often did you use synthetic marijuana or fake weed?
COVID-19 Participant Experience (COPE)	tsu_ds5_13_xx7	1332751	freq_covid_contact_0_3	template	high	Daily	daily	3	How often did you use synthetic marijuana or fake weed?
COVID-19 Participant Experience (COPE)	tsu_ds5_13_xx8	1332752	freq_covid_contact_0_3	template	high	Only a few times	only a few times	0	How often did you use prescription sedatives or prescription sleeping pills?
COVID-19 Participant Experience (COPE)	tsu_ds5_13_xx8	1332752	freq_covid_contact_0_3	template	high	1-3 times per month	1-3 times per month	1	How often did you use prescription sedatives or prescription sleeping pills?
COVID-19 Participant Experience (COPE)	tsu_ds5_13_xx8	1332752	freq_covid_contact_0_3	template	high	1-5 times per week	1-5 times per week	2	How often did you use prescription sedatives or prescription sleeping pills?
COVID-19 Participant Experience (COPE)	tsu_ds5_13_xx8	1332752	freq_covid_contact_0_3	template	high	Daily	daily	3	How often did you use prescription sedatives or prescription sleeping pills?
COVID-19 Participant Experience (COPE)	tsu_ds5_13_xx9	1332753	freq_covid_contact_0_3	template	high	Only a few times	only a few times	0	How often did you use cocaine?
COVID-19 Participant Experience (COPE)	tsu_ds5_13_xx9	1332753	freq_covid_contact_0_3	template	high	1-3 times per month	1-3 times per month	1	How often did you use cocaine?
COVID-19 Participant Experience (COPE)	tsu_ds5_13_xx9	1332753	freq_covid_contact_0_3	template	high	1-5 times per week	1-5 times per week	2	How often did you use cocaine?
COVID-19 Participant Experience (COPE)	tsu_ds5_13_xx9	1332753	freq_covid_contact_0_3	template	high	Daily	daily	3	How often did you use cocaine?
COVID-19 Participant Experience (COPE)	ucla_ls8_11		freq_never_veryoften_0_4	template	high	Never	never	0	Choose the answer that is true for you in the past month. I feel left out
COVID-19 Participant Experience (COPE)	ucla_ls8_11		freq_never_veryoften_0_4	template	high	Rarely	rarely	1	Choose the answer that is true for you in the past month. I feel left out
COVID-19 Participant Experience (COPE)	ucla_ls8_11		freq_never_veryoften_0_4	template	high	Sometimes	sometimes	2	Choose the answer that is true for you in the past month. I feel left out
COVID-19 Participant Experience (COPE)	ucla_ls8_11		freq_never_veryoften_0_4	template	high	Often	often	3	Choose the answer that is true for you in the past month. I feel left out
COVID-19 Participant Experience (COPE)	ucla_ls8_14		freq_never_veryoften_0_4	template	high	Never	never	0	Choose the answer that is true for you in the past month. I feel isolated from others
COVID-19 Participant Experience (COPE)	ucla_ls8_14		freq_never_veryoften_0_4	template	high	Rarely	rarely	1	Choose the answer that is true for you in the past month. I feel isolated from others
COVID-19 Participant Experience (COPE)	ucla_ls8_14		freq_never_veryoften_0_4	template	high	Sometimes	sometimes	2	Choose the answer that is true for you in the past month. I feel isolated from others
COVID-19 Participant Experience (COPE)	ucla_ls8_14		freq_never_veryoften_0_4	template	high	Often	often	3	Choose the answer that is true for you in the past month. I feel isolated from others
COVID-19 Participant Experience (COPE)	ucla_ls8_15		freq_never_veryoften_0_4	template	high	Never	never	0	Choose the answer that is true for you in the past month. I can find companionship when I want it
COVID-19 Participant Experience (COPE)	ucla_ls8_15		freq_never_veryoften_0_4	template	high	Rarely	rarely	1	Choose the answer that is true for you in the past month. I can find companionship when I want it
COVID-19 Participant Experience (COPE)	ucla_ls8_15		freq_never_veryoften_0_4	template	high	Sometimes	sometimes	2	Choose the answer that is true for you in the past month. I can find companionship when I want it
COVID-19 Participant Experience (COPE)	ucla_ls8_15		freq_never_veryoften_0_4	template	high	Often	often	3	Choose the answer that is true for you in the past month. I can find companionship when I want it
COVID-19 Participant Experience (COPE)	ucla_ls8_17		freq_never_veryoften_0_4	template	high	Never	never	0	Choose the answer that is true for you in the past month. I am unhappy being so withdrawn
COVID-19 Participant Experience (COPE)	ucla_ls8_17		freq_never_veryoften_0_4	template	high	Rarely	rarely	1	Choose the answer that is true for you in the past month. I am unhappy being so withdrawn
COVID-19 Participant Experience (COPE)	ucla_ls8_17		freq_never_veryoften_0_4	template	high	Sometimes	sometimes	2	Choose the answer that is true for you in the past month. I am unhappy being so withdrawn
COVID-19 Participant Experience (COPE)	ucla_ls8_17		freq_never_veryoften_0_4	template	high	Often	often	3	Choose the answer that is true for you in the past month. I am unhappy being so withdrawn
COVID-19 Participant Experience (COPE)	ucla_ls8_18		freq_never_veryoften_0_4	template	high	Never	never	0	Choose the answer that is true for you in the past month. People are around me but not with me
COVID-19 Participant Experience (COPE)	ucla_ls8_18		freq_never_veryoften_0_4	template	high	Rarely	rarely	1	Choose the answer that is true for you in the past month. People are around me but not with me
COVID-19 Participant Experience (COPE)	ucla_ls8_18		freq_never_veryoften_0_4	template	high	Sometimes	sometimes	2	Choose the answer that is true for you in the past month. People are around me but not with me
COVID-19 Participant Experience (COPE)	ucla_ls8_18		freq_never_veryoften_0_4	template	high	Often	often	3	Choose the answer that is true for you in the past month. People are around me but not with me
COVID-19 Participant Experience (COPE)	ucla_ls8_2		freq_never_veryoften_0_4	template	high	Never	never	0	Choose the answer that is true for you in the past month. I lack companionship
COVID-19 Participant Experience (COPE)	ucla_ls8_2		freq_never_veryoften_0_4	template	high	Rarely	rarely	1	Choose the answer that is true for you in the past month. I lack companionship
COVID-19 Participant Experience (COPE)	ucla_ls8_2		freq_never_veryoften_0_4	template	high	Sometimes	sometimes	2	Choose the answer that is true for you in the past month. I lack companionship
COVID-19 Participant Experience (COPE)	ucla_ls8_2		freq_never_veryoften_0_4	template	high	Often	often	3	Choose the answer that is true for you in the past month. I lack companionship
COVID-19 Participant Experience (COPE)	ucla_ls8_3		freq_never_veryoften_0_4	template	high	Never	never	0	Choose the answer that is true for you in the past month. There is no one I can turn to
COVID-19 Participant Experience (COPE)	ucla_ls8_3		freq_never_veryoften_0_4	template	high	Rarely	rarely	1	Choose the answer that is true for you in the past month. There is no one I can turn to
COVID-19 Participant Experience (COPE)	ucla_ls8_3		freq_never_veryoften_0_4	template	high	Sometimes	sometimes	2	Choose the answer that is true for you in the past month. There is no one I can turn to
COVID-19 Participant Experience (COPE)	ucla_ls8_3		freq_never_veryoften_0_4	template	high	Often	often	3	Choose the answer that is true for you in the past month. There is no one I can turn to
COVID-19 Participant Experience (COPE)	ucla_ls8_9		freq_never_veryoften_0_4	template	high	Never	never	0	Choose the answer that is true for you in the past month. I am an outgoing person
COVID-19 Participant Experience (COPE)	ucla_ls8_9		freq_never_veryoften_0_4	template	high	Rarely	rarely	1	Choose the answer that is true for you in the past month. I am an outgoing person
COVID-19 Participant Experience (COPE)	ucla_ls8_9		freq_never_veryoften_0_4	template	high	Sometimes	sometimes	2	Choose the answer that is true for you in the past month. I am an outgoing person
COVID-19 Participant Experience (COPE)	ucla_ls8_9		freq_never_veryoften_0_4	template	high	Often	often	3	Choose the answer that is true for you in the past month. I am an outgoing person
COVID-19 Participant Experience (COPE)	ukmh_j1	1332749	happiness_0_5	override	high	Extremely happy	extremely happy	5	Choose the answer that best describes how you felt in the past month. In general, how happy are you?
COVID-19 Participant Experience (COPE)	ukmh_j1	1332749	happiness_0_5	override	high	Very happy	very happy	4	Choose the answer that best describes how you felt in the past month. In general, how happy are you?
COVID-19 Participant Experience (COPE)	ukmh_j1	1332749	happiness_0_5	override	high	Moderately happy	moderately happy	3	Choose the answer that best describes how you felt in the past month. In general, how happy are you?
COVID-19 Participant Experience (COPE)	ukmh_j1	1332749	happiness_0_5	override	high	Moderately unhappy	moderately unhappy	2	Choose the answer that best describes how you felt in the past month. In general, how happy are you?
COVID-19 Participant Experience (COPE)	ukmh_j1	1332749	happiness_0_5	override	high	Very unhappy	very unhappy	1	Choose the answer that best describes how you felt in the past month. In general, how happy are you?
COVID-19 Participant Experience (COPE)	ukmh_j1	1332749	happiness_0_5	override	high	Extremely unhappy	extremely unhappy	0	Choose the answer that best describes how you felt in the past month. In general, how happy are you?
COVID-19 Participant Experience (COPE)	ukmh_j3	1332750	amount_0_4	template	high	Not at all	not at all	0	Choose the answer that best describes how you felt in the past month. To what extent do you feel your life to be meaningful?
COVID-19 Participant Experience (COPE)	ukmh_j3	1332750	amount_0_4	template	high	A little	a little	1	Choose the answer that best describes how you felt in the past month. To what extent do you feel your life to be meaningful?
COVID-19 Participant Experience (COPE)	ukmh_j3	1332750	amount_0_4	template	high	A moderate amount	a moderate amount	2	Choose the answer that best describes how you felt in the past month. To what extent do you feel your life to be meaningful?
COVID-19 Participant Experience (COPE)	ukmh_j3	1332750	amount_0_4	template	high	Very much	very much	3	Choose the answer that best describes how you felt in the past month. To what extent do you feel your life to be meaningful?
COVID-19 Participant Experience (COPE)	ukmh_j3	1332750	amount_0_4	template	high	An extreme amount	an extreme amount	4	Choose the answer that best describes how you felt in the past month. To what extent do you feel your life to be meaningful?
COVID-19 Participant Experience (COPE)	cdc_covid_19_21	1333102	impact_0_3	template	high	A lot	a lot	3	In the past month, have recommendations for socially distancing caused stress for you?
COVID-19 Participant Experience (COPE)	cdc_covid_19_21	1333102	impact_0_3	template	high	Somewhat	somewhat	2	In the past month, have recommendations for socially distancing caused stress for you?
COVID-19 Participant Experience (COPE)	cdc_covid_19_21	1333102	impact_0_3	template	high	A little	a little	1	In the past month, have recommendations for socially distancing caused stress for you?
COVID-19 Participant Experience (COPE)	cdc_covid_19_21	1333102	impact_0_3	template	high	Not at all	not at all	0	In the past month, have recommendations for socially distancing caused stress for you?
COVID-19 Participant Experience (COPE)	copect_40_xx15	1333156	yes_maybe_no_0_2	template	medium	Yes	yes	2	Do you think you have had COVID-19?
COVID-19 Participant Experience (COPE)	copect_40_xx15	1333156	yes_maybe_no_0_2	template	medium	No	no	0	Do you think you have had COVID-19?
COVID-19 Participant Experience (COPE)	copect_40_xx15	1333156	yes_maybe_no_0_2	template	medium	Maybe	maybe	1	Do you think you have had COVID-19?
COVID-19 Participant Experience (COPE)	msds_10	1333105	days_last5_midpoint	template	high	None of the days (0 days)	none of the days (0 days)	0.0	Thinking about your current social habits, in the last 5 days: I have gone to my workplace or volunteer site that is outside my home.
COVID-19 Participant Experience (COPE)	msds_10	1333105	days_last5_midpoint	template	high	A few days (1-2 days)	a few days (1-2 days)	1.5	Thinking about your current social habits, in the last 5 days: I have gone to my workplace or volunteer site that is outside my home.
COVID-19 Participant Experience (COPE)	msds_10	1333105	days_last5_midpoint	template	high	Most days (3-4 days)	most days (3-4 days)	3.5	Thinking about your current social habits, in the last 5 days: I have gone to my workplace or volunteer site that is outside my home.
COVID-19 Participant Experience (COPE)	msds_10	1333105	days_last5_midpoint	template	high	Every day	every day	5.0	Thinking about your current social habits, in the last 5 days: I have gone to my workplace or volunteer site that is outside my home.
COVID-19 Participant Experience (COPE)	msds_11	1332734	days_last5_midpoint	template	high	None of the days (0 days)	none of the days (0 days)	0.0	Thinking about your current social habits, in the last 5 days: I have attended social gatherings outside my home of MORE than 10 people.
COVID-19 Participant Experience (COPE)	msds_11	1332734	days_last5_midpoint	template	high	A few days (1-2 days)	a few days (1-2 days)	1.5	Thinking about your current social habits, in the last 5 days: I have attended social gatherings outside my home of MORE than 10 people.
COVID-19 Participant Experience (COPE)	msds_11	1332734	days_last5_midpoint	template	high	Most days (3-4 days)	most days (3-4 days)	3.5	Thinking about your current social habits, in the last 5 days: I have attended social gatherings outside my home of MORE than 10 people.
COVID-19 Participant Experience (COPE)	msds_11	1332734	days_last5_midpoint	template	high	Every day	every day	5.0	Thinking about your current social habits, in the last 5 days: I have attended social gatherings outside my home of MORE than 10 people.
COVID-19 Participant Experience (COPE)	msds_12	1332735	days_last5_midpoint	template	high	None of the days (0 days)	none of the days (0 days)	0.0	Thinking about your current social habits, in the last 5 days: I have attended social gatherings outside my home of LESS than 10 people.
COVID-19 Participant Experience (COPE)	msds_12	1332735	days_last5_midpoint	template	high	A few days (1-2 days)	a few days (1-2 days)	1.5	Thinking about your current social habits, in the last 5 days: I have attended social gatherings outside my home of LESS than 10 people.
COVID-19 Participant Experience (COPE)	msds_12	1332735	days_last5_midpoint	template	high	Most days (3-4 days)	most days (3-4 days)	3.5	Thinking about your current social habits, in the last 5 days: I have attended social gatherings outside my home of LESS than 10 people.
COVID-19 Participant Experience (COPE)	msds_12	1332735	days_last5_midpoint	template	high	Every day	every day	5.0	Thinking about your current social habits, in the last 5 days: I have attended social gatherings outside my home of LESS than 10 people.
COVID-19 Participant Experience (COPE)	msds_13	1332738	days_last5_midpoint	template	high	None of the days (0 days)	none of the days (0 days)	0.0	"Thinking about your current social habits, in the last 5 days: I have gone on shopping trips or outings that were ""just for fun""."
COVID-19 Participant Experience (COPE)	msds_13	1332738	days_last5_midpoint	template	high	A few days (1-2 days)	a few days (1-2 days)	1.5	"Thinking about your current social habits, in the last 5 days: I have gone on shopping trips or outings that were ""just for fun""."
COVID-19 Participant Experience (COPE)	msds_13	1332738	days_last5_midpoint	template	high	Most days (3-4 days)	most days (3-4 days)	3.5	"Thinking about your current social habits, in the last 5 days: I have gone on shopping trips or outings that were ""just for fun""."
COVID-19 Participant Experience (COPE)	msds_13	1332738	days_last5_midpoint	template	high	Every day	every day	5.0	"Thinking about your current social habits, in the last 5 days: I have gone on shopping trips or outings that were ""just for fun""."
COVID-19 Participant Experience (COPE)	msds_14	1332762	days_last5_midpoint	template	high	None of the days (0 days)	none of the days (0 days)	0.0	Thinking about your current social habits, in the last 5 days: I have visited nursing homes or long-term care facilities (outside of work duties).
COVID-19 Participant Experience (COPE)	msds_14	1332762	days_last5_midpoint	template	high	A few days (1-2 days)	a few days (1-2 days)	1.5	Thinking about your current social habits, in the last 5 days: I have visited nursing homes or long-term care facilities (outside of work duties).
COVID-19 Participant Experience (COPE)	msds_14	1332762	days_last5_midpoint	template	high	Most days (3-4 days)	most days (3-4 days)	3.5	Thinking about your current social habits, in the last 5 days: I have visited nursing homes or long-term care facilities (outside of work duties).
COVID-19 Participant Experience (COPE)	msds_14	1332762	days_last5_midpoint	template	high	Every day	every day	5.0	Thinking about your current social habits, in the last 5 days: I have visited nursing homes or long-term care facilities (outside of work duties).
COVID-19 Participant Experience (COPE)	msds_15		days_last5_midpoint	override	high	None of the days (0 days)	none of the days (0 days)	0.0	Thinking about your current social habits, in the last 5 days: I have been in close contact with someone who is in a risk group for COVID-19 (adults age 50+, people with chronic medical conditions like heart, lung, liver, or kidney disease, diabetes, high blood pressure, or a suppressed immune system). This includes someone inside or outside of your household.
COVID-19 Participant Experience (COPE)	msds_15		days_last5_midpoint	override	high	A few days (1-2 days)	a few days (1-2 days)	1.5	Thinking about your current social habits, in the last 5 days: I have been in close contact with someone who is in a risk group for COVID-19 (adults age 50+, people with chronic medical conditions like heart, lung, liver, or kidney disease, diabetes, high blood pressure, or a suppressed immune system). This includes someone inside or outside of your household.
COVID-19 Participant Experience (COPE)	msds_15		days_last5_midpoint	override	high	Most days (3-4 days)	most days (3-4 days)	3.5	Thinking about your current social habits, in the last 5 days: I have been in close contact with someone who is in a risk group for COVID-19 (adults age 50+, people with chronic medical conditions like heart, lung, liver, or kidney disease, diabetes, high blood pressure, or a suppressed immune system). This includes someone inside or outside of your household.
COVID-19 Participant Experience (COPE)	msds_15		days_last5_midpoint	override	high	Every day	every day	5.0	Thinking about your current social habits, in the last 5 days: I have been in close contact with someone who is in a risk group for COVID-19 (adults age 50+, people with chronic medical conditions like heart, lung, liver, or kidney disease, diabetes, high blood pressure, or a suppressed immune system). This includes someone inside or outside of your household.
COVID-19 Participant Experience (COPE)	msds_16		social_change_signed	override	high	A lot less than normal	a lot less than normal	-2	Thinking about these activities in the last 5 days, my social interaction with people outside my home was
COVID-19 Participant Experience (COPE)	msds_16		social_change_signed	override	high	Somewhat less than normal	somewhat less than normal	-1	Thinking about these activities in the last 5 days, my social interaction with people outside my home was
COVID-19 Participant Experience (COPE)	msds_16		social_change_signed	override	high	About the same as normal	about the same as normal	0	Thinking about these activities in the last 5 days, my social interaction with people outside my home was
COVID-19 Participant Experience (COPE)	msds_16		social_change_signed	override	high	More than normal	more than normal	1	Thinking about these activities in the last 5 days, my social interaction with people outside my home was
COVID-19 Participant Experience (COPE)	msds_16		social_change_signed	override	high	A lot more than normal	a lot more than normal	2	Thinking about these activities in the last 5 days, my social interaction with people outside my home was
COVID-19 Participant Experience (COPE)	msds_18		hygiene_frequency_1_4	override	high	All of the time	all of the time	4	Now, thinking about the COVID-19 recommendations and mandates...How often in the past month are you doing the recommended pandemic hygiene, like washing hands frequently, avoiding touching your face, covering coughs, wearing a mask, and avoiding frequently touched surfaces in public places?
COVID-19 Participant Experience (COPE)	msds_18		hygiene_frequency_1_4	override	high	Most of the time	most of the time	3	Now, thinking about the COVID-19 recommendations and mandates...How often in the past month are you doing the recommended pandemic hygiene, like washing hands frequently, avoiding touching your face, covering coughs, wearing a mask, and avoiding frequently touched surfaces in public places?
COVID-19 Participant Experience (COPE)	msds_18		hygiene_frequency_1_4	override	high	Sometimes	sometimes	2	Now, thinking about the COVID-19 recommendations and mandates...How often in the past month are you doing the recommended pandemic hygiene, like washing hands frequently, avoiding touching your face, covering coughs, wearing a mask, and avoiding frequently touched surfaces in public places?
COVID-19 Participant Experience (COPE)	msds_18		hygiene_frequency_1_4	override	high	Rarely	rarely	1	Now, thinking about the COVID-19 recommendations and mandates...How often in the past month are you doing the recommended pandemic hygiene, like washing hands frequently, avoiding touching your face, covering coughs, wearing a mask, and avoiding frequently touched surfaces in public places?
COVID-19 Participant Experience (COPE)	msds_9		days_last5_midpoint	template	high	None of the days (0 days)	none of the days (0 days)	0.0	Thinking about your current social habits, in the last 5 days: I have stayed home all day.
COVID-19 Participant Experience (COPE)	msds_9		days_last5_midpoint	template	high	A few days (1-2 days)	a few days (1-2 days)	1.5	Thinking about your current social habits, in the last 5 days: I have stayed home all day.
COVID-19 Participant Experience (COPE)	msds_9		days_last5_midpoint	template	high	Most days (3-4 days)	most days (3-4 days)	3.5	Thinking about your current social habits, in the last 5 days: I have stayed home all day.
COVID-19 Participant Experience (COPE)	msds_9		days_last5_midpoint	template	high	Every day	every day	5.0	Thinking about your current social habits, in the last 5 days: I have stayed home all day.
COVID-19 Participant Experience (COPE)	copect_40_xx15_a		symptom_onset_month_ordinal	override	medium	January or February 2020	january or february 2020	1	When did your symptoms begin?
COVID-19 Participant Experience (COPE)	copect_40_xx15_a		symptom_onset_month_ordinal	override	medium	March or April 2020	march or april 2020	2	When did your symptoms begin?
COVID-19 Participant Experience (COPE)	copect_40_xx15_a		symptom_onset_month_ordinal	override	medium	May or June 2020	may or june 2020	3	When did your symptoms begin?
COVID-19 Participant Experience (COPE)	copect_40_xx15_a		symptom_onset_month_ordinal	override	medium	July or August 2020	july or august 2020	4	When did your symptoms begin?
COVID-19 Participant Experience (COPE)	copect_40_xx15_a		symptom_onset_month_ordinal	override	medium	September or October 2020	september or october 2020	5	When did your symptoms begin?
COVID-19 Participant Experience (COPE)	cdc_covid_19_9_xx25		testing_access_0_2	override	medium	No	no	0	Were you tested for COVID-19?
COVID-19 Participant Experience (COPE)	cdc_covid_19_9_xx25		testing_access_0_2	override	medium	No, I tried and was unable to be tested	no, i tried and was unable to be tested	1	Were you tested for COVID-19?
COVID-19 Participant Experience (COPE)	cdc_covid_19_9_xx25		testing_access_0_2	override	medium	Yes	yes	2	Were you tested for COVID-19?
COVID-19 Participant Experience (COPE)	dmfs_xx_1		likelihood_0_4	override	high	Very likely	very likely	4	When a COVID-19 vaccine is available, how likely are you to want to receive vaccination?
COVID-19 Participant Experience (COPE)	dmfs_xx_1		likelihood_0_4	override	high	Likely	likely	3	When a COVID-19 vaccine is available, how likely are you to want to receive vaccination?
COVID-19 Participant Experience (COPE)	dmfs_xx_1		likelihood_0_4	override	high	I do not know yet	i do not know yet	2	When a COVID-19 vaccine is available, how likely are you to want to receive vaccination?
COVID-19 Participant Experience (COPE)	dmfs_xx_1		likelihood_0_4	override	high	Unlikely	unlikely	1	When a COVID-19 vaccine is available, how likely are you to want to receive vaccination?
COVID-19 Participant Experience (COPE)	dmfs_xx_1		likelihood_0_4	override	high	Very unlikely	very unlikely	0	When a COVID-19 vaccine is available, how likely are you to want to receive vaccination?
COVID-19 Participant Experience (COPE)	gad_7_1		phq_gad_0_3	template	high	Not at all	not at all	0	Over the last 2 weeks, how often have you been bothered by the following problem: Feeling nervous, anxious, or on edge
COVID-19 Participant Experience (COPE)	gad_7_1		phq_gad_0_3	template	high	Several days	several days	1	Over the last 2 weeks, how often have you been bothered by the following problem: Feeling nervous, anxious, or on edge
COVID-19 Participant Experience (COPE)	gad_7_1		phq_gad_0_3	template	high	More than half the days	more than half the days	2	Over the last 2 weeks, how often have you been bothered by the following problem: Feeling nervous, anxious, or on edge
COVID-19 Participant Experience (COPE)	gad_7_1		phq_gad_0_3	template	high	Nearly every day	nearly every day	3	Over the last 2 weeks, how often have you been bothered by the following problem: Feeling nervous, anxious, or on edge
COVID-19 Participant Experience (COPE)	gad_7_2		phq_gad_0_3	template	high	Not at all	not at all	0	Over the last 2 weeks, how often have you been bothered by the following problem: Not being able to stop or control worrying
COVID-19 Participant Experience (COPE)	gad_7_2		phq_gad_0_3	template	high	Several days	several days	1	Over the last 2 weeks, how often have you been bothered by the following problem: Not being able to stop or control worrying
COVID-19 Participant Experience (COPE)	gad_7_2		phq_gad_0_3	template	high	More than half the days	more than half the days	2	Over the last 2 weeks, how often have you been bothered by the following problem: Not being able to stop or control worrying
COVID-19 Participant Experience (COPE)	gad_7_2		phq_gad_0_3	template	high	Nearly every day	nearly every day	3	Over the last 2 weeks, how often have you been bothered by the following problem: Not being able to stop or control worrying
COVID-19 Participant Experience (COPE)	msds_10_a		freq_never_always_na_0_3	template	high	Never	never	0	How often did you wear a face mask or face covering?
COVID-19 Participant Experience (COPE)	msds_10_a		freq_never_always_na_0_3	template	high	Sometimes	sometimes	1	How often did you wear a face mask or face covering?
COVID-19 Participant Experience (COPE)	msds_10_a		freq_never_always_na_0_3	template	high	Most of the time	most of the time	2	How often did you wear a face mask or face covering?
COVID-19 Participant Experience (COPE)	msds_10_a		freq_never_always_na_0_3	template	high	Always	always	3	How often did you wear a face mask or face covering?
COVID-19 Participant Experience (COPE)	msds_11_a		freq_never_always_na_0_3	template	high	Never	never	0	How often did you wear a face mask or face covering?
COVID-19 Participant Experience (COPE)	msds_11_a		freq_never_always_na_0_3	template	high	Sometimes	sometimes	1	How often did you wear a face mask or face covering?
COVID-19 Participant Experience (COPE)	msds_11_a		freq_never_always_na_0_3	template	high	Most of the time	most of the time	2	How often did you wear a face mask or face covering?
COVID-19 Participant Experience (COPE)	msds_11_a		freq_never_always_na_0_3	template	high	Always	always	3	How often did you wear a face mask or face covering?
COVID-19 Participant Experience (COPE)	msds_12_a		freq_never_always_na_0_3	template	high	Never	never	0	How often did you wear a face mask or face covering?
COVID-19 Participant Experience (COPE)	msds_12_a		freq_never_always_na_0_3	template	high	Sometimes	sometimes	1	How often did you wear a face mask or face covering?
COVID-19 Participant Experience (COPE)	msds_12_a		freq_never_always_na_0_3	template	high	Most of the time	most of the time	2	How often did you wear a face mask or face covering?
COVID-19 Participant Experience (COPE)	msds_12_a		freq_never_always_na_0_3	template	high	Always	always	3	How often did you wear a face mask or face covering?
COVID-19 Participant Experience (COPE)	msds_13_a		freq_never_always_na_0_3	template	high	Never	never	0	How often did you wear a face mask or face covering?
COVID-19 Participant Experience (COPE)	msds_13_a		freq_never_always_na_0_3	template	high	Sometimes	sometimes	1	How often did you wear a face mask or face covering?
COVID-19 Participant Experience (COPE)	msds_13_a		freq_never_always_na_0_3	template	high	Most of the time	most of the time	2	How often did you wear a face mask or face covering?
COVID-19 Participant Experience (COPE)	msds_13_a		freq_never_always_na_0_3	template	high	Always	always	3	How often did you wear a face mask or face covering?
COVID-19 Participant Experience (COPE)	msds_14_a		freq_never_always_na_0_3	template	high	Never	never	0	How often did you wear a face mask or face covering?
COVID-19 Participant Experience (COPE)	msds_14_a		freq_never_always_na_0_3	template	high	Sometimes	sometimes	1	How often did you wear a face mask or face covering?
COVID-19 Participant Experience (COPE)	msds_14_a		freq_never_always_na_0_3	template	high	Most of the time	most of the time	2	How often did you wear a face mask or face covering?
COVID-19 Participant Experience (COPE)	msds_14_a		freq_never_always_na_0_3	template	high	Always	always	3	How often did you wear a face mask or face covering?
COVID-19 Participant Experience (COPE)	msds_17	1310134	days_last5_midpoint	template	high	None of the days (0 days)	none of the days (0 days)	0.0	Thinking about your current social habits, in the last 5 days: I have attended social gatherings of MORE than 50 people.
COVID-19 Participant Experience (COPE)	msds_17	1310134	days_last5_midpoint	template	high	A few days (1-2 days)	a few days (1-2 days)	1.5	Thinking about your current social habits, in the last 5 days: I have attended social gatherings of MORE than 50 people.
COVID-19 Participant Experience (COPE)	msds_17	1310134	days_last5_midpoint	template	high	Most days (3-4 days)	most days (3-4 days)	3.5	Thinking about your current social habits, in the last 5 days: I have attended social gatherings of MORE than 50 people.
COVID-19 Participant Experience (COPE)	msds_17	1310134	days_last5_midpoint	template	high	Every day	every day	5.0	Thinking about your current social habits, in the last 5 days: I have attended social gatherings of MORE than 50 people.
COVID-19 Participant Experience (COPE)	msds_17_a		freq_never_always_na_0_3	template	high	Never	never	0	How often did you wear a face mask or face covering?
COVID-19 Participant Experience (COPE)	msds_17_a		freq_never_always_na_0_3	template	high	Sometimes	sometimes	1	How often did you wear a face mask or face covering?
COVID-19 Participant Experience (COPE)	msds_17_a		freq_never_always_na_0_3	template	high	Most of the time	most of the time	2	How often did you wear a face mask or face covering?
COVID-19 Participant Experience (COPE)	msds_17_a		freq_never_always_na_0_3	template	high	Always	always	3	How often did you wear a face mask or face covering?
COVID-19 Participant Experience (COPE)	phq_9_1		phq_gad_0_3	template	high	Not at all	not at all	0	Over the last 2 weeks, how often have you been bothered by the following problem: Little interest or pleasure in doing things
COVID-19 Participant Experience (COPE)	phq_9_1		phq_gad_0_3	template	high	Several days	several days	1	Over the last 2 weeks, how often have you been bothered by the following problem: Little interest or pleasure in doing things
COVID-19 Participant Experience (COPE)	phq_9_1		phq_gad_0_3	template	high	More than half the days	more than half the days	2	Over the last 2 weeks, how often have you been bothered by the following problem: Little interest or pleasure in doing things
COVID-19 Participant Experience (COPE)	phq_9_1		phq_gad_0_3	template	high	Nearly every day	nearly every day	3	Over the last 2 weeks, how often have you been bothered by the following problem: Little interest or pleasure in doing things
COVID-19 Participant Experience (COPE)	phq_9_2		phq_gad_0_3	template	high	Not at all	not at all	0	In the past 2 weeks, how often have you been bothered by the following problem: Feeling down, depressed, or hopeless
COVID-19 Participant Experience (COPE)	phq_9_2		phq_gad_0_3	template	high	Several days	several days	1	In the past 2 weeks, how often have you been bothered by the following problem: Feeling down, depressed, or hopeless
COVID-19 Participant Experience (COPE)	phq_9_2		phq_gad_0_3	template	high	More than half the days	more than half the days	2	In the past 2 weeks, how often have you been bothered by the following problem: Feeling down, depressed, or hopeless
COVID-19 Participant Experience (COPE)	phq_9_2		phq_gad_0_3	template	high	Nearly every day	nearly every day	3	In the past 2 weeks, how often have you been bothered by the following problem: Feeling down, depressed, or hopeless
COVID-19 Participant Experience (COPE)	phq_9_9		phq_gad_0_3	template	high	Not at all	not at all	0	Over the last 2 weeks, how often have you been bothered by the following problem: Thoughts that you would be better off dead or of hurting yourself in some way
COVID-19 Participant Experience (COPE)	phq_9_9		phq_gad_0_3	template	high	Several days	several days	1	Over the last 2 weeks, how often have you been bothered by the following problem: Thoughts that you would be better off dead or of hurting yourself in some way
COVID-19 Participant Experience (COPE)	phq_9_9		phq_gad_0_3	template	high	More than half the days	more than half the days	2	Over the last 2 weeks, how often have you been bothered by the following problem: Thoughts that you would be better off dead or of hurting yourself in some way
COVID-19 Participant Experience (COPE)	phq_9_9		phq_gad_0_3	template	high	Nearly every day	nearly every day	3	Over the last 2 weeks, how often have you been bothered by the following problem: Thoughts that you would be better off dead or of hurting yourself in some way
COVID-19 Participant Experience (COPE)	rand_alp_csq_2a	1310138	change_muchmore_signed	template	high	Much more	much more	2	Compared with when they were in person at school or a childcare center, how much time are you spending on care and supervision of your children?
COVID-19 Participant Experience (COPE)	rand_alp_csq_2a	1310138	change_muchmore_signed	template	high	A little more	a little more	1	Compared with when they were in person at school or a childcare center, how much time are you spending on care and supervision of your children?
COVID-19 Participant Experience (COPE)	rand_alp_csq_2a	1310138	change_muchmore_signed	template	high	About the same	about the same	0	Compared with when they were in person at school or a childcare center, how much time are you spending on care and supervision of your children?
COVID-19 Participant Experience (COPE)	rand_alp_csq_2a	1310138	change_muchmore_signed	template	high	A little less	a little less	-1	Compared with when they were in person at school or a childcare center, how much time are you spending on care and supervision of your children?
COVID-19 Participant Experience (COPE)	rand_alp_csq_2a	1310138	change_muchmore_signed	template	high	Much less	much less	-2	Compared with when they were in person at school or a childcare center, how much time are you spending on care and supervision of your children?
COVID-19 Participant Experience (COPE)	rand_alp_csq_2b	1310139	change_muchmore_signed	template	high	Much more	much more	2	Compared with when they were in in person school or a childcare center, how much time are you spending on helping your children with learning activities provided by their schools or childcare center?
COVID-19 Participant Experience (COPE)	rand_alp_csq_2b	1310139	change_muchmore_signed	template	high	A little more	a little more	1	Compared with when they were in in person school or a childcare center, how much time are you spending on helping your children with learning activities provided by their schools or childcare center?
COVID-19 Participant Experience (COPE)	rand_alp_csq_2b	1310139	change_muchmore_signed	template	high	About the same	about the same	0	Compared with when they were in in person school or a childcare center, how much time are you spending on helping your children with learning activities provided by their schools or childcare center?
COVID-19 Participant Experience (COPE)	rand_alp_csq_2b	1310139	change_muchmore_signed	template	high	A little less	a little less	-1	Compared with when they were in in person school or a childcare center, how much time are you spending on helping your children with learning activities provided by their schools or childcare center?
COVID-19 Participant Experience (COPE)	rand_alp_csq_2b	1310139	change_muchmore_signed	template	high	Much less	much less	-2	Compared with when they were in in person school or a childcare center, how much time are you spending on helping your children with learning activities provided by their schools or childcare center?
COVID-19 Participant Experience (COPE)	rand_alp_csq_xx_1		remote_childcare_0_3	override	medium	Yes, at home full time	yes, at home full time	3	In the past month, did you have a child enrolled in childcare centers, schools, or colleges that is learning remotely because of COVID-19?
COVID-19 Participant Experience (COPE)	rand_alp_csq_xx_1		remote_childcare_0_3	override	medium	Yes, at home part of the time	yes, at home part of the time	2	In the past month, did you have a child enrolled in childcare centers, schools, or colleges that is learning remotely because of COVID-19?
COVID-19 Participant Experience (COPE)	rand_alp_csq_xx_1		remote_childcare_0_3	override	medium	Yes, but not at home	yes, but not at home	1	In the past month, did you have a child enrolled in childcare centers, schools, or colleges that is learning remotely because of COVID-19?
COVID-19 Participant Experience (COPE)	rand_alp_csq_xx_1		remote_childcare_0_3	override	medium	No, at care, school, or college full time	no, at care, school, or college full time	0	In the past month, did you have a child enrolled in childcare centers, schools, or colleges that is learning remotely because of COVID-19?
Minute Survey on COVID-19 Vaccines	dmfs_xx_1	1310132	likelihood_0_4	override	high	Very likely	very likely	4	When a COVID-19 vaccine is available to you, how likely are you to get vaccinated?
Minute Survey on COVID-19 Vaccines	dmfs_xx_1	1310132	likelihood_0_4	override	high	Likely	likely	3	When a COVID-19 vaccine is available to you, how likely are you to get vaccinated?
Minute Survey on COVID-19 Vaccines	dmfs_xx_1	1310132	likelihood_0_4	override	high	I do not know yet	i do not know yet	2	When a COVID-19 vaccine is available to you, how likely are you to get vaccinated?
Minute Survey on COVID-19 Vaccines	dmfs_xx_1	1310132	likelihood_0_4	override	high	Unlikely	unlikely	1	When a COVID-19 vaccine is available to you, how likely are you to get vaccinated?
Minute Survey on COVID-19 Vaccines	dmfs_xx_1	1310132	likelihood_0_4	override	high	Very unlikely	very unlikely	0	When a COVID-19 vaccine is available to you, how likely are you to get vaccinated?
Minute Survey on COVID-19 Vaccines	dmfs_xx_1_seconddose	905057	likelihood_0_4	template	high	Very likely	very likely	4	When a second COVID-19 vaccine is available to you, how likely are you to get vaccinated?
Minute Survey on COVID-19 Vaccines	dmfs_xx_1_seconddose	905057	likelihood_0_4	template	high	Likely	likely	3	When a second COVID-19 vaccine is available to you, how likely are you to get vaccinated?
Minute Survey on COVID-19 Vaccines	dmfs_xx_1_seconddose	905057	likelihood_0_4	template	high	I do not know yet	i do not know yet	2	When a second COVID-19 vaccine is available to you, how likely are you to get vaccinated?
Minute Survey on COVID-19 Vaccines	dmfs_xx_1_seconddose	905057	likelihood_0_4	template	high	Unlikely	unlikely	1	When a second COVID-19 vaccine is available to you, how likely are you to get vaccinated?
Minute Survey on COVID-19 Vaccines	dmfs_xx_1_seconddose	905057	likelihood_0_4	template	high	Very unlikely	very unlikely	0	When a second COVID-19 vaccine is available to you, how likely are you to get vaccinated?
Minute Survey on COVID-19 Vaccines	dmfs_xx_1_additionaldose	765967	likelihood_maybe_0_5	override	medium	Very likely	very likely	5	If an additional dose is available to you, how likely are you to get vaccinated?
Minute Survey on COVID-19 Vaccines	dmfs_xx_1_additionaldose	765967	likelihood_maybe_0_5	override	medium	Likely	likely	4	If an additional dose is available to you, how likely are you to get vaccinated?
Minute Survey on COVID-19 Vaccines	dmfs_xx_1_additionaldose	765967	likelihood_maybe_0_5	override	medium	I do not know yet	i do not know yet	3	If an additional dose is available to you, how likely are you to get vaccinated?
Minute Survey on COVID-19 Vaccines	dmfs_xx_1_additionaldose	765967	likelihood_maybe_0_5	override	medium	Not likely now, but maybe later	not likely now, but maybe later	2	If an additional dose is available to you, how likely are you to get vaccinated?
Minute Survey on COVID-19 Vaccines	dmfs_xx_1_additionaldose	765967	likelihood_maybe_0_5	override	medium	Unlikely	unlikely	1	If an additional dose is available to you, how likely are you to get vaccinated?
Minute Survey on COVID-19 Vaccines	dmfs_xx_1_additionaldose	765967	likelihood_maybe_0_5	override	medium	Very unlikely	very unlikely	0	If an additional dose is available to you, how likely are you to get vaccinated?
Emotional Health History and Well-Being	gad7_1		phq_gad_0_3	template	high	Not at all	not at all	0	Feeling nervous, anxious, or on edge
Emotional Health History and Well-Being	gad7_1		phq_gad_0_3	template	high	Several days	several days	1	Feeling nervous, anxious, or on edge
Emotional Health History and Well-Being	gad7_1		phq_gad_0_3	template	high	More than half of the days	more than half of the days	2	Feeling nervous, anxious, or on edge
Emotional Health History and Well-Being	gad7_1		phq_gad_0_3	template	high	Nearly every day	nearly every day	3	Feeling nervous, anxious, or on edge
Emotional Health History and Well-Being	gad7_2		phq_gad_0_3	template	high	Not at all	not at all	0	Not being able to stop or control worrying
Emotional Health History and Well-Being	gad7_2		phq_gad_0_3	template	high	Several days	several days	1	Not being able to stop or control worrying
Emotional Health History and Well-Being	gad7_2		phq_gad_0_3	template	high	More than half of the days	more than half of the days	2	Not being able to stop or control worrying
Emotional Health History and Well-Being	gad7_2		phq_gad_0_3	template	high	Nearly every day	nearly every day	3	Not being able to stop or control worrying
Emotional Health History and Well-Being	gad7_3		phq_gad_0_3	template	high	Not at all	not at all	0	Worrying too much about different things
Emotional Health History and Well-Being	gad7_3		phq_gad_0_3	template	high	Several days	several days	1	Worrying too much about different things
Emotional Health History and Well-Being	gad7_3		phq_gad_0_3	template	high	More than half of the days	more than half of the days	2	Worrying too much about different things
Emotional Health History and Well-Being	gad7_3		phq_gad_0_3	template	high	Nearly every day	nearly every day	3	Worrying too much about different things
Emotional Health History and Well-Being	gad7_4		phq_gad_0_3	template	high	Not at all	not at all	0	Trouble relaxing
Emotional Health History and Well-Being	gad7_4		phq_gad_0_3	template	high	Several days	several days	1	Trouble relaxing
Emotional Health History and Well-Being	gad7_4		phq_gad_0_3	template	high	More than half of the days	more than half of the days	2	Trouble relaxing
Emotional Health History and Well-Being	gad7_4		phq_gad_0_3	template	high	Nearly every day	nearly every day	3	Trouble relaxing
Emotional Health History and Well-Being	gad7_5		phq_gad_0_3	template	high	Not at all	not at all	0	Being so restless that it's hard to sit still
Emotional Health History and Well-Being	gad7_5		phq_gad_0_3	template	high	Several days	several days	1	Being so restless that it's hard to sit still
Emotional Health History and Well-Being	gad7_5		phq_gad_0_3	template	high	More than half of the days	more than half of the days	2	Being so restless that it's hard to sit still
Emotional Health History and Well-Being	gad7_5		phq_gad_0_3	template	high	Nearly every day	nearly every day	3	Being so restless that it's hard to sit still
Emotional Health History and Well-Being	gad7_6		phq_gad_0_3	template	high	Not at all	not at all	0	Becoming easily annoyed or irritable
Emotional Health History and Well-Being	gad7_6		phq_gad_0_3	template	high	Several days	several days	1	Becoming easily annoyed or irritable
Emotional Health History and Well-Being	gad7_6		phq_gad_0_3	template	high	More than half of the days	more than half of the days	2	Becoming easily annoyed or irritable
Emotional Health History and Well-Being	gad7_6		phq_gad_0_3	template	high	Nearly every day	nearly every day	3	Becoming easily annoyed or irritable
Emotional Health History and Well-Being	gad7_7		phq_gad_0_3	template	high	Not at all	not at all	0	Feeling afraid as if something awful might happen
Emotional Health History and Well-Being	gad7_7		phq_gad_0_3	template	high	Several days	several days	1	Feeling afraid as if something awful might happen
Emotional Health History and Well-Being	gad7_7		phq_gad_0_3	template	high	More than half of the days	more than half of the days	2	Feeling afraid as if something awful might happen
Emotional Health History and Well-Being	gad7_7		phq_gad_0_3	template	high	Nearly every day	nearly every day	3	Feeling afraid as if something awful might happen
Emotional Health History and Well-Being	cidi5_6		time_all_none_0_4	template	high	All or almost all of the time	all or almost all of the time	4	Feel worried and anxious?
Emotional Health History and Well-Being	cidi5_6		time_all_none_0_4	template	high	Most of the time	most of the time	3	Feel worried and anxious?
Emotional Health History and Well-Being	cidi5_6		time_all_none_0_4	template	high	Some of the time	some of the time	2	Feel worried and anxious?
Emotional Health History and Well-Being	cidi5_6		time_all_none_0_4	template	high	A little of the time	a little of the time	1	Feel worried and anxious?
Emotional Health History and Well-Being	cidi5_6		time_all_none_0_4	template	high	None of the time	none of the time	0	Feel worried and anxious?
Emotional Health History and Well-Being	cidi5_7		time_all_none_0_4	template	high	All or almost all of the time	all or almost all of the time	4	Worry about a number of different things in your life, such as your work, family, health, or finances?
Emotional Health History and Well-Being	cidi5_7		time_all_none_0_4	template	high	Most of the time	most of the time	3	Worry about a number of different things in your life, such as your work, family, health, or finances?
Emotional Health History and Well-Being	cidi5_7		time_all_none_0_4	template	high	Some of the time	some of the time	2	Worry about a number of different things in your life, such as your work, family, health, or finances?
Emotional Health History and Well-Being	cidi5_7		time_all_none_0_4	template	high	A little of the time	a little of the time	1	Worry about a number of different things in your life, such as your work, family, health, or finances?
Emotional Health History and Well-Being	cidi5_7		time_all_none_0_4	template	high	None of the time	none of the time	0	Worry about a number of different things in your life, such as your work, family, health, or finances?
Emotional Health History and Well-Being	cidi5_8		time_all_none_0_4	template	high	All or almost all of the time	all or almost all of the time	4	Worry excessively or too much?
Emotional Health History and Well-Being	cidi5_8		time_all_none_0_4	template	high	Most of the time	most of the time	3	Worry excessively or too much?
Emotional Health History and Well-Being	cidi5_8		time_all_none_0_4	template	high	Some of the time	some of the time	2	Worry excessively or too much?
Emotional Health History and Well-Being	cidi5_8		time_all_none_0_4	template	high	A little of the time	a little of the time	1	Worry excessively or too much?
Emotional Health History and Well-Being	cidi5_8		time_all_none_0_4	template	high	None of the time	none of the time	0	Worry excessively or too much?
Emotional Health History and Well-Being	cidi5_9		time_all_none_0_4	template	high	All or almost all of the time	all or almost all of the time	4	Have trouble controlling your worry?
Emotional Health History and Well-Being	cidi5_9		time_all_none_0_4	template	high	Most of the time	most of the time	3	Have trouble controlling your worry?
Emotional Health History and Well-Being	cidi5_9		time_all_none_0_4	template	high	Some of the time	some of the time	2	Have trouble controlling your worry?
Emotional Health History and Well-Being	cidi5_9		time_all_none_0_4	template	high	A little of the time	a little of the time	1	Have trouble controlling your worry?
Emotional Health History and Well-Being	cidi5_9		time_all_none_0_4	template	high	None of the time	none of the time	0	Have trouble controlling your worry?
Emotional Health History and Well-Being	cidi5_10		time_all_none_0_4	template	high	All or almost all of the time	all or almost all of the time	4	Feel restless, keyed up, or on edge?
Emotional Health History and Well-Being	cidi5_10		time_all_none_0_4	template	high	Most of the time	most of the time	3	Feel restless, keyed up, or on edge?
Emotional Health History and Well-Being	cidi5_10		time_all_none_0_4	template	high	Some of the time	some of the time	2	Feel restless, keyed up, or on edge?
Emotional Health History and Well-Being	cidi5_10		time_all_none_0_4	template	high	A little of the time	a little of the time	1	Feel restless, keyed up, or on edge?
Emotional Health History and Well-Being	cidi5_10		time_all_none_0_4	template	high	None of the time	none of the time	0	Feel restless, keyed up, or on edge?
Emotional Health History and Well-Being	cidi5_11		time_all_none_0_4	template	high	All or almost all of the time	all or almost all of the time	4	Have difficulty concentrating or your mind going blank?
Emotional Health History and Well-Being	cidi5_11		time_all_none_0_4	template	high	Most of the time	most of the time	3	Have difficulty concentrating or your mind going blank?
Emotional Health History and Well-Being	cidi5_11		time_all_none_0_4	template	high	Some of the time	some of the time	2	Have difficulty concentrating or your mind going blank?
Emotional Health History and Well-Being	cidi5_11		time_all_none_0_4	template	high	A little of the time	a little of the time	1	Have difficulty concentrating or your mind going blank?
Emotional Health History and Well-Being	cidi5_11		time_all_none_0_4	template	high	None of the time	none of the time	0	Have difficulty concentrating or your mind going blank?
Emotional Health History and Well-Being	cidi5_12		time_all_none_0_4	template	high	All or almost all of the time	all or almost all of the time	4	Feel irritated, annoyed, or grouchy?
Emotional Health History and Well-Being	cidi5_12		time_all_none_0_4	template	high	Most of the time	most of the time	3	Feel irritated, annoyed, or grouchy?
Emotional Health History and Well-Being	cidi5_12		time_all_none_0_4	template	high	Some of the time	some of the time	2	Feel irritated, annoyed, or grouchy?
Emotional Health History and Well-Being	cidi5_12		time_all_none_0_4	template	high	A little of the time	a little of the time	1	Feel irritated, annoyed, or grouchy?
Emotional Health History and Well-Being	cidi5_12		time_all_none_0_4	template	high	None of the time	none of the time	0	Feel irritated, annoyed, or grouchy?
Emotional Health History and Well-Being	cidi5_13		time_all_none_0_4	template	high	All or almost all of the time	all or almost all of the time	4	Have muscle aches or tension?
Emotional Health History and Well-Being	cidi5_13		time_all_none_0_4	template	high	Most of the time	most of the time	3	Have muscle aches or tension?
Emotional Health History and Well-Being	cidi5_13		time_all_none_0_4	template	high	Some of the time	some of the time	2	Have muscle aches or tension?
Emotional Health History and Well-Being	cidi5_13		time_all_none_0_4	template	high	A little of the time	a little of the time	1	Have muscle aches or tension?
Emotional Health History and Well-Being	cidi5_13		time_all_none_0_4	template	high	None of the time	none of the time	0	Have muscle aches or tension?
Emotional Health History and Well-Being	cidi5_14		time_all_none_0_4	template	high	All or almost all of the time	all or almost all of the time	4	Have difficulty falling or staying asleep or have restless, unsatisfying sleep?
Emotional Health History and Well-Being	cidi5_14		time_all_none_0_4	template	high	Most of the time	most of the time	3	Have difficulty falling or staying asleep or have restless, unsatisfying sleep?
Emotional Health History and Well-Being	cidi5_14		time_all_none_0_4	template	high	Some of the time	some of the time	2	Have difficulty falling or staying asleep or have restless, unsatisfying sleep?
Emotional Health History and Well-Being	cidi5_14		time_all_none_0_4	template	high	A little of the time	a little of the time	1	Have difficulty falling or staying asleep or have restless, unsatisfying sleep?
Emotional Health History and Well-Being	cidi5_14		time_all_none_0_4	template	high	None of the time	none of the time	0	Have difficulty falling or staying asleep or have restless, unsatisfying sleep?
Emotional Health History and Well-Being	phq9_1		phq_gad_0_3	template	high	Not at all	not at all	0	Little interest or pleasure in doing things
Emotional Health History and Well-Being	phq9_1		phq_gad_0_3	template	high	Several days	several days	1	Little interest or pleasure in doing things
Emotional Health History and Well-Being	phq9_1		phq_gad_0_3	template	high	More than half the days	more than half the days	2	Little interest or pleasure in doing things
Emotional Health History and Well-Being	phq9_1		phq_gad_0_3	template	high	Nearly every day	nearly every day	3	Little interest or pleasure in doing things
Emotional Health History and Well-Being	phq9_2		phq_gad_0_3	template	high	Not at all	not at all	0	Feeling down, depressed, or hopeless
Emotional Health History and Well-Being	phq9_2		phq_gad_0_3	template	high	Several days	several days	1	Feeling down, depressed, or hopeless
Emotional Health History and Well-Being	phq9_2		phq_gad_0_3	template	high	More than half the days	more than half the days	2	Feeling down, depressed, or hopeless
Emotional Health History and Well-Being	phq9_2		phq_gad_0_3	template	high	Nearly every day	nearly every day	3	Feeling down, depressed, or hopeless
Emotional Health History and Well-Being	phq9_3		phq_gad_0_3	template	high	Not at all	not at all	0	Trouble falling or staying asleep, or sleeping too much
Emotional Health History and Well-Being	phq9_3		phq_gad_0_3	template	high	Several days	several days	1	Trouble falling or staying asleep, or sleeping too much
Emotional Health History and Well-Being	phq9_3		phq_gad_0_3	template	high	More than half the days	more than half the days	2	Trouble falling or staying asleep, or sleeping too much
Emotional Health History and Well-Being	phq9_3		phq_gad_0_3	template	high	Nearly every day	nearly every day	3	Trouble falling or staying asleep, or sleeping too much
Emotional Health History and Well-Being	phq9_4		phq_gad_0_3	template	high	Not at all	not at all	0	Feeling tired or having little energy
Emotional Health History and Well-Being	phq9_4		phq_gad_0_3	template	high	Several days	several days	1	Feeling tired or having little energy
Emotional Health History and Well-Being	phq9_4		phq_gad_0_3	template	high	More than half the days	more than half the days	2	Feeling tired or having little energy
Emotional Health History and Well-Being	phq9_4		phq_gad_0_3	template	high	Nearly every day	nearly every day	3	Feeling tired or having little energy
Emotional Health History and Well-Being	phq9_5		phq_gad_0_3	template	high	Not at all	not at all	0	Poor appetite or overeating
Emotional Health History and Well-Being	phq9_5		phq_gad_0_3	template	high	Several days	several days	1	Poor appetite or overeating
Emotional Health History and Well-Being	phq9_5		phq_gad_0_3	template	high	More than half the days	more than half the days	2	Poor appetite or overeating
Emotional Health History and Well-Being	phq9_5		phq_gad_0_3	template	high	Nearly every day	nearly every day	3	Poor appetite or overeating
Emotional Health History and Well-Being	phq9_6		phq_gad_0_3	template	high	Not at all	not at all	0	Feeling bad about yourself or that you are a failure or have let yourself or your family down
Emotional Health History and Well-Being	phq9_6		phq_gad_0_3	template	high	Several days	several days	1	Feeling bad about yourself or that you are a failure or have let yourself or your family down
Emotional Health History and Well-Being	phq9_6		phq_gad_0_3	template	high	More than half the days	more than half the days	2	Feeling bad about yourself or that you are a failure or have let yourself or your family down
Emotional Health History and Well-Being	phq9_6		phq_gad_0_3	template	high	Nearly every day	nearly every day	3	Feeling bad about yourself or that you are a failure or have let yourself or your family down
Emotional Health History and Well-Being	phq9_7		phq_gad_0_3	template	high	Not at all	not at all	0	Trouble concentrating on things, such as reading the newspaper or watching television
Emotional Health History and Well-Being	phq9_7		phq_gad_0_3	template	high	Several days	several days	1	Trouble concentrating on things, such as reading the newspaper or watching television
Emotional Health History and Well-Being	phq9_7		phq_gad_0_3	template	high	More than half the days	more than half the days	2	Trouble concentrating on things, such as reading the newspaper or watching television
Emotional Health History and Well-Being	phq9_7		phq_gad_0_3	template	high	Nearly every day	nearly every day	3	Trouble concentrating on things, such as reading the newspaper or watching television
Emotional Health History and Well-Being	phq9_8		phq_gad_0_3	template	high	Not at all	not at all	0	Moving or speaking so slowly that other people could have noticed? Or the opposite - being so fidgety or restless that you have been moving around a lot more than usual
Emotional Health History and Well-Being	phq9_8		phq_gad_0_3	template	high	Several days	several days	1	Moving or speaking so slowly that other people could have noticed? Or the opposite - being so fidgety or restless that you have been moving around a lot more than usual
Emotional Health History and Well-Being	phq9_8		phq_gad_0_3	template	high	More than half the days	more than half the days	2	Moving or speaking so slowly that other people could have noticed? Or the opposite - being so fidgety or restless that you have been moving around a lot more than usual
Emotional Health History and Well-Being	phq9_8		phq_gad_0_3	template	high	Nearly every day	nearly every day	3	Moving or speaking so slowly that other people could have noticed? Or the opposite - being so fidgety or restless that you have been moving around a lot more than usual
Emotional Health History and Well-Being	phq9_9		phq_gad_0_3	template	high	Not at all	not at all	0	Thoughts that you would be better off dead or of hurting yourself in some way
Emotional Health History and Well-Being	phq9_9		phq_gad_0_3	template	high	Several days	several days	1	Thoughts that you would be better off dead or of hurting yourself in some way
Emotional Health History and Well-Being	phq9_9		phq_gad_0_3	template	high	More than half the days	more than half the days	2	Thoughts that you would be better off dead or of hurting yourself in some way
Emotional Health History and Well-Being	phq9_9		phq_gad_0_3	template	high	Nearly every day	nearly every day	3	Thoughts that you would be better off dead or of hurting yourself in some way
Emotional Health History and Well-Being	mhqukb_8		duration_fraction_day_1_4	override	high	All day long	all day long	4	How much of the day did these feelings usually last?
Emotional Health History and Well-Being	mhqukb_8		duration_fraction_day_1_4	override	high	Most of the day	most of the day	3	How much of the day did these feelings usually last?
Emotional Health History and Well-Being	mhqukb_8		duration_fraction_day_1_4	override	high	About half of the day	about half of the day	2	How much of the day did these feelings usually last?
Emotional Health History and Well-Being	mhqukb_8		duration_fraction_day_1_4	override	high	Less than half the day	less than half the day	1	How much of the day did these feelings usually last?
Emotional Health History and Well-Being	mhqukb_9		frequency_episode_1_3	override	high	Every day	every day	3	How often did you feel this way?
Emotional Health History and Well-Being	mhqukb_9		frequency_episode_1_3	override	high	Almost every day	almost every day	2	How often did you feel this way?
Emotional Health History and Well-Being	mhqukb_9		frequency_episode_1_3	override	high	Less often	less often	1	How often did you feel this way?
Emotional Health History and Well-Being	mhqukb_14		appetite_change_signed	override	medium	No changes in appetite	no changes in appetite	0	Did you experience changes in your appetite?
Emotional Health History and Well-Being	mhqukb_14		appetite_change_signed	override	medium	Increased appetite	increased appetite	1	Did you experience changes in your appetite?
Emotional Health History and Well-Being	mhqukb_14		appetite_change_signed	override	medium	Decreased appetite	decreased appetite	-1	Did you experience changes in your appetite?
Emotional Health History and Well-Being	mhqukb_15		weight_change_signed	override	medium	Gained weight	gained weight	1	Did you gain or lose weight without trying, or did you stay about the same weight?
Emotional Health History and Well-Being	mhqukb_15		weight_change_signed	override	medium	Lost weight	lost weight	-1	Did you gain or lose weight without trying, or did you stay about the same weight?
Emotional Health History and Well-Being	mhqukb_15		weight_change_signed	override	medium	Both gained and lost some weight during the episode	both gained and lost some weight during the episode	0	Did you gain or lose weight without trying, or did you stay about the same weight?
Emotional Health History and Well-Being	mhqukb_15		weight_change_signed	override	medium	Stayed about the same or was on a diet	stayed about the same or was on a diet	0	Did you gain or lose weight without trying, or did you stay about the same weight?
Emotional Health History and Well-Being	mhqukb_21		duration_month_midpoint	override	medium	Less than a month	less than a month	0.5	About how long altogether did you feel this way? Count the time before, during and after the worst two weeks.
Emotional Health History and Well-Being	mhqukb_21		duration_month_midpoint	override	medium	Between one and three months	between one and three months	2.0	About how long altogether did you feel this way? Count the time before, during and after the worst two weeks.
Emotional Health History and Well-Being	mhqukb_21		duration_month_midpoint	override	medium	Over three months, but less than six months	over three months, but less than six months	4.5	About how long altogether did you feel this way? Count the time before, during and after the worst two weeks.
Emotional Health History and Well-Being	mhqukb_21		duration_month_midpoint	override	medium	Over six months, but less than 12 months	over six months, but less than 12 months	9.0	About how long altogether did you feel this way? Count the time before, during and after the worst two weeks.
Emotional Health History and Well-Being	mhqukb_21		duration_month_midpoint	override	medium	One to two years	one to two years	18.0	About how long altogether did you feel this way? Count the time before, during and after the worst two weeks.
Emotional Health History and Well-Being	mhqukb_21		duration_month_midpoint	override	medium	Over two years	over two years	30.0	About how long altogether did you feel this way? Count the time before, during and after the worst two weeks.
Emotional Health History and Well-Being	mhqukb_22		impact_0_3	template	high	A lot	a lot	3	Think about your roles at the time of this episode, including study/employment, childcare and housework, leisure pursuits. How much did these problems interfere with your life or activities?
Emotional Health History and Well-Being	mhqukb_22		impact_0_3	template	high	Somewhat	somewhat	2	Think about your roles at the time of this episode, including study/employment, childcare and housework, leisure pursuits. How much did these problems interfere with your life or activities?
Emotional Health History and Well-Being	mhqukb_22		impact_0_3	template	high	A little	a little	1	Think about your roles at the time of this episode, including study/employment, childcare and housework, leisure pursuits. How much did these problems interfere with your life or activities?
Emotional Health History and Well-Being	mhqukb_22		impact_0_3	template	high	Not at all	not at all	0	Think about your roles at the time of this episode, including study/employment, childcare and housework, leisure pursuits. How much did these problems interfere with your life or activities?
Emotional Health History and Well-Being	mhqukb_23		experience_problem_severity_0_2	override	medium	Yes, and this has caused problems in work or social relationships	yes, and this has caused problems in work or social relationships	2	Some people who have had feelings of depression or loss of interest find that they have difficulties coping with rejection or negative responses from other people, even outside these periods. Does this sound like you?
Emotional Health History and Well-Being	mhqukb_23		experience_problem_severity_0_2	override	medium	Yes, but has not caused problems in relationships	yes, but has not caused problems in relationships	1	Some people who have had feelings of depression or loss of interest find that they have difficulties coping with rejection or negative responses from other people, even outside these periods. Does this sound like you?
Emotional Health History and Well-Being	mhqukb_23		experience_problem_severity_0_2	override	medium	Does not sound like me	does not sound like me	0	Some people who have had feelings of depression or loss of interest find that they have difficulties coping with rejection or negative responses from other people, even outside these periods. Does this sound like you?
Emotional Health History and Well-Being	mhqukb_24		episode_count_1_2	override	high	One	one	1	How many periods did you have in your life lasting two or more weeks where you felt like this?
Emotional Health History and Well-Being	mhqukb_24		episode_count_1_2	override	high	Several	several	2	How many periods did you have in your life lasting two or more weeks where you felt like this?
Emotional Health History and Well-Being	ace_6		ace_freq_0_2	template	high	Never	never	0	During your first 18 years of life, how often did your parents or adults in your home ever slap, hit, kick, punch or beat each other up?
Emotional Health History and Well-Being	ace_6		ace_freq_0_2	template	high	Once	once	1	During your first 18 years of life, how often did your parents or adults in your home ever slap, hit, kick, punch or beat each other up?
Emotional Health History and Well-Being	ace_6		ace_freq_0_2	template	high	More than once	more than once	2	During your first 18 years of life, how often did your parents or adults in your home ever slap, hit, kick, punch or beat each other up?
Emotional Health History and Well-Being	ace_7		ace_freq_0_2	template	high	Never	never	0	Before age 18, how often did a parent or adult in your home ever hit, beat, kick, or physically hurt you in any way? Do not include spanking. Would you say
Emotional Health History and Well-Being	ace_7		ace_freq_0_2	template	high	Once	once	1	Before age 18, how often did a parent or adult in your home ever hit, beat, kick, or physically hurt you in any way? Do not include spanking. Would you say
Emotional Health History and Well-Being	ace_7		ace_freq_0_2	template	high	More than once	more than once	2	Before age 18, how often did a parent or adult in your home ever hit, beat, kick, or physically hurt you in any way? Do not include spanking. Would you say
Emotional Health History and Well-Being	ace_8		ace_freq_0_2	template	high	Never	never	0	During your first 18 years of life, how often did a parent or adult in your home ever swear at you, insult you, or put you down?
Emotional Health History and Well-Being	ace_8		ace_freq_0_2	template	high	Once	once	1	During your first 18 years of life, how often did a parent or adult in your home ever swear at you, insult you, or put you down?
Emotional Health History and Well-Being	ace_8		ace_freq_0_2	template	high	More than once	more than once	2	During your first 18 years of life, how often did a parent or adult in your home ever swear at you, insult you, or put you down?
Emotional Health History and Well-Being	ace_9		ace_freq_0_2	template	high	Never	never	0	During your first 18 years of life, how often did anyone at least 5 years older than you or an adult, ever touch you sexually?
Emotional Health History and Well-Being	ace_9		ace_freq_0_2	template	high	Once	once	1	During your first 18 years of life, how often did anyone at least 5 years older than you or an adult, ever touch you sexually?
Emotional Health History and Well-Being	ace_9		ace_freq_0_2	template	high	More than once	more than once	2	During your first 18 years of life, how often did anyone at least 5 years older than you or an adult, ever touch you sexually?
Emotional Health History and Well-Being	ace_10		ace_freq_0_2	template	high	Never	never	0	During your first 18 years of life, how often did anyone at least 5 years older than you or an adult, try to make you touch them sexually?
Emotional Health History and Well-Being	ace_10		ace_freq_0_2	template	high	Once	once	1	During your first 18 years of life, how often did anyone at least 5 years older than you or an adult, try to make you touch them sexually?
Emotional Health History and Well-Being	ace_10		ace_freq_0_2	template	high	More than once	more than once	2	During your first 18 years of life, how often did anyone at least 5 years older than you or an adult, try to make you touch them sexually?
Emotional Health History and Well-Being	ace_11		ace_freq_0_2	template	high	Never	never	0	During your first 18 years of life, how often did anyone at least 5 years older than you or an adult, force you to have sex?
Emotional Health History and Well-Being	ace_11		ace_freq_0_2	template	high	Once	once	1	During your first 18 years of life, how often did anyone at least 5 years older than you or an adult, force you to have sex?
Emotional Health History and Well-Being	ace_11		ace_freq_0_2	template	high	More than once	more than once	2	During your first 18 years of life, how often did anyone at least 5 years older than you or an adult, force you to have sex?
Emotional Health History and Well-Being	mhqukb_34		recency_lifetime_0_2	template	high	Yes, within the last 12 months	yes, within the last 12 months	2	In your life, have you ever had a partner or ex-partner deliberately hit you or use violence against you?
Emotional Health History and Well-Being	mhqukb_34		recency_lifetime_0_2	template	high	Yes, but not in the last 12 months	yes, but not in the last 12 months	1	In your life, have you ever had a partner or ex-partner deliberately hit you or use violence against you?
Emotional Health History and Well-Being	mhqukb_34		recency_lifetime_0_2	template	high	Never	never	0	In your life, have you ever had a partner or ex-partner deliberately hit you or use violence against you?
Emotional Health History and Well-Being	mhqukb_35		recency_lifetime_0_2	template	high	Yes, within the last 12 months	yes, within the last 12 months	2	In your life, have you ever had a partner or ex-partner who repeatedly put you down to the extent where you felt worthless?
Emotional Health History and Well-Being	mhqukb_35		recency_lifetime_0_2	template	high	Yes, but not in the last 12 months	yes, but not in the last 12 months	1	In your life, have you ever had a partner or ex-partner who repeatedly put you down to the extent where you felt worthless?
Emotional Health History and Well-Being	mhqukb_35		recency_lifetime_0_2	template	high	Never	never	0	In your life, have you ever had a partner or ex-partner who repeatedly put you down to the extent where you felt worthless?
Emotional Health History and Well-Being	mhqukb_36		recency_lifetime_0_2	template	high	Yes, within the last 12 months	yes, within the last 12 months	2	In your life, have you ever experienced sexual assault by a partner or ex-partner?
Emotional Health History and Well-Being	mhqukb_36		recency_lifetime_0_2	template	high	Yes, but not in the last 12 months	yes, but not in the last 12 months	1	In your life, have you ever experienced sexual assault by a partner or ex-partner?
Emotional Health History and Well-Being	mhqukb_36		recency_lifetime_0_2	template	high	Never	never	0	In your life, have you ever experienced sexual assault by a partner or ex-partner?
Emotional Health History and Well-Being	mhqukb_37		recency_lifetime_0_2	template	high	Yes, within the last 12 months	yes, within the last 12 months	2	In your life, have you ever been a victim of a sexual assault, whether by a stranger or someone you knew?
Emotional Health History and Well-Being	mhqukb_37		recency_lifetime_0_2	template	high	Yes, but not in the last 12 months	yes, but not in the last 12 months	1	In your life, have you ever been a victim of a sexual assault, whether by a stranger or someone you knew?
Emotional Health History and Well-Being	mhqukb_37		recency_lifetime_0_2	template	high	Never	never	0	In your life, have you ever been a victim of a sexual assault, whether by a stranger or someone you knew?
Emotional Health History and Well-Being	mhqukb_38		recency_lifetime_0_2	template	high	Yes, within the last 12 months	yes, within the last 12 months	2	In your life, have you ever been attacked, mugged, robbed, or been the victim of a physically violent crime?
Emotional Health History and Well-Being	mhqukb_38		recency_lifetime_0_2	template	high	Yes, but not in the last 12 months	yes, but not in the last 12 months	1	In your life, have you ever been attacked, mugged, robbed, or been the victim of a physically violent crime?
Emotional Health History and Well-Being	mhqukb_38		recency_lifetime_0_2	template	high	Never	never	0	In your life, have you ever been attacked, mugged, robbed, or been the victim of a physically violent crime?
Emotional Health History and Well-Being	mhqukb_39		recency_lifetime_0_2	template	high	Yes, within the last 12 months	yes, within the last 12 months	2	In your life, have you ever been in a serious accident that you believed to be life-threatening at the time?
Emotional Health History and Well-Being	mhqukb_39		recency_lifetime_0_2	template	high	Yes, but not in the last 12 months	yes, but not in the last 12 months	1	In your life, have you ever been in a serious accident that you believed to be life-threatening at the time?
Emotional Health History and Well-Being	mhqukb_39		recency_lifetime_0_2	template	high	Never	never	0	In your life, have you ever been in a serious accident that you believed to be life-threatening at the time?
Emotional Health History and Well-Being	cidi5_4		recency_lifetime_0_2	template	high	Yes, within the last 12 months	yes, within the last 12 months	2	In your life, have you ever had your life in danger because of a fire, flood or natural disaster (like a hurricane, tornado, or earthquake)?
Emotional Health History and Well-Being	cidi5_4		recency_lifetime_0_2	template	high	Yes, but not in the last 12 months	yes, but not in the last 12 months	1	In your life, have you ever had your life in danger because of a fire, flood or natural disaster (like a hurricane, tornado, or earthquake)?
Emotional Health History and Well-Being	cidi5_4		recency_lifetime_0_2	template	high	Never	never	0	In your life, have you ever had your life in danger because of a fire, flood or natural disaster (like a hurricane, tornado, or earthquake)?
Emotional Health History and Well-Being	mhqukb_40		recency_lifetime_0_2	template	high	Yes, within the last 12 months	yes, within the last 12 months	2	In your life, have you ever witnessed a sudden violent death (e.g. murder, suicide, aftermath of an accident)?
Emotional Health History and Well-Being	mhqukb_40		recency_lifetime_0_2	template	high	Yes, but not in the last 12 months	yes, but not in the last 12 months	1	In your life, have you ever witnessed a sudden violent death (e.g. murder, suicide, aftermath of an accident)?
Emotional Health History and Well-Being	mhqukb_40		recency_lifetime_0_2	template	high	Never	never	0	In your life, have you ever witnessed a sudden violent death (e.g. murder, suicide, aftermath of an accident)?
Emotional Health History and Well-Being	mhqukb_41		recency_lifetime_0_2	template	high	Yes, within the last 12 months	yes, within the last 12 months	2	In your life, have you ever been diagnosed with a life-threatening illness?
Emotional Health History and Well-Being	mhqukb_41		recency_lifetime_0_2	template	high	Yes, but not in the last 12 months	yes, but not in the last 12 months	1	In your life, have you ever been diagnosed with a life-threatening illness?
Emotional Health History and Well-Being	mhqukb_41		recency_lifetime_0_2	template	high	Never	never	0	In your life, have you ever been diagnosed with a life-threatening illness?
Emotional Health History and Well-Being	mhqukb_42		recency_lifetime_0_2	template	high	Yes, within the last 12 months	yes, within the last 12 months	2	In your life, have you ever been involved in combat or exposed to a war-zone (either in the military or as a civilian)?
Emotional Health History and Well-Being	mhqukb_42		recency_lifetime_0_2	template	high	Yes, but not in the last 12 months	yes, but not in the last 12 months	1	In your life, have you ever been involved in combat or exposed to a war-zone (either in the military or as a civilian)?
Emotional Health History and Well-Being	mhqukb_42		recency_lifetime_0_2	template	high	Never	never	0	In your life, have you ever been involved in combat or exposed to a war-zone (either in the military or as a civilian)?
Emotional Health History and Well-Being	cidi5_5		recency_lifetime_0_2	template	high	Yes, within the last 12 months	yes, within the last 12 months	2	In your life, have you ever had another experience where your life was in danger or threatened?
Emotional Health History and Well-Being	cidi5_5		recency_lifetime_0_2	template	high	Yes, but not in the last 12 months	yes, but not in the last 12 months	1	In your life, have you ever had another experience where your life was in danger or threatened?
Emotional Health History and Well-Being	cidi5_5		recency_lifetime_0_2	template	high	Never	never	0	In your life, have you ever had another experience where your life was in danger or threatened?
Emotional Health History and Well-Being	pcl_1		intensity_0_4	template	high	Not at all	not at all	0	In the past month, have you had repeated, disturbing memories, thoughts, or images of a stressful experience from the past?
Emotional Health History and Well-Being	pcl_1		intensity_0_4	template	high	A little bit	a little bit	1	In the past month, have you had repeated, disturbing memories, thoughts, or images of a stressful experience from the past?
Emotional Health History and Well-Being	pcl_1		intensity_0_4	template	high	Moderately	moderately	2	In the past month, have you had repeated, disturbing memories, thoughts, or images of a stressful experience from the past?
Emotional Health History and Well-Being	pcl_1		intensity_0_4	template	high	Quite a bit	quite a bit	3	In the past month, have you had repeated, disturbing memories, thoughts, or images of a stressful experience from the past?
Emotional Health History and Well-Being	pcl_1		intensity_0_4	template	high	Extremely	extremely	4	In the past month, have you had repeated, disturbing memories, thoughts, or images of a stressful experience from the past?
Emotional Health History and Well-Being	pcl_2		intensity_0_4	template	high	Not at all	not at all	0	In the past month, have you felt very upset when something reminded you of a stressful experience from the past?
Emotional Health History and Well-Being	pcl_2		intensity_0_4	template	high	A little bit	a little bit	1	In the past month, have you felt very upset when something reminded you of a stressful experience from the past?
Emotional Health History and Well-Being	pcl_2		intensity_0_4	template	high	Moderately	moderately	2	In the past month, have you felt very upset when something reminded you of a stressful experience from the past?
Emotional Health History and Well-Being	pcl_2		intensity_0_4	template	high	Quite a bit	quite a bit	3	In the past month, have you felt very upset when something reminded you of a stressful experience from the past?
Emotional Health History and Well-Being	pcl_2		intensity_0_4	template	high	Extremely	extremely	4	In the past month, have you felt very upset when something reminded you of a stressful experience from the past?
Emotional Health History and Well-Being	pcl_3		intensity_0_4	template	high	Not at all	not at all	0	In the past month, have you avoided activities or situations because they reminded you of a stressful experience from the past?
Emotional Health History and Well-Being	pcl_3		intensity_0_4	template	high	A little bit	a little bit	1	In the past month, have you avoided activities or situations because they reminded you of a stressful experience from the past?
Emotional Health History and Well-Being	pcl_3		intensity_0_4	template	high	Moderately	moderately	2	In the past month, have you avoided activities or situations because they reminded you of a stressful experience from the past?
Emotional Health History and Well-Being	pcl_3		intensity_0_4	template	high	Quite a bit	quite a bit	3	In the past month, have you avoided activities or situations because they reminded you of a stressful experience from the past?
Emotional Health History and Well-Being	pcl_3		intensity_0_4	template	high	Extremely	extremely	4	In the past month, have you avoided activities or situations because they reminded you of a stressful experience from the past?
Emotional Health History and Well-Being	pcl_4		intensity_0_4	template	high	Not at all	not at all	0	In the past month, have you felt distant or cut off from other people?
Emotional Health History and Well-Being	pcl_4		intensity_0_4	template	high	A little bit	a little bit	1	In the past month, have you felt distant or cut off from other people?
Emotional Health History and Well-Being	pcl_4		intensity_0_4	template	high	Moderately	moderately	2	In the past month, have you felt distant or cut off from other people?
Emotional Health History and Well-Being	pcl_4		intensity_0_4	template	high	Quite a bit	quite a bit	3	In the past month, have you felt distant or cut off from other people?
Emotional Health History and Well-Being	pcl_4		intensity_0_4	template	high	Extremely	extremely	4	In the past month, have you felt distant or cut off from other people?
Emotional Health History and Well-Being	pcl_5		intensity_0_4	template	high	Not at all	not at all	0	In the past month, have you felt irritable or had angry outbursts?
Emotional Health History and Well-Being	pcl_5		intensity_0_4	template	high	A little bit	a little bit	1	In the past month, have you felt irritable or had angry outbursts?
Emotional Health History and Well-Being	pcl_5		intensity_0_4	template	high	Moderately	moderately	2	In the past month, have you felt irritable or had angry outbursts?
Emotional Health History and Well-Being	pcl_5		intensity_0_4	template	high	Quite a bit	quite a bit	3	In the past month, have you felt irritable or had angry outbursts?
Emotional Health History and Well-Being	pcl_5		intensity_0_4	template	high	Extremely	extremely	4	In the past month, have you felt irritable or had angry outbursts?
Emotional Health History and Well-Being	pcl_6		intensity_0_4	template	high	Not at all	not at all	0	In the past month, have you had difficulty concentrating?
Emotional Health History and Well-Being	pcl_6		intensity_0_4	template	high	A little bit	a little bit	1	In the past month, have you had difficulty concentrating?
Emotional Health History and Well-Being	pcl_6		intensity_0_4	template	high	Moderately	moderately	2	In the past month, have you had difficulty concentrating?
Emotional Health History and Well-Being	pcl_6		intensity_0_4	template	high	Quite a bit	quite a bit	3	In the past month, have you had difficulty concentrating?
Emotional Health History and Well-Being	pcl_6		intensity_0_4	template	high	Extremely	extremely	4	In the past month, have you had difficulty concentrating?
Emotional Health History and Well-Being	mhqukb_57		happiness_0_5	template	high	Extremely happy	extremely happy	5	In general, how happy are you?
Emotional Health History and Well-Being	mhqukb_57		happiness_0_5	template	high	Very happy	very happy	4	In general, how happy are you?
Emotional Health History and Well-Being	mhqukb_57		happiness_0_5	template	high	Moderately happy	moderately happy	3	In general, how happy are you?
Emotional Health History and Well-Being	mhqukb_57		happiness_0_5	template	high	Moderately unhappy	moderately unhappy	2	In general, how happy are you?
Emotional Health History and Well-Being	mhqukb_57		happiness_0_5	template	high	Very unhappy	very unhappy	1	In general, how happy are you?
Emotional Health History and Well-Being	mhqukb_57		happiness_0_5	template	high	Extremely unhappy	extremely unhappy	0	In general, how happy are you?
Emotional Health History and Well-Being	mhqukb_58		amount_0_4	template	high	Not at all	not at all	0	To what extent do you feel your life to be meaningful?
Emotional Health History and Well-Being	mhqukb_58		amount_0_4	template	high	A little	a little	1	To what extent do you feel your life to be meaningful?
Emotional Health History and Well-Being	mhqukb_58		amount_0_4	template	high	A moderate amount	a moderate amount	2	To what extent do you feel your life to be meaningful?
Emotional Health History and Well-Being	mhqukb_58		amount_0_4	template	high	Very much	very much	3	To what extent do you feel your life to be meaningful?
Emotional Health History and Well-Being	mhqukb_58		amount_0_4	template	high	An extreme amount	an extreme amount	4	To what extent do you feel your life to be meaningful?
Behavioral Health and Personality	asrs_1	1703874	freq_never_veryoften_0_4	template	high	Never	never	0	How often do you have trouble wrapping up the final details of a project, once the challenging parts have been done?
Behavioral Health and Personality	asrs_1	1703874	freq_never_veryoften_0_4	template	high	Rarely	rarely	1	How often do you have trouble wrapping up the final details of a project, once the challenging parts have been done?
Behavioral Health and Personality	asrs_1	1703874	freq_never_veryoften_0_4	template	high	Sometimes	sometimes	2	How often do you have trouble wrapping up the final details of a project, once the challenging parts have been done?
Behavioral Health and Personality	asrs_1	1703874	freq_never_veryoften_0_4	template	high	Often	often	3	How often do you have trouble wrapping up the final details of a project, once the challenging parts have been done?
Behavioral Health and Personality	asrs_1	1703874	freq_never_veryoften_0_4	template	high	Very often	very often	4	How often do you have trouble wrapping up the final details of a project, once the challenging parts have been done?
Behavioral Health and Personality	asrs_2	1703914	freq_never_veryoften_0_4	template	high	Never	never	0	How often do you have difficulty getting things in order when you have to do a task that requires organization?
Behavioral Health and Personality	asrs_2	1703914	freq_never_veryoften_0_4	template	high	Rarely	rarely	1	How often do you have difficulty getting things in order when you have to do a task that requires organization?
Behavioral Health and Personality	asrs_2	1703914	freq_never_veryoften_0_4	template	high	Sometimes	sometimes	2	How often do you have difficulty getting things in order when you have to do a task that requires organization?
Behavioral Health and Personality	asrs_2	1703914	freq_never_veryoften_0_4	template	high	Often	often	3	How often do you have difficulty getting things in order when you have to do a task that requires organization?
Behavioral Health and Personality	asrs_2	1703914	freq_never_veryoften_0_4	template	high	Very often	very often	4	How often do you have difficulty getting things in order when you have to do a task that requires organization?
Behavioral Health and Personality	asrs_3	1703878	freq_never_veryoften_0_4	template	high	Never	never	0	How often do you have problems remembering appointments or obligations?
Behavioral Health and Personality	asrs_3	1703878	freq_never_veryoften_0_4	template	high	Rarely	rarely	1	How often do you have problems remembering appointments or obligations?
Behavioral Health and Personality	asrs_3	1703878	freq_never_veryoften_0_4	template	high	Sometimes	sometimes	2	How often do you have problems remembering appointments or obligations?
Behavioral Health and Personality	asrs_3	1703878	freq_never_veryoften_0_4	template	high	Often	often	3	How often do you have problems remembering appointments or obligations?
Behavioral Health and Personality	asrs_3	1703878	freq_never_veryoften_0_4	template	high	Very often	very often	4	How often do you have problems remembering appointments or obligations?
Behavioral Health and Personality	asrs_4	1703916	freq_never_veryoften_0_4	template	high	Never	never	0	When you have a task that requires a lot of thought, how often do you avoid or delay getting started?
Behavioral Health and Personality	asrs_4	1703916	freq_never_veryoften_0_4	template	high	Rarely	rarely	1	When you have a task that requires a lot of thought, how often do you avoid or delay getting started?
Behavioral Health and Personality	asrs_4	1703916	freq_never_veryoften_0_4	template	high	Sometimes	sometimes	2	When you have a task that requires a lot of thought, how often do you avoid or delay getting started?
Behavioral Health and Personality	asrs_4	1703916	freq_never_veryoften_0_4	template	high	Often	often	3	When you have a task that requires a lot of thought, how often do you avoid or delay getting started?
Behavioral Health and Personality	asrs_4	1703916	freq_never_veryoften_0_4	template	high	Very often	very often	4	When you have a task that requires a lot of thought, how often do you avoid or delay getting started?
Behavioral Health and Personality	asrs_5	1703913	freq_never_veryoften_0_4	template	high	Never	never	0	How often do you fidget or squirm with your hands or feet when you have to sit down for a long time?
Behavioral Health and Personality	asrs_5	1703913	freq_never_veryoften_0_4	template	high	Rarely	rarely	1	How often do you fidget or squirm with your hands or feet when you have to sit down for a long time?
Behavioral Health and Personality	asrs_5	1703913	freq_never_veryoften_0_4	template	high	Sometimes	sometimes	2	How often do you fidget or squirm with your hands or feet when you have to sit down for a long time?
Behavioral Health and Personality	asrs_5	1703913	freq_never_veryoften_0_4	template	high	Often	often	3	How often do you fidget or squirm with your hands or feet when you have to sit down for a long time?
Behavioral Health and Personality	asrs_5	1703913	freq_never_veryoften_0_4	template	high	Very often	very often	4	How often do you fidget or squirm with your hands or feet when you have to sit down for a long time?
Behavioral Health and Personality	asrs_6	1703925	freq_never_veryoften_0_4	template	high	Never	never	0	How often do you feel overly active and compelled to do things, like you were driven by a motor?
Behavioral Health and Personality	asrs_6	1703925	freq_never_veryoften_0_4	template	high	Rarely	rarely	1	How often do you feel overly active and compelled to do things, like you were driven by a motor?
Behavioral Health and Personality	asrs_6	1703925	freq_never_veryoften_0_4	template	high	Sometimes	sometimes	2	How often do you feel overly active and compelled to do things, like you were driven by a motor?
Behavioral Health and Personality	asrs_6	1703925	freq_never_veryoften_0_4	template	high	Often	often	3	How often do you feel overly active and compelled to do things, like you were driven by a motor?
Behavioral Health and Personality	asrs_6	1703925	freq_never_veryoften_0_4	template	high	Very often	very often	4	How often do you feel overly active and compelled to do things, like you were driven by a motor?
Behavioral Health and Personality	mhqukb_46		episode_duration_days_midpoint	override	medium	Less than 24 hours	less than 24 hours	0.5	"What is the longest time that these ""high"" or ""irritable"" periods have lasted?"
Behavioral Health and Personality	mhqukb_46		episode_duration_days_midpoint	override	medium	At least a day, but less than four days	at least a day, but less than four days	2.5	"What is the longest time that these ""high"" or ""irritable"" periods have lasted?"
Behavioral Health and Personality	mhqukb_46		episode_duration_days_midpoint	override	medium	At least four days in a row but less than a week	at least four days in a row but less than a week	5.5	"What is the longest time that these ""high"" or ""irritable"" periods have lasted?"
Behavioral Health and Personality	mhqukb_46		episode_duration_days_midpoint	override	medium	A week or more	a week or more	10.0	"What is the longest time that these ""high"" or ""irritable"" periods have lasted?"
Behavioral Health and Personality	mhqukb_47		impairment_0_1	override	medium	No problems	no problems	0	"How much of a problem have these ""high"" or ""irritable"" periods caused you?"
Behavioral Health and Personality	mhqukb_47		impairment_0_1	override	medium	Needed treatment or caused problems with work, relationships, finances, the law or other aspects of life	needed treatment or caused problems with work, relationships, finances, the law or other aspects of life	1	"How much of a problem have these ""high"" or ""irritable"" periods caused you?"
Behavioral Health and Personality	mhqukb_47		impairment_0_1	override	medium	Needed treatment or caused problems with work	needed treatment or caused problems with work	1	"How much of a problem have these ""high"" or ""irritable"" periods caused you?"
Behavioral Health and Personality	mhqukb_54		distress_0_4	override	high	Not distressing at all. It was a positive experience	not distressing at all. it was a positive experience	0	How distressing did you find having any of these experiences (such as seeing a vision, hearing a voice, believing that something strange was trying to communicate with you, or there was a plot against you)?
Behavioral Health and Personality	mhqukb_54		distress_0_4	override	high	Not distressing, a neutral experience	not distressing, a neutral experience	1	How distressing did you find having any of these experiences (such as seeing a vision, hearing a voice, believing that something strange was trying to communicate with you, or there was a plot against you)?
Behavioral Health and Personality	mhqukb_54		distress_0_4	override	high	A bit distressing	a bit distressing	2	How distressing did you find having any of these experiences (such as seeing a vision, hearing a voice, believing that something strange was trying to communicate with you, or there was a plot against you)?
Behavioral Health and Personality	mhqukb_54		distress_0_4	override	high	Quite distressing	quite distressing	3	How distressing did you find having any of these experiences (such as seeing a vision, hearing a voice, believing that something strange was trying to communicate with you, or there was a plot against you)?
Behavioral Health and Personality	mhqukb_54		distress_0_4	override	high	Very distressing	very distressing	4	How distressing did you find having any of these experiences (such as seeing a vision, hearing a voice, believing that something strange was trying to communicate with you, or there was a plot against you)?
Behavioral Health and Personality	cidi5_19		count_band_midpoint	override	medium	1 or 2	1 or 2	1.5	About how many panic attacks have you ever had in your life?
Behavioral Health and Personality	cidi5_19		count_band_midpoint	override	medium	More than 2 but less than 10	more than 2 but less than 10	6.0	About how many panic attacks have you ever had in your life?
Behavioral Health and Personality	cidi5_19		count_band_midpoint	override	medium	10 or more times	10 or more times	10.0	About how many panic attacks have you ever had in your life?
Behavioral Health and Personality	bfi2xs_1		agree_bfi_1_5	template	high	Disagree strongly	disagree strongly	1	I am someone who tends to be quiet.
Behavioral Health and Personality	bfi2xs_1		agree_bfi_1_5	template	high	Disagree a little	disagree a little	2	I am someone who tends to be quiet.
Behavioral Health and Personality	bfi2xs_1		agree_bfi_1_5	template	high	Neutral; no opinion	neutral; no opinion	3	I am someone who tends to be quiet.
Behavioral Health and Personality	bfi2xs_1		agree_bfi_1_5	template	high	Agree a little	agree a little	4	I am someone who tends to be quiet.
Behavioral Health and Personality	bfi2xs_1		agree_bfi_1_5	template	high	Agree strongly	agree strongly	5	I am someone who tends to be quiet.
Behavioral Health and Personality	bfi2xs_2		agree_bfi_1_5	template	high	Disagree strongly	disagree strongly	1	I am someone who is compassionate, has a soft heart.
Behavioral Health and Personality	bfi2xs_2		agree_bfi_1_5	template	high	Disagree a little	disagree a little	2	I am someone who is compassionate, has a soft heart.
Behavioral Health and Personality	bfi2xs_2		agree_bfi_1_5	template	high	Neutral; no opinion	neutral; no opinion	3	I am someone who is compassionate, has a soft heart.
Behavioral Health and Personality	bfi2xs_2		agree_bfi_1_5	template	high	Agree a little	agree a little	4	I am someone who is compassionate, has a soft heart.
Behavioral Health and Personality	bfi2xs_2		agree_bfi_1_5	template	high	Agree strongly	agree strongly	5	I am someone who is compassionate, has a soft heart.
Behavioral Health and Personality	bfi2xs_3		agree_bfi_1_5	template	high	Disagree strongly	disagree strongly	1	I am someone who tends to be disorganized.
Behavioral Health and Personality	bfi2xs_3		agree_bfi_1_5	template	high	Disagree a little	disagree a little	2	I am someone who tends to be disorganized.
Behavioral Health and Personality	bfi2xs_3		agree_bfi_1_5	template	high	Neutral; no opinion	neutral; no opinion	3	I am someone who tends to be disorganized.
Behavioral Health and Personality	bfi2xs_3		agree_bfi_1_5	template	high	Agree a little	agree a little	4	I am someone who tends to be disorganized.
Behavioral Health and Personality	bfi2xs_3		agree_bfi_1_5	template	high	Agree strongly	agree strongly	5	I am someone who tends to be disorganized.
Behavioral Health and Personality	bfi2xs_4		agree_bfi_1_5	template	high	Disagree strongly	disagree strongly	1	I am someone who worries a lot.
Behavioral Health and Personality	bfi2xs_4		agree_bfi_1_5	template	high	Disagree a little	disagree a little	2	I am someone who worries a lot.
Behavioral Health and Personality	bfi2xs_4		agree_bfi_1_5	template	high	Neutral; no opinion	neutral; no opinion	3	I am someone who worries a lot.
Behavioral Health and Personality	bfi2xs_4		agree_bfi_1_5	template	high	Agree a little	agree a little	4	I am someone who worries a lot.
Behavioral Health and Personality	bfi2xs_4		agree_bfi_1_5	template	high	Agree strongly	agree strongly	5	I am someone who worries a lot.
Behavioral Health and Personality	bfi2xs_5		agree_bfi_1_5	template	high	Disagree strongly	disagree strongly	1	I am someone who is fascinated by art, music, or literature.
Behavioral Health and Personality	bfi2xs_5		agree_bfi_1_5	template	high	Disagree a little	disagree a little	2	I am someone who is fascinated by art, music, or literature.
Behavioral Health and Personality	bfi2xs_5		agree_bfi_1_5	template	high	Neutral; no opinion	neutral; no opinion	3	I am someone who is fascinated by art, music, or literature.
Behavioral Health and Personality	bfi2xs_5		agree_bfi_1_5	template	high	Agree a little	agree a little	4	I am someone who is fascinated by art, music, or literature.
Behavioral Health and Personality	bfi2xs_5		agree_bfi_1_5	template	high	Agree strongly	agree strongly	5	I am someone who is fascinated by art, music, or literature.
Behavioral Health and Personality	bfi2xs_6		agree_bfi_1_5	template	high	Disagree strongly	disagree strongly	1	I am someone who is dominant, acts as a leader.
Behavioral Health and Personality	bfi2xs_6		agree_bfi_1_5	template	high	Disagree a little	disagree a little	2	I am someone who is dominant, acts as a leader.
Behavioral Health and Personality	bfi2xs_6		agree_bfi_1_5	template	high	Neutral; no opinion	neutral; no opinion	3	I am someone who is dominant, acts as a leader.
Behavioral Health and Personality	bfi2xs_6		agree_bfi_1_5	template	high	Agree a little	agree a little	4	I am someone who is dominant, acts as a leader.
Behavioral Health and Personality	bfi2xs_6		agree_bfi_1_5	template	high	Agree strongly	agree strongly	5	I am someone who is dominant, acts as a leader.
Behavioral Health and Personality	bfi2xs_7		agree_bfi_1_5	template	high	Disagree strongly	disagree strongly	1	I am someone who is sometimes rude to others.
Behavioral Health and Personality	bfi2xs_7		agree_bfi_1_5	template	high	Disagree a little	disagree a little	2	I am someone who is sometimes rude to others.
Behavioral Health and Personality	bfi2xs_7		agree_bfi_1_5	template	high	Neutral; no opinion	neutral; no opinion	3	I am someone who is sometimes rude to others.
Behavioral Health and Personality	bfi2xs_7		agree_bfi_1_5	template	high	Agree a little	agree a little	4	I am someone who is sometimes rude to others.
Behavioral Health and Personality	bfi2xs_7		agree_bfi_1_5	template	high	Agree strongly	agree strongly	5	I am someone who is sometimes rude to others.
Behavioral Health and Personality	bfi2xs_8		agree_bfi_1_5	template	high	Disagree strongly	disagree strongly	1	I am someone who has difficulty getting started on tasks.
Behavioral Health and Personality	bfi2xs_8		agree_bfi_1_5	template	high	Disagree a little	disagree a little	2	I am someone who has difficulty getting started on tasks.
Behavioral Health and Personality	bfi2xs_8		agree_bfi_1_5	template	high	Neutral; no opinion	neutral; no opinion	3	I am someone who has difficulty getting started on tasks.
Behavioral Health and Personality	bfi2xs_8		agree_bfi_1_5	template	high	Agree a little	agree a little	4	I am someone who has difficulty getting started on tasks.
Behavioral Health and Personality	bfi2xs_8		agree_bfi_1_5	template	high	Agree strongly	agree strongly	5	I am someone who has difficulty getting started on tasks.
Behavioral Health and Personality	bfi2xs_9		agree_bfi_1_5	template	high	Disagree strongly	disagree strongly	1	I am someone who tends to feel depressed, blue.
Behavioral Health and Personality	bfi2xs_9		agree_bfi_1_5	template	high	Disagree a little	disagree a little	2	I am someone who tends to feel depressed, blue.
Behavioral Health and Personality	bfi2xs_9		agree_bfi_1_5	template	high	Neutral; no opinion	neutral; no opinion	3	I am someone who tends to feel depressed, blue.
Behavioral Health and Personality	bfi2xs_9		agree_bfi_1_5	template	high	Agree a little	agree a little	4	I am someone who tends to feel depressed, blue.
Behavioral Health and Personality	bfi2xs_9		agree_bfi_1_5	template	high	Agree strongly	agree strongly	5	I am someone who tends to feel depressed, blue.
Behavioral Health and Personality	bfi2xs_10		agree_bfi_1_5	template	high	Disagree strongly	disagree strongly	1	I am someone who has little interest in abstract ideas.
Behavioral Health and Personality	bfi2xs_10		agree_bfi_1_5	template	high	Disagree a little	disagree a little	2	I am someone who has little interest in abstract ideas.
Behavioral Health and Personality	bfi2xs_10		agree_bfi_1_5	template	high	Neutral; no opinion	neutral; no opinion	3	I am someone who has little interest in abstract ideas.
Behavioral Health and Personality	bfi2xs_10		agree_bfi_1_5	template	high	Agree a little	agree a little	4	I am someone who has little interest in abstract ideas.
Behavioral Health and Personality	bfi2xs_10		agree_bfi_1_5	template	high	Agree strongly	agree strongly	5	I am someone who has little interest in abstract ideas.
Behavioral Health and Personality	bfi2xs_11		agree_bfi_1_5	template	high	Disagree strongly	disagree strongly	1	I am someone who is full of energy.
Behavioral Health and Personality	bfi2xs_11		agree_bfi_1_5	template	high	Disagree a little	disagree a little	2	I am someone who is full of energy.
Behavioral Health and Personality	bfi2xs_11		agree_bfi_1_5	template	high	Neutral; no opinion	neutral; no opinion	3	I am someone who is full of energy.
Behavioral Health and Personality	bfi2xs_11		agree_bfi_1_5	template	high	Agree a little	agree a little	4	I am someone who is full of energy.
Behavioral Health and Personality	bfi2xs_11		agree_bfi_1_5	template	high	Agree strongly	agree strongly	5	I am someone who is full of energy.
Behavioral Health and Personality	bfi2xs_12		agree_bfi_1_5	template	high	Disagree strongly	disagree strongly	1	I am someone who assumes the best about people.
Behavioral Health and Personality	bfi2xs_12		agree_bfi_1_5	template	high	Disagree a little	disagree a little	2	I am someone who assumes the best about people.
Behavioral Health and Personality	bfi2xs_12		agree_bfi_1_5	template	high	Neutral; no opinion	neutral; no opinion	3	I am someone who assumes the best about people.
Behavioral Health and Personality	bfi2xs_12		agree_bfi_1_5	template	high	Agree a little	agree a little	4	I am someone who assumes the best about people.
Behavioral Health and Personality	bfi2xs_12		agree_bfi_1_5	template	high	Agree strongly	agree strongly	5	I am someone who assumes the best about people.
Behavioral Health and Personality	bfi2xs_13		agree_bfi_1_5	template	high	Disagree strongly	disagree strongly	1	I am someone who is reliable, can always be counted on.
Behavioral Health and Personality	bfi2xs_13		agree_bfi_1_5	template	high	Disagree a little	disagree a little	2	I am someone who is reliable, can always be counted on.
Behavioral Health and Personality	bfi2xs_13		agree_bfi_1_5	template	high	Neutral; no opinion	neutral; no opinion	3	I am someone who is reliable, can always be counted on.
Behavioral Health and Personality	bfi2xs_13		agree_bfi_1_5	template	high	Agree a little	agree a little	4	I am someone who is reliable, can always be counted on.
Behavioral Health and Personality	bfi2xs_13		agree_bfi_1_5	template	high	Agree strongly	agree strongly	5	I am someone who is reliable, can always be counted on.
Behavioral Health and Personality	bfi2xs_14		agree_bfi_1_5	template	high	Disagree strongly	disagree strongly	1	I am someone who is emotionally stable, not easily upset.
Behavioral Health and Personality	bfi2xs_14		agree_bfi_1_5	template	high	Disagree a little	disagree a little	2	I am someone who is emotionally stable, not easily upset.
Behavioral Health and Personality	bfi2xs_14		agree_bfi_1_5	template	high	Neutral; no opinion	neutral; no opinion	3	I am someone who is emotionally stable, not easily upset.
Behavioral Health and Personality	bfi2xs_14		agree_bfi_1_5	template	high	Agree a little	agree a little	4	I am someone who is emotionally stable, not easily upset.
Behavioral Health and Personality	bfi2xs_14		agree_bfi_1_5	template	high	Agree strongly	agree strongly	5	I am someone who is emotionally stable, not easily upset.
Behavioral Health and Personality	bfi2xs_15		agree_bfi_1_5	template	high	Disagree strongly	disagree strongly	1	I am someone who is original, comes up with new ideas.
Behavioral Health and Personality	bfi2xs_15		agree_bfi_1_5	template	high	Disagree a little	disagree a little	2	I am someone who is original, comes up with new ideas.
Behavioral Health and Personality	bfi2xs_15		agree_bfi_1_5	template	high	Neutral; no opinion	neutral; no opinion	3	I am someone who is original, comes up with new ideas.
Behavioral Health and Personality	bfi2xs_15		agree_bfi_1_5	template	high	Agree a little	agree a little	4	I am someone who is original, comes up with new ideas.
Behavioral Health and Personality	bfi2xs_15		agree_bfi_1_5	template	high	Agree strongly	agree strongly	5	I am someone who is original, comes up with new ideas.
