survey	item_concept	question_concept_id	field_type	phenotype_class	disposition	ordinal_rule	ordinal_source	ordinal_confidence	n_options	n_binary_phenos	n_ordinal_levels	sensitive_topics	flag_reason	notes	field_label
The Basics	thebasics		descriptive	descriptive	excluded_descriptive				0	0	0				The Basics
The Basics	thebasics_birthplace		radio	single_select	nominal_binary				2	2	0	immigration_origin	sensitive		In what country were you born?
The Basics	thebasics_countryborntextbox		text	free_text	excluded_free_text				0	0	0				Please specify.
The Basics	race_whatraceethnicity		checkbox	multi_select	excluded_race_pii_admin				9	0	0				Which categories describe you? Select all that apply. Note, you may select more than one group.
The Basics	whatraceethnicity_raceethnicitynoneofthese		text	free_text	excluded_free_text				0	0	0				Please specify.
The Basics	aian_aianspecific		checkbox	multi_select	excluded_race_pii_admin				4	0	0				American Indian or Alaska Native (Select all that apply)
The Basics	aian_tribe		text	free_text	excluded_free_text				0	0	0				Provide the name of the tribe in which you are enrolled or affiliated or your tribal descent. (for example, Navajo Nation, Blackfeet Tribe, Mayan, Aztec, Native Village of Barrow Inupiat Traditional Government, Nome Eskimo Community, etc.)
The Basics	aiannoneofthesedescribeme_aianfreetext		text	free_text	excluded_free_text				0	0	0				Please specify.
The Basics	asian_asianspecific		checkbox	multi_select	excluded_race_pii_admin				10	0	0				Asian (Select all that apply)
The Basics	noneofthesedescribeme_asianfreetext		text	free_text	excluded_free_text				0	0	0				Please specify.
The Basics	black_blackspecific		checkbox	multi_select	excluded_race_pii_admin				12	0	0				Black, African American or African (Select all that apply)
The Basics	blacknoneofthesedescribeme_blackfreetext		text	free_text	excluded_free_text				0	0	0				Please specify.
The Basics	hispanic_hispanicspecific		checkbox	multi_select	excluded_race_pii_admin				10	0	0	mental_health			Hispanic, Latino, or Spanish (Select all that apply)
The Basics	hispanicnoneofthesedescribeme_hispanicfreetext		text	free_text	excluded_free_text				0	0	0				Please specify.
The Basics	mena_menaspecific		checkbox	multi_select	excluded_race_pii_admin				11	0	0				Middle Eastern or North African (Select all that apply)
The Basics	menanoneofthesedescribeme_menafreetext		text	free_text	excluded_free_text				0	0	0				Please specify.
The Basics	nhpi_nhpispecific		checkbox	multi_select	excluded_race_pii_admin				10	0	0				Native Hawaiian or other Pacific Islander (Select all that apply)
The Basics	nhpinoneofthesedescribeme_nhpifreetext		text	free_text	excluded_free_text				0	0	0				Please specify.
The Basics	white_whitespecific		checkbox	multi_select	excluded_race_pii_admin				12	0	0				White (Select all that apply)
The Basics	whitenoneofthesedescribeme_whitefreetext		text	free_text	excluded_free_text				0	0	0				Please specify.
The Basics	gender_genderidentity		checkbox	multi_select	binary_only				6	5	0	gender_identity		checkbox: one selected-vs-not GWAS per option.	What terms best express how you describe your gender identity? (Check all that apply)
The Basics	gender_closergenderdescription		checkbox	multi_select	binary_only				8	8	0	gender_identity		checkbox: one selected-vs-not GWAS per option.	Are any of these a closer description to your gender identity? (Check all that apply)
The Basics	specifiedgender_specifiedgendertextbox		text	free_text	excluded_free_text				0	0	0				Please specify.
The Basics	biologicalsexatbirth_sexatbirth		radio	single_select	excluded_autosomal_sex_covariate				5	0	0			absorbed_by_sex_covariate; not GWASed on autosomes	What was your biological sex assigned at birth?
The Basics	sexatbirthnoneofthese_sexatbirthtextbox		text	free_text	excluded_free_text				0	0	0				Please specify.
The Basics	thebasics_sexualorientation		checkbox	multi_select	binary_only				6	5	0			checkbox: one selected-vs-not GWAS per option.	Which of the following best represents how you think of yourself? (Check all that apply)
The Basics	genderidentity_sexualitycloserdescription		radio	single_select	nominal_binary				10	10	0				Are any of these a closer description of how you think of yourself?
The Basics	somethingelse_sexualitysomethingelsetextbox		text	free_text	excluded_free_text				0	0	0				Please specify.
The Basics	educationlevel_highestgrade		radio	single_select	ordinal_and_binary	education_years_ea_proxy	override	high	9	8	6				What is the highest grade or year of school you completed?
The Basics	activeduty_activedutyservestatus		radio	single_select	binary_only				3	2	0			binary single-select; one-vs-rest GWAS.	Have you ever served on active duty in the United States Armed Forces, either in the regular military or in a National Guard or military reserve unit? Note: Active duty does not include training for the Reserves or National Guard, but DOES include activation, for example, for the Persian Gulf War.
The Basics	maritalstatus_currentmaritalstatus	1332833	radio	single_select	nominal_binary				7	6	0				What is your current marital status?
The Basics	livingsituation_howmanypeople	1333015	text	numeric_text	numeric				0	0	0			range [0.0, 20.0]	Not including yourself, how many other people live at home with you?
The Basics	livingsituation_peopleunder18	1333023	text	numeric_text	numeric				0	0	0			range [1.0, 20.0]	Think of other people who live with you. How many are under the age of 18 years?
The Basics	insurance_healthinsurance	1332874	radio	single_select	binary_only				4	2	0			binary single-select; one-vs-rest GWAS.	Are you covered by health insurance or some other kind of health care plan?
The Basics	healthinsurance_insurancetypeupdate		checkbox	multi_select	binary_only				9	9	0			checkbox: one selected-vs-not GWAS per option.	Are you currently covered by any of the following types of health insurance or health coverage plans? Select all that apply from one group.
The Basics	otherhealthplan_freetext		text	free_text	excluded_free_text				0	0	0				Please specify.
The Basics	disability_deaf		radio	single_select	binary_only				3	2	0	disability	sensitive	binary single-select; one-vs-rest GWAS.	Are you deaf or do you have serious difficulty hearing?
The Basics	disability_blind		radio	single_select	binary_only				3	2	0	disability	sensitive	binary single-select; one-vs-rest GWAS.	Are you blind or do you have serious difficulty seeing, even when wearing glasses?
The Basics	disability_difficultyconcentrating		radio	single_select	binary_only				3	2	0	disability	sensitive	binary single-select; one-vs-rest GWAS.	Because of a physical, mental, or emotional condition, do you have serious difficulty concentrating, remembering or making decisions?
The Basics	disability_walkingclimbing		radio	single_select	binary_only				3	2	0	disability	sensitive	binary single-select; one-vs-rest GWAS.	Do you have serious difficulty walking or climbing stairs?
The Basics	disability_dressingbathing		radio	single_select	binary_only				3	2	0	disability	sensitive	binary single-select; one-vs-rest GWAS.	Do you have difficulty dressing or bathing?
The Basics	disability_errandsalone		radio	single_select	binary_only				3	2	0			binary single-select; one-vs-rest GWAS.	Because of a physical, mental, or emotional condition, do you have difficulty doing errands alone such as visiting doctor's office or shopping?
The Basics	employment_employmentstatus		checkbox	multi_select	binary_only				9	8	0			checkbox: one selected-vs-not GWAS per option.	What is your current employment status? Please select 1 or more of these categories.
The Basics	employment_employmentworkaddress		radio	single_select	excluded_degenerate				2	1	0			fewer than 2 informative answer options.	Sharing where you work may help us learn about how the environment affects health. Sharing your work address is your choice. You can say no and still take part in the program. What is your work street address?
The Basics	employmentworkaddress_addresslineone		text	free_text	excluded_free_text				0	0	0				Address 1
The Basics	employmentworkaddress_addresslinetwo		text	free_text	excluded_free_text				0	0	0				Address 2
The Basics	employmentworkaddress_city		text	free_text	excluded_free_text				0	0	0				City
The Basics	employmentworkaddress_state		dropdown	single_select	nominal_binary				51	51	0				State
The Basics	employmentworkaddress_zipcode		text	free_text	excluded_free_text				0	0	0				Zip Code
The Basics	employmentworkaddress_country		text	free_text	excluded_free_text				0	0	0				Country
The Basics	income_annualincome		radio	single_select	ordinal_and_binary	income_midpoint_k	override	high	10	9	9	financial_hardship	sensitive		One of the things we're trying to understand is how people's income may affect their use of health services. Household income includes your income plus the income of all family members in your household for the last calendar year. Include all wages and other sources of income. What is your annual household income from all sources?
The Basics	homeown_currenthomeown		radio	single_select	nominal_binary				4	3	0				Do you own or rent the place where you live?
The Basics	livingsituation_currentliving		radio	single_select	nominal_binary				10	10	0				Where are you currently living?
The Basics	livingsituation_livingsituationfreetext		text	free_text	excluded_free_text				0	0	0				Please specify where you are currently living.
The Basics	livingsituation_howmanylivingyears		radio	single_select	ordinal_and_binary	living_years_midpoint	override	medium	6	6	6		medium_confidence_ordinal		How many years have you lived at your current address?
The Basics	livingsituation_stablehouseconcern		radio	single_select	binary_only				2	2	0			binary single-select; one-vs-rest GWAS.	In the past 6 months, have you been worried or concerned about NOT having a place to live?
The Basics	socialsecurity_socialsecuritynumber		radio	single_select	excluded_race_pii_admin				2	0	0				What is your Social Security Number?
The Basics	socialsecurity_socialsecuritynumber_text		text	numeric_text	excluded_race_pii_admin				0	0	0				Social Security Number
The Basics	secondarycontactinfo_firstcontactsinfo		descriptive	descriptive	excluded_descriptive				0	0	0				The All of Us Research Program may contact you periodically to gather additional health related information. In case we cannot contact you, please provide the names, addresses, and telephone numbers of 2 relatives or friends who would know where you could be reached in case we have trouble reaching you. (Please give us the names of persons not currently living in the household)
The Basics	secondarycontactinfo_persononefirstname		text	free_text	excluded_free_text				0	0	0				First Name
The Basics	secondarycontactinfo_persononemiddleinitial		text	free_text	excluded_free_text				0	0	0				Middle Initial
The Basics	secondarycontactinfo_persononelastname		text	free_text	excluded_free_text				0	0	0				Last Name
The Basics	secondarycontactinfo_persononeaddressone		text	free_text	excluded_free_text				0	0	0				Address 1
The Basics	secondarycontactinfo_persononeaddresstwo		text	free_text	excluded_free_text				0	0	0				Address 2
The Basics	persononeaddress_persononeaddresscity		text	free_text	excluded_free_text				0	0	0				City
The Basics	persononeaddress_persononeaddressstate		dropdown	single_select	nominal_binary				51	51	0				State
The Basics	persononeaddress_persononeaddresszipcode		text	free_text	excluded_free_text				0	0	0				Zip Code
The Basics	secondarycontactinfo_persononeemail		text	free_text	excluded_free_text				0	0	0				Email Address
The Basics	secondarycontactinfo_persononetelephone		text	free_text	excluded_free_text				0	0	0				Phone Number
The Basics	secondarycontactinfo_persononerelationship		radio	single_select	nominal_binary				5	5	0				Relationship to you:
The Basics	secondarycontactinfo_secondcontactsfirstname		text	free_text	excluded_free_text				0	0	0				First Name
The Basics	secondarycontactinfo_secondcontactsmiddleinitial		text	free_text	excluded_free_text				0	0	0				Middle Initial
The Basics	secondarycontactinfo_secondcontactslastname		text	free_text	excluded_free_text				0	0	0				Last Name
The Basics	secondarycontactinfo_secondcontactsaddressone		text	free_text	excluded_free_text				0	0	0				Address 1
The Basics	secondarycontactinfo_secondcontactsaddresstwo		text	free_text	excluded_free_text				0	0	0				Address 2
The Basics	secondcontactsaddress_secondcontactcity		text	free_text	excluded_free_text				0	0	0				City
The Basics	secondcontactsaddress_secondcontactstate		dropdown	single_select	nominal_binary				51	51	0				State
The Basics	secondcontactsaddress_secondcontactzipcode		text	free_text	excluded_free_text				0	0	0				Zip Code
The Basics	secondarycontactinfo_secondcontactsemail		text	free_text	excluded_free_text				0	0	0				Email Address
The Basics	secondarycontactinfo_secondcontactsnumber		text	free_text	excluded_free_text				0	0	0				Phone Number
The Basics	secondarycontactinfo_secondcontactsrelationship		radio	single_select	nominal_binary				5	5	0				Relationship to You
Lifestyle	lifestyle		descriptive	descriptive	excluded_descriptive				0	0	0				Lifestyle
Lifestyle	smoking_100cigslifetime		radio	single_select	binary_only				4	2	0			binary single-select; one-vs-rest GWAS.	Have you smoked at least 100 cigarettes in your entire life? (There are 20 cigarettes in a pack.)
Lifestyle	smoking_smokefrequency		radio	single_select	ordinal_and_binary	smoke_freq_0_2	template	high	5	3	3				Do you now smoke cigarettes every day, some days, or not at all?
Lifestyle	smoking_dailysmokestartingage	1585864	text	numeric_text	numeric				0	0	0			range [0, 120]; numeric text response.	How old were you when you first started regular cigarette smoking?
Lifestyle	smoking_dailysmokestartingagenumber		text	numeric_text	numeric				0	0	0			range [1.0, 99.0]	Age:
Lifestyle	smoking_seriousquitattempt		radio	single_select	binary_only				4	2	0			binary single-select; one-vs-rest GWAS.	In the past, have you ever made a serious attempt to quit smoking? That is, have you stopped smoking for at least one day or longer because you were trying to quit?
Lifestyle	attemptquitsmoking_completelyquit		radio	single_select	excluded_degenerate				3	1	0			fewer than 2 informative answer options.	If you have completely stopped smoking cigarettes, how old were you when you stopped?
Lifestyle	attemptquitsmoking_completelyquitage		text	numeric_text	numeric				0	0	0			range [1.0, 99.0]	Age when you stopped smoking:
Lifestyle	smoking_numberofyears	1585873	text	numeric_text	numeric				0	0	0			range [0, 100]; numeric text response.	How many years have you or did you smoke cigarettes?
Lifestyle	smoking_numberofyearsnumber		text	numeric_text	numeric				0	0	0			range [1.0, 99.0]	Number of years:
Lifestyle	smoking_currentdailycigarette	1586159	text	numeric_text	numeric				0	0	0			range [0, 200]; numeric text response.	On average, how many cigarettes do you smoke per day now? (There are 20 cigarettes in a pack.)
Lifestyle	smoking_currentdailycigarettenumber		text	numeric_text	numeric				0	0	0			range [0.0, 99.0]	Number of cigarettes per day:
Lifestyle	smoking_averagedailycigarette	1586162	text	numeric_text	numeric				0	0	0			range [0, 200]; numeric text response.	On average, over the entire time that you smoked, how many cigarettes did you smoke each day? (There are 20 cigarettes in a pack.)
Lifestyle	smoking_averagedailycigarettenumber		text	numeric_text	numeric				0	0	0			range [1.0, 99.0]	Number of cigarettes per day:
Lifestyle	electronicsmoking_electricsmokeparticipant		radio	single_select	binary_only				4	2	0			binary single-select; one-vs-rest GWAS.	Have you ever used an electronic nicotine product, even one or two times? (Electronic nicotine products include e-cigarettes, vape pens, hookah pens, personal vaporizers and mods, e-cigars, e-pipes, and e-hookahs.)
Lifestyle	electronicsmoking_electricsmokefrequency		radio	single_select	ordinal_and_binary	smoke_freq_0_2	template	high	5	3	3				Do you now use electronic nicotine products...
Lifestyle	cigarsmoking_cigarsmokeparticipant		radio	single_select	binary_only				4	2	0			binary single-select; one-vs-rest GWAS.	Have you ever smoked a traditional cigar, cigarillo, or filtered cigar, even one or two puffs?
Lifestyle	cigarsmoking_currentcigarfrequency		radio	single_select	ordinal_and_binary	smoke_freq_0_2	template	high	5	3	3				Do you now smoke a traditional cigar, cigarillo, or filtered cigar...
Lifestyle	hookahsmoking_hookahsmokeparticipant		radio	single_select	binary_only				4	2	0			binary single-select; one-vs-rest GWAS.	Have you ever smoked tobacco in a hookah, even one or two puffs?
Lifestyle	hookahsmoking_currenthookahfrequency		radio	single_select	ordinal_and_binary	smoke_freq_0_2	template	high	5	3	3				Do you now smoke hookah...
Lifestyle	smokelesstobacco_smokelesstobaccoparticipant		radio	single_select	binary_only				4	2	0			binary single-select; one-vs-rest GWAS.	Have you ever used smokeless tobacco products, even one or two times? (Smokeless tobacco products include snus pouches, Skoal Bandits, loose snus, moist snuff, dip, spit, and chewing tobacco.)
Lifestyle	smokelesstobacco_smokelesstobaccofrequency		radio	single_select	ordinal_and_binary	smoke_freq_0_2	template	high	5	3	3				Do you now use smokeless tobacco products...
Lifestyle	alcohol_alcoholparticipant		radio	single_select	binary_only				3	2	0	alcohol	sensitive	binary single-select; one-vs-rest GWAS.	"In your entire life, have you had at least 1 drink of any kind of alcohol, not counting small tastes or sips? (By a ""drink,"" we mean a can or bottle of beer, a glass of wine or a wine cooler, a shot of liquor, or a mixed drink with liquor in it.)"
Lifestyle	alcohol_drinkfrequencypastyear		radio	single_select	ordinal_and_binary	audit_freq_0_4	override	high	6	5	5	alcohol	sensitive		How often did you have a drink containing alcohol in the past year?
Lifestyle	alcohol_averagedailydrinkcount		radio	single_select	ordinal_and_binary	drink_count_band_midpoint	override	medium	6	5	5		medium_confidence_ordinal		On a typical day when you drink, how many drinks do you have?
Lifestyle	alcohol_6ormoredrinksoccurence		radio	single_select	ordinal_and_binary	binge_freq_0_4	override	high	6	5	5				How often did you have six or more drinks on one occasion in the past year?
Lifestyle	recreationaldruguse_whichdrugsused		checkbox	multi_select	binary_only				12	11	0			checkbox: one selected-vs-not GWAS per option.	In your LIFETIME, which of the following substances have you ever used?
Lifestyle	otherspecify_otherdrugstextbox		text	free_text	excluded_free_text				0	0	0				Please specify.
Lifestyle	past3monthusefrequency_marijuana3monthuse		radio	single_select	ordinal_and_binary	subuse_lifestyle_0_4	template	high	6	5	5	substance_use	sensitive		In the PAST THREE MONTHS, how often have you used marijuana (cannabis, pot, grass, hash, etc.)?
Lifestyle	past3monthusefrequency_cocaine3monthuse		radio	single_select	ordinal_and_binary	subuse_lifestyle_0_4	template	high	6	5	5	substance_use	sensitive		In the PAST THREE MONTHS, how often have you used cocaine (coke, crack, etc.)?
Lifestyle	past3monthusefrequency_prescriptionstimulant3monthuse		radio	single_select	ordinal_and_binary	subuse_lifestyle_0_4	template	high	6	5	5	substance_use	sensitive		In the PAST THREE MONTHS, how often have you used prescription stimulants for non-medical reasons (Vyvanse, Ritalin, Concerta, Dexedrine, Adderall, diet pills, etc.)
Lifestyle	past3monthusefrequency_otherstimulant3monthuse		radio	single_select	ordinal_and_binary	subuse_lifestyle_0_4	template	high	6	5	5	substance_use	sensitive		In the PAST THREE MONTHS, how often have you used other stimulants (methamphetamine, speed, crystal meth, ice, k2/spice, bath salts, etc.)
Lifestyle	past3monthusefrequency_inhalant3monthuse		radio	single_select	ordinal_and_binary	subuse_lifestyle_0_4	template	high	6	5	5	substance_use	sensitive		In the PAST THREE MONTHS, how often have you used inhalants (nitrous oxide, glue, gas, paint thinner, etc.)?
Lifestyle	past3monthusefrequency_sedative3monthuse		radio	single_select	ordinal_and_binary	subuse_lifestyle_0_4	template	high	6	5	5				In the PAST THREE MONTHS, how often have you used sedatives or sleeping pills for non-medical reasons (Valium, Serepax, Ativan, Xanax, Librium, Rohypnol, GHB, etc.)?
Lifestyle	past3monthusefrequency_hallucinogen3monthuse		radio	single_select	ordinal_and_binary	subuse_lifestyle_0_4	template	high	6	5	5	substance_use	sensitive		In the PAST THREE MONTHS, how often have you used hallucinogens (LSD, acid, mushrooms, PCP, Special K, ecstasy, etc.)?
Lifestyle	past3monthusefrequency_streetopioid3monthuse		radio	single_select	ordinal_and_binary	subuse_lifestyle_0_4	template	high	6	5	5	substance_use	sensitive		In the PAST THREE MONTHS, how often have you used street opioids (heroin, opium, etc.)?
Lifestyle	past3monthusefrequency_prescriptionopioid3monthuse	1585698	radio	single_select	ordinal_and_binary	subuse_lifestyle_0_4	template	high	6	5	5	substance_use	sensitive	Corrected historical item-code typo (opiod -> opioid); live qid bound explicitly.	In the PAST THREE MONTHS, how often have you used prescription opioids for non-medical reasons (obana, fentanyl, oxycodone [OxyContin, Percocet], hydrocodone [Vicodin], methadone, buprenorphine [Suboxone], etc.)
Lifestyle	past3monthusefrequency_other3monthuse		radio	single_select	ordinal_and_binary	subuse_lifestyle_0_4	template	high	6	5	5				In the PAST THREE MONTHS, how often have you used other drugs?
Overall Health	overallhealth		descriptive	descriptive	excluded_descriptive				0	0	0				Overall Health
Overall Health	overallhealth_medicalformconfidence		radio	single_select	ordinal_and_binary	confidence_1_5	override	high	5	5	5				How confident are you filling out medical forms by yourself?
Overall Health	overallhealth_healthmaterialassistance		radio	single_select	ordinal_and_binary	freq_always_never_0_4	template	high	5	5	5				How often do you have someone help you read health-related materials?
Overall Health	overallhealth_difficultunderstandinfo		radio	single_select	ordinal_and_binary	freq_always_never_0_4	template	high	5	5	5				How often do you have problems learning about your medical condition because of difficulty understanding written information?
Overall Health	overallhealth_generalhealth		radio	single_select	ordinal_and_binary	health_1_5	template	high	5	5	5				In general, would you say your health is:
Overall Health	overallhealth_generalquality		radio	single_select	ordinal_and_binary	health_1_5	template	high	5	5	5				In general, would you say your quality of life is:
Overall Health	overallhealth_generalphysicalhealth		radio	single_select	ordinal_and_binary	health_1_5	template	high	5	5	5				In general, how would you rate your physical health?
Overall Health	overallhealth_generalmentalhealth		radio	single_select	ordinal_and_binary	health_1_5	template	high	5	5	5	mental_health	sensitive		In general, how would you rate your mental health, including your mood and your ability to think?
Overall Health	overallhealth_socialsatisfaction		radio	single_select	ordinal_and_binary	health_1_5	template	high	5	5	5				In general, how would you rate your satisfaction with your social activities and relationships?
Overall Health	overallhealth_everydayactivities		radio	single_select	ordinal_and_binary	ability_extent_0_4	override	high	5	5	5				To what extent are you able to carry out your everyday physical activities such as walking, climbing stairs, carrying groceries, or moving a chair?
Overall Health	overallhealth_averagepain7days		slider	slider	binary_only				2	2	0			binary single-select; one-vs-rest GWAS.	In the past 7 days, how would you rate your pain on average?
Overall Health	overallhealth_averagefatigue7days		radio	single_select	ordinal_and_binary	severity_0_4	override	high	5	5	5				In the past 7 days, how would you rate your fatigue?
Overall Health	overallhealth_generalsocial		radio	single_select	ordinal_and_binary	health_1_5	template	high	5	5	5				In general, please rate how well you carry out your usual social roles. (This includes activities at home, at work and in your community, and responsibilities as a parent, child, spouse, employee, friend, etc.)
Overall Health	overallhealth_emotionalproblem7days		radio	single_select	ordinal_and_binary	freq_never_always5_0_4	template	high	5	5	5	mental_health	sensitive		In the past 7 days, how often have you been bothered by emotional problems such as feeling anxious, depressed, or irritable?
Overall Health	overallhealth_menstrualstopped		radio	single_select	nominal_binary				5	3	0	reproductive_menstrual	sensitive		Have your menstrual periods stopped permanently?
Overall Health	pregnancy_1pregnancystatus	1332792	radio	single_select	binary_only				4	2	0	reproductive_menstrual	sensitive	binary single-select; one-vs-rest GWAS.	Are you currently pregnant?
Overall Health	yesnone_menstrualstoppedreason		radio	single_select	nominal_binary				7	5	0				Why did your periods stop?
Overall Health	overallhealth_hysterectomyhistory		radio	single_select	binary_only				4	2	0	reproductive_menstrual	sensitive	binary single-select; one-vs-rest GWAS.	Have you ever had a hysterectomy (that is, surgery to remove your uterus or womb)?
Overall Health	overallhealth_hysterectomyhistoryage		text	numeric_text	numeric				0	0	0			range [1.0, 99.0]	Age of surgery:
Overall Health	overallhealth_ovaryremovalhistory		radio	single_select	ordinal_and_binary	ovary_removal_count_0_2	override	medium	6	4	3	reproductive_menstrual	medium_confidence_ordinal;sensitive		Have you ever had an ovary removed?
Overall Health	overallhealthovaryremovalhistoryage		text	numeric_text	numeric				0	0	0			range [1.0, 99.0]	Age of surgery:
Overall Health	overallhealth_organtransplant		radio	single_select	binary_only				3	2	0			binary single-select; one-vs-rest GWAS.	Have you had a transplant of any type?
Overall Health	organtransplant_organtransplantdescription		checkbox	multi_select	binary_only				13	13	0			checkbox: one selected-vs-not GWAS per option.	Please check all that apply.
Overall Health	otherorgan_freetextbox		text	free_text	excluded_free_text				0	0	0				Please specify organ.
Overall Health	othertissue_freetextbox		text	free_text	excluded_free_text				0	0	0				Please specify tissue.
Overall Health	organtransplant_hearttransplantdate		text	date_text	excluded_date				0	0	0				Date of heart transplant:
Overall Health	organtransplant_kidneytransplantdate		text	date_text	excluded_date				0	0	0				Date of kidney transplant:
Overall Health	organtransplant_livertransplantdate		text	date_text	excluded_date				0	0	0				Date of liver transplant:
Overall Health	organtransplant_lungtransplantdate		text	date_text	excluded_date				0	0	0				Date of lung transplant:
Overall Health	organtransplant_pancreastransplantdate		text	date_text	excluded_date				0	0	0				Date of pancreas transplant:
Overall Health	organtransplant_intestinetransplantdate		text	date_text	excluded_date				0	0	0				Date of intestine transplant:
Overall Health	organtransplant_otherorgantransplantdate		text	date_text	excluded_date				0	0	0				Date of other organ transplant:
Overall Health	organtransplant_corneatransplantdate		text	date_text	excluded_date				0	0	0				Date of cornea transplant:
Overall Health	organtransplant_bonetransplantdate		text	date_text	excluded_date				0	0	0				Date of bone transplant:
Overall Health	organtransplant_valvetransplantdate		text	date_text	excluded_date				0	0	0				Date of valve transplant:
Overall Health	organtransplant_skintransplantdate		text	date_text	excluded_date				0	0	0				Date of skin transplant:
Overall Health	organtransplant_bloodvesseltransplantdate		text	date_text	excluded_date				0	0	0				Date of blood vessel transplant:
Overall Health	organtransplant_othertissuetransplantdate		text	date_text	excluded_date				0	0	0				Date of other tissue transplant:
Overall Health	overallhealth_outsidetravel6month		radio	single_select	binary_only				3	2	0			binary single-select; one-vs-rest GWAS.	Have you traveled outside of the country within the past 6 months?
Overall Health	outsidetravel6month_outsidetravel6monthwheretraveled		text	free_text	excluded_free_text				0	0	0				Where?
Overall Health	outsidetravel6month_outsidetravel6monthhowlong		text	numeric_text	numeric				0	0	0			range [1.0, 255.0]	How long were you there? Enter number of days.
Family Health History	familyhistory		descriptive	descriptive	excluded_descriptive				0	0	0				Family Health History
Family Health History	familyhistory_familymedicalhistoryaware	43528652	radio	single_select	ordinal_and_binary	family_history_awareness_0_2	template	high	3	3	3			Whole-cohort awareness trait; not a relative disease-status phenotype.	How much do you know about illnesses or health problems for your parents, grandparents, brothers, sisters, and/or children?
Family Health History	diagnosedhealthcondition_cancercondition		checkbox	multi_select	excluded_family_history				24	0	0			PFHH self-history allowlist handled separately (see specsheet 11.3).	Has anyone in your family ever been diagnosed with the following cancer conditions? Think only of the people you are related to by blood. Select all that apply.
Family Health History	cancercondition_bladdercancer_yes		checkbox	multi_select	excluded_family_history				6	0	0			PFHH self-history allowlist handled separately (see specsheet 11.3).	Who in your family has had bladder cancer? Select all that apply.
Family Health History	cancercondition_bonecancer_yes		checkbox	multi_select	excluded_family_history				6	0	0			PFHH self-history allowlist handled separately (see specsheet 11.3).	Who in your family has had bone cancer? Select all that apply.
Family Health History	cancercondition_bloodcancer_yes		checkbox	multi_select	excluded_family_history				6	0	0			PFHH self-history allowlist handled separately (see specsheet 11.3).	Who in your family has had blood or soft tissue cancer? Select all that apply.
Family Health History	cancercondition_braincancer_yes		checkbox	multi_select	excluded_family_history				6	0	0			PFHH self-history allowlist handled separately (see specsheet 11.3).	Who in your family has had brain cancer? Select all that apply.
Family Health History	cancercondition_breastcancer_yes		checkbox	multi_select	excluded_family_history				6	0	0			PFHH self-history allowlist handled separately (see specsheet 11.3).	Who in your family has had breast cancer? Select all that apply.
Family Health History	cancercondition_cervicalcancer_yes		checkbox	multi_select	excluded_family_history				4	0	0			PFHH self-history allowlist handled separately (see specsheet 11.3).	Who in your family has had cervical cancer? Select all that apply.
Family Health History	cancercondition_colonrectalcancer_yes		checkbox	multi_select	excluded_family_history				6	0	0			PFHH self-history allowlist handled separately (see specsheet 11.3).	Who in your family has had colon cancer/rectal cancer? Select all that apply.
Family Health History	cancercondition_endocrinecancer_yes		checkbox	multi_select	excluded_family_history				6	0	0			PFHH self-history allowlist handled separately (see specsheet 11.3).	Who in your family has had endocrine cancer? Select all that apply.
Family Health History	cancercondition_endometrialcancer_yes		checkbox	multi_select	excluded_family_history				4	0	0			PFHH self-history allowlist handled separately (see specsheet 11.3).	Who in your family has had endometrial cancer? Select all that apply.
Family Health History	cancercondition_esophagealcancer_yes		checkbox	multi_select	excluded_family_history				6	0	0			PFHH self-history allowlist handled separately (see specsheet 11.3).	Who in your family has had esophageal cancer? Select all that apply.
Family Health History	cancercondition_eyecancer_yes		checkbox	multi_select	excluded_family_history				6	0	0			PFHH self-history allowlist handled separately (see specsheet 11.3).	Who in your family has had eye cancer? Select all that apply.
Family Health History	cancercondition_headneckcancer_yes		checkbox	multi_select	excluded_family_history				6	0	0			PFHH self-history allowlist handled separately (see specsheet 11.3).	Who in your family has had head and neck cancer? Select all that apply.
Family Health History	cancercondition_kidneycancer_yes		checkbox	multi_select	excluded_family_history				6	0	0			PFHH self-history allowlist handled separately (see specsheet 11.3).	Who in your family has had kidney cancer? Select all that apply.
Family Health History	cancercondition_lungcancer_yes		checkbox	multi_select	excluded_family_history				6	0	0			PFHH self-history allowlist handled separately (see specsheet 11.3).	Who in your family has had lung cancer? Select all that apply.
Family Health History	cancercondition_ovariancancer_yes		checkbox	multi_select	excluded_family_history				4	0	0	reproductive_menstrual		PFHH self-history allowlist handled separately (see specsheet 11.3).	Who in your family has had ovarian cancer? Select all that apply.
Family Health History	cancercondition_pancreaticcancer_yes		checkbox	multi_select	excluded_family_history				6	0	0			PFHH self-history allowlist handled separately (see specsheet 11.3).	Who in your family has had pancreatic cancer? Select all that apply.
Family Health History	cancercondition_prostatecancer_yes		checkbox	multi_select	excluded_family_history				4	0	0			PFHH self-history allowlist handled separately (see specsheet 11.3).	Who in your family has had prostate cancer? Select all that apply.
Family Health History	cancercondition_skincancer_yes		checkbox	multi_select	excluded_family_history				6	0	0			PFHH self-history allowlist handled separately (see specsheet 11.3).	Who in your family has had skin cancer? Select all that apply.
Family Health History	cancercondition_stomachcancer_yes		checkbox	multi_select	excluded_family_history				6	0	0			PFHH self-history allowlist handled separately (see specsheet 11.3).	Who in your family has had stomach cancer? Select all that apply.
Family Health History	cancercondition_thyroidcancer_yes		checkbox	multi_select	excluded_family_history				6	0	0			PFHH self-history allowlist handled separately (see specsheet 11.3).	Who in your family has had thyroid cancer? Select all that apply.
Family Health History	cancercondition_othercancer_yes		checkbox	multi_select	excluded_family_history				6	0	0			PFHH self-history allowlist handled separately (see specsheet 11.3).	Who in your family has had other cancer(s)? Select all that apply.
Family Health History	othercancer_motherfreetextbox		text	free_text	excluded_free_text				0	0	0				Please list other cancer(s) your mother has had.
Family Health History	othercancer_fatherfreetextbox		text	free_text	excluded_free_text				0	0	0				Please list other cancer(s) your father has had.
Family Health History	othercancer_siblingfreetextbox		text	free_text	excluded_free_text				0	0	0				Please list other cancer(s) your sibling(s) has had.
Family Health History	othercancer_daughterfreetextbox		text	free_text	excluded_free_text				0	0	0				Please list other cancer(s) your daughter(s) has had.
Family Health History	othercancer_sonfreetextbox		text	free_text	excluded_free_text				0	0	0				Please list other cancer(s) your son(s) has had.
Family Health History	othercancer_grandparentfreetextbox		text	free_text	excluded_free_text				0	0	0				Please list other cancer(s) your grandparent(s) has had.
Family Health History	diagnosedhealthcondition_circulatorycondition		checkbox	multi_select	excluded_family_history				17	0	0			PFHH self-history allowlist handled separately (see specsheet 11.3).	Has anyone in your family ever been diagnosed with the following heart and blood conditions? Think only of the people you are related to by blood. Select all that apply.
Family Health History	diagnosedhealthcondition_anemia_yes		checkbox	multi_select	excluded_family_history				6	0	0			PFHH self-history allowlist handled separately (see specsheet 11.3).	Who in your family has had anemia? Select all that apply.
Family Health History	circulatorycondition_aorticaneurysm_yes		checkbox	multi_select	excluded_family_history				6	0	0			PFHH self-history allowlist handled separately (see specsheet 11.3).	Who in your family has had aortic aneurysm? Select all that apply.
Family Health History	circulatorycondition_atrialfibrilation_yes		checkbox	multi_select	excluded_family_history				6	0	0			PFHH self-history allowlist handled separately (see specsheet 11.3).	Who in your family has had atrial fibrillation (or a-fib) or atrial flutter (or a-flutter)? Select all that apply.
Family Health History	circulatorycondition_congestiveheartfailure_yes		checkbox	multi_select	excluded_family_history				6	0	0			PFHH self-history allowlist handled separately (see specsheet 11.3).	Who in your family has had congestive heart failure? Select all that apply.
Family Health History	circulatorycondition_coronaryarteryheartdisease_yes		checkbox	multi_select	excluded_family_history				6	0	0			PFHH self-history allowlist handled separately (see specsheet 11.3).	Who in your family has had coronary artery/coronary heart disease (includes angina)? Select all that apply.
Family Health History	circulatorycondition_heartattack_yes		checkbox	multi_select	excluded_family_history				6	0	0			PFHH self-history allowlist handled separately (see specsheet 11.3).	Who in your family has had a heart attack? Select all that apply.
Family Health History	circulatorycondition_heartvalvedisease_yes		checkbox	multi_select	excluded_family_history				6	0	0			PFHH self-history allowlist handled separately (see specsheet 11.3).	Who in your family has had heart valve disease? Select all that apply.
Family Health History	circulatorycondition_highbloodpressure_yes		checkbox	multi_select	excluded_family_history				6	0	0			PFHH self-history allowlist handled separately (see specsheet 11.3).	Who in your family has had high blood pressure (hypertension)? Select all that apply.
Family Health History	circulatorycondition_highcholesterol_yes		checkbox	multi_select	excluded_family_history				6	0	0			PFHH self-history allowlist handled separately (see specsheet 11.3).	Who in your family has had high cholesterol? Select all that apply.
Family Health History	circulatorycondition_peripheralvasculardisease_yes		checkbox	multi_select	excluded_family_history				6	0	0			PFHH self-history allowlist handled separately (see specsheet 11.3).	Who in your family has had peripheral vascular disease? Select all that apply.
Family Health History	circulatorycondition_pulmonaryembolismthrombosis_yes		checkbox	multi_select	excluded_family_history				6	0	0			PFHH self-history allowlist handled separately (see specsheet 11.3).	Who in your family has had pulmonary embolism or deep vein thrombosis (DVT)? Select all that apply.
Family Health History	circulatorycondition_sicklecelldisease_yes		checkbox	multi_select	excluded_family_history				6	0	0			PFHH self-history allowlist handled separately (see specsheet 11.3).	Who in your family has had sickle cell disease? Select all that apply.
Family Health History	circulatorycondition_stroke_yes		checkbox	multi_select	excluded_family_history				6	0	0			PFHH self-history allowlist handled separately (see specsheet 11.3).	Who in your family has had a stroke? Select all that apply.
Family Health History	circulatorycondition_suddendeath_yes		checkbox	multi_select	excluded_family_history				6	0	0			PFHH self-history allowlist handled separately (see specsheet 11.3).	Who in your family had sudden death? Select all that apply.
Family Health History	diagnosedhealthcondition_digestivecondition		checkbox	multi_select	excluded_family_history				13	0	0			PFHH self-history allowlist handled separately (see specsheet 11.3).	Has anyone in your family ever been diagnosed with the following digestive conditions? Think only of the people you are related to by blood. Select all that apply.
Family Health History	digestivecondition_acidreflux_yes		checkbox	multi_select	excluded_family_history				6	0	0			PFHH self-history allowlist handled separately (see specsheet 11.3).	Who in your family has had acid reflux? Select all that apply.
Family Health History	digestivecondition_celiacdisease_yes		checkbox	multi_select	excluded_family_history				6	0	0			PFHH self-history allowlist handled separately (see specsheet 11.3).	Who in your family has had celiac disease? Select all that apply.
Family Health History	digestivecondition_colonpolyps_yes		checkbox	multi_select	excluded_family_history				6	0	0			PFHH self-history allowlist handled separately (see specsheet 11.3).	Who in your family has had colon polyps? Select all that apply.
Family Health History	digestivecondition_crohnsdisease_yes		checkbox	multi_select	excluded_family_history				6	0	0			PFHH self-history allowlist handled separately (see specsheet 11.3).	Who in your family has had Crohn's disease? Select all that apply.
Family Health History	digestivecondition_diverticulitis_yes		checkbox	multi_select	excluded_family_history				6	0	0			PFHH self-history allowlist handled separately (see specsheet 11.3).	Who in your family has had diverticulitis/diverticulosis? Select all that apply.
Family Health History	digestivecondition_gallstones_yes		checkbox	multi_select	excluded_family_history				6	0	0			PFHH self-history allowlist handled separately (see specsheet 11.3).	Who in your family has had gall stones? Select all that apply.
Family Health History	digestivecondition_irritablebowelsyndrome_yes		checkbox	multi_select	excluded_family_history				6	0	0			PFHH self-history allowlist handled separately (see specsheet 11.3).	Who in your family has had irritable bowel syndrome (IBS)? Select all that apply.
Family Health History	diagnosedhealthcondition_livercondition_yes		checkbox	multi_select	excluded_family_history				6	0	0			PFHH self-history allowlist handled separately (see specsheet 11.3).	Who in your family has had a liver condition (e.g., cirrhosis)? Select all that apply.
Family Health History	digestivecondition_pepticulcers_yes		checkbox	multi_select	excluded_family_history				6	0	0			PFHH self-history allowlist handled separately (see specsheet 11.3).	Who in your family has had peptic (stomach) ulcers? Select all that apply.
Family Health History	digestivecondition_ulcerativecolitis_yes		checkbox	multi_select	excluded_family_history				6	0	0			PFHH self-history allowlist handled separately (see specsheet 11.3).	Who in your family has had ulcerative colitis? Select all that apply.
Family Health History	diagnosedhealthcondition_endocrinecondition		checkbox	multi_select	excluded_family_history				8	0	0			PFHH self-history allowlist handled separately (see specsheet 11.3).	Has anyone in your family ever been diagnosed with the following hormone and endocrine conditions? Think only of the people you are related to by blood. Select all that apply.
Family Health History	endocrinecondition_hyperthyroidism_yes		checkbox	multi_select	excluded_family_history				6	0	0			PFHH self-history allowlist handled separately (see specsheet 11.3).	Who in your family has had hyperthyroidism? Select all that apply.
Family Health History	endocrinecondition_hypothyroidism_yes		checkbox	multi_select	excluded_family_history				6	0	0			PFHH self-history allowlist handled separately (see specsheet 11.3).	Who in your family has had hypothyroidism? Select all that apply.
Family Health History	endocrinecondition_type1diabetes_yes		checkbox	multi_select	excluded_family_history				6	0	0			PFHH self-history allowlist handled separately (see specsheet 11.3).	Who in your family has had type 1 diabetes? Select all that apply.
Family Health History	endocrinecondition_type2diabetes_yes		checkbox	multi_select	excluded_family_history				6	0	0			PFHH self-history allowlist handled separately (see specsheet 11.3).	Who in your family has had type 2 diabetes? Select all that apply.
Family Health History	endocrinecondition_otherdiabetes_yes		checkbox	multi_select	excluded_family_history				6	0	0			PFHH self-history allowlist handled separately (see specsheet 11.3).	Who in your family has had other/unknown diabetes? Select all that apply.
Family Health History	diagnosedhealthcondition_kidneycondition		checkbox	multi_select	excluded_family_history				5	0	0			PFHH self-history allowlist handled separately (see specsheet 11.3).	Has anyone in your family ever been diagnosed with the following kidney conditions? Think only of the people you are related to by blood. Select all that apply.
Family Health History	diagnosedhealthcondition_kidneycondition_yes		checkbox	multi_select	excluded_family_history				6	0	0			PFHH self-history allowlist handled separately (see specsheet 11.3).	Who in your family has had kidney disease? Select all that apply.
Family Health History	kidneycondition_kidneystones_yes		checkbox	multi_select	excluded_family_history				6	0	0			PFHH self-history allowlist handled separately (see specsheet 11.3).	Who in your family has had kidney stones? Select all that apply.
Family Health History	diagnosedhealthcondition_respiratorycondition		checkbox	multi_select	excluded_family_history				6	0	0			PFHH self-history allowlist handled separately (see specsheet 11.3).	Has anyone in your family ever been diagnosed with the following lung conditions? Think only of the people you are related to by blood. Select all that apply.
Family Health History	respiratorycondition_asthma_yes		checkbox	multi_select	excluded_family_history				6	0	0			PFHH self-history allowlist handled separately (see specsheet 11.3).	Who in your family has had asthma? Select all that apply.
Family Health History	respiratorycondition_chroniclungdisease_yes		checkbox	multi_select	excluded_family_history				6	0	0			PFHH self-history allowlist handled separately (see specsheet 11.3).	Who in your family has had chronic lung disease (COPD, emphysema, or bronchitis)? Select all that apply.
Family Health History	respiratorycondition_sleepapnea_yes		checkbox	multi_select	excluded_family_history				6	0	0			PFHH self-history allowlist handled separately (see specsheet 11.3).	Who in your family has had sleep apnea? Select all that apply.
Family Health History	diagnosedhealthcondition_nervouscondition		checkbox	multi_select	excluded_family_history				13	0	0			PFHH self-history allowlist handled separately (see specsheet 11.3).	Has anyone in your family ever been diagnosed with the following brain and nervous system conditions? Think only of the people you are related to by blood. Select all that apply.
Family Health History	nervouscondition_dementia_yes		checkbox	multi_select	excluded_family_history				6	0	0			PFHH self-history allowlist handled separately (see specsheet 11.3).	Who in your family has had dementia (includes Alzheimer's, vascular, etc.)? Select all that apply.
Family Health History	nervouscondition_epilepsyseizure_yes		checkbox	multi_select	excluded_family_history				6	0	0			PFHH self-history allowlist handled separately (see specsheet 11.3).	Who in your family has had epilepsy or seizure? Select all that apply.
Family Health History	nervouscondition_amyotrophiclateralsclerosis_yes		checkbox	multi_select	excluded_family_history				6	0	0			PFHH self-history allowlist handled separately (see specsheet 11.3).	Who in your family has had Lou Gehrig's disease (amyotrophic lateral sclerosis)? Select all that apply.
Family Health History	nervouscondition_migraineheadaches_yes		checkbox	multi_select	excluded_family_history				6	0	0			PFHH self-history allowlist handled separately (see specsheet 11.3).	Who in your family has had migraine headaches? Select all that apply.
Family Health History	nervouscondition_multiplesclerosis_yes		checkbox	multi_select	excluded_family_history				6	0	0			PFHH self-history allowlist handled separately (see specsheet 11.3).	Who in your family has had multiple sclerosis (MS)? Select all that apply.
Family Health History	nervouscondition_musculardystrophy_yes		checkbox	multi_select	excluded_family_history				6	0	0			PFHH self-history allowlist handled separately (see specsheet 11.3).	Who in your family has had muscular dystrophy (MD)? Select all that apply.
Family Health History	nervouscondition_narcolepsy_yes		checkbox	multi_select	excluded_family_history				6	0	0			PFHH self-history allowlist handled separately (see specsheet 11.3).	Who in your family has had narcolepsy? Select all that apply.
Family Health History	nervouscondition_neuropathy_yes		checkbox	multi_select	excluded_family_history				6	0	0			PFHH self-history allowlist handled separately (see specsheet 11.3).	Who in your family has had neuropathy? Select all that apply.
Family Health History	nervouscondition_parkinsons_yes		checkbox	multi_select	excluded_family_history				6	0	0			PFHH self-history allowlist handled separately (see specsheet 11.3).	Who in your family has had Parkinson's disease? Select all that apply.
Family Health History	nervouscondition_restlesslegssyndrome_yes		checkbox	multi_select	excluded_family_history				6	0	0			PFHH self-history allowlist handled separately (see specsheet 11.3).	Who in your family has had restless leg syndrome? Select all that apply.
Family Health History	diagnosedhealthcondition_mentalcondition		checkbox	multi_select	excluded_family_history				10	0	0	mental_health		PFHH self-history allowlist handled separately (see specsheet 11.3).	Has anyone in your family ever been diagnosed with the following mental health or substance use conditions? Think only of the people you are related to by blood. Select all that apply.
Family Health History	mentalcondition_alcoholuse_yes		checkbox	multi_select	excluded_family_history				6	0	0	alcohol		PFHH self-history allowlist handled separately (see specsheet 11.3).	Who in your family has had alcohol use disorder? Select all that apply.
Family Health History	mentalcondition_anxietypanic_yes		checkbox	multi_select	excluded_family_history				6	0	0	mental_health		PFHH self-history allowlist handled separately (see specsheet 11.3).	Who in your family has had anxiety reaction/panic disorder? Select all that apply.
Family Health History	mentalcondition_autism_yes		checkbox	multi_select	excluded_family_history				6	0	0			PFHH self-history allowlist handled separately (see specsheet 11.3).	Who in your family has had autism spectrum disorder? Select all that apply.
Family Health History	mentalcondition_bipolar_yes		checkbox	multi_select	excluded_family_history				6	0	0	mental_health		PFHH self-history allowlist handled separately (see specsheet 11.3).	Who in your family has had bipolar disorder? Select all that apply.
Family Health History	mentalcondition_depression_yes		checkbox	multi_select	excluded_family_history				6	0	0	mental_health		PFHH self-history allowlist handled separately (see specsheet 11.3).	Who in your family has had depression? Select all that apply.
Family Health History	mentalcondition_druguse_yes		checkbox	multi_select	excluded_family_history				6	0	0	substance_use		PFHH self-history allowlist handled separately (see specsheet 11.3).	Who in your family has had drug use disorder? Select all that apply.
Family Health History	mentalcondition_schizophrenia_yes		checkbox	multi_select	excluded_family_history				6	0	0	mental_health		PFHH self-history allowlist handled separately (see specsheet 11.3).	Who in your family has had schizophrenia? Select all that apply.
Family Health History	diagnosedhealthcondition_skeletalmuscularcondition		checkbox	multi_select	excluded_family_history				11	0	0			PFHH self-history allowlist handled separately (see specsheet 11.3).	Has anyone in your family ever been diagnosed with the following bone, joint, and muscle conditions? Think only of the people you are related to by blood. Select all that apply.
Family Health History	skeletalmuscularcondition_fibromyalgia_yes		checkbox	multi_select	excluded_family_history				6	0	0			PFHH self-history allowlist handled separately (see specsheet 11.3).	Who in your family has had fibromyalgia? Select all that apply.
Family Health History	skeletalmuscularcondition_gout_yes		checkbox	multi_select	excluded_family_history				6	0	0			PFHH self-history allowlist handled separately (see specsheet 11.3).	Who in your family has had gout? Select all that apply.
Family Health History	skeletalmuscularcondition_osteoarthritis_yes		checkbox	multi_select	excluded_family_history				6	0	0			PFHH self-history allowlist handled separately (see specsheet 11.3).	Who in your family has had osteoarthritis? Select all that apply.
Family Health History	skeletalmuscularcondition_osteoporosis_yes		checkbox	multi_select	excluded_family_history				6	0	0			PFHH self-history allowlist handled separately (see specsheet 11.3).	Who in your family has had osteoporosis? Select all that apply.
Family Health History	skeletalmuscularcondition_pseudogout_yes		checkbox	multi_select	excluded_family_history				6	0	0			PFHH self-history allowlist handled separately (see specsheet 11.3).	Who in your family has had pseudogout (CPPD)? Select all that apply.
Family Health History	skeletalmuscularcondition_rheumatoidarthritis_yes		checkbox	multi_select	excluded_family_history				6	0	0			PFHH self-history allowlist handled separately (see specsheet 11.3).	Who in your family has had rheumatoid arthritis (RA)? Select all that apply.
Family Health History	skeletalmuscularcondition_systemiclupus_yes		checkbox	multi_select	excluded_family_history				6	0	0			PFHH self-history allowlist handled separately (see specsheet 11.3).	Who in your family has had systemic lupus? Select all that apply.
Family Health History	skeletalmuscularcondition_spinemusclebone_yes		checkbox	multi_select	excluded_family_history				6	0	0			PFHH self-history allowlist handled separately (see specsheet 11.3).	Who in your family has had spine, muscle, or bone disorders (non-cancer)? Select all that apply.
Family Health History	diagnosedhealthcondition_visioncondition		checkbox	multi_select	excluded_family_history				7	0	0			PFHH self-history allowlist handled separately (see specsheet 11.3).	Has anyone in your family ever been diagnosed with the following hearing or eye conditions? Think only of the people you are related to by blood. Select all that apply.
Family Health History	visioncondition_cataracts_yes		checkbox	multi_select	excluded_family_history				6	0	0			PFHH self-history allowlist handled separately (see specsheet 11.3).	Who in your family has had cataracts? Select all that apply.
Family Health History	visioncondition_glaucoma_yes		checkbox	multi_select	excluded_family_history				6	0	0			PFHH self-history allowlist handled separately (see specsheet 11.3).	Who in your family has had glaucoma? Select all that apply.
Family Health History	visioncondition_maculardegeneration_yes		checkbox	multi_select	excluded_family_history				6	0	0			PFHH self-history allowlist handled separately (see specsheet 11.3).	Who in your family has had macular degeneration? Select all that apply.
Family Health History	visioncondition_hearingloss_yes		checkbox	multi_select	excluded_family_history				6	0	0	disability		PFHH self-history allowlist handled separately (see specsheet 11.3).	Who in your family has had severe hearing loss or partial deafness in one or both ears? Select all that apply.
Family Health History	diagnosedhealthcondition_othercondition		checkbox	multi_select	excluded_family_history				11	0	0			PFHH self-history allowlist handled separately (see specsheet 11.3).	Has anyone in your family ever been diagnosed with the following other conditions? Think only of the people you are related to by blood. Select all that apply.
Family Health History	diagnosedhealthcondition_allergies_yes		checkbox	multi_select	excluded_family_history				6	0	0			PFHH self-history allowlist handled separately (see specsheet 11.3).	Who in your family has had allergies or hay fever? Select all that apply.
Family Health History	otherhealthcondition_endometriosis_yes		checkbox	multi_select	excluded_family_history				4	0	0			PFHH self-history allowlist handled separately (see specsheet 11.3).	Who in your family has had endometriosis? Select all that apply.
Family Health History	otherhealthcondition_fibroids_yes		checkbox	multi_select	excluded_family_history				4	0	0			PFHH self-history allowlist handled separately (see specsheet 11.3).	Who in your family has had fibroids? Select all that apply.
Family Health History	diagnosedhealthcondition_obesity_yes		checkbox	multi_select	excluded_family_history				6	0	0			PFHH self-history allowlist handled separately (see specsheet 11.3).	Who in your family has had obesity? Select all that apply.
Family Health History	otherhealthcondition_polycysticovariansyndrome_yes		checkbox	multi_select	excluded_family_history				4	0	0	reproductive_menstrual		PFHH self-history allowlist handled separately (see specsheet 11.3).	Who in your family has had polycystic ovarian syndrome? Select all that apply.
Family Health History	otherhealthcondition_reactionstoanesthesia_yes		checkbox	multi_select	excluded_family_history				6	0	0			PFHH self-history allowlist handled separately (see specsheet 11.3).	Who in your family has had reactions to anesthesia (such as hyperthermia)? Select all that apply.
Family Health History	diagnosedhealthcondition_skincondition_yes		checkbox	multi_select	excluded_family_history				6	0	0			PFHH self-history allowlist handled separately (see specsheet 11.3).	Who in your family has had skin condition(s) (e.g., eczema, psoriasis)? Select all that apply.
Family Health History	otherhealthcondition_otherhealthcondition_yes		checkbox	multi_select	excluded_family_history				6	0	0			PFHH self-history allowlist handled separately (see specsheet 11.3).	Who in your family has had other condition(s)? Select all that apply.
Family Health History	othercondition_motherfreetextbox		text	free_text	excluded_free_text				0	0	0				Please list other condition(s) your mother has had.
Family Health History	othercondition_fatherfreetextbox		text	free_text	excluded_free_text				0	0	0				Please list other condition(s) your father has had.
Family Health History	othercondition_siblingfreetextbox		text	free_text	excluded_free_text				0	0	0				Please list other condition(s) your sibling(s) has had.
Family Health History	othercondition_daughterfreetextbox		text	free_text	excluded_free_text				0	0	0				Please list other condition(s) your daughter(s) has had.
Family Health History	othercondition_sonfreetextbox		text	free_text	excluded_free_text				0	0	0				Please list other condition(s) your son(s) has had.
Family Health History	othercondition_grandparentfreetextbox		text	free_text	excluded_free_text				0	0	0				Please list other condition(s) your grandparent(s) has had.
Personal Medical History	personalmedicalhistory		descriptive	descriptive	excluded_descriptive				0	0	0				Personal Medical History
Personal Medical History	circulatory_circulatoryconditions		checkbox	multi_select	excluded_family_history				16	0	0			PFHH self-history allowlist handled separately (see specsheet 11.3).	Has a doctor or health care provider ever told you that you have...? Select all that apply.
Personal Medical History	circulatory_anemiacurrently	43530302	radio	single_select	excluded_family_history				2	0	0			PFHH self-history allowlist handled separately (see specsheet 11.3).	Are you still seeing a doctor or health care provider for anemia?
Personal Medical History	circulatory_howoldwereyouanemia	43530461	radio	single_select	excluded_family_history				5	0	0			PFHH self-history allowlist handled separately (see specsheet 11.3).	About how old were you when you were first told you had anemia?
Personal Medical History	circulatory_rxmedsforanemia	43528786	radio	single_select	excluded_family_history				2	0	0			PFHH self-history allowlist handled separately (see specsheet 11.3).	Are you currently prescribed medications and/or receiving treatment for anemia?
Personal Medical History	circulatory_atrialfibrillationcurrently		radio	single_select	excluded_family_history				2	0	0			PFHH self-history allowlist handled separately (see specsheet 11.3).	Are you still seeing a doctor or health care provider for atrial fibrillation (Afib) or atrial flutter?
Personal Medical History	circulatory_howoldwereyouatrialfibrillation		radio	single_select	excluded_family_history				5	0	0			PFHH self-history allowlist handled separately (see specsheet 11.3).	About how old were you when you were first told you had atrial fibrillation (Afib) or atrial flutter?
Personal Medical History	circulatory_rxmedsforatrialfibrillation		radio	single_select	excluded_family_history				2	0	0			PFHH self-history allowlist handled separately (see specsheet 11.3).	Are you currently prescribed medications and/or receiving treatment for atrial fibrillation (Afib) or atrial flutter?
Personal Medical History	circulatory_bleedingdisordercurrently	43530304	radio	single_select	excluded_family_history				2	0	0			PFHH self-history allowlist handled separately (see specsheet 11.3).	Are you still seeing a doctor or health care provider for a bleeding disorder?
Personal Medical History	circulatory_howoldwereyoubleedingdisorder	43530462	radio	single_select	excluded_family_history				5	0	0			PFHH self-history allowlist handled separately (see specsheet 11.3).	About how old were you when you were first told you had a bleeding disorder?
Personal Medical History	circulatory_rxmedsforbleedingdisorder	43528788	radio	single_select	excluded_family_history				2	0	0			PFHH self-history allowlist handled separately (see specsheet 11.3).	Are you currently prescribed medications and/or receiving treatment for a bleeding disorder?
Personal Medical History	circulatory_congestiveheartfailurecurrently	43530305	radio	single_select	excluded_family_history				2	0	0			PFHH self-history allowlist handled separately (see specsheet 11.3).	Are you still seeing a doctor or health care provider for congestive heart failure?
Personal Medical History	circulatory_howoldwereyoucongestiveheartfailure	43530463	radio	single_select	excluded_family_history				5	0	0			PFHH self-history allowlist handled separately (see specsheet 11.3).	About how old were you when you were first told you had congestive heart failure?
Personal Medical History	circulatory_rxmedsforcongestiveheartfailure	43528789	radio	single_select	excluded_family_history				2	0	0			PFHH self-history allowlist handled separately (see specsheet 11.3).	Are you currently prescribed medications and/or receiving treatment for congestive heart failure?
Personal Medical History	circulatory_coronaryarterycurrently	43530306	radio	single_select	excluded_family_history				2	0	0			PFHH self-history allowlist handled separately (see specsheet 11.3).	Are you still seeing a doctor or health care provider for coronary artery/coronary heart disease?
Personal Medical History	circulatory_howoldwereyoucoronaryartery	43530464	radio	single_select	excluded_family_history				5	0	0			PFHH self-history allowlist handled separately (see specsheet 11.3).	About how old were you when you were first told you had coronary artery/coronary heart disease?
Personal Medical History	circulatory_rxmedsforcoronaryartery	43528790	radio	single_select	excluded_family_history				2	0	0			PFHH self-history allowlist handled separately (see specsheet 11.3).	Are you currently prescribed medications and/or receiving treatment for coronary artery/coronary heart disease?
Personal Medical History	circulatory_heartattackcurrently	43530307	radio	single_select	excluded_family_history				2	0	0			PFHH self-history allowlist handled separately (see specsheet 11.3).	Are you still seeing a doctor or health care provider for a heart attack?
Personal Medical History	circulatory_howoldwereyouheartattack	43530465	radio	single_select	excluded_family_history				5	0	0			PFHH self-history allowlist handled separately (see specsheet 11.3).	About how old were you when you were first told you had a heart attack?
Personal Medical History	circulatory_rxmedsforheartattack	43528791	radio	single_select	excluded_family_history				2	0	0			PFHH self-history allowlist handled separately (see specsheet 11.3).	Are you currently prescribed medications and/or receiving treatment for a heart attack?
Personal Medical History	circulatory_heartvalvediseasecurrently	43530308	radio	single_select	excluded_family_history				2	0	0			PFHH self-history allowlist handled separately (see specsheet 11.3).	Are you still seeing a doctor or health care provider for heart valve disease?
Personal Medical History	circulatory_howoldwereyouheartvalvedisease	43530466	radio	single_select	excluded_family_history				5	0	0			PFHH self-history allowlist handled separately (see specsheet 11.3).	About how old were you when you were first told you had heart valve disease?
Personal Medical History	circulatory_rxmedsforheartvalvedisease	43528792	radio	single_select	excluded_family_history				2	0	0			PFHH self-history allowlist handled separately (see specsheet 11.3).	Are you currently prescribed medications and/or receiving treatment for heart valve disease?
Personal Medical History	circulatory_highcholesterolcurrently	43530309	radio	single_select	excluded_family_history				2	0	0			PFHH self-history allowlist handled separately (see specsheet 11.3).	Are you still seeing a doctor or health care provider for high cholesterol?
Personal Medical History	circulatory_howoldwereyouhighcholesterol	43530467	radio	single_select	excluded_family_history				5	0	0			PFHH self-history allowlist handled separately (see specsheet 11.3).	About how old were you when you were first told you had high cholesterol?
Personal Medical History	circulatory_rxmedsforhighcholesterol	43528793	radio	single_select	excluded_family_history				2	0	0			PFHH self-history allowlist handled separately (see specsheet 11.3).	Are you currently prescribed medications and/or receiving treatment for high cholesterol?
Personal Medical History	circulatory_hypertensioncurrently		radio	single_select	excluded_family_history				2	0	0			PFHH self-history allowlist handled separately (see specsheet 11.3).	Are you still seeing a doctor or health care provider for hypertension (high blood pressure)?
Personal Medical History	circulatory_howoldwereyouhypertension		radio	single_select	excluded_family_history				5	0	0			PFHH self-history allowlist handled separately (see specsheet 11.3).	About how old were you when you were first told you had hypertension (high blood pressure)?
Personal Medical History	circulatory_prescribedmedsforhypertension		radio	single_select	excluded_family_history				2	0	0			PFHH self-history allowlist handled separately (see specsheet 11.3).	Are you currently prescribed medications and/or receiving treatment for hypertension (high blood pressure)?
Personal Medical History	circulatory_peripheralvasculardiseasecurrently	43530311	radio	single_select	excluded_family_history				2	0	0			PFHH self-history allowlist handled separately (see specsheet 11.3).	Are you still seeing a doctor or health care provider for peripheral vascular disease?
Personal Medical History	circulatory_howoldwereyouperipheralvasculardisease	1384448	radio	single_select	excluded_family_history				5	0	0			PFHH self-history allowlist handled separately (see specsheet 11.3).	About how old were you when you were first told you had peripheral vascular disease?
Personal Medical History	circulatory_rxmedsforperipheralvasculardisease	43528795	radio	single_select	excluded_family_history				2	0	0			PFHH self-history allowlist handled separately (see specsheet 11.3).	Are you currently prescribed medications and/or receiving treatment for peripheral vascular disease?
Personal Medical History	circulatory_pulmonaryembolismcurrently		radio	single_select	excluded_family_history				2	0	0			PFHH self-history allowlist handled separately (see specsheet 11.3).	Are you still seeing a doctor or health care provider for pulmonary embolism or deep vein thrombosis?
Personal Medical History	circulatory_howoldwereyoupulmonaryembolism		radio	single_select	excluded_family_history				5	0	0			PFHH self-history allowlist handled separately (see specsheet 11.3).	About how old were you when you were first told you had pulmonary embolism or deep vein thrombosis?
Personal Medical History	circulatory_rxmedsforpulmonaryembolism		radio	single_select	excluded_family_history				2	0	0			PFHH self-history allowlist handled separately (see specsheet 11.3).	Are you currently prescribed medications and/or receiving treatment for pulmonary embolism or deep vein thrombosis?
Personal Medical History	circulatory_sicklecelldiseasecurrently	43530313	radio	single_select	excluded_family_history				2	0	0			PFHH self-history allowlist handled separately (see specsheet 11.3).	Are you still seeing a doctor or health care provider for sickle cell disease?
Personal Medical History	circulatory_howoldwereyousicklecelldisease	43530470	radio	single_select	excluded_family_history				5	0	0			PFHH self-history allowlist handled separately (see specsheet 11.3).	About how old were you when you were first told you had sickle cell disease?
Personal Medical History	circulatory_rxmedsforsicklecelldisease	43528797	radio	single_select	excluded_family_history				2	0	0			PFHH self-history allowlist handled separately (see specsheet 11.3).	Are you currently prescribed medications and/or receiving treatment for sickle cell disease?
Personal Medical History	circulatory_strokecurrently	43530314	radio	single_select	excluded_family_history				2	0	0			PFHH self-history allowlist handled separately (see specsheet 11.3).	Are you still seeing a doctor or health care provider for a stroke?
Personal Medical History	circulatory_howoldwereyoustroke	43530471	radio	single_select	excluded_family_history				5	0	0			PFHH self-history allowlist handled separately (see specsheet 11.3).	About how old were you when you were first told you had a stroke?
Personal Medical History	circulatory_rxmedsforstroke	43528798	radio	single_select	excluded_family_history				2	0	0			PFHH self-history allowlist handled separately (see specsheet 11.3).	Are you currently prescribed medications and/or receiving treatment for a stroke?
Personal Medical History	circulatory_transientischemicattackcurrently	43530315	radio	single_select	excluded_family_history				2	0	0			PFHH self-history allowlist handled separately (see specsheet 11.3).	Are you still seeing a doctor or health care provider for transient ischemic attacks (TIAs or mini-strokes)?
Personal Medical History	circulatory_howoldwereyoutransientischemicattack	43530472	radio	single_select	excluded_family_history				5	0	0			PFHH self-history allowlist handled separately (see specsheet 11.3).	About how old were you when you were first told you had transient ischemic attacks (TIAs or mini-strokes)?
Personal Medical History	circulatory_rxmedsfortransientischemicattack	43528799	radio	single_select	excluded_family_history				2	0	0			PFHH self-history allowlist handled separately (see specsheet 11.3).	Are you currently prescribed medications and/or receiving treatment for transient ischemic attacks (TIAs or mini-strokes)?
Personal Medical History	otherheartorbloodcondition_freetextbox		text	free_text	excluded_free_text				0	0	0				Please specify the other heart or blood condition.
Personal Medical History	circulatory_otherheartbloodcurrently		radio	single_select	excluded_family_history				2	0	0			PFHH self-history allowlist handled separately (see specsheet 11.3).	Are you still seeing a doctor or health care provider for this heart or blood condition?
Personal Medical History	circulatory_howoldwereyouotherheartblood		radio	single_select	excluded_family_history				5	0	0			PFHH self-history allowlist handled separately (see specsheet 11.3).	About how old were you when you were first told you had this heart or blood condition?
Personal Medical History	circulatory_rxmedsforotherheartblood		radio	single_select	excluded_family_history				2	0	0			PFHH self-history allowlist handled separately (see specsheet 11.3).	Are you currently prescribed medications and/or receiving treatment for this heart or blood condition?
Personal Medical History	respiratory_respiratoryconditions		checkbox	multi_select	excluded_family_history				5	0	0			PFHH self-history allowlist handled separately (see specsheet 11.3).	Has a doctor or health care provider ever told you that you have or had any of the following respiratory conditions? Select all that apply.
Personal Medical History	respiratory_asthmacurrently	43530388	radio	single_select	excluded_family_history				2	0	0			PFHH self-history allowlist handled separately (see specsheet 11.3).	Are you still seeing a doctor or health care provider for asthma?
Personal Medical History	respiratory_howoldwereyouasthma	43530546	radio	single_select	excluded_family_history				5	0	0			PFHH self-history allowlist handled separately (see specsheet 11.3).	About how old were you when you were first told you had asthma?
Personal Medical History	respiratory_rxmedsforasthma	43528873	radio	single_select	excluded_family_history				2	0	0			PFHH self-history allowlist handled separately (see specsheet 11.3).	Are you currently prescribed medications and/or receiving treatment for asthma?
Personal Medical History	respiratory_chroniclungdiseasecurrently		radio	single_select	excluded_family_history				2	0	0			PFHH self-history allowlist handled separately (see specsheet 11.3).	Are you still seeing a doctor or health care provider for chronic lung disease?
Personal Medical History	respiratory_howoldwereyouchroniclungdisease		radio	single_select	excluded_family_history				5	0	0			PFHH self-history allowlist handled separately (see specsheet 11.3).	About how old were you when you were first told you had chronic lung disease?
Personal Medical History	respiratory_rxmedsforchroniclungdisease		radio	single_select	excluded_family_history				2	0	0			PFHH self-history allowlist handled separately (see specsheet 11.3).	Are you currently prescribed medications and/or receiving treatment for chronic lung disease?
Personal Medical History	respiratory_sleepapneacurrently	43530390	radio	single_select	excluded_family_history				2	0	0			PFHH self-history allowlist handled separately (see specsheet 11.3).	Are you still seeing a doctor or health care provider for sleep apnea?
Personal Medical History	respiratory_howoldwereyousleepapnea	43530548	radio	single_select	excluded_family_history				5	0	0			PFHH self-history allowlist handled separately (see specsheet 11.3).	About how old were you when you were first told you had sleep apnea?
Personal Medical History	respiratory_rxmedsforsleepapnea	43528875	radio	single_select	excluded_family_history				2	0	0			PFHH self-history allowlist handled separately (see specsheet 11.3).	Are you currently prescribed medications and/or receiving treatment for sleep apnea?
Personal Medical History	otherrespiratory_freetextbox		text	free_text	excluded_free_text				0	0	0				Please specify the other lung condition.
Personal Medical History	respiratory_otherlungconditioncurrently		radio	single_select	excluded_family_history				2	0	0			PFHH self-history allowlist handled separately (see specsheet 11.3).	Are you still seeing a doctor or health care provider for this lung condition?
Personal Medical History	respiratory_howoldwereyouotherlungcondition		radio	single_select	excluded_family_history				5	0	0			PFHH self-history allowlist handled separately (see specsheet 11.3).	About how old were you when you were first told you had this lung condition?
Personal Medical History	respiratory_rxmedsforotherlungcondition		radio	single_select	excluded_family_history				2	0	0			PFHH self-history allowlist handled separately (see specsheet 11.3).	Are you currently prescribed medications and/or receiving treatment for this lung condition?
Personal Medical History	cancer_cancerconditions		checkbox	multi_select	excluded_family_history				22	0	0			PFHH self-history allowlist handled separately (see specsheet 11.3).	Has a doctor or health care provider ever told you that you have or had any of the following cancers? Select all that apply.
Personal Medical History	cancer_bladdercancercurrently	43530282	radio	single_select	excluded_family_history				2	0	0			PFHH self-history allowlist handled separately (see specsheet 11.3).	Are you still seeing a doctor or health care provider for bladder cancer?
Personal Medical History	cancer_howoldwereyoubladdercancer	43530440	radio	single_select	excluded_family_history				5	0	0			PFHH self-history allowlist handled separately (see specsheet 11.3).	About how old were you when you were first told you had bladder cancer?
Personal Medical History	cancer_rxmedsforbladdercancer	43528766	radio	single_select	excluded_family_history				2	0	0			PFHH self-history allowlist handled separately (see specsheet 11.3).	Are you currently prescribed medications and/or receiving treatment for bladder cancer?
Personal Medical History	cancer_bloodcancercurrently	43530283	radio	single_select	excluded_family_history				2	0	0			PFHH self-history allowlist handled separately (see specsheet 11.3).	Are you still seeing a doctor or health care provider for blood or soft tissue cancer?
Personal Medical History	cancer_howoldwereyoubloodcancer	43530441	radio	single_select	excluded_family_history				5	0	0			PFHH self-history allowlist handled separately (see specsheet 11.3).	About how old were you when you were first told you had blood or soft tissue cancer?
Personal Medical History	cancer_rxmedsforbloodcancer	43528767	radio	single_select	excluded_family_history				2	0	0			PFHH self-history allowlist handled separately (see specsheet 11.3).	Are you currently prescribed medications and/or receiving treatment for blood or soft tissue cancer?
Personal Medical History	cancer_bonecancercurrently	43530284	radio	single_select	excluded_family_history				2	0	0			PFHH self-history allowlist handled separately (see specsheet 11.3).	Are you still seeing a doctor or health care provider for bone cancer?
Personal Medical History	cancer_howoldwereyoubonecancer	43530442	radio	single_select	excluded_family_history				5	0	0			PFHH self-history allowlist handled separately (see specsheet 11.3).	About how old were you when you were first told you had bone cancer?
Personal Medical History	cancer_rxmedsforbonecancer	43528768	radio	single_select	excluded_family_history				2	0	0			PFHH self-history allowlist handled separately (see specsheet 11.3).	Are you currently prescribed medications and/or receiving treatment for bone cancer?
Personal Medical History	cancer_braincancercurrently	43530285	radio	single_select	excluded_family_history				2	0	0			PFHH self-history allowlist handled separately (see specsheet 11.3).	Are you still seeing a doctor or health care provider for brain cancer?
Personal Medical History	cancer_howoldwereyoubraincancer	43530443	radio	single_select	excluded_family_history				5	0	0			PFHH self-history allowlist handled separately (see specsheet 11.3).	About how old were you when you were first told you had brain cancer?
Personal Medical History	cancer_rxmedsforbraincancer	43528769	radio	single_select	excluded_family_history				2	0	0			PFHH self-history allowlist handled separately (see specsheet 11.3).	Are you currently prescribed medications and/or receiving treatment for brain cancer?
Personal Medical History	cancer_breastcancercurrently	43530286	radio	single_select	excluded_family_history				2	0	0			PFHH self-history allowlist handled separately (see specsheet 11.3).	Are you still seeing a doctor or health care provider for breast cancer?
Personal Medical History	cancer_howoldwereyoubreastcancer	43530444	radio	single_select	excluded_family_history				5	0	0			PFHH self-history allowlist handled separately (see specsheet 11.3).	About how old were you when you were first told you had breast cancer?
Personal Medical History	cancer_rxmedsforbreastcancer	43528770	radio	single_select	excluded_family_history				2	0	0			PFHH self-history allowlist handled separately (see specsheet 11.3).	Are you currently prescribed medications and/or receiving treatment for breast cancer?
Personal Medical History	cancer_cervicalcancercurrently	43530287	radio	single_select	excluded_family_history				2	0	0			PFHH self-history allowlist handled separately (see specsheet 11.3).	Are you still seeing a doctor or health care provider for cervical cancer?
Personal Medical History	cancer_howoldwereyoucervicalcancer	43530445	radio	single_select	excluded_family_history				5	0	0			PFHH self-history allowlist handled separately (see specsheet 11.3).	About how old were you when you were first told you had cervical cancer?
Personal Medical History	cancer_rxmedsforcervicalcancer	43528771	radio	single_select	excluded_family_history				2	0	0			PFHH self-history allowlist handled separately (see specsheet 11.3).	Are you currently prescribed medications and/or receiving treatment for cervical cancer?
Personal Medical History	cancer_colonrectalcancercurrently	43530288	radio	single_select	excluded_family_history				2	0	0			PFHH self-history allowlist handled separately (see specsheet 11.3).	Are you still seeing a doctor or health care provider for colon cancer/rectal cancer?
Personal Medical History	cancer_howoldwereyoucolonrectalcancer	43530446	radio	single_select	excluded_family_history				5	0	0			PFHH self-history allowlist handled separately (see specsheet 11.3).	About how old were you when you were first told you had colon cancer/rectal cancer?
Personal Medical History	cancer_rxmedsforcolonrectalcancer	43528772	radio	single_select	excluded_family_history				2	0	0			PFHH self-history allowlist handled separately (see specsheet 11.3).	Are you currently prescribed medications and/or receiving treatment for colon cancer/rectal cancer?
Personal Medical History	cancer_endocrinecancercurrently	43530289	radio	single_select	excluded_family_history				2	0	0			PFHH self-history allowlist handled separately (see specsheet 11.3).	Are you still seeing a doctor or health care provider for endocrine cancer?
Personal Medical History	cancer_howoldwereyouendocrinecancer	43530447	radio	single_select	excluded_family_history				5	0	0			PFHH self-history allowlist handled separately (see specsheet 11.3).	About how old were you when you were first told you had endocrine cancer?
Personal Medical History	cancer_rxmedsforendocrinecancer	43528773	radio	single_select	excluded_family_history				2	0	0			PFHH self-history allowlist handled separately (see specsheet 11.3).	Are you currently prescribed medications and/or receiving treatment for endocrine cancer?
Personal Medical History	cancer_endometrialcancercurrently	43530290	radio	single_select	excluded_family_history				2	0	0			PFHH self-history allowlist handled separately (see specsheet 11.3).	Are you still seeing a doctor or health care provider for endometrial cancer?
Personal Medical History	cancer_howoldwereyouendometrialcancer	43530448	radio	single_select	excluded_family_history				5	0	0			PFHH self-history allowlist handled separately (see specsheet 11.3).	About how old were you when you were first told you had endometrial cancer?
Personal Medical History	cancer_rxmedsforendometrialcancer	43528774	radio	single_select	excluded_family_history				2	0	0			PFHH self-history allowlist handled separately (see specsheet 11.3).	Are you currently prescribed medications and/or receiving treatment for endometrial cancer?
Personal Medical History	cancer_esophagealcancercurrently	43530291	radio	single_select	excluded_family_history				2	0	0			PFHH self-history allowlist handled separately (see specsheet 11.3).	Are you still seeing a doctor or health care provider for esophageal cancer?
Personal Medical History	cancer_howoldwereyouesophagealcancer	43530449	radio	single_select	excluded_family_history				5	0	0			PFHH self-history allowlist handled separately (see specsheet 11.3).	About how old were you when you were first told you had esophageal cancer?
Personal Medical History	cancer_rxmedsforesophagealcancer	43528775	radio	single_select	excluded_family_history				2	0	0			PFHH self-history allowlist handled separately (see specsheet 11.3).	Are you currently prescribed medications and/or receiving treatment for esophageal cancer?
Personal Medical History	cancer_eyecancercurrently	43530292	radio	single_select	excluded_family_history				2	0	0			PFHH self-history allowlist handled separately (see specsheet 11.3).	Are you still seeing a doctor or health care provider for eye cancer?
Personal Medical History	cancer_howoldwereyoueyecancer	43530450	radio	single_select	excluded_family_history				5	0	0			PFHH self-history allowlist handled separately (see specsheet 11.3).	About how old were you when you were first told you had eye cancer?
Personal Medical History	cancer_rxmedsforeyecancer	43528776	radio	single_select	excluded_family_history				2	0	0			PFHH self-history allowlist handled separately (see specsheet 11.3).	Are you currently prescribed medications and/or receiving treatment for eye cancer?
Personal Medical History	cancer_headneckcancercurrently		radio	single_select	excluded_family_history				2	0	0			PFHH self-history allowlist handled separately (see specsheet 11.3).	Are you still seeing a doctor or health care provider for head and neck cancer?
Personal Medical History	cancer_howoldwereyouheadneckcancer		radio	single_select	excluded_family_history				5	0	0			PFHH self-history allowlist handled separately (see specsheet 11.3).	About how old were you when you were first told you had head and neck cancer?
Personal Medical History	cancer_rxmedsforheadneckcancer		radio	single_select	excluded_family_history				2	0	0			PFHH self-history allowlist handled separately (see specsheet 11.3).	Are you currently prescribed medications and/or receiving treatment for head and neck cancer?
Personal Medical History	cancer_kidneycancercurrently	43530294	radio	single_select	excluded_family_history				2	0	0			PFHH self-history allowlist handled separately (see specsheet 11.3).	Are you still seeing a doctor or health care provider for kidney cancer?
Personal Medical History	cancer_howoldwereyoukidneycancer	43530452	radio	single_select	excluded_family_history				5	0	0			PFHH self-history allowlist handled separately (see specsheet 11.3).	About how old were you when you were first told you had kidney cancer?
Personal Medical History	cancer_rxmedsforkidneycancer	43528778	radio	single_select	excluded_family_history				2	0	0			PFHH self-history allowlist handled separately (see specsheet 11.3).	Are you currently prescribed medications and/or receiving treatment for kidney cancer?
Personal Medical History	cancer_lungcancercurrently	43530295	radio	single_select	excluded_family_history				2	0	0			PFHH self-history allowlist handled separately (see specsheet 11.3).	Are you still seeing a doctor or health care provider for lung cancer?
Personal Medical History	cancer_howoldwereyoulungcancer	43530453	radio	single_select	excluded_family_history				5	0	0			PFHH self-history allowlist handled separately (see specsheet 11.3).	About how old were you when you were first told you had lung cancer?
Personal Medical History	cancer_rxmedsforlungcancer	43528779	radio	single_select	excluded_family_history				2	0	0			PFHH self-history allowlist handled separately (see specsheet 11.3).	Are you currently prescribed medications and/or receiving treatment for lung cancer?
Personal Medical History	cancer_ovariancancercurrently	1384483	radio	single_select	excluded_family_history				2	0	0	reproductive_menstrual		PFHH self-history allowlist handled separately (see specsheet 11.3).	Are you still seeing a doctor or health care provider for ovarian cancer?
Personal Medical History	cancer_howoldwereyouovariancancer	1384466	radio	single_select	excluded_family_history				5	0	0	reproductive_menstrual		PFHH self-history allowlist handled separately (see specsheet 11.3).	About how old were you when you were first told you had ovarian cancer?
Personal Medical History	cancer_rxmedsforovariancancer	1384529	radio	single_select	excluded_family_history				2	0	0	reproductive_menstrual		PFHH self-history allowlist handled separately (see specsheet 11.3).	Are you currently prescribed medications and/or receiving treatment for ovarian cancer?
Personal Medical History	cancer_pancreaticcancercurrently	43530297	radio	single_select	excluded_family_history				2	0	0			PFHH self-history allowlist handled separately (see specsheet 11.3).	Are you still seeing a doctor or health care provider for pancreatic cancer?
Personal Medical History	cancer_howoldwereyoupancreaticcancer	43530455	radio	single_select	excluded_family_history				5	0	0			PFHH self-history allowlist handled separately (see specsheet 11.3).	About how old were you when you were first told you had pancreatic cancer?
Personal Medical History	cancer_rxmedsforpancreaticcancer	43528781	radio	single_select	excluded_family_history				2	0	0			PFHH self-history allowlist handled separately (see specsheet 11.3).	Are you currently prescribed medications and/or receiving treatment for pancreatic cancer?
Personal Medical History	cancer_prostatecancercurrently	43530298	radio	single_select	excluded_family_history				2	0	0			PFHH self-history allowlist handled separately (see specsheet 11.3).	Are you still seeing a doctor or health care provider for prostate cancer?
Personal Medical History	cancer_howoldwereyouprostatecancer	43530456	radio	single_select	excluded_family_history				5	0	0			PFHH self-history allowlist handled separately (see specsheet 11.3).	About how old were you when you were first told you had prostate cancer?
Personal Medical History	cancer_rxmedsforprostatecancer	43528782	radio	single_select	excluded_family_history				2	0	0			PFHH self-history allowlist handled separately (see specsheet 11.3).	Are you currently prescribed medications and/or receiving treatment for prostate cancer?
Personal Medical History	cancer_skincancercurrently	43530299	radio	single_select	excluded_family_history				2	0	0			PFHH self-history allowlist handled separately (see specsheet 11.3).	Are you still seeing a doctor or health care provider for skin cancer?
Personal Medical History	cancer_howoldwereyouskincancer	43530457	radio	single_select	excluded_family_history				5	0	0			PFHH self-history allowlist handled separately (see specsheet 11.3).	About how old were you when you were first told you had skin cancer?
Personal Medical History	cancer_rxmedsforskincancer	43528783	radio	single_select	excluded_family_history				2	0	0			PFHH self-history allowlist handled separately (see specsheet 11.3).	Are you currently prescribed medications and/or receiving treatment for skin cancer?
Personal Medical History	cancer_stomachcancercurrently	43530300	radio	single_select	excluded_family_history				2	0	0			PFHH self-history allowlist handled separately (see specsheet 11.3).	Are you still seeing a doctor or health care provider for stomach cancer?
Personal Medical History	cancer_howoldwereyoustomachcancer	43530458	radio	single_select	excluded_family_history				5	0	0			PFHH self-history allowlist handled separately (see specsheet 11.3).	About how old were you when you were first told you had stomach cancer?
Personal Medical History	cancer_rxmedsforstomachcancer	43528784	radio	single_select	excluded_family_history				2	0	0			PFHH self-history allowlist handled separately (see specsheet 11.3).	Are you currently prescribed medications and/or receiving treatment for stomach cancer?
Personal Medical History	cancer_thyroidcancercurrently	43530301	radio	single_select	excluded_family_history				2	0	0			PFHH self-history allowlist handled separately (see specsheet 11.3).	Are you still seeing a doctor or health care provider for thyroid cancer?
Personal Medical History	cancer_howoldwereyouthyroidcancer	43530459	radio	single_select	excluded_family_history				5	0	0			PFHH self-history allowlist handled separately (see specsheet 11.3).	About how old were you when you were first told you had thyroid cancer?
Personal Medical History	cancer_rxmedsforthyroidcancer	43528785	radio	single_select	excluded_family_history				2	0	0			PFHH self-history allowlist handled separately (see specsheet 11.3).	Are you currently prescribed medications and/or receiving treatment for thyroid cancer?
Personal Medical History	othercancer_freetextbox		text	free_text	excluded_free_text				0	0	0				Please specify the other cancer.
Personal Medical History	cancer_othercancercurrently		radio	single_select	excluded_family_history				2	0	0			PFHH self-history allowlist handled separately (see specsheet 11.3).	Are you still seeing a doctor or health care provider for this cancer?
Personal Medical History	cancer_howoldwereyouothercancer		radio	single_select	excluded_family_history				5	0	0			PFHH self-history allowlist handled separately (see specsheet 11.3).	About how old were you when you were first told you had this cancer?
Personal Medical History	cancer_rxmedsforothercancer		radio	single_select	excluded_family_history				2	0	0			PFHH self-history allowlist handled separately (see specsheet 11.3).	Are you currently prescribed medications and/or receiving treatment for this cancer?
Personal Medical History	digestive_digestivesystemconditions		checkbox	multi_select	excluded_family_history				16	0	0			PFHH self-history allowlist handled separately (see specsheet 11.3).	Has a doctor or health care provider ever told you that you have...? Select all that apply.
Personal Medical History	digestive_acidrefluxcurrently	43530316	radio	single_select	excluded_family_history				2	0	0			PFHH self-history allowlist handled separately (see specsheet 11.3).	Are you still seeing a doctor or health care provider for acid reflux?
Personal Medical History	digestive_howoldwereyouacidreflux	43530473	radio	single_select	excluded_family_history				5	0	0			PFHH self-history allowlist handled separately (see specsheet 11.3).	About how old were you when you were first told you had acid reflux?
Personal Medical History	digestive_rxmedsforacidreflux	43528800	radio	single_select	excluded_family_history				2	0	0			PFHH self-history allowlist handled separately (see specsheet 11.3).	Are you currently prescribed medications and/or receiving treatment for acid reflux?
Personal Medical History	digestive_bowelobstructioncurrently	43530317	radio	single_select	excluded_family_history				2	0	0			PFHH self-history allowlist handled separately (see specsheet 11.3).	Are you still seeing a doctor or health care provider for bowel obstruction?
Personal Medical History	digestive_howoldwereyoubowelobstruction	43530474	radio	single_select	excluded_family_history				5	0	0			PFHH self-history allowlist handled separately (see specsheet 11.3).	About how old were you when you were first told you had bowel obstruction?
Personal Medical History	digestive_rxmedsforbowelobstruction	43528801	radio	single_select	excluded_family_history				2	0	0			PFHH self-history allowlist handled separately (see specsheet 11.3).	Are you currently prescribed medications and/or receiving treatment for bowel obstruction?
Personal Medical History	digestive_celiacdiseasecurrently	1384660	radio	single_select	excluded_family_history				2	0	0			PFHH self-history allowlist handled separately (see specsheet 11.3).	Are you still seeing a doctor or health care provider for celiac disease?
Personal Medical History	digestive_howoldwereyouceliacdisease	1384494	radio	single_select	excluded_family_history				5	0	0			PFHH self-history allowlist handled separately (see specsheet 11.3).	About how old were you when you were first told you had celiac disease?
Personal Medical History	digestive_rxmedsforceliacdisease	1384609	radio	single_select	excluded_family_history				2	0	0			PFHH self-history allowlist handled separately (see specsheet 11.3).	Are you currently prescribed medications and/or receiving treatment for celiac disease?
Personal Medical History	digestive_colonpolypscurrently	43530318	radio	single_select	excluded_family_history				2	0	0			PFHH self-history allowlist handled separately (see specsheet 11.3).	Are you still seeing a doctor or health care provider for colon polyps?
Personal Medical History	digestive_howoldwereyoucolonpolyps	43530475	radio	single_select	excluded_family_history				5	0	0			PFHH self-history allowlist handled separately (see specsheet 11.3).	About how old were you when you were first told you had colon polyps?
Personal Medical History	digestive_rxmedsforcolonpolyps	43528802	radio	single_select	excluded_family_history				2	0	0			PFHH self-history allowlist handled separately (see specsheet 11.3).	Are you currently prescribed medications and/or receiving treatment for colon polyps?
Personal Medical History	digestive_crohnsdiseasecurrently	43530319	radio	single_select	excluded_family_history				2	0	0			PFHH self-history allowlist handled separately (see specsheet 11.3).	Are you still seeing a doctor or health care provider for Crohn's disease?
Personal Medical History	digestive_howoldwereyoucrohnsdisease	43530476	radio	single_select	excluded_family_history				5	0	0			PFHH self-history allowlist handled separately (see specsheet 11.3).	About how old were you when you were first told you had Crohn's disease?
Personal Medical History	digestive_rxmedsforcrohnsdisease	43528804	radio	single_select	excluded_family_history				2	0	0			PFHH self-history allowlist handled separately (see specsheet 11.3).	Are you currently prescribed medications and/or receiving treatment for Crohn's disease?
Personal Medical History	digestive_diverticulosiscurrently		radio	single_select	excluded_family_history				2	0	0			PFHH self-history allowlist handled separately (see specsheet 11.3).	Are you still seeing a doctor or health care provider for diverticulosis/diverticulitis?
Personal Medical History	digestive_howoldwereyoudiverticulosis		radio	single_select	excluded_family_history				5	0	0			PFHH self-history allowlist handled separately (see specsheet 11.3).	About how old were you when you were first told you had diverticulosis/diverticulitis?
Personal Medical History	digestive_rxmedsfordiverticulosis		radio	single_select	excluded_family_history				2	0	0			PFHH self-history allowlist handled separately (see specsheet 11.3).	Are you currently prescribed medications and/or receiving treatment for diverticulosis/diverticulitis?
Personal Medical History	digestive_gallstonescurrently	43530321	radio	single_select	excluded_family_history				2	0	0			PFHH self-history allowlist handled separately (see specsheet 11.3).	Are you still seeing a doctor or health care provider for gall stones?
Personal Medical History	digestive_howoldwereyougallstones	43530478	radio	single_select	excluded_family_history				5	0	0			PFHH self-history allowlist handled separately (see specsheet 11.3).	About how old were you when you were first told you had gall stones?
Personal Medical History	digestive_rxmedsforgallstones	43528806	radio	single_select	excluded_family_history				2	0	0			PFHH self-history allowlist handled separately (see specsheet 11.3).	Are you currently prescribed medications and/or receiving treatment for gall stones?
Personal Medical History	digestive_hemorrhoidscurrently	43530322	radio	single_select	excluded_family_history				2	0	0			PFHH self-history allowlist handled separately (see specsheet 11.3).	Are you still seeing a doctor or health care provider for hemorrhoids?
Personal Medical History	digestive_howoldwereyouhemorrhoids	43530479	radio	single_select	excluded_family_history				5	0	0			PFHH self-history allowlist handled separately (see specsheet 11.3).	About how old were you when you were first told you had hemorrhoids?
Personal Medical History	digestive_rxmedsforhemorrhoids	43528807	radio	single_select	excluded_family_history				2	0	0			PFHH self-history allowlist handled separately (see specsheet 11.3).	Are you currently prescribed medications and/or receiving treatment for hemorrhoids?
Personal Medical History	digestive_herniacurrently		radio	single_select	excluded_family_history				2	0	0			PFHH self-history allowlist handled separately (see specsheet 11.3).	Are you still seeing a doctor or health care provider for hernia?
Personal Medical History	digestive_howoldwereyouhernia	43530480	radio	single_select	excluded_family_history				5	0	0			PFHH self-history allowlist handled separately (see specsheet 11.3).	About how old were you when you were first told you had a hernia?
Personal Medical History	digestive_rxmedsforhernia		radio	single_select	excluded_family_history				2	0	0			PFHH self-history allowlist handled separately (see specsheet 11.3).	Are you currently prescribed medications and/or receiving treatment for hernia?
Personal Medical History	digestive_irritablebowelcurrently	43530324	radio	single_select	excluded_family_history				2	0	0			PFHH self-history allowlist handled separately (see specsheet 11.3).	Are you still seeing a doctor or health care provider for irritable bowel syndrome (IBS)?
Personal Medical History	digestive_howoldwereyouirritablebowel	43530481	radio	single_select	excluded_family_history				5	0	0			PFHH self-history allowlist handled separately (see specsheet 11.3).	About how old were you when you were first told you had irritable bowel syndrome (IBS)?
Personal Medical History	digestive_rxmedsforirritablebowel	43528809	radio	single_select	excluded_family_history				2	0	0			PFHH self-history allowlist handled separately (see specsheet 11.3).	Are you currently prescribed medications and/or receiving treatment for irritable bowel syndrome (IBS)?
Personal Medical History	digestive_liverconditioncurrently		radio	single_select	excluded_family_history				2	0	0			PFHH self-history allowlist handled separately (see specsheet 11.3).	Are you still seeing a doctor or health care provider for a liver condition?
Personal Medical History	digestive_howoldwereyoulivercondition		radio	single_select	excluded_family_history				5	0	0			PFHH self-history allowlist handled separately (see specsheet 11.3).	About how old were you when you were first told you had a liver condition?
Personal Medical History	digestive_rxmedsforlivercondition		radio	single_select	excluded_family_history				2	0	0			PFHH self-history allowlist handled separately (see specsheet 11.3).	Are you currently prescribed medications and/or receiving treatment for a liver condition?
Personal Medical History	digestive_pancreatitiscurrently	43530326	radio	single_select	excluded_family_history				2	0	0			PFHH self-history allowlist handled separately (see specsheet 11.3).	Are you still seeing a doctor or health care provider for pancreatitis?
Personal Medical History	digestive_howoldwereyoupancreatitis	43530483	radio	single_select	excluded_family_history				5	0	0			PFHH self-history allowlist handled separately (see specsheet 11.3).	About how old were you when you were first told you had pancreatitis?
Personal Medical History	digestive_rxmedsforpancreatitis	43528811	radio	single_select	excluded_family_history				2	0	0			PFHH self-history allowlist handled separately (see specsheet 11.3).	Are you currently prescribed medications and/or receiving treatment for pancreatitis?
Personal Medical History	digestive_pepticulcerscurrently		radio	single_select	excluded_family_history				2	0	0			PFHH self-history allowlist handled separately (see specsheet 11.3).	Are you still seeing a doctor or health care provider for peptic ulcers?
Personal Medical History	digestive_howoldwereyoupepticulcers		radio	single_select	excluded_family_history				5	0	0			PFHH self-history allowlist handled separately (see specsheet 11.3).	About how old were you when you were first told you had peptic ulcers?
Personal Medical History	digestive_rxmedsforpepticulcers		radio	single_select	excluded_family_history				2	0	0			PFHH self-history allowlist handled separately (see specsheet 11.3).	Are you currently prescribed medications and/or receiving treatment for peptic ulcers?
Personal Medical History	digestive_ulcerativecolitiscurrently	43530328	radio	single_select	excluded_family_history				2	0	0			PFHH self-history allowlist handled separately (see specsheet 11.3).	Are you still seeing a doctor or health care provider for ulcerative colitis?
Personal Medical History	digestive_howoldwereyouulcerativecolitis	43530485	radio	single_select	excluded_family_history				5	0	0			PFHH self-history allowlist handled separately (see specsheet 11.3).	About how old were you when you were first told you had ulcerative colitis?
Personal Medical History	digestive_rxmedsforulcerativecolitis	43528813	radio	single_select	excluded_family_history				2	0	0			PFHH self-history allowlist handled separately (see specsheet 11.3).	Are you currently prescribed medications and/or receiving treatment for ulcerative colitis?
Personal Medical History	otherdigestivecondition_freetextbox		text	free_text	excluded_free_text				0	0	0				Please specify the other digestive condition.
Personal Medical History	digestive_otherdigestiveconditioncurrently		radio	single_select	excluded_family_history				2	0	0			PFHH self-history allowlist handled separately (see specsheet 11.3).	Are you still seeing a doctor or health care provider for this digestive condition?
Personal Medical History	digestive_howoldwereyouotherdigestivecondition		radio	single_select	excluded_family_history				5	0	0			PFHH self-history allowlist handled separately (see specsheet 11.3).	About how old were you when you were first told you had this digestive condition?
Personal Medical History	digestive_rxmedsforotherdigestivecondition		radio	single_select	excluded_family_history				2	0	0			PFHH self-history allowlist handled separately (see specsheet 11.3).	Are you currently prescribed medications and/or receiving treatment for this digestive condition?
Personal Medical History	endocrine_endocrineconditions		checkbox	multi_select	excluded_family_history				9	0	0			PFHH self-history allowlist handled separately (see specsheet 11.3).	Has a doctor or health care provider ever told you that you have...? Select all that apply.
Personal Medical History	endocrine_hyperthyroidismcurrently	43530329	radio	single_select	excluded_family_history				2	0	0			PFHH self-history allowlist handled separately (see specsheet 11.3).	Are you still seeing a doctor or health care provider for hyperthyroidism?
Personal Medical History	endocrine_howoldwereyouhyperthyroidism	43530486	radio	single_select	excluded_family_history				5	0	0			PFHH self-history allowlist handled separately (see specsheet 11.3).	About how old were you when you were first told you had hyperthyroidism?
Personal Medical History	endocrine_rxmedsforhyperthyroidism	43528814	radio	single_select	excluded_family_history				2	0	0			PFHH self-history allowlist handled separately (see specsheet 11.3).	Are you currently prescribed medications and/or receiving treatment for hyperthyroidism?
Personal Medical History	endocrine_hypothyroidismcurrently	43530330	radio	single_select	excluded_family_history				2	0	0			PFHH self-history allowlist handled separately (see specsheet 11.3).	Are you still seeing a doctor or health care provider for hypothyroidism?
Personal Medical History	endocrine_howoldwereyouhypothyroidism	43530487	radio	single_select	excluded_family_history				5	0	0			PFHH self-history allowlist handled separately (see specsheet 11.3).	About how old were you when you were first told you had hypothyroidism?
Personal Medical History	endocrine_rxmedsforhypothyroidism	43528815	radio	single_select	excluded_family_history				2	0	0			PFHH self-history allowlist handled separately (see specsheet 11.3).	Are you currently prescribed medications and/or receiving treatment for hypothyroidism?
Personal Medical History	endocrine_prediabetescurrently	1384532	radio	single_select	excluded_family_history				2	0	0			PFHH self-history allowlist handled separately (see specsheet 11.3).	Are you still seeing a doctor or health care provider for prediabetes?
Personal Medical History	endocrine_howoldwereyouprediabetes	1384543	radio	single_select	excluded_family_history				5	0	0			PFHH self-history allowlist handled separately (see specsheet 11.3).	About how old were you when you were first told you had prediabetes?
Personal Medical History	endocrine_rxmedsforprediabetes	1384566	radio	single_select	excluded_family_history				2	0	0			PFHH self-history allowlist handled separately (see specsheet 11.3).	Are you currently prescribed medications and/or receiving treatment for prediabetes?
Personal Medical History	endocrine_type1diabetescurrently	43530334	radio	single_select	excluded_family_history				2	0	0			PFHH self-history allowlist handled separately (see specsheet 11.3).	Are you still seeing a doctor or health care provider for type 1 diabetes?
Personal Medical History	endocrine_howoldwereyoutype1diabetes	43530491	radio	single_select	excluded_family_history				5	0	0			PFHH self-history allowlist handled separately (see specsheet 11.3).	About how old were you when you were first told you had type 1 diabetes?
Personal Medical History	endocrine_rxmedsfortype1diabetes	43528819	radio	single_select	excluded_family_history				2	0	0			PFHH self-history allowlist handled separately (see specsheet 11.3).	Are you currently prescribed medications and/or receiving treatment for type 1 diabetes?
Personal Medical History	endocrine_type2diabetescurrently	43530335	radio	single_select	excluded_family_history				2	0	0			PFHH self-history allowlist handled separately (see specsheet 11.3).	Are you still seeing a doctor or health care provider for type 2 diabetes?
Personal Medical History	endocrine_howoldwereyoutype2diabetes	43530492	radio	single_select	excluded_family_history				5	0	0			PFHH self-history allowlist handled separately (see specsheet 11.3).	About how old were you when you were first told you had type 2 diabetes?
Personal Medical History	endocrine_rxmedsfortype2diabetes	43528820	radio	single_select	excluded_family_history				2	0	0			PFHH self-history allowlist handled separately (see specsheet 11.3).	Are you currently prescribed medications and/or receiving treatment for type 2 diabetes?
Personal Medical History	otherdiabetes_freetextbox		text	free_text	excluded_free_text				0	0	0				Please specify other/unknown diabetes.
Personal Medical History	endocrine_otherdiabetescurrently	43530331	radio	single_select	excluded_family_history				2	0	0			PFHH self-history allowlist handled separately (see specsheet 11.3).	Are you still seeing a doctor or health care provider for other/unknown diabetes?
Personal Medical History	endocrine_howoldwereyouotherdiabetes	43530488	radio	single_select	excluded_family_history				5	0	0			PFHH self-history allowlist handled separately (see specsheet 11.3).	About how old were you when you were first told you had other/unknown diabetes?
Personal Medical History	endocrine_rxmedsforotherdiabetes	43528816	radio	single_select	excluded_family_history				2	0	0			PFHH self-history allowlist handled separately (see specsheet 11.3).	Are you currently prescribed medications and/or receiving treatment for other/unknown diabetes?
Personal Medical History	otherthyroid_freetextbox		text	free_text	excluded_free_text				0	0	0				Please specify other/unknown thyroid condition.
Personal Medical History	endocrine_otherthyroidcurrently		radio	single_select	excluded_family_history				2	0	0			PFHH self-history allowlist handled separately (see specsheet 11.3).	Are you still seeing a doctor or health care provider for other/unknown thyroid condition?
Personal Medical History	endocrine_howoldwereyouotherthyroid		radio	single_select	excluded_family_history				5	0	0			PFHH self-history allowlist handled separately (see specsheet 11.3).	About how old were you when you were first told you had other/unknown thyroid condition?
Personal Medical History	endocrine_rxmedsforotherthyroid		radio	single_select	excluded_family_history				2	0	0			PFHH self-history allowlist handled separately (see specsheet 11.3).	Are you currently prescribed medications and/or receiving treatment for other/unknown thyroid condition?
Personal Medical History	otherhormoneendocrine_freetextbox		text	free_text	excluded_free_text				0	0	0				Please specify other hormone/endocrine condition.
Personal Medical History	endocrine_otherhormone_endocrineconditioncurrently		radio	single_select	excluded_family_history				2	0	0			PFHH self-history allowlist handled separately (see specsheet 11.3).	Are you still seeing a doctor or health care provider for other hormone/endocrine condition?
Personal Medical History	endocrine_howoldwereyouotherhormoneedocrinecondition		radio	single_select	excluded_family_history				5	0	0			PFHH self-history allowlist handled separately (see specsheet 11.3).	About how old were you when you were first told you had other hormone/endocrine condition
Personal Medical History	endocrine_rxmedsforotherhormone_endocrinecondition		radio	single_select	excluded_family_history				2	0	0			PFHH self-history allowlist handled separately (see specsheet 11.3).	Are you currently prescribed medications and/or receiving treatment for other hormone/endocrine condition?
Personal Medical History	kidney_kidneyconditions		checkbox	multi_select	excluded_family_history				6	0	0			PFHH self-history allowlist handled separately (see specsheet 11.3).	Has a doctor or health care provider ever told you that you have...? Select all that apply.
Personal Medical History	kidney_acutekidneynodialysiscurrently		radio	single_select	excluded_family_history				2	0	0			PFHH self-history allowlist handled separately (see specsheet 11.3).	Are you still seeing a doctor or health care provider for acute kidney disease (no current dialysis)?
Personal Medical History	kidney_howoldwereyouacutekidneynodialysis		radio	single_select	excluded_family_history				5	0	0			PFHH self-history allowlist handled separately (see specsheet 11.3).	About how old were you when you were first told you had acute kidney disease (no current dialysis)?
Personal Medical History	kidney_rxmedsforacutekidneynodialysis		radio	single_select	excluded_family_history				2	0	0			PFHH self-history allowlist handled separately (see specsheet 11.3).	Are you currently prescribed medications and/or receiving treatment for acute kidney disease (no current dialysis)?
Personal Medical History	kidney_kidneywithdialysiscurrently		radio	single_select	excluded_family_history				2	0	0			PFHH self-history allowlist handled separately (see specsheet 11.3).	Are you still seeing a doctor or health care provider for kidney disease (with dialysis)?
Personal Medical History	kidney_howoldwereyoukidneywithdialysis		radio	single_select	excluded_family_history				5	0	0			PFHH self-history allowlist handled separately (see specsheet 11.3).	About how old were you when you were first told you had kidney disease (with dialysis)?
Personal Medical History	kidney_rxmedsforkidneywithdialysis		radio	single_select	excluded_family_history				2	0	0			PFHH self-history allowlist handled separately (see specsheet 11.3).	Are you currently prescribed medications and/or receiving treatment for kidney disease (with dialysis)?
Personal Medical History	kidney_kidneywithoutdialysiscurrently		radio	single_select	excluded_family_history				2	0	0			PFHH self-history allowlist handled separately (see specsheet 11.3).	Are you still seeing a doctor or health care provider for kidney disease (without dialysis)?
Personal Medical History	kidney_howoldwereyoukidneywithoutdialysis		radio	single_select	excluded_family_history				5	0	0			PFHH self-history allowlist handled separately (see specsheet 11.3).	About how old were you when you were first told you had kidney disease (without dialysis)?
Personal Medical History	kidney_rxmedsforkidneywithoutdialysis		radio	single_select	excluded_family_history				2	0	0			PFHH self-history allowlist handled separately (see specsheet 11.3).	Are you currently prescribed medications and/or receiving treatment for kidney disease (without dialysis)?
Personal Medical History	kidney_kidneystonescurrently	43530351	radio	single_select	excluded_family_history				2	0	0			PFHH self-history allowlist handled separately (see specsheet 11.3).	Are you still seeing a doctor or health care provider for kidney stones?
Personal Medical History	kidney_howoldwereyoukidneystones	43530509	radio	single_select	excluded_family_history				5	0	0			PFHH self-history allowlist handled separately (see specsheet 11.3).	About how old were you when you were first told you had kidney stones?
Personal Medical History	kidney_rxmedsforkidneystones	43528836	radio	single_select	excluded_family_history				2	0	0			PFHH self-history allowlist handled separately (see specsheet 11.3).	Are you currently prescribed medications and/or receiving treatment for kidney stones?
Personal Medical History	otherkidneycondition_freetextbox		text	free_text	excluded_free_text				0	0	0				Please specify other kidney condition.
Personal Medical History	kidney_otherkidneyconditioncurrently		radio	single_select	excluded_family_history				2	0	0			PFHH self-history allowlist handled separately (see specsheet 11.3).	Are you still seeing a doctor or health care provider for other kidney condition?
Personal Medical History	kidney_howoldwereyouotherkidneycondition		radio	single_select	excluded_family_history				5	0	0			PFHH self-history allowlist handled separately (see specsheet 11.3).	About how old were you when you were first told you had other kidney condition?
Personal Medical History	kidney_rxmedsforotherkidneycondition		radio	single_select	excluded_family_history				2	0	0			PFHH self-history allowlist handled separately (see specsheet 11.3).	Are you currently prescribed medications and/or receiving treatment for other kidney condition?
Personal Medical History	skeletalmuscular_skeletalmuscularconditions		checkbox	multi_select	excluded_family_history				13	0	0			PFHH self-history allowlist handled separately (see specsheet 11.3).	Has a doctor or health care provider ever told you that you have...? Select all that apply.
Personal Medical History	skeletalmuscular_carpaltunnelcurrently	43530392	radio	single_select	excluded_family_history				2	0	0			PFHH self-history allowlist handled separately (see specsheet 11.3).	Are you still seeing a doctor or health care provider for carpal tunnel syndrome?
Personal Medical History	skeletalmuscular_howoldwereyoucarpaltunnel	43530550	radio	single_select	excluded_family_history				5	0	0			PFHH self-history allowlist handled separately (see specsheet 11.3).	About how old were you when you were first told you had carpal tunnel syndrome?
Personal Medical History	skeletalmuscular_rxmedsforcarpaltunnel	43528877	radio	single_select	excluded_family_history				2	0	0			PFHH self-history allowlist handled separately (see specsheet 11.3).	Are you currently prescribed medications and/or receiving treatment for carpal tunnel syndrome?
Personal Medical History	skeletalmuscular_fibromyalgiacurrently	43530393	radio	single_select	excluded_family_history				2	0	0			PFHH self-history allowlist handled separately (see specsheet 11.3).	Are you still seeing a doctor or health care provider for fibromyalgia?
Personal Medical History	skeletalmuscular_howoldwereyoufibromyalgia	43530551	radio	single_select	excluded_family_history				5	0	0			PFHH self-history allowlist handled separately (see specsheet 11.3).	About how old were you when you were first told you had fibromyalgia?
Personal Medical History	skeletalmuscular_rxmedsforfibromyalgia	43528878	radio	single_select	excluded_family_history				2	0	0			PFHH self-history allowlist handled separately (see specsheet 11.3).	Are you currently prescribed medications and/or receiving treatment for fibromyalgia?
Personal Medical History	skeletalmuscular_fracturedbrokenbonecurrently		radio	single_select	excluded_family_history				2	0	0			PFHH self-history allowlist handled separately (see specsheet 11.3).	Are you still seeing a doctor or health care provider for fractured/broken bones in the last five years?
Personal Medical History	skeletalmuscular_howoldwereyoufracturedbrokenbone		radio	single_select	excluded_family_history				5	0	0			PFHH self-history allowlist handled separately (see specsheet 11.3).	About how old were you when you were first told you had fractured/broken bones in the last five years?
Personal Medical History	skeletalmuscular_rxmedsforfracturedbrokenbone		radio	single_select	excluded_family_history				2	0	0			PFHH self-history allowlist handled separately (see specsheet 11.3).	Are you currently prescribed medications and/or receiving treatment for fractured/broken bones in the last five years?
Personal Medical History	skeletalmuscular_goutcurrently	43530395	radio	single_select	excluded_family_history				2	0	0			PFHH self-history allowlist handled separately (see specsheet 11.3).	Are you still seeing a doctor or health care provider for gout?
Personal Medical History	skeletalmuscular_howoldwereyougout	43530553	radio	single_select	excluded_family_history				5	0	0			PFHH self-history allowlist handled separately (see specsheet 11.3).	About how old were you when you were first told you had gout?
Personal Medical History	skeletalmuscular_rxmedsforgout	43528880	radio	single_select	excluded_family_history				2	0	0			PFHH self-history allowlist handled separately (see specsheet 11.3).	Are you currently prescribed medications and/or receiving treatment for gout?
Personal Medical History	skeletalmuscular_osteoarthritiscurrently	1384617	radio	single_select	excluded_family_history				2	0	0			PFHH self-history allowlist handled separately (see specsheet 11.3).	Are you still seeing a doctor or health care provider for osteoarthritis?
Personal Medical History	skeletalmuscular_howoldwereyouosteoarthritis	1384611	radio	single_select	excluded_family_history				5	0	0			PFHH self-history allowlist handled separately (see specsheet 11.3).	About how old were you when you were first told you had osteoarthritis?
Personal Medical History	skeletalmuscular_rxmedsforosteoarthritis	1384433	radio	single_select	excluded_family_history				2	0	0			PFHH self-history allowlist handled separately (see specsheet 11.3).	Are you currently prescribed medications and/or receiving treatment for osteoarthritis?
Personal Medical History	skeletalmuscular_osteoporosiscurrently	43530397	radio	single_select	excluded_family_history				2	0	0			PFHH self-history allowlist handled separately (see specsheet 11.3).	Are you still seeing a doctor or health care provider for osteoporosis?
Personal Medical History	skeletalmuscular_howoldwereyouosteoporosis	43530555	radio	single_select	excluded_family_history				5	0	0			PFHH self-history allowlist handled separately (see specsheet 11.3).	About how old were you when you were first told you had osteoporosis?
Personal Medical History	skeletalmuscular_rxmedsforosteoporosis	43528882	radio	single_select	excluded_family_history				2	0	0			PFHH self-history allowlist handled separately (see specsheet 11.3).	Are you currently prescribed medications and/or receiving treatment for osteoporosis?
Personal Medical History	skeletalmuscular_pseudogoutcurrently		radio	single_select	excluded_family_history				2	0	0			PFHH self-history allowlist handled separately (see specsheet 11.3).	Are you still seeing a doctor or health care provider for pseudogout?
Personal Medical History	skeletalmuscular_howoldwereyoupseudogout		radio	single_select	excluded_family_history				5	0	0			PFHH self-history allowlist handled separately (see specsheet 11.3).	About how old were you when you were first told you had pseudogout?
Personal Medical History	skeletalmuscular_rxmedsforpseudogout		radio	single_select	excluded_family_history				2	0	0			PFHH self-history allowlist handled separately (see specsheet 11.3).	Are you currently prescribed medications and/or receiving treatment for pseudogout?
Personal Medical History	skeletalmuscular_rheumatoidarthritiscurrently		radio	single_select	excluded_family_history				2	0	0			PFHH self-history allowlist handled separately (see specsheet 11.3).	Are you still seeing a doctor or health care provider for rheumatoid arthritis?
Personal Medical History	skeletalmuscular_howoldwereyourheumatoidarthritis		radio	single_select	excluded_family_history				5	0	0			PFHH self-history allowlist handled separately (see specsheet 11.3).	About how old were you when you were first told you had rheumatoid arthritis?
Personal Medical History	skeletalmuscular_rxmedsforrheumatoidarthritis		radio	single_select	excluded_family_history				2	0	0			PFHH self-history allowlist handled separately (see specsheet 11.3).	Are you currently prescribed medications and/or receiving treatment for rheumatoid arthritis?
Personal Medical History	skeletalmuscular_spinemusclebonecurrently	43530398	radio	single_select	excluded_family_history				2	0	0			PFHH self-history allowlist handled separately (see specsheet 11.3).	Are you still seeing a doctor or health care provider for spine, muscle, or bone disorders (non-cancer)?
Personal Medical History	skeletalmuscular_howoldwereyouspinemusclebone	43530556	radio	single_select	excluded_family_history				5	0	0			PFHH self-history allowlist handled separately (see specsheet 11.3).	About how old were you when you were first told you had spine, muscle, or bone disorders (non-cancer)?
Personal Medical History	skeletalmuscular_rxmedsforspinemusclebone	43528883	radio	single_select	excluded_family_history				2	0	0			PFHH self-history allowlist handled separately (see specsheet 11.3).	Are you currently prescribed medications and/or receiving treatment for spine, muscle, or bone disorders (non-cancer)?
Personal Medical History	skeletalmuscular_lupuscurrently	43530396	radio	single_select	excluded_family_history				2	0	0			PFHH self-history allowlist handled separately (see specsheet 11.3).	Are you still seeing a doctor or health care provider for systemic lupus?
Personal Medical History	skeletalmuscular_howoldwereyoulupus	43530554	radio	single_select	excluded_family_history				5	0	0			PFHH self-history allowlist handled separately (see specsheet 11.3).	About how old were you when you were first told you had systemic lupus?
Personal Medical History	skeletalmuscular_rxmedsforlupus	43528881	radio	single_select	excluded_family_history				2	0	0			PFHH self-history allowlist handled separately (see specsheet 11.3).	Are you currently prescribed medications and/or receiving treatment for systemic lupus?
Personal Medical History	otherarthritis_freetextbox		text	free_text	excluded_free_text				0	0	0				Please specify.
Personal Medical History	skeletalmuscular_otherarthritiscurrently	1384576	radio	single_select	excluded_family_history				2	0	0			PFHH self-history allowlist handled separately (see specsheet 11.3).	Are you still seeing a doctor or health care provider for other arthritis?
Personal Medical History	skeletalmuscular_howoldwereyouotherarthritis	1384470	radio	single_select	excluded_family_history				5	0	0			PFHH self-history allowlist handled separately (see specsheet 11.3).	About how old were you when you were first told you had other arthritis?
Personal Medical History	skeletalmuscular_rxmedsforotherarthritis	1384478	radio	single_select	excluded_family_history				2	0	0			PFHH self-history allowlist handled separately (see specsheet 11.3).	Are you currently prescribed medications and/or receiving treatment for other arthritis?
Personal Medical History	otherbonejointmuscle_freetextbox		text	free_text	excluded_free_text				0	0	0				Please specify other bone, joint, or muscle condition.
Personal Medical History	skeletalmuscular_otherbonejointmuscleconditioncurrently		radio	single_select	excluded_family_history				2	0	0			PFHH self-history allowlist handled separately (see specsheet 11.3).	Are you still seeing a doctor or health care provider for other bone, joint, or muscle condition?
Personal Medical History	skeletalmuscular_howoldwereyouotherbonejointmusclecondition		radio	single_select	excluded_family_history				5	0	0			PFHH self-history allowlist handled separately (see specsheet 11.3).	About how old were you when you were first told you had other bone, joint, or muscle condition?
Personal Medical History	skeletalmuscular_rxmedsforotherbonejointmusclecondition		radio	single_select	excluded_family_history				2	0	0			PFHH self-history allowlist handled separately (see specsheet 11.3).	Are you currently prescribed medications and/or receiving treatment for other bone, joint, or muscle condition?
Personal Medical History	hearingvision_hearingvisionconditions		checkbox	multi_select	excluded_family_history				12	0	0			PFHH self-history allowlist handled separately (see specsheet 11.3).	Has a doctor or health care provider ever told you that you have any of the following hearing or vision problems? Select all that apply.
Personal Medical History	hearingvision_blindnesscurrently	43530336	radio	single_select	excluded_family_history				2	0	0	disability		PFHH self-history allowlist handled separately (see specsheet 11.3).	Are you still seeing a doctor or health care provider for blindness, all causes?
Personal Medical History	hearingvision_howoldwereyoublindness	43530493	radio	single_select	excluded_family_history				5	0	0	disability		PFHH self-history allowlist handled separately (see specsheet 11.3).	About how old were you when you were first told you had blindness, all causes?
Personal Medical History	hearingvision_rxmedsforblindness	43528821	radio	single_select	excluded_family_history				2	0	0	disability		PFHH self-history allowlist handled separately (see specsheet 11.3).	Are you currently prescribed medications and/or receiving treatment for blindness, all causes?
Personal Medical History	hearingvision_cataractscurrently	43530337	radio	single_select	excluded_family_history				2	0	0			PFHH self-history allowlist handled separately (see specsheet 11.3).	Are you still seeing a doctor or health care provider for cataracts?
Personal Medical History	hearingvision_howoldwereyoucataracts	43530494	radio	single_select	excluded_family_history				5	0	0			PFHH self-history allowlist handled separately (see specsheet 11.3).	About how old were you when you were first told you had cataracts?
Personal Medical History	hearingvision_rxmedsforcataracts	43528822	radio	single_select	excluded_family_history				2	0	0			PFHH self-history allowlist handled separately (see specsheet 11.3).	Are you currently prescribed medications and/or receiving treatment for cataracts?
Personal Medical History	hearingvision_dryeyescurrently	43530338	radio	single_select	excluded_family_history				2	0	0			PFHH self-history allowlist handled separately (see specsheet 11.3).	Are you still seeing a doctor or health care provider for dry eyes?
Personal Medical History	hearingvision_howoldwereyoudryeyes	43530495	radio	single_select	excluded_family_history				5	0	0			PFHH self-history allowlist handled separately (see specsheet 11.3).	About how old were you when you were first told you had dry eyes?
Personal Medical History	hearingvision_rxmedsfordryeyes	43528823	radio	single_select	excluded_family_history				2	0	0			PFHH self-history allowlist handled separately (see specsheet 11.3).	Are you currently prescribed medications and/or receiving treatment for dry eyes?
Personal Medical History	hearingvision_farsightednesscurrently	43530339	radio	single_select	excluded_family_history				2	0	0			PFHH self-history allowlist handled separately (see specsheet 11.3).	Are you still seeing a doctor or health care provider for farsightedness?
Personal Medical History	hearingvision_howoldwereyoufarsightedness	43530496	radio	single_select	excluded_family_history				5	0	0			PFHH self-history allowlist handled separately (see specsheet 11.3).	About how old were you when you were first told you had farsightedness?
Personal Medical History	hearingvision_rxmedsforfarsightedness	43528824	radio	single_select	excluded_family_history				2	0	0			PFHH self-history allowlist handled separately (see specsheet 11.3).	Are you currently prescribed medications and/or receiving treatment for farsightedness?
Personal Medical History	hearingvision_nearsightednesscurrently	43530343	radio	single_select	excluded_family_history				2	0	0			PFHH self-history allowlist handled separately (see specsheet 11.3).	Are you still seeing a doctor or health care provider for nearsightedness?
Personal Medical History	hearingvision_howoldwereyounearsightedness	43530500	radio	single_select	excluded_family_history				5	0	0			PFHH self-history allowlist handled separately (see specsheet 11.3).	About how old were you when you were first told you had nearsightedness?
Personal Medical History	hearingvision_rxmedsfornearsightedness	43528828	radio	single_select	excluded_family_history				2	0	0			PFHH self-history allowlist handled separately (see specsheet 11.3).	Are you currently prescribed medications and/or receiving treatment for nearsightedness?
Personal Medical History	hearingvision_astigmatismcurrently	1384570	radio	single_select	excluded_family_history				2	0	0			PFHH self-history allowlist handled separately (see specsheet 11.3).	Are you still seeing a doctor or health care provider for astigmatism?
Personal Medical History	hearingvision_howoldwereyouastigmatism	1384554	radio	single_select	excluded_family_history				5	0	0			PFHH self-history allowlist handled separately (see specsheet 11.3).	About how old were you when you were first told you had astigmatism?
Personal Medical History	hearingvision_rxmedsforastigmatism	1384388	radio	single_select	excluded_family_history				2	0	0			PFHH self-history allowlist handled separately (see specsheet 11.3).	Are you currently prescribed medications and/or receiving treatment for astigmatism?
Personal Medical History	hearingvision_glaucomacurrently	43530340	radio	single_select	excluded_family_history				2	0	0			PFHH self-history allowlist handled separately (see specsheet 11.3).	Are you still seeing a doctor or health care provider for glaucoma?
Personal Medical History	hearingvision_howoldwereyouglaucoma	43530497	radio	single_select	excluded_family_history				5	0	0			PFHH self-history allowlist handled separately (see specsheet 11.3).	About how old were you when you were first told you had glaucoma?
Personal Medical History	hearingvision_rxmedsforglaucoma	43528825	radio	single_select	excluded_family_history				2	0	0			PFHH self-history allowlist handled separately (see specsheet 11.3).	Are you currently prescribed medications and/or receiving treatment for glaucoma?
Personal Medical History	hearingvision_maculardegenerationcurrently	43530342	radio	single_select	excluded_family_history				2	0	0			PFHH self-history allowlist handled separately (see specsheet 11.3).	Are you still seeing a doctor or health care provider for macular degeneration?
Personal Medical History	hearingvision_howoldwereyoumaculardegeneration	43530499	radio	single_select	excluded_family_history				5	0	0			PFHH self-history allowlist handled separately (see specsheet 11.3).	About how old were you when you were first told you had macular degeneration?
Personal Medical History	hearingvision_rxmedsformaculardegeneration	43528827	radio	single_select	excluded_family_history				2	0	0			PFHH self-history allowlist handled separately (see specsheet 11.3).	Are you currently prescribed medications and/or receiving treatment for macular degeneration?
Personal Medical History	hearingvision_tinnituscurrently	43530344	radio	single_select	excluded_family_history				2	0	0			PFHH self-history allowlist handled separately (see specsheet 11.3).	Are you still seeing a doctor or health care provider for tinnitus?
Personal Medical History	hearingvision_howoldwereyoutinnitus	43530501	radio	single_select	excluded_family_history				5	0	0			PFHH self-history allowlist handled separately (see specsheet 11.3).	About how old were you when you were first told you had tinnitus?
Personal Medical History	hearingvision_rxmedsfortinnitus	43528829	radio	single_select	excluded_family_history				2	0	0			PFHH self-history allowlist handled separately (see specsheet 11.3).	Are you currently prescribed medications and/or receiving treatment for tinnitus?
Personal Medical History	hearingvision_hearinglosscurrently	43530341	radio	single_select	excluded_family_history				2	0	0	disability		PFHH self-history allowlist handled separately (see specsheet 11.3).	Are you still seeing a doctor or health care provider for severe hearing loss or partial deafness in one or both ears?
Personal Medical History	hearingvision_howoldwereyouhearingloss	43530498	radio	single_select	excluded_family_history				5	0	0	disability		PFHH self-history allowlist handled separately (see specsheet 11.3).	About how old were you when you were first told you had severe hearing loss or partial deafness in one or both ears?
Personal Medical History	hearingvision_rxmedsforhearingloss	43528826	radio	single_select	excluded_family_history				2	0	0	disability		PFHH self-history allowlist handled separately (see specsheet 11.3).	Are you currently prescribed medications and/or receiving treatment for severe hearing loss or partial deafness in one or both ears?
Personal Medical History	otherhearingeye_freetextbox		text	free_text	excluded_free_text				0	0	0				Please specify other hearing or eye condition.
Personal Medical History	hearingvision_otherhearingeyeconditioncurrently		radio	single_select	excluded_family_history				2	0	0			PFHH self-history allowlist handled separately (see specsheet 11.3).	Are you still seeing a doctor or health care provider for other hearing or eye condition?
Personal Medical History	hearingvision_howoldwereyouotherhearingeyecondition		radio	single_select	excluded_family_history				5	0	0			PFHH self-history allowlist handled separately (see specsheet 11.3).	About how old were you when you were first told you had other hearing or eye condition?
Personal Medical History	hearingvision_rxmedsforotherhearingeyecondition		radio	single_select	excluded_family_history				2	0	0			PFHH self-history allowlist handled separately (see specsheet 11.3).	Are you currently prescribed medications and/or receiving treatment for other hearing or eye condition?
Personal Medical History	infectiousdiseases_infectiousdiseasecondition		checkbox	multi_select	excluded_family_history				18	0	0			PFHH self-history allowlist handled separately (see specsheet 11.3).	Has a doctor or health care provider ever told you that you have...? Select all that apply.
Personal Medical History	infectiousdiseases_chickenpoxcurrently	1384553	radio	single_select	excluded_family_history				2	0	0			PFHH self-history allowlist handled separately (see specsheet 11.3).	Are you still seeing a doctor or health care provider for chickenpox?
Personal Medical History	infectiousdiseases_howoldwereyouchickenpox	1384637	radio	single_select	excluded_family_history				5	0	0			PFHH self-history allowlist handled separately (see specsheet 11.3).	About how old were you when you were first told you had chickenpox?
Personal Medical History	infectiousdiseases_rxmedsforchickenpox	1384442	radio	single_select	excluded_family_history				2	0	0			PFHH self-history allowlist handled separately (see specsheet 11.3).	Are you currently prescribed medications and/or receiving treatment for chickenpox?
Personal Medical History	infectiousdiseases_chronicsinuscurrently	43530345	radio	single_select	excluded_family_history				2	0	0			PFHH self-history allowlist handled separately (see specsheet 11.3).	Are you still seeing a doctor or health care provider for chronic sinus infections?
Personal Medical History	infectiousdiseases_howoldwereyouchronicsinus	43530502	radio	single_select	excluded_family_history				5	0	0			PFHH self-history allowlist handled separately (see specsheet 11.3).	About how old were you when you were first told you had chronic sinus infections?
Personal Medical History	infectiousdiseases_rxmedsforchronicsinus	43528830	radio	single_select	excluded_family_history				2	0	0			PFHH self-history allowlist handled separately (see specsheet 11.3).	Are you currently prescribed medications and/or receiving treatment for chronic sinus infections?
Personal Medical History	infectiousdiseases_denguefevercurrently	1384418	radio	single_select	excluded_family_history				2	0	0			PFHH self-history allowlist handled separately (see specsheet 11.3).	Are you still seeing a doctor or health care provider for dengue fever?
Personal Medical History	infectiousdiseases_howoldwereyoudenguefever	1384552	radio	single_select	excluded_family_history				5	0	0			PFHH self-history allowlist handled separately (see specsheet 11.3).	About how old were you when you were first told you had dengue fever?
Personal Medical History	infectiousdiseases_rxmedsfordenguefever	1384627	radio	single_select	excluded_family_history				2	0	0			PFHH self-history allowlist handled separately (see specsheet 11.3).	Are you currently prescribed medications and/or receiving treatment for dengue fever?
Personal Medical History	infectiousdiseases_hepatitisacurrently	1384401	radio	single_select	excluded_family_history				2	0	0			PFHH self-history allowlist handled separately (see specsheet 11.3).	Are you still seeing a doctor or health care provider for hepatitis A?
Personal Medical History	infectiousdiseases_howoldwereyouhepatitisa	1384619	radio	single_select	excluded_family_history				5	0	0			PFHH self-history allowlist handled separately (see specsheet 11.3).	About how old were you when you were first told you had hepatitis A?
Personal Medical History	infectiousdiseases_rxmedsforhepatitisa	1384535	radio	single_select	excluded_family_history				2	0	0			PFHH self-history allowlist handled separately (see specsheet 11.3).	Are you currently prescribed medications and/or receiving treatment for hepatitis A?
Personal Medical History	infectiousdiseases_hepatitisbcurrently	1384506	radio	single_select	excluded_family_history				2	0	0			PFHH self-history allowlist handled separately (see specsheet 11.3).	Are you still seeing a doctor or health care provider for hepatitis B?
Personal Medical History	infectiousdiseases_howoldwereyouhepatitisb	1384620	radio	single_select	excluded_family_history				5	0	0			PFHH self-history allowlist handled separately (see specsheet 11.3).	About how old were you when you were first told you had hepatitis B?
Personal Medical History	infectiousdiseases_rxmedsforhepatitisb	1384447	radio	single_select	excluded_family_history				2	0	0			PFHH self-history allowlist handled separately (see specsheet 11.3).	Are you currently prescribed medications and/or receiving treatment for hepatitis B?
Personal Medical History	infectiousdiseases_hepatitisccurrently	43530346	radio	single_select	excluded_family_history				2	0	0			PFHH self-history allowlist handled separately (see specsheet 11.3).	Are you still seeing a doctor or health care provider for hepatitis C?
Personal Medical History	infectiousdiseases_howoldwereyouhepatitisc	43530503	radio	single_select	excluded_family_history				5	0	0			PFHH self-history allowlist handled separately (see specsheet 11.3).	About how old were you when you were first told you had hepatitis C?
Personal Medical History	infectiousdiseases_rxmedsforhepatitisc	43528831	radio	single_select	excluded_family_history				2	0	0			PFHH self-history allowlist handled separately (see specsheet 11.3).	Are you currently prescribed medications and/or receiving treatment for hepatitis C?
Personal Medical History	infectiousdiseases_hivaidscurrently	43530347	radio	single_select	excluded_family_history				2	0	0			PFHH self-history allowlist handled separately (see specsheet 11.3).	Are you still seeing a doctor or health care provider for HIV/AIDS?
Personal Medical History	infectiousdiseases_howoldwereyouhivaids	43530505	radio	single_select	excluded_family_history				5	0	0			PFHH self-history allowlist handled separately (see specsheet 11.3).	About how old were you when you were first told you had HIV/AIDS?
Personal Medical History	infectiousdiseases_rxmedsforhivaids	43528832	radio	single_select	excluded_family_history				2	0	0			PFHH self-history allowlist handled separately (see specsheet 11.3).	Are you currently prescribed medications and/or receiving treatment for HIV/AIDS?
Personal Medical History	infectiousdiseases_lymediseasecurrently	1384431	radio	single_select	excluded_family_history				2	0	0			PFHH self-history allowlist handled separately (see specsheet 11.3).	Are you still seeing a doctor or health care provider for Lyme disease?
Personal Medical History	infectiousdiseases_howoldwereyoulymedisease	1384432	radio	single_select	excluded_family_history				5	0	0			PFHH self-history allowlist handled separately (see specsheet 11.3).	About how old were you when you were first told you had Lyme disease?
Personal Medical History	infectiousdiseases_rxmedsforlymedisease	1384628	radio	single_select	excluded_family_history				2	0	0			PFHH self-history allowlist handled separately (see specsheet 11.3).	Are you currently prescribed medications and/or receiving treatment for Lyme disease?
Personal Medical History	infectiousdiseases_urinarytractcurrently	43530349	radio	single_select	excluded_family_history				2	0	0			PFHH self-history allowlist handled separately (see specsheet 11.3).	Are you still seeing a doctor or health care provider for recurrent urinary tract infections (UTI)/bladder infections?
Personal Medical History	infectiousdiseases_howoldwereyouurinarytract	43530507	radio	single_select	excluded_family_history				5	0	0			PFHH self-history allowlist handled separately (see specsheet 11.3).	About how old were you when you were first told you had recurrent urinary tract infections (UTI)/bladder infections?
Personal Medical History	infectiousdiseases_rxmedsforurinarytract	43528834	radio	single_select	excluded_family_history				2	0	0			PFHH self-history allowlist handled separately (see specsheet 11.3).	Are you currently prescribed medications and/or receiving treatment for recurrent urinary tract infections (UTI)/bladder infections?
Personal Medical History	infectiousdiseases_yeastinfectioncurrently	1384465	radio	single_select	excluded_family_history				2	0	0			PFHH self-history allowlist handled separately (see specsheet 11.3).	Are you still seeing a doctor or health care provider for recurrent yeast infections?
Personal Medical History	infectiousdiseases_howoldwereyouyeastinfection	1384621	radio	single_select	excluded_family_history				5	0	0			PFHH self-history allowlist handled separately (see specsheet 11.3).	About how old were you when you were first told you had recurrent yeast infections?
Personal Medical History	infectiousdiseases_rxmedsforyeastinfection	1384398	radio	single_select	excluded_family_history				2	0	0			PFHH self-history allowlist handled separately (see specsheet 11.3).	Are you currently prescribed medications and/or receiving treatment for recurrent yeast infections?
Personal Medical History	infectiousdiseases_sarscurrently	1384537	radio	single_select	excluded_family_history				2	0	0			PFHH self-history allowlist handled separately (see specsheet 11.3).	Are you still seeing a doctor or health care provider for severe acute respiratory syndrome (SARS)?
Personal Medical History	infectiousdiseases_howoldwereyousars	1384438	radio	single_select	excluded_family_history				5	0	0			PFHH self-history allowlist handled separately (see specsheet 11.3).	About how old were you when you were first told you had severe acute respiratory syndrome (SARS)?
Personal Medical History	infectiousdiseases_rxmedsforsars	1384642	radio	single_select	excluded_family_history				2	0	0			PFHH self-history allowlist handled separately (see specsheet 11.3).	Are you currently prescribed medications and/or receiving treatment for severe acute respiratory syndrome (SARS)?
Personal Medical History	infectiousdiseases_stiscurrently	1384463	radio	single_select	excluded_family_history				2	0	0			PFHH self-history allowlist handled separately (see specsheet 11.3).	Are you still seeing a doctor or health care provider for sexually transmitted infections (Gonorrhea, Syphilis, Chlamydia)?
Personal Medical History	infectiousdiseases_howoldwereyoustis	1384573	radio	single_select	excluded_family_history				5	0	0			PFHH self-history allowlist handled separately (see specsheet 11.3).	About how old were you when you were first told you had sexually transmitted infections (Gonorrhea, Syphilis, Chlamydia)?
Personal Medical History	infectiousdiseases_rxmedsforstis	1384664	radio	single_select	excluded_family_history				2	0	0			PFHH self-history allowlist handled separately (see specsheet 11.3).	Are you currently prescribed medications and/or receiving treatment for sexually transmitted infections (Gonorrhea, Syphilis, Chlamydia)?
Personal Medical History	infectiousdiseases_shinglescurrently	1384511	radio	single_select	excluded_family_history				2	0	0			PFHH self-history allowlist handled separately (see specsheet 11.3).	Are you still seeing a doctor or health care provider for shingles?
Personal Medical History	infectiousdiseases_howoldwereyoushingles	1384416	radio	single_select	excluded_family_history				5	0	0			PFHH self-history allowlist handled separately (see specsheet 11.3).	About how old were you when you were first told you had shingles?
Personal Medical History	infectiousdiseases_rxmedsforshingles	1384505	radio	single_select	excluded_family_history				2	0	0			PFHH self-history allowlist handled separately (see specsheet 11.3).	Are you currently prescribed medications and/or receiving treatment for shingles?
Personal Medical History	infectiousdiseases_tuberculosiscurrently	43530348	radio	single_select	excluded_family_history				2	0	0			PFHH self-history allowlist handled separately (see specsheet 11.3).	Are you still seeing a doctor or health care provider for tuberculosis?
Personal Medical History	infectiousdiseases_howoldwereyoutuberculosis	43530506	radio	single_select	excluded_family_history				5	0	0			PFHH self-history allowlist handled separately (see specsheet 11.3).	About how old were you when you were first told you had tuberculosis?
Personal Medical History	infectiousdiseases_rxmedsfortuberculosis	43528833	radio	single_select	excluded_family_history				2	0	0			PFHH self-history allowlist handled separately (see specsheet 11.3).	Are you currently prescribed medications and/or receiving treatment for tuberculosis?
Personal Medical History	infectiousdiseases_westnileviruscurrently	1384596	radio	single_select	excluded_family_history				2	0	0			PFHH self-history allowlist handled separately (see specsheet 11.3).	Are you still seeing a doctor or health care provider for West Nile virus?
Personal Medical History	infectiousdiseases_howoldwereyouwestnilevirus	1384652	radio	single_select	excluded_family_history				5	0	0			PFHH self-history allowlist handled separately (see specsheet 11.3).	About how old were you when you were first told you had West Nile virus?
Personal Medical History	infectiousdiseases_rxmedsforwestnilevirus	1384602	radio	single_select	excluded_family_history				2	0	0			PFHH self-history allowlist handled separately (see specsheet 11.3).	Are you currently prescribed medications and/or receiving treatment for West Nile virus?
Personal Medical History	infectiousdiseases_zikaviruscurrently	1384459	radio	single_select	excluded_family_history				2	0	0			PFHH self-history allowlist handled separately (see specsheet 11.3).	Are you still seeing a doctor or health care provider for Zika virus?
Personal Medical History	infectiousdiseases_howoldwereyouzikavirus	1384492	radio	single_select	excluded_family_history				5	0	0			PFHH self-history allowlist handled separately (see specsheet 11.3).	About how old were you when you were first told you had Zika virus?
Personal Medical History	infectiousdiseases_rxmedsforzikavirus	1384424	radio	single_select	excluded_family_history				2	0	0			PFHH self-history allowlist handled separately (see specsheet 11.3).	Are you currently prescribed medications and/or receiving treatment for Zika virus?
Personal Medical History	otherinfectiousdisease_freetextbox		text	free_text	excluded_free_text				0	0	0				Please specify other infectious disease.
Personal Medical History	infectiousdiseases_otherinfectiousdiseasecurrently		radio	single_select	excluded_family_history				2	0	0			PFHH self-history allowlist handled separately (see specsheet 11.3).	Are you still seeing a doctor or health care provider for other infectious disease?
Personal Medical History	infectiousdiseases_howoldwereyouotherinfectiousdisease		radio	single_select	excluded_family_history				5	0	0			PFHH self-history allowlist handled separately (see specsheet 11.3).	About how old were you when you were first told you had other infectious disease?
Personal Medical History	infectiousdiseases_rxmedsforotherinfectiousdisease		radio	single_select	excluded_family_history				2	0	0			PFHH self-history allowlist handled separately (see specsheet 11.3).	Are you currently prescribed medications and/or receiving treatment for other infectious disease?
Personal Medical History	nervoussystem_nervoussystemcondition		checkbox	multi_select	excluded_family_history				19	0	0			PFHH self-history allowlist handled separately (see specsheet 11.3).	Has a doctor or health care provider ever told you that you have...? Select all that apply.
Personal Medical History	nervoussystem_cerebralpalsycurrently	1384597	radio	single_select	excluded_family_history				2	0	0			PFHH self-history allowlist handled separately (see specsheet 11.3).	Are you still seeing a doctor or health care provider for cerebral palsy?
Personal Medical History	nervoussystem_howoldwereyoucerebralpalsy	1384426	radio	single_select	excluded_family_history				5	0	0			PFHH self-history allowlist handled separately (see specsheet 11.3).	About how old were you when you were first told you had cerebral palsy?
Personal Medical History	nervoussystem_rxmedsforcerebralpalsy	1384482	radio	single_select	excluded_family_history				2	0	0			PFHH self-history allowlist handled separately (see specsheet 11.3).	Are you currently prescribed medications and/or receiving treatment for cerebral palsy?
Personal Medical History	nervoussystem_chronicfatiguecurrently	43530365	radio	single_select	excluded_family_history				2	0	0			PFHH self-history allowlist handled separately (see specsheet 11.3).	Are you still seeing a doctor or health care provider for chronic fatigue?
Personal Medical History	nervoussystem_howoldwereyouchronicfatigue	43530523	radio	single_select	excluded_family_history				5	0	0			PFHH self-history allowlist handled separately (see specsheet 11.3).	About how old were you when you were first told you had chronic fatigue?
Personal Medical History	nervoussystem_rxmedsforchronicfatigue	43528850	radio	single_select	excluded_family_history				2	0	0			PFHH self-history allowlist handled separately (see specsheet 11.3).	Are you currently prescribed medications and/or receiving treatment for chronic fatigue?
Personal Medical History	nervoussystem_concussioncurrently	43530366	radio	single_select	excluded_family_history				2	0	0			PFHH self-history allowlist handled separately (see specsheet 11.3).	Are you still seeing a doctor or health care provider for concussion or loss of consciousness?
Personal Medical History	nervoussystem_howoldwereyouconcussion	43530524	radio	single_select	excluded_family_history				5	0	0			PFHH self-history allowlist handled separately (see specsheet 11.3).	About how old were you when you were first told you had concussion or loss of consciousness?
Personal Medical History	nervoussystem_rxmedsforconcussion	43528851	radio	single_select	excluded_family_history				2	0	0			PFHH self-history allowlist handled separately (see specsheet 11.3).	Are you currently prescribed medications and/or receiving treatment for concussion or loss of consciousness?
Personal Medical History	nervoussystem_dementiacurrently		radio	single_select	excluded_family_history				2	0	0			PFHH self-history allowlist handled separately (see specsheet 11.3).	Are you still seeing a doctor or health care provider for dementia?
Personal Medical History	nervoussystem_howoldwereyoudementia		radio	single_select	excluded_family_history				5	0	0			PFHH self-history allowlist handled separately (see specsheet 11.3).	About how old were you when you were first told you had dementia?
Personal Medical History	nervoussystem_rxmedsfordementia		radio	single_select	excluded_family_history				2	0	0			PFHH self-history allowlist handled separately (see specsheet 11.3).	Are you currently prescribed medications and/or receiving treatment for dementia?
Personal Medical History	nervoussystem_epilepsycurrently	43530368	radio	single_select	excluded_family_history				2	0	0			PFHH self-history allowlist handled separately (see specsheet 11.3).	Are you still seeing a doctor or health care provider for epilepsy or seizure?
Personal Medical History	nervoussystem_howoldwereyouepilepsy	43530526	radio	single_select	excluded_family_history				5	0	0			PFHH self-history allowlist handled separately (see specsheet 11.3).	About how old were you when you were first told you had epilepsy or seizure?
Personal Medical History	nervoussystem_rxmedsforepilepsy	43528853	radio	single_select	excluded_family_history				2	0	0			PFHH self-history allowlist handled separately (see specsheet 11.3).	Are you currently prescribed medications and/or receiving treatment for epilepsy or seizure?
Personal Medical History	nervoussystem_insomniacurrently	43530369	radio	single_select	excluded_family_history				2	0	0			PFHH self-history allowlist handled separately (see specsheet 11.3).	Are you still seeing a doctor or health care provider for insomnia?
Personal Medical History	nervoussystem_howoldwereyouinsomnia	43530527	radio	single_select	excluded_family_history				5	0	0			PFHH self-history allowlist handled separately (see specsheet 11.3).	About how old were you when you were first told you had insomnia?
Personal Medical History	nervoussystem_rxmedsforinsomnia	43528854	radio	single_select	excluded_family_history				2	0	0			PFHH self-history allowlist handled separately (see specsheet 11.3).	Are you currently prescribed medications and/or receiving treatment for insomnia?
Personal Medical History	nervoussystem_lougehrigsdiseasecurrently		radio	single_select	excluded_family_history				2	0	0			PFHH self-history allowlist handled separately (see specsheet 11.3).	Are you still seeing a doctor or health care provider for Lou Gehrig's disease (Amyotrophic Lateral Sclerosis or ALS)?
Personal Medical History	nervoussystem_howoldwereyoulougehrigsdisease		radio	single_select	excluded_family_history				5	0	0			PFHH self-history allowlist handled separately (see specsheet 11.3).	About how old were you when you were first told you had Lou Gehrig's disease (Amyotrophic Lateral Sclerosis or ALS)?
Personal Medical History	nervoussystem_rxmedsforlougehrigsdisease		radio	single_select	excluded_family_history				2	0	0			PFHH self-history allowlist handled separately (see specsheet 11.3).	Are you currently prescribed medications and/or receiving treatment for Lou Gehrig's disease (Amyotrophic Lateral Sclerosis or ALS)?
Personal Medical History	nervoussystem_memorylosscurrently	43530370	radio	single_select	excluded_family_history				2	0	0			PFHH self-history allowlist handled separately (see specsheet 11.3).	Are you still seeing a doctor or health care provider for memory loss or impairment?
Personal Medical History	nervoussystem_howoldwereyoumemoryloss	43530528	radio	single_select	excluded_family_history				5	0	0			PFHH self-history allowlist handled separately (see specsheet 11.3).	About how old were you when you were first told you had memory loss or impairment?
Personal Medical History	nervoussystem_rxmedsformemoryloss	43528855	radio	single_select	excluded_family_history				2	0	0			PFHH self-history allowlist handled separately (see specsheet 11.3).	Are you currently prescribed medications and/or receiving treatment for memory loss or impairment?
Personal Medical History	nervoussystem_migrainecurrently	43530371	radio	single_select	excluded_family_history				2	0	0			PFHH self-history allowlist handled separately (see specsheet 11.3).	Are you still seeing a doctor or health care provider for migraine headaches?
Personal Medical History	nervoussystem_howoldwereyoumigraine	43530529	radio	single_select	excluded_family_history				5	0	0			PFHH self-history allowlist handled separately (see specsheet 11.3).	About how old were you when you were first told you had migraine headaches?
Personal Medical History	nervoussystem_rxmedsformigraine	43528856	radio	single_select	excluded_family_history				2	0	0			PFHH self-history allowlist handled separately (see specsheet 11.3).	Are you currently prescribed medications and/or receiving treatment for migraine headaches?
Personal Medical History	nervoussystem_multiplesclerosiscurrently		radio	single_select	excluded_family_history				2	0	0			PFHH self-history allowlist handled separately (see specsheet 11.3).	Are you still seeing a doctor or health care provider for multiple sclerosis?
Personal Medical History	nervoussystem_howoldwereyoumultiplesclerosis		radio	single_select	excluded_family_history				5	0	0			PFHH self-history allowlist handled separately (see specsheet 11.3).	About how old were you when you were first told you had multiple sclerosis?
Personal Medical History	nervoussystem_rxmedsformultiplesclerosis		radio	single_select	excluded_family_history				2	0	0			PFHH self-history allowlist handled separately (see specsheet 11.3).	Are you currently prescribed medications and/or receiving treatment for multiple sclerosis?
Personal Medical History	nervoussystem_musculardystrophycurrently	43530373	radio	single_select	excluded_family_history				2	0	0			PFHH self-history allowlist handled separately (see specsheet 11.3).	Are you still seeing a doctor or health care provider for Muscular Dystrophy (MD)?
Personal Medical History	nervoussystem_howoldwereyoumusculardystrophy	43530531	radio	single_select	excluded_family_history				5	0	0			PFHH self-history allowlist handled separately (see specsheet 11.3).	About how old were you when you were first told you had Muscular Dystrophy (MD)?
Personal Medical History	nervoussystem_rxmedsformusculardystrophy	43528858	radio	single_select	excluded_family_history				2	0	0			PFHH self-history allowlist handled separately (see specsheet 11.3).	Are you currently prescribed medications and/or receiving treatment for Muscular Dystrophy (MD)?
Personal Medical History	nervoussystem_narcolepsycurrently	43530374	radio	single_select	excluded_family_history				2	0	0			PFHH self-history allowlist handled separately (see specsheet 11.3).	Are you still seeing a doctor or health care provider for narcolepsy?
Personal Medical History	nervoussystem_howoldwereyounarcolepsy	43530532	radio	single_select	excluded_family_history				5	0	0			PFHH self-history allowlist handled separately (see specsheet 11.3).	About how old were you when you were first told you had narcolepsy?
Personal Medical History	nervoussystem_rxmedsfornarcolepsy	43528859	radio	single_select	excluded_family_history				2	0	0			PFHH self-history allowlist handled separately (see specsheet 11.3).	Are you currently prescribed medications and/or receiving treatment for narcolepsy?
Personal Medical History	nervoussystem_neuropathycurrently	43530375	radio	single_select	excluded_family_history				2	0	0			PFHH self-history allowlist handled separately (see specsheet 11.3).	Are you still seeing a doctor or health care provider for neuropathy?
Personal Medical History	nervoussystem_howoldwereyouneuropathy	43530533	radio	single_select	excluded_family_history				5	0	0			PFHH self-history allowlist handled separately (see specsheet 11.3).	About how old were you when you were first told you had neuropathy?
Personal Medical History	nervoussystem_rxmedsforneuropathy	43528860	radio	single_select	excluded_family_history				2	0	0			PFHH self-history allowlist handled separately (see specsheet 11.3).	Are you currently prescribed medications and/or receiving treatment for neuropathy?
Personal Medical History	nervoussystem_parkinsonsdiseasecurrently	43530377	radio	single_select	excluded_family_history				2	0	0			PFHH self-history allowlist handled separately (see specsheet 11.3).	Are you still seeing a doctor or health care provider for Parkinson's disease?
Personal Medical History	nervoussystem_howoldwereyouparkinsonsdisease	43530536	radio	single_select	excluded_family_history				5	0	0			PFHH self-history allowlist handled separately (see specsheet 11.3).	About how old were you when you were first told you had Parkinson's disease?
Personal Medical History	nervoussystem_rxmedsforparkinsonsdisease	43528862	radio	single_select	excluded_family_history				2	0	0			PFHH self-history allowlist handled separately (see specsheet 11.3).	Are you currently prescribed medications and/or receiving treatment for Parkinson's disease?
Personal Medical History	nervoussystem_restlesslegcurrently	43530378	radio	single_select	excluded_family_history				2	0	0			PFHH self-history allowlist handled separately (see specsheet 11.3).	Are you still seeing a doctor or health care provider for restless leg syndrome?
Personal Medical History	nervoussystem_howoldwereyourestlessleg	43530537	radio	single_select	excluded_family_history				5	0	0			PFHH self-history allowlist handled separately (see specsheet 11.3).	About how old were you when you were first told you had restless leg syndrome?
Personal Medical History	nervoussystem_rxmedsforrestlessleg	43528863	radio	single_select	excluded_family_history				2	0	0			PFHH self-history allowlist handled separately (see specsheet 11.3).	Are you currently prescribed medications and/or receiving treatment for restless leg syndrome?
Personal Medical History	nervoussystem_spinalcordinjurycurrently	43530379	radio	single_select	excluded_family_history				2	0	0			PFHH self-history allowlist handled separately (see specsheet 11.3).	Are you still seeing a doctor or health care provider for spinal cord injury or impairment?
Personal Medical History	nervoussystem_howoldwereyouspinalcordinjury	1384655	radio	single_select	excluded_family_history				5	0	0			PFHH self-history allowlist handled separately (see specsheet 11.3).	About how old were you when you were first told you had spinal cord injury or impairment?
Personal Medical History	nervoussystem_rxmedsforspinalcordinjury	43528864	radio	single_select	excluded_family_history				2	0	0			PFHH self-history allowlist handled separately (see specsheet 11.3).	Are you currently prescribed medications and/or receiving treatment for spinal cord injury or impairment?
Personal Medical History	nervoussystem_traumaticbraininjurycurrently	43530380	radio	single_select	excluded_family_history				2	0	0	trauma_violence		PFHH self-history allowlist handled separately (see specsheet 11.3).	Are you still seeing a doctor or health care provider for traumatic brain injury (TBI)?
Personal Medical History	nervoussystem_howoldwereyoutraumabraininjury	43530538	radio	single_select	excluded_family_history				5	0	0	trauma_violence		PFHH self-history allowlist handled separately (see specsheet 11.3).	About how old were you when you were first told you had traumatic brain injury (TBI)?
Personal Medical History	nervoussystem_rxmedsfortraumabraininjury	43528865	radio	single_select	excluded_family_history				2	0	0	trauma_violence		PFHH self-history allowlist handled separately (see specsheet 11.3).	Are you currently prescribed medications and/or receiving treatment for traumatic brain injury (TBI)?
Personal Medical History	otherbrainnervoussystem_freetextbox		text	free_text	excluded_free_text				0	0	0				Please specify other brain or nervous system condition.
Personal Medical History	nervoussystem_otherbrainnervoussystemcurrently		radio	single_select	excluded_family_history				2	0	0			PFHH self-history allowlist handled separately (see specsheet 11.3).	Are you still seeing a doctor or health care provider for other brain or nervous system condition?
Personal Medical History	nervoussystem_howoldwereyouotherbrainnervoussystem		radio	single_select	excluded_family_history				5	0	0			PFHH self-history allowlist handled separately (see specsheet 11.3).	About how old were you when you were first told you had other brain or nervous system condition?
Personal Medical History	nervoussystem_rxmedsforotherbrainnervoussystem		radio	single_select	excluded_family_history				2	0	0			PFHH self-history allowlist handled separately (see specsheet 11.3).	Are you currently prescribed medications and/or receiving treatment for other brain or nervous system condition?
Personal Medical History	mentalhealth_mentalhealthcondition		checkbox	multi_select	excluded_family_history				14	0	0			PFHH self-history allowlist handled separately (see specsheet 11.3).	Has a doctor or health care provider ever told you that you have...? Select all that apply.
Personal Medical History	mentalhealth_alcoholdisordercurrently	1384490	radio	single_select	excluded_family_history				2	0	0	alcohol		PFHH self-history allowlist handled separately (see specsheet 11.3).	Are you still seeing a doctor or health care provider for alcohol use disorder?
Personal Medical History	mentalhealth_howoldwereyoualcoholdisorder	1384625	radio	single_select	excluded_family_history				5	0	0	alcohol		PFHH self-history allowlist handled separately (see specsheet 11.3).	About how old were you when you were first told you had alcohol use disorder?
Personal Medical History	mentalhealth_rxmedsforalcoholdisorder	1384518	radio	single_select	excluded_family_history				2	0	0	alcohol		PFHH self-history allowlist handled separately (see specsheet 11.3).	Are you currently prescribed medications and/or receiving treatment for alcohol use disorder?
Personal Medical History	mentalhealth_anxietycurrently	43530356	radio	single_select	excluded_family_history				2	0	0	mental_health		PFHH self-history allowlist handled separately (see specsheet 11.3).	Are you still seeing a doctor or health care provider for anxiety reaction/panic disorder?
Personal Medical History	mentalhealth_howoldwereyouanxiety	43530514	radio	single_select	excluded_family_history				5	0	0	mental_health		PFHH self-history allowlist handled separately (see specsheet 11.3).	About how old were you when you were first told you had anxiety reaction/panic disorder?
Personal Medical History	mentalhealth_rxmedsforanxiety	43528841	radio	single_select	excluded_family_history				2	0	0	mental_health		PFHH self-history allowlist handled separately (see specsheet 11.3).	Are you currently prescribed medications and/or receiving treatment for anxiety reaction/panic disorder?
Personal Medical History	mentalhealth_adhdcurrently	43530354	radio	single_select	excluded_family_history				2	0	0			PFHH self-history allowlist handled separately (see specsheet 11.3).	Are you still seeing a doctor or health care provider for attention-deficit/hyperactivity disorder (ADHD)?
Personal Medical History	mentalhealth_howoldwereyouadhd	43530512	radio	single_select	excluded_family_history				5	0	0			PFHH self-history allowlist handled separately (see specsheet 11.3).	About how old were you when you were first told you had attention-deficit/hyperactivity disorder (ADHD)?
Personal Medical History	mentalhealth_rxmedsforadhd	43528839	radio	single_select	excluded_family_history				2	0	0			PFHH self-history allowlist handled separately (see specsheet 11.3).	Are you currently prescribed medications and/or receiving treatment for attention-deficit/hyperactivity disorder (ADHD)?
Personal Medical History	mentalhealth_autismcurrently	1384630	radio	single_select	excluded_family_history				2	0	0			PFHH self-history allowlist handled separately (see specsheet 11.3).	Are you still seeing a doctor or health care provider for autism spectrum disorder?
Personal Medical History	mentalhealth_howoldwereyouautism	1384574	radio	single_select	excluded_family_history				5	0	0			PFHH self-history allowlist handled separately (see specsheet 11.3).	About how old were you when you were first told you had autism spectrum disorder?
Personal Medical History	mentalhealth_rxmedsforautism	1384486	radio	single_select	excluded_family_history				2	0	0			PFHH self-history allowlist handled separately (see specsheet 11.3).	Are you currently prescribed medications and/or receiving treatment for autism spectrum disorder?
Personal Medical History	mentalhealth_bipolarcurrently	43530357	radio	single_select	excluded_family_history				2	0	0	mental_health		PFHH self-history allowlist handled separately (see specsheet 11.3).	Are you still seeing a doctor or health care provider for bipolar disorder?
Personal Medical History	mentalhealth_howoldwereyoubipolar	43530515	radio	single_select	excluded_family_history				5	0	0	mental_health		PFHH self-history allowlist handled separately (see specsheet 11.3).	About how old were you when you were first told you had bipolar disorder?
Personal Medical History	mentalhealth_rxmedsforbipolar	43528842	radio	single_select	excluded_family_history				2	0	0	mental_health		PFHH self-history allowlist handled separately (see specsheet 11.3).	Are you currently prescribed medications and/or receiving treatment for bipolar disorder?
Personal Medical History	mentalhealth_depressioncurrently	43530358	radio	single_select	excluded_family_history				2	0	0	mental_health		PFHH self-history allowlist handled separately (see specsheet 11.3).	Are you still seeing a doctor or health care provider for depression?
Personal Medical History	mentalhealth_howoldwereyoudepression	43530516	radio	single_select	excluded_family_history				5	0	0	mental_health		PFHH self-history allowlist handled separately (see specsheet 11.3).	About how old were you when you were first told you had depression?
Personal Medical History	mentalhealth_rxmedsfordepression	43528843	radio	single_select	excluded_family_history				2	0	0	mental_health		PFHH self-history allowlist handled separately (see specsheet 11.3).	Are you currently prescribed medications and/or receiving treatment for depression?
Personal Medical History	mentalhealth_drugusedisordercurrently	1384480	radio	single_select	excluded_family_history				2	0	0	substance_use		PFHH self-history allowlist handled separately (see specsheet 11.3).	Are you still seeing a doctor or health care provider for a drug use disorder?
Personal Medical History	mentalhealth_howoldwereyoudrugusedisorder	1384514	radio	single_select	excluded_family_history				5	0	0	substance_use		PFHH self-history allowlist handled separately (see specsheet 11.3).	About how old were you when you were first told you had a drug use disorder?
Personal Medical History	mentalhealth_rxmedsfordrugusedisorder	1384601	radio	single_select	excluded_family_history				2	0	0	substance_use		PFHH self-history allowlist handled separately (see specsheet 11.3).	Are you currently prescribed medications and/or receiving treatment for a drug use disorder?
Personal Medical History	mentalhealth_eatingdisordercurrently	43530359	radio	single_select	excluded_family_history				2	0	0			PFHH self-history allowlist handled separately (see specsheet 11.3).	Are you still seeing a doctor or health care provider for an eating disorder?
Personal Medical History	mentalhealth_howoldwereyoueatingdisorder	43530517	radio	single_select	excluded_family_history				5	0	0			PFHH self-history allowlist handled separately (see specsheet 11.3).	About how old were you when you were first told you had an eating disorder?
Personal Medical History	mentalhealth_rxmedsforeatingdisorder	43528844	radio	single_select	excluded_family_history				2	0	0			PFHH self-history allowlist handled separately (see specsheet 11.3).	Are you currently prescribed medications and/or receiving treatment for an eating disorder?
Personal Medical History	mentalhealth_personalitydisordercurrently	43530360	radio	single_select	excluded_family_history				2	0	0			PFHH self-history allowlist handled separately (see specsheet 11.3).	Are you still seeing a doctor or health care provider for a personality disorder?
Personal Medical History	mentalhealth_howoldwereyoupersonalitydisorder	43530518	radio	single_select	excluded_family_history				5	0	0			PFHH self-history allowlist handled separately (see specsheet 11.3).	About how old were you when you were first told you had a personality disorder?
Personal Medical History	mentalhealth_rxmedsforpersonalitydisorder	43528845	radio	single_select	excluded_family_history				2	0	0			PFHH self-history allowlist handled separately (see specsheet 11.3).	Are you currently prescribed medications and/or receiving treatment for a personality disorder?
Personal Medical History	mentalhealth_ptsdcurrently	43530361	radio	single_select	excluded_family_history				2	0	0	trauma_violence;mental_health		PFHH self-history allowlist handled separately (see specsheet 11.3).	Are you still seeing a doctor or health care provider for post-traumatic stress disorder (PTSD)?
Personal Medical History	mentalhealth_howoldwereyouptsd	43530519	radio	single_select	excluded_family_history				5	0	0	trauma_violence;mental_health		PFHH self-history allowlist handled separately (see specsheet 11.3).	About how old were you when you were first told you had post-traumatic stress disorder (PTSD)?
Personal Medical History	mentalhealth_rxmedsforptsd	43528846	radio	single_select	excluded_family_history				2	0	0	trauma_violence;mental_health		PFHH self-history allowlist handled separately (see specsheet 11.3).	Are you currently prescribed medications and/or receiving treatment for post-traumatic stress disorder (PTSD)?
Personal Medical History	mentalhealth_schizophreniacurrently	43530362	radio	single_select	excluded_family_history				2	0	0	mental_health		PFHH self-history allowlist handled separately (see specsheet 11.3).	Are you still seeing a doctor or health care provider for schizophrenia?
Personal Medical History	mentalhealth_howoldwereyouschizophrenia	43530520	radio	single_select	excluded_family_history				5	0	0	mental_health		PFHH self-history allowlist handled separately (see specsheet 11.3).	About how old were you when you were first told you had schizophrenia?
Personal Medical History	mentalhealth_rxmedsforschizophrenia	43528847	radio	single_select	excluded_family_history				2	0	0	mental_health		PFHH self-history allowlist handled separately (see specsheet 11.3).	Are you currently prescribed medications and/or receiving treatment for schizophrenia?
Personal Medical History	mentalhealth_socialphobiacurrently	43530363	radio	single_select	excluded_family_history				2	0	0			PFHH self-history allowlist handled separately (see specsheet 11.3).	Are you still seeing a doctor or health care provider for a social phobia?
Personal Medical History	mentalhealth_howoldwereyousocialphobia	43530521	radio	single_select	excluded_family_history				5	0	0			PFHH self-history allowlist handled separately (see specsheet 11.3).	About how old were you when you were first told you had a social phobia?
Personal Medical History	mentalhealth_rxmedsforsocialphobia	43528848	radio	single_select	excluded_family_history				2	0	0			PFHH self-history allowlist handled separately (see specsheet 11.3).	Are you currently prescribed medications and/or receiving treatment for a social phobia?
Personal Medical History	othermentalhealthsubstanceuse_freetextbox		text	free_text	excluded_free_text				0	0	0	mental_health			Please specify other mental health or substance use condition.
Personal Medical History	mentalhealth_othermentalhealthsubstanceusecurrently		radio	single_select	excluded_family_history				2	0	0	mental_health		PFHH self-history allowlist handled separately (see specsheet 11.3).	Are you still seeing a doctor or health care provider for other mental health or substance use condition?
Personal Medical History	mentalhealth_howoldwereyouothermentalhealthsubstanceuse		radio	single_select	excluded_family_history				5	0	0	mental_health		PFHH self-history allowlist handled separately (see specsheet 11.3).	About how old were you when you were first told you had other mental health or substance use condition?
Personal Medical History	mentalhealth_rxmedsforothermentalhealthsubstanceuse		radio	single_select	excluded_family_history				2	0	0	mental_health		PFHH self-history allowlist handled separately (see specsheet 11.3).	Are you currently prescribed medications and/or receiving treatment for other mental health or substance use condition?
Personal Medical History	other_otherconditions		checkbox	multi_select	excluded_family_history				12	0	0			PFHH self-history allowlist handled separately (see specsheet 11.3).	Has a doctor or health care provider ever told you that you have any of the following conditions? Select all that apply.
Personal Medical History	other_acnecurrently	43530381	radio	single_select	excluded_family_history				2	0	0			PFHH self-history allowlist handled separately (see specsheet 11.3).	Are you still seeing a doctor or health care provider for acne?
Personal Medical History	other_howoldwereyouacne	43530539	radio	single_select	excluded_family_history				5	0	0			PFHH self-history allowlist handled separately (see specsheet 11.3).	About how old were you when you were first told you had acne?
Personal Medical History	other_rxmedsforacne	43528866	radio	single_select	excluded_family_history				2	0	0			PFHH self-history allowlist handled separately (see specsheet 11.3).	Are you currently prescribed medications and/or receiving treatment for acne?
Personal Medical History	other_allergiescurrently	43530382	radio	single_select	excluded_family_history				2	0	0			PFHH self-history allowlist handled separately (see specsheet 11.3).	Are you still seeing a doctor or health care provider for allergies?
Personal Medical History	other_howoldwereyouallergies	43530540	radio	single_select	excluded_family_history				5	0	0			PFHH self-history allowlist handled separately (see specsheet 11.3).	About how old were you when you were first told you had allergies?
Personal Medical History	other_rxmedsforallergies	43528867	radio	single_select	excluded_family_history				2	0	0			PFHH self-history allowlist handled separately (see specsheet 11.3).	Are you currently prescribed medications and/or receiving treatment for allergies?
Personal Medical History	other_endometriosiscurrently	1384474	radio	single_select	excluded_family_history				2	0	0			PFHH self-history allowlist handled separately (see specsheet 11.3).	Are you still seeing a doctor or health care provider for endometriosis?
Personal Medical History	other_howoldwereyouendometriosis	1384636	radio	single_select	excluded_family_history				5	0	0			PFHH self-history allowlist handled separately (see specsheet 11.3).	About how old were you when you were first told you had endometriosis?
Personal Medical History	other_rxmedsforendometriosis	1384624	radio	single_select	excluded_family_history				2	0	0			PFHH self-history allowlist handled separately (see specsheet 11.3).	Are you currently prescribed medications and/or receiving treatment for endometriosis?
Personal Medical History	other_enlargedprostatecurrently		radio	single_select	excluded_family_history				2	0	0			PFHH self-history allowlist handled separately (see specsheet 11.3).	Are you still seeing a doctor or health care provider for enlarged prostate?
Personal Medical History	other_howoldwereyouenlargedprostate		radio	single_select	excluded_family_history				5	0	0			PFHH self-history allowlist handled separately (see specsheet 11.3).	About how old were you when you were first told you had enlarged prostate?
Personal Medical History	other_rxmedsforenlargedprostate		radio	single_select	excluded_family_history				2	0	0			PFHH self-history allowlist handled separately (see specsheet 11.3).	Are you currently prescribed medications and/or receiving treatment for enlarged prostate?
Personal Medical History	other_fibroidscurrently	1384605	radio	single_select	excluded_family_history				2	0	0			PFHH self-history allowlist handled separately (see specsheet 11.3).	Are you still seeing a doctor or health care provider for fibroids?
Personal Medical History	other_howoldwereyoufibroids	1384542	radio	single_select	excluded_family_history				5	0	0			PFHH self-history allowlist handled separately (see specsheet 11.3).	About how old were you when you were first told you had fibroids?
Personal Medical History	other_rxmedsforfibroids	1384668	radio	single_select	excluded_family_history				2	0	0			PFHH self-history allowlist handled separately (see specsheet 11.3).	Are you currently prescribed medications and/or receiving treatment for fibroids?
Personal Medical History	other_obesitycurrently	43530384	radio	single_select	excluded_family_history				2	0	0			PFHH self-history allowlist handled separately (see specsheet 11.3).	Are you still seeing a doctor or health care provider for obesity?
Personal Medical History	other_howoldwereyouobesity	43530542	radio	single_select	excluded_family_history				5	0	0			PFHH self-history allowlist handled separately (see specsheet 11.3).	About how old were you when you were first told you had obesity?
Personal Medical History	other_rxmedsforobesity	43528869	radio	single_select	excluded_family_history				2	0	0			PFHH self-history allowlist handled separately (see specsheet 11.3).	Are you currently prescribed medications and/or receiving treatment for obesity?
Personal Medical History	other_pcoscurrently		radio	single_select	excluded_family_history				2	0	0	reproductive_menstrual		PFHH self-history allowlist handled separately (see specsheet 11.3).	Are you still seeing a doctor or health care provider for PCOS (polycystic ovarian syndrome)?
Personal Medical History	other_howoldwereyoupcos		radio	single_select	excluded_family_history				5	0	0	reproductive_menstrual		PFHH self-history allowlist handled separately (see specsheet 11.3).	About how old were you when you were first told you had PCOS (polycystic ovarian syndrome)?
Personal Medical History	other_rxmedsforpcos		radio	single_select	excluded_family_history				2	0	0	reproductive_menstrual		PFHH self-history allowlist handled separately (see specsheet 11.3).	Are you currently prescribed medications and/or receiving treatment for PCOS (polycystic ovarian syndrome)?
Personal Medical History	other_reactionsanesthesiacurrently	1384530	radio	single_select	excluded_family_history				2	0	0			PFHH self-history allowlist handled separately (see specsheet 11.3).	Are you still seeing a doctor or health care provider for reactions to anesthesia (such as hyperthermia)?
Personal Medical History	other_howoldwereyoureactionsanesthesia	1384569	radio	single_select	excluded_family_history				5	0	0			PFHH self-history allowlist handled separately (see specsheet 11.3).	About how old were you when you were first told you had reactions to anesthesia (such as hyperthermia)?
Personal Medical History	other_rxmedsforreactionsanesthesia	1384572	radio	single_select	excluded_family_history				2	0	0			PFHH self-history allowlist handled separately (see specsheet 11.3).	Are you currently prescribed medications and/or receiving treatment for reactions to anesthesia (such as hyperthermia)?
Personal Medical History	other_skinconditioncurrently		radio	single_select	excluded_family_history				2	0	0			PFHH self-history allowlist handled separately (see specsheet 11.3).	Are you still seeing a doctor or health care provider for a skin condition (e.g., eczema, psoriasis)?
Personal Medical History	other_howoldwereyouskincondition		radio	single_select	excluded_family_history				5	0	0			PFHH self-history allowlist handled separately (see specsheet 11.3).	About how old were you when you were first told you had a skin condition (e.g., eczema, psoriasis)?
Personal Medical History	other_rxmedsforskincondition		radio	single_select	excluded_family_history				2	0	0			PFHH self-history allowlist handled separately (see specsheet 11.3).	Are you currently prescribed medications and/or receiving treatment for a skin condition (e.g., eczema, psoriasis)?
Personal Medical History	other_vitaminbdeficiencycurrently	43530386	radio	single_select	excluded_family_history				2	0	0			PFHH self-history allowlist handled separately (see specsheet 11.3).	Are you still seeing a doctor or health care provider for vitamin B deficiency?
Personal Medical History	other_howoldwereyouvitaminbdeficiency	43530544	radio	single_select	excluded_family_history				5	0	0			PFHH self-history allowlist handled separately (see specsheet 11.3).	About how old were you when you were first told you had vitamin B deficiency?
Personal Medical History	other_rxmedsforvitaminbdeficiency	43528871	radio	single_select	excluded_family_history				2	0	0			PFHH self-history allowlist handled separately (see specsheet 11.3).	Are you currently prescribed medications and/or receiving treatment for vitamin B deficiency?
Personal Medical History	other_vitaminddeficiencycurrently	43530387	radio	single_select	excluded_family_history				2	0	0			PFHH self-history allowlist handled separately (see specsheet 11.3).	Are you still seeing a doctor or health care provider for vitamin D deficiency?
Personal Medical History	other_howoldwereyouvitaminddeficiency	43530545	radio	single_select	excluded_family_history				5	0	0			PFHH self-history allowlist handled separately (see specsheet 11.3).	About how old were you when you were first told you had vitamin D deficiency?
Personal Medical History	other_rxmedsforvitaminddeficiency	43528872	radio	single_select	excluded_family_history				2	0	0			PFHH self-history allowlist handled separately (see specsheet 11.3).	Are you currently prescribed medications and/or receiving treatment for vitamin D deficiency?
Personal Medical History	otherdiagnosis_freetextbox		text	free_text	excluded_free_text				0	0	0				Please specify other diagnosis.
Personal Medical History	other_otherdiagnosiscurrently		radio	single_select	excluded_family_history				2	0	0			PFHH self-history allowlist handled separately (see specsheet 11.3).	Are you still seeing a doctor or health care provider for other diagnosis?
Personal Medical History	other_howoldwereyouotherdiagnosis		radio	single_select	excluded_family_history				5	0	0			PFHH self-history allowlist handled separately (see specsheet 11.3).	About how old were you when you were first told you had other diagnosis?
Personal Medical History	other_rxmedsforotherdiagnosis		radio	single_select	excluded_family_history				2	0	0			PFHH self-history allowlist handled separately (see specsheet 11.3).	Are you currently prescribed medications and/or receiving treatment for other diagnosis?
Personal and Family Health History	personalfamilyhistory		descriptive	descriptive	excluded_descriptive				0	0	0				Personal and Family Health History
Personal and Family Health History	familyhistory_familymedicalhistoryaware	43528652	radio	single_select	ordinal_and_binary	family_history_awareness_0_2	template	high	3	3	3			Whole-cohort awareness trait; not a relative disease-status phenotype.	How much do you know about illnesses or health problems for your parents, grandparents, brothers, sisters, and/or children?
Personal and Family Health History	diagnosedhealthcondition_cancercondition	43528515	checkbox	multi_select	excluded_family_history				24	0	0			PFHH self-history allowlist handled separately (see specsheet 11.3).	Have you or anyone in your family ever been diagnosed with the following cancer conditions? Think only of the people you are related to by blood. Select all that apply.
Personal and Family Health History	cancercondition_bladdercancer_yes	836768	checkbox	multi_select	excluded_family_history				7	0	0			PFHH self-history allowlist handled separately (see specsheet 11.3).	Including yourself, who in your family has had bladder cancer? Select all that apply.
Personal and Family Health History	cancer_bladdercancercurrently	43530282	radio	single_select	excluded_family_history				2	0	0			PFHH self-history allowlist handled separately (see specsheet 11.3).	Are you still seeing a doctor or health care provider for bladder cancer?
Personal and Family Health History	cancer_howoldwereyoubladdercancer	43530440	radio	single_select	excluded_family_history				5	0	0			PFHH self-history allowlist handled separately (see specsheet 11.3).	About how old were you when you were first told you had bladder cancer?
Personal and Family Health History	cancer_rxmedsforbladdercancer	43528766	radio	single_select	excluded_family_history				2	0	0			PFHH self-history allowlist handled separately (see specsheet 11.3).	Are you currently prescribed medications and/or receiving treatment for bladder cancer?
Personal and Family Health History	cancercondition_bloodcancer_yes	836769	checkbox	multi_select	excluded_family_history				7	0	0			PFHH self-history allowlist handled separately (see specsheet 11.3).	Including yourself, who in your family has had blood or soft tissue cancer? Select all that apply.
Personal and Family Health History	cancer_bloodcancercurrently	43530283	radio	single_select	excluded_family_history				2	0	0			PFHH self-history allowlist handled separately (see specsheet 11.3).	Are you still seeing a doctor or health care provider for blood or soft tissue cancer?
Personal and Family Health History	cancer_howoldwereyoubloodcancer	43530441	radio	single_select	excluded_family_history				5	0	0			PFHH self-history allowlist handled separately (see specsheet 11.3).	About how old were you when you were first told you had blood or soft tissue cancer?
Personal and Family Health History	cancer_rxmedsforbloodcancer	43528767	radio	single_select	excluded_family_history				2	0	0			PFHH self-history allowlist handled separately (see specsheet 11.3).	Are you currently prescribed medications and/or receiving treatment for blood or soft tissue cancer?
Personal and Family Health History	cancercondition_bonecancer_yes	836770	checkbox	multi_select	excluded_family_history				7	0	0			PFHH self-history allowlist handled separately (see specsheet 11.3).	Including yourself, who in your family has had bone cancer? Select all that apply.
Personal and Family Health History	cancer_bonecancercurrently	43530284	radio	single_select	excluded_family_history				2	0	0			PFHH self-history allowlist handled separately (see specsheet 11.3).	Are you still seeing a doctor or health care provider for bone cancer?
Personal and Family Health History	cancer_howoldwereyoubonecancer	43530442	radio	single_select	excluded_family_history				5	0	0			PFHH self-history allowlist handled separately (see specsheet 11.3).	About how old were you when you were first told you had bone cancer?
Personal and Family Health History	cancer_rxmedsforbonecancer	43528768	radio	single_select	excluded_family_history				2	0	0			PFHH self-history allowlist handled separately (see specsheet 11.3).	Are you currently prescribed medications and/or receiving treatment for bone cancer?
Personal and Family Health History	cancercondition_braincancer_yes	836771	checkbox	multi_select	excluded_family_history				7	0	0			PFHH self-history allowlist handled separately (see specsheet 11.3).	Including yourself, who in your family has had brain cancer? Select all that apply.
Personal and Family Health History	cancer_braincancercurrently	43530285	radio	single_select	excluded_family_history				2	0	0			PFHH self-history allowlist handled separately (see specsheet 11.3).	Are you still seeing a doctor or health care provider for brain cancer?
Personal and Family Health History	cancer_howoldwereyoubraincancer	43530443	radio	single_select	excluded_family_history				5	0	0			PFHH self-history allowlist handled separately (see specsheet 11.3).	About how old were you when you were first told you had brain cancer?
Personal and Family Health History	cancer_rxmedsforbraincancer	43528769	radio	single_select	excluded_family_history				2	0	0			PFHH self-history allowlist handled separately (see specsheet 11.3).	Are you currently prescribed medications and/or receiving treatment for brain cancer?
Personal and Family Health History	cancercondition_breastcancer_yes	836772	checkbox	multi_select	excluded_family_history				7	0	0			PFHH self-history allowlist handled separately (see specsheet 11.3).	Including yourself, who in your family has had breast cancer? Select all that apply.
Personal and Family Health History	cancer_breastcancercurrently	43530286	radio	single_select	excluded_family_history				2	0	0			PFHH self-history allowlist handled separately (see specsheet 11.3).	Are you still seeing a doctor or health care provider for breast cancer?
Personal and Family Health History	cancer_howoldwereyoubreastcancer	43530444	radio	single_select	excluded_family_history				5	0	0			PFHH self-history allowlist handled separately (see specsheet 11.3).	About how old were you when you were first told you had breast cancer?
Personal and Family Health History	cancer_rxmedsforbreastcancer	43528770	radio	single_select	excluded_family_history				2	0	0			PFHH self-history allowlist handled separately (see specsheet 11.3).	Are you currently prescribed medications and/or receiving treatment for breast cancer?
Personal and Family Health History	cancercondition_cervicalcancer_yes	836773	checkbox	multi_select	excluded_family_history				5	0	0			PFHH self-history allowlist handled separately (see specsheet 11.3).	Including yourself, who in your family has had cervical cancer? Select all that apply.
Personal and Family Health History	cancer_cervicalcancercurrently	43530287	radio	single_select	excluded_family_history				2	0	0			PFHH self-history allowlist handled separately (see specsheet 11.3).	Are you still seeing a doctor or health care provider for cervical cancer?
Personal and Family Health History	cancer_howoldwereyoucervicalcancer	43530445	radio	single_select	excluded_family_history				5	0	0			PFHH self-history allowlist handled separately (see specsheet 11.3).	About how old were you when you were first told you had cervical cancer?
Personal and Family Health History	cancer_rxmedsforcervicalcancer	43528771	radio	single_select	excluded_family_history				2	0	0			PFHH self-history allowlist handled separately (see specsheet 11.3).	Are you currently prescribed medications and/or receiving treatment for cervical cancer?
Personal and Family Health History	cancercondition_colonrectalcancer_yes	836831	checkbox	multi_select	excluded_family_history				7	0	0			PFHH self-history allowlist handled separately (see specsheet 11.3).	Including yourself, who in your family has had colon cancer/rectal cancer? Select all that apply.
Personal and Family Health History	cancer_colonrectalcancercurrently	43530288	radio	single_select	excluded_family_history				2	0	0			PFHH self-history allowlist handled separately (see specsheet 11.3).	Are you still seeing a doctor or health care provider for colon cancer/rectal cancer?
Personal and Family Health History	cancer_howoldwereyoucolonrectalcancer	43530446	radio	single_select	excluded_family_history				5	0	0			PFHH self-history allowlist handled separately (see specsheet 11.3).	About how old were you when you were first told you had colon cancer/rectal cancer?
Personal and Family Health History	cancer_rxmedsforcolonrectalcancer	43528772	radio	single_select	excluded_family_history				2	0	0			PFHH self-history allowlist handled separately (see specsheet 11.3).	Are you currently prescribed medications and/or receiving treatment for colon cancer/rectal cancer?
Personal and Family Health History	cancercondition_endocrinecancer_yes	836832	checkbox	multi_select	excluded_family_history				7	0	0			PFHH self-history allowlist handled separately (see specsheet 11.3).	Including yourself, who in your family has had endocrine cancer? Select all that apply.
Personal and Family Health History	cancer_endocrinecancercurrently	43530289	radio	single_select	excluded_family_history				2	0	0			PFHH self-history allowlist handled separately (see specsheet 11.3).	Are you still seeing a doctor or health care provider for endocrine cancer?
Personal and Family Health History	cancer_howoldwereyouendocrinecancer	43530447	radio	single_select	excluded_family_history				5	0	0			PFHH self-history allowlist handled separately (see specsheet 11.3).	About how old were you when you were first told you had endocrine cancer?
Personal and Family Health History	cancer_rxmedsforendocrinecancer	43528773	radio	single_select	excluded_family_history				2	0	0			PFHH self-history allowlist handled separately (see specsheet 11.3).	Are you currently prescribed medications and/or receiving treatment for endocrine cancer?
Personal and Family Health History	cancercondition_endometrialcancer_yes	836833	checkbox	multi_select	excluded_family_history				5	0	0			PFHH self-history allowlist handled separately (see specsheet 11.3).	Including yourself, who in your family has had endometrial cancer? Select all that apply.
Personal and Family Health History	cancer_endometrialcancercurrently	43530290	radio	single_select	excluded_family_history				2	0	0			PFHH self-history allowlist handled separately (see specsheet 11.3).	Are you still seeing a doctor or health care provider for endometrial cancer?
Personal and Family Health History	cancer_howoldwereyouendometrialcancer	43530448	radio	single_select	excluded_family_history				5	0	0			PFHH self-history allowlist handled separately (see specsheet 11.3).	About how old were you when you were first told you had endometrial cancer?
Personal and Family Health History	cancer_rxmedsforendometrialcancer	43528774	radio	single_select	excluded_family_history				2	0	0			PFHH self-history allowlist handled separately (see specsheet 11.3).	Are you currently prescribed medications and/or receiving treatment for endometrial cancer?
Personal and Family Health History	cancercondition_esophagealcancer_yes	836774	checkbox	multi_select	excluded_family_history				7	0	0			PFHH self-history allowlist handled separately (see specsheet 11.3).	Including yourself, who in your family has had esophageal cancer? Select all that apply.
Personal and Family Health History	cancer_esophagealcancercurrently	43530291	radio	single_select	excluded_family_history				2	0	0			PFHH self-history allowlist handled separately (see specsheet 11.3).	Are you still seeing a doctor or health care provider for esophageal cancer?
Personal and Family Health History	cancer_howoldwereyouesophagealcancer	43530449	radio	single_select	excluded_family_history				5	0	0			PFHH self-history allowlist handled separately (see specsheet 11.3).	About how old were you when you were first told you had esophageal cancer?
Personal and Family Health History	cancer_rxmedsforesophagealcancer	43528775	radio	single_select	excluded_family_history				2	0	0			PFHH self-history allowlist handled separately (see specsheet 11.3).	Are you currently prescribed medications and/or receiving treatment for esophageal cancer?
Personal and Family Health History	cancercondition_eyecancer_yes	836775	checkbox	multi_select	excluded_family_history				7	0	0			PFHH self-history allowlist handled separately (see specsheet 11.3).	Including yourself, who in your family has had eye cancer? Select all that apply.
Personal and Family Health History	cancer_eyecancercurrently	43530292	radio	single_select	excluded_family_history				2	0	0			PFHH self-history allowlist handled separately (see specsheet 11.3).	Are you still seeing a doctor or health care provider for eye cancer?
Personal and Family Health History	cancer_howoldwereyoueyecancer	43530450	radio	single_select	excluded_family_history				5	0	0			PFHH self-history allowlist handled separately (see specsheet 11.3).	About how old were you when you were first told you had eye cancer?
Personal and Family Health History	cancer_rxmedsforeyecancer	43528776	radio	single_select	excluded_family_history				2	0	0			PFHH self-history allowlist handled separately (see specsheet 11.3).	Are you currently prescribed medications and/or receiving treatment for eye cancer?
Personal and Family Health History	cancercondition_headneckcancer_yes	836834	checkbox	multi_select	excluded_family_history				7	0	0			PFHH self-history allowlist handled separately (see specsheet 11.3).	Including yourself, who in your family has had head and neck cancer? (This includes cancers of the mouth, sinuses, nose, or throat. This does not include brain cancer.) Select all that apply.
Personal and Family Health History	cancer_headneckcancercurrently	43530293	radio	single_select	excluded_family_history				2	0	0			PFHH self-history allowlist handled separately (see specsheet 11.3).	Are you still seeing a doctor or health care provider for head and neck cancer? (This includes cancers of the mouth, sinuses, nose, or throat. This does not include brain cancer.)
Personal and Family Health History	cancer_howoldwereyouheadneckcancer	43530451	radio	single_select	excluded_family_history				5	0	0			PFHH self-history allowlist handled separately (see specsheet 11.3).	About how old were you when you were first told you had head and neck cancer? (This includes cancers of the mouth, sinuses, nose, or throat. This does not include brain cancer.)
Personal and Family Health History	cancer_rxmedsforheadneckcancer	43528777	radio	single_select	excluded_family_history				2	0	0			PFHH self-history allowlist handled separately (see specsheet 11.3).	Are you currently prescribed medications and/or receiving treatment for head and neck cancer? (This includes cancers of the mouth, sinuses, nose, or throat. This does not include brain cancer.)
Personal and Family Health History	cancercondition_kidneycancer_yes	836776	checkbox	multi_select	excluded_family_history				7	0	0			PFHH self-history allowlist handled separately (see specsheet 11.3).	Including yourself, who in your family has had kidney cancer? Select all that apply.
Personal and Family Health History	cancer_kidneycancercurrently	43530294	radio	single_select	excluded_family_history				2	0	0			PFHH self-history allowlist handled separately (see specsheet 11.3).	Are you still seeing a doctor or health care provider for kidney cancer?
Personal and Family Health History	cancer_howoldwereyoukidneycancer	43530452	radio	single_select	excluded_family_history				5	0	0			PFHH self-history allowlist handled separately (see specsheet 11.3).	About how old were you when you were first told you had kidney cancer?
Personal and Family Health History	cancer_rxmedsforkidneycancer	43528778	radio	single_select	excluded_family_history				2	0	0			PFHH self-history allowlist handled separately (see specsheet 11.3).	Are you currently prescribed medications and/or receiving treatment for kidney cancer?
Personal and Family Health History	cancercondition_lungcancer_yes	836777	checkbox	multi_select	excluded_family_history				7	0	0			PFHH self-history allowlist handled separately (see specsheet 11.3).	Including yourself, who in your family has had lung cancer? Select all that apply.
Personal and Family Health History	cancer_lungcancercurrently	43530295	radio	single_select	excluded_family_history				2	0	0			PFHH self-history allowlist handled separately (see specsheet 11.3).	Are you still seeing a doctor or health care provider for lung cancer?
Personal and Family Health History	cancer_howoldwereyoulungcancer	43530453	radio	single_select	excluded_family_history				5	0	0			PFHH self-history allowlist handled separately (see specsheet 11.3).	About how old were you when you were first told you had lung cancer?
Personal and Family Health History	cancer_rxmedsforlungcancer	43528779	radio	single_select	excluded_family_history				2	0	0			PFHH self-history allowlist handled separately (see specsheet 11.3).	Are you currently prescribed medications and/or receiving treatment for lung cancer?
Personal and Family Health History	cancercondition_ovariancancer_yes	836778	checkbox	multi_select	excluded_family_history				5	0	0	reproductive_menstrual		PFHH self-history allowlist handled separately (see specsheet 11.3).	Including yourself, who in your family has had ovarian cancer? Select all that apply.
Personal and Family Health History	cancer_ovariancancercurrently	1384483	radio	single_select	excluded_family_history				2	0	0	reproductive_menstrual		PFHH self-history allowlist handled separately (see specsheet 11.3).	Are you still seeing a doctor or health care provider for ovarian cancer?
Personal and Family Health History	cancer_howoldwereyouovariancancer	1384466	radio	single_select	excluded_family_history				5	0	0	reproductive_menstrual		PFHH self-history allowlist handled separately (see specsheet 11.3).	About how old were you when you were first told you had ovarian cancer?
Personal and Family Health History	cancer_rxmedsforovariancancer	1384529	radio	single_select	excluded_family_history				2	0	0	reproductive_menstrual		PFHH self-history allowlist handled separately (see specsheet 11.3).	Are you currently prescribed medications and/or receiving treatment for ovarian cancer?
Personal and Family Health History	cancercondition_pancreaticcancer_yes	836779	checkbox	multi_select	excluded_family_history				7	0	0			PFHH self-history allowlist handled separately (see specsheet 11.3).	Including yourself, who in your family has had pancreatic cancer? Select all that apply.
Personal and Family Health History	cancer_pancreaticcancercurrently	43530297	radio	single_select	excluded_family_history				2	0	0			PFHH self-history allowlist handled separately (see specsheet 11.3).	Are you still seeing a doctor or health care provider for pancreatic cancer?
Personal and Family Health History	cancer_howoldwereyoupancreaticcancer	43530455	radio	single_select	excluded_family_history				5	0	0			PFHH self-history allowlist handled separately (see specsheet 11.3).	About how old were you when you were first told you had pancreatic cancer?
Personal and Family Health History	cancer_rxmedsforpancreaticcancer	43528781	radio	single_select	excluded_family_history				2	0	0			PFHH self-history allowlist handled separately (see specsheet 11.3).	Are you currently prescribed medications and/or receiving treatment for pancreatic cancer?
Personal and Family Health History	cancercondition_prostatecancer_yes	836780	checkbox	multi_select	excluded_family_history				5	0	0			PFHH self-history allowlist handled separately (see specsheet 11.3).	Including yourself, who in your family has had prostate cancer? Select all that apply.
Personal and Family Health History	cancer_prostatecancercurrently	43530298	radio	single_select	excluded_family_history				2	0	0			PFHH self-history allowlist handled separately (see specsheet 11.3).	Are you still seeing a doctor or health care provider for prostate cancer?
Personal and Family Health History	cancer_howoldwereyouprostatecancer	43530456	radio	single_select	excluded_family_history				5	0	0			PFHH self-history allowlist handled separately (see specsheet 11.3).	About how old were you when you were first told you had prostate cancer?
Personal and Family Health History	cancer_rxmedsforprostatecancer	43528782	radio	single_select	excluded_family_history				2	0	0			PFHH self-history allowlist handled separately (see specsheet 11.3).	Are you currently prescribed medications and/or receiving treatment for prostate cancer?
Personal and Family Health History	cancercondition_skincancer_yes	836781	checkbox	multi_select	excluded_family_history				7	0	0			PFHH self-history allowlist handled separately (see specsheet 11.3).	Including yourself, who in your family has had skin cancer? Select all that apply.
Personal and Family Health History	cancer_skincancercurrently	43530299	radio	single_select	excluded_family_history				2	0	0			PFHH self-history allowlist handled separately (see specsheet 11.3).	Are you still seeing a doctor or health care provider for skin cancer?
Personal and Family Health History	cancer_howoldwereyouskincancer	43530457	radio	single_select	excluded_family_history				5	0	0			PFHH self-history allowlist handled separately (see specsheet 11.3).	About how old were you when you were first told you had skin cancer?
Personal and Family Health History	cancer_rxmedsforskincancer	43528783	radio	single_select	excluded_family_history				2	0	0			PFHH self-history allowlist handled separately (see specsheet 11.3).	Are you currently prescribed medications and/or receiving treatment for skin cancer?
Personal and Family Health History	cancercondition_stomachcancer_yes	836782	checkbox	multi_select	excluded_family_history				7	0	0			PFHH self-history allowlist handled separately (see specsheet 11.3).	Including yourself, who in your family has had stomach cancer? Select all that apply.
Personal and Family Health History	cancer_stomachcancercurrently	43530300	radio	single_select	excluded_family_history				2	0	0			PFHH self-history allowlist handled separately (see specsheet 11.3).	Are you still seeing a doctor or health care provider for stomach cancer?
Personal and Family Health History	cancer_howoldwereyoustomachcancer	43530458	radio	single_select	excluded_family_history				5	0	0			PFHH self-history allowlist handled separately (see specsheet 11.3).	About how old were you when you were first told you had stomach cancer?
Personal and Family Health History	cancer_rxmedsforstomachcancer	43528784	radio	single_select	excluded_family_history				2	0	0			PFHH self-history allowlist handled separately (see specsheet 11.3).	Are you currently prescribed medications and/or receiving treatment for stomach cancer?
Personal and Family Health History	cancercondition_thyroidcancer_yes	836783	checkbox	multi_select	excluded_family_history				7	0	0			PFHH self-history allowlist handled separately (see specsheet 11.3).	Including yourself, who in your family has had thyroid cancer? Select all that apply.
Personal and Family Health History	cancer_thyroidcancercurrently	43530301	radio	single_select	excluded_family_history				2	0	0			PFHH self-history allowlist handled separately (see specsheet 11.3).	Are you still seeing a doctor or health care provider for thyroid cancer?
Personal and Family Health History	cancer_howoldwereyouthyroidcancer	43530459	radio	single_select	excluded_family_history				5	0	0			PFHH self-history allowlist handled separately (see specsheet 11.3).	About how old were you when you were first told you had thyroid cancer?
Personal and Family Health History	cancer_rxmedsforthyroidcancer	43528785	radio	single_select	excluded_family_history				2	0	0			PFHH self-history allowlist handled separately (see specsheet 11.3).	Are you currently prescribed medications and/or receiving treatment for thyroid cancer?
Personal and Family Health History	cancercondition_othercancer_yes	836835	checkbox	multi_select	excluded_family_history				7	0	0			PFHH self-history allowlist handled separately (see specsheet 11.3).	Including yourself, who in your family has had other cancer(s)? Select all that apply.
Personal and Family Health History	othercancer_freetextbox		text	free_text	excluded_free_text				0	0	0				Please specify the other cancer(s) you have had.
Personal and Family Health History	othercancer_motherfreetextbox		text	free_text	excluded_free_text				0	0	0				Please specify the other cancer(s) your mother has had.
Personal and Family Health History	othercancer_fatherfreetextbox		text	free_text	excluded_free_text				0	0	0				Please specify the other cancer(s) your father has had.
Personal and Family Health History	othercancer_siblingfreetextbox		text	free_text	excluded_free_text				0	0	0				Please specify the other cancer(s) your sibling(s) has had.
Personal and Family Health History	othercancer_daughterfreetextbox		text	free_text	excluded_free_text				0	0	0				Please specify the other cancer(s) your daughter(s) has had.
Personal and Family Health History	othercancer_sonfreetextbox		text	free_text	excluded_free_text				0	0	0				Please specify the other cancer(s) your son(s) has had.
Personal and Family Health History	othercancer_grandparentfreetextbox		text	free_text	excluded_free_text				0	0	0				Please specify the other cancer(s) your grandparent(s) has had.
Personal and Family Health History	cancer_othercancercurrently	43530296	radio	single_select	excluded_family_history				2	0	0			PFHH self-history allowlist handled separately (see specsheet 11.3).	Are you still seeing a doctor or health care provider for other cancer(s)?
Personal and Family Health History	cancer_howoldwereyouothercancer	43530454	radio	single_select	excluded_family_history				5	0	0			PFHH self-history allowlist handled separately (see specsheet 11.3).	About how old were you when you were first told you had other cancer(s)?
Personal and Family Health History	cancer_rxmedsforothercancer	43528780	radio	single_select	excluded_family_history				2	0	0			PFHH self-history allowlist handled separately (see specsheet 11.3).	Are you currently prescribed medications and/or receiving treatment for other cancer(s)?
Personal and Family Health History	diagnosedhealthcondition_circulatorycondition	43528563	checkbox	multi_select	excluded_family_history				20	0	0			PFHH self-history allowlist handled separately (see specsheet 11.3).	Have you or anyone in your family ever been diagnosed with the following heart and blood conditions? Think only of the people you are related to by blood. Select all that apply.
Personal and Family Health History	diagnosedhealthcondition_anemia_yes	836792	checkbox	multi_select	excluded_family_history				7	0	0			PFHH self-history allowlist handled separately (see specsheet 11.3).	Including yourself, who in your family has had anemia? Select all that apply.
Personal and Family Health History	circulatory_anemiacurrently	43530302	radio	single_select	excluded_family_history				2	0	0			PFHH self-history allowlist handled separately (see specsheet 11.3).	Are you still seeing a doctor or health care provider for anemia?
Personal and Family Health History	circulatory_howoldwereyouanemia	43530461	radio	single_select	excluded_family_history				5	0	0			PFHH self-history allowlist handled separately (see specsheet 11.3).	About how old were you when you were first told you had anemia?
Personal and Family Health History	circulatory_rxmedsforanemia	43528786	radio	single_select	excluded_family_history				2	0	0			PFHH self-history allowlist handled separately (see specsheet 11.3).	Are you currently prescribed medications and/or receiving treatment for anemia?
Personal and Family Health History	circulatorycondition_aorticaneurysm_yes	836784	checkbox	multi_select	excluded_family_history				7	0	0			PFHH self-history allowlist handled separately (see specsheet 11.3).	Including yourself, who in your family has had aortic aneurysm? Select all that apply.
Personal and Family Health History	circulatory_aorticaneurysmcurrently	1740662	radio	single_select	excluded_family_history				2	0	0			PFHH self-history allowlist handled separately (see specsheet 11.3).	Are you still seeing a doctor or health care provider for aortic aneurysm?
Personal and Family Health History	circulatory_howoldwereyouaorticaneurysm	1740673	radio	single_select	excluded_family_history				5	0	0			PFHH self-history allowlist handled separately (see specsheet 11.3).	About how old were you when you were first told you had aortic aneurysm?
Personal and Family Health History	circulatory_rxmedsforaorticaneurysm	1740595	radio	single_select	excluded_family_history				2	0	0			PFHH self-history allowlist handled separately (see specsheet 11.3).	Are you currently prescribed medications and/or receiving treatment for aortic aneurysm?
Personal and Family Health History	circulatorycondition_atrialfibrilation_yes	836828	checkbox	multi_select	excluded_family_history				7	0	0			PFHH self-history allowlist handled separately (see specsheet 11.3).	Including yourself, who in your family has had atrial fibrillation (or a-fib) or atrial flutter (or a-flutter)? Select all that apply.
Personal and Family Health History	circulatory_atrialfibrillationcurrently	43530303	radio	single_select	excluded_family_history				2	0	0			PFHH self-history allowlist handled separately (see specsheet 11.3).	Are you still seeing a doctor or health care provider for atrial fibrillation (a-fib) or atrial flutter (or a-flutter)?
Personal and Family Health History	circulatory_howoldwereyouatrialfibrillation	43530414	radio	single_select	excluded_family_history				5	0	0			PFHH self-history allowlist handled separately (see specsheet 11.3).	About how old were you when you were first told you had atrial fibrillation (a-fib) or atrial flutter (or a-flutter)?
Personal and Family Health History	circulatory_rxmedsforatrialfibrillation	43528787	radio	single_select	excluded_family_history				2	0	0			PFHH self-history allowlist handled separately (see specsheet 11.3).	Are you currently prescribed medications and/or receiving treatment for atrial fibrillation (a-fib) or atrial flutter (or a-flutter)?
Personal and Family Health History	circulatorycondition_bleedingdisorder_yes	1740600	checkbox	multi_select	excluded_family_history				7	0	0			PFHH self-history allowlist handled separately (see specsheet 11.3).	Including yourself, who in your family has had a bleeding disorder? Select all that apply.
Personal and Family Health History	circulatory_bleedingdisordercurrently	43530304	radio	single_select	excluded_family_history				2	0	0			PFHH self-history allowlist handled separately (see specsheet 11.3).	Are you still seeing a doctor or health care provider for a bleeding disorder?
Personal and Family Health History	circulatory_howoldwereyoubleedingdisorder	43530462	radio	single_select	excluded_family_history				5	0	0			PFHH self-history allowlist handled separately (see specsheet 11.3).	About how old were you when you were first told you had a bleeding disorder?
Personal and Family Health History	circulatory_rxmedsforbleedingdisorder	43528788	radio	single_select	excluded_family_history				2	0	0			PFHH self-history allowlist handled separately (see specsheet 11.3).	Are you currently prescribed medications and/or receiving treatment for a bleeding disorder?
Personal and Family Health History	circulatorycondition_congestiveheartfailure_yes	836785	checkbox	multi_select	excluded_family_history				7	0	0			PFHH self-history allowlist handled separately (see specsheet 11.3).	Including yourself, who in your family has had congestive heart failure? Select all that apply.
Personal and Family Health History	circulatory_congestiveheartfailurecurrently	43530305	radio	single_select	excluded_family_history				2	0	0			PFHH self-history allowlist handled separately (see specsheet 11.3).	Are you still seeing a doctor or health care provider for congestive heart failure?
Personal and Family Health History	circulatory_howoldwereyoucongestiveheartfailure	43530463	radio	single_select	excluded_family_history				5	0	0			PFHH self-history allowlist handled separately (see specsheet 11.3).	About how old were you when you were first told you had congestive heart failure?
Personal and Family Health History	circulatory_rxmedsforcongestiveheartfailure	43528789	radio	single_select	excluded_family_history				2	0	0			PFHH self-history allowlist handled separately (see specsheet 11.3).	Are you currently prescribed medications and/or receiving treatment for congestive heart failure?
Personal and Family Health History	circulatorycondition_coronaryarteryheartdisease_yes	836876	checkbox	multi_select	excluded_family_history				7	0	0			PFHH self-history allowlist handled separately (see specsheet 11.3).	Including yourself, who in your family has had coronary artery/coronary heart disease? Select all that apply.
Personal and Family Health History	circulatory_coronaryarterycurrently	43530306	radio	single_select	excluded_family_history				2	0	0			PFHH self-history allowlist handled separately (see specsheet 11.3).	Are you still seeing a doctor or health care provider for coronary artery/coronary heart disease?
Personal and Family Health History	circulatory_howoldwereyoucoronaryartery	43530464	radio	single_select	excluded_family_history				5	0	0			PFHH self-history allowlist handled separately (see specsheet 11.3).	About how old were you when you were first told you had coronary artery/coronary heart disease?
Personal and Family Health History	circulatory_rxmedsforcoronaryartery	43528790	radio	single_select	excluded_family_history				2	0	0			PFHH self-history allowlist handled separately (see specsheet 11.3).	Are you currently prescribed medications and/or receiving treatment for coronary artery/coronary heart disease?
Personal and Family Health History	circulatorycondition_heartattack_yes	836786	checkbox	multi_select	excluded_family_history				7	0	0			PFHH self-history allowlist handled separately (see specsheet 11.3).	Including yourself, who in your family has had a heart attack? Select all that apply.
Personal and Family Health History	circulatory_heartattackcurrently	43530307	radio	single_select	excluded_family_history				2	0	0			PFHH self-history allowlist handled separately (see specsheet 11.3).	Are you still seeing a doctor or health care provider for a heart attack?
Personal and Family Health History	circulatory_howoldwereyouheartattack	43530465	radio	single_select	excluded_family_history				5	0	0			PFHH self-history allowlist handled separately (see specsheet 11.3).	About how old were you when you were first told you had a heart attack?
Personal and Family Health History	circulatory_rxmedsforheartattack	43528791	radio	single_select	excluded_family_history				2	0	0			PFHH self-history allowlist handled separately (see specsheet 11.3).	Are you currently prescribed medications and/or receiving treatment for a heart attack?
Personal and Family Health History	circulatorycondition_heartvalvedisease_yes	836829	checkbox	multi_select	excluded_family_history				7	0	0			PFHH self-history allowlist handled separately (see specsheet 11.3).	Including yourself, who in your family has had heart valve disease? Select all that apply.
Personal and Family Health History	circulatory_heartvalvediseasecurrently	43530308	radio	single_select	excluded_family_history				2	0	0			PFHH self-history allowlist handled separately (see specsheet 11.3).	Are you still seeing a doctor or health care provider for heart valve disease?
Personal and Family Health History	circulatory_howoldwereyouheartvalvedisease	43530466	radio	single_select	excluded_family_history				5	0	0			PFHH self-history allowlist handled separately (see specsheet 11.3).	About how old were you when you were first told you had heart valve disease?
Personal and Family Health History	circulatory_rxmedsforheartvalvedisease	43528792	radio	single_select	excluded_family_history				2	0	0			PFHH self-history allowlist handled separately (see specsheet 11.3).	Are you currently prescribed medications and/or receiving treatment for heart valve disease?
Personal and Family Health History	circulatorycondition_highbloodpressure_yes	836787	checkbox	multi_select	excluded_family_history				7	0	0			PFHH self-history allowlist handled separately (see specsheet 11.3).	Including yourself, who in your family has had high blood pressure (hypertension)? Select all that apply.
Personal and Family Health History	circulatory_hypertensioncurrently	43530310	radio	single_select	excluded_family_history				2	0	0			PFHH self-history allowlist handled separately (see specsheet 11.3).	Are you still seeing a doctor or health care provider for high blood pressure (hypertension)?
Personal and Family Health History	circulatory_howoldwereyouhypertension	43530468	radio	single_select	excluded_family_history				5	0	0			PFHH self-history allowlist handled separately (see specsheet 11.3).	About how old were you when you were first told you had high blood pressure (hypertension)?
Personal and Family Health History	circulatory_prescribedmedsforhypertension	1384437	radio	single_select	excluded_family_history				2	0	0			PFHH self-history allowlist handled separately (see specsheet 11.3).	Are you currently prescribed medications and/or receiving treatment for high blood pressure (hypertension)?
Personal and Family Health History	circulatorycondition_highcholesterol_yes	836836	checkbox	multi_select	excluded_family_history				7	0	0			PFHH self-history allowlist handled separately (see specsheet 11.3).	Including yourself, who in your family has had high cholesterol? Select all that apply.
Personal and Family Health History	circulatory_highcholesterolcurrently	43530309	radio	single_select	excluded_family_history				2	0	0			PFHH self-history allowlist handled separately (see specsheet 11.3).	Are you still seeing a doctor or health care provider for high cholesterol?
Personal and Family Health History	circulatory_howoldwereyouhighcholesterol	43530467	radio	single_select	excluded_family_history				5	0	0			PFHH self-history allowlist handled separately (see specsheet 11.3).	About how old were you when you were first told you had high cholesterol?
Personal and Family Health History	circulatory_rxmedsforhighcholesterol	43528793	radio	single_select	excluded_family_history				2	0	0			PFHH self-history allowlist handled separately (see specsheet 11.3).	Are you currently prescribed medications and/or receiving treatment for high cholesterol?
Personal and Family Health History	circulatorycondition_peripheralvasculardisease_yes	836837	checkbox	multi_select	excluded_family_history				7	0	0			PFHH self-history allowlist handled separately (see specsheet 11.3).	Including yourself, who in your family has had peripheral vascular disease? Select all that apply.
Personal and Family Health History	circulatory_peripheralvasculardiseasecurrently	43530311	radio	single_select	excluded_family_history				2	0	0			PFHH self-history allowlist handled separately (see specsheet 11.3).	Are you still seeing a doctor or health care provider for peripheral vascular disease?
Personal and Family Health History	circulatory_howoldwereyouperipheralvasculardisease	1384448	radio	single_select	excluded_family_history				5	0	0			PFHH self-history allowlist handled separately (see specsheet 11.3).	About how old were you when you were first told you had peripheral vascular disease?
Personal and Family Health History	circulatory_rxmedsforperipheralvasculardisease	43528795	radio	single_select	excluded_family_history				2	0	0			PFHH self-history allowlist handled separately (see specsheet 11.3).	Are you currently prescribed medications and/or receiving treatment for peripheral vascular disease?
Personal and Family Health History	circulatorycondition_pulmonaryembolismthrombosis_yes	836849	checkbox	multi_select	excluded_family_history				7	0	0			PFHH self-history allowlist handled separately (see specsheet 11.3).	Including yourself, who in your family has had pulmonary embolism or deep vein thrombosis (DVT)? Select all that apply.
Personal and Family Health History	circulatory_pulmonaryembolismcurrently	43530312	radio	single_select	excluded_family_history				2	0	0			PFHH self-history allowlist handled separately (see specsheet 11.3).	Are you still seeing a doctor or health care provider for pulmonary embolism or deep vein thrombosis (DVT)?
Personal and Family Health History	circulatory_howoldwereyoupulmonaryembolism	43530469	radio	single_select	excluded_family_history				5	0	0			PFHH self-history allowlist handled separately (see specsheet 11.3).	About how old were you when you were first told you had pulmonary embolism or deep vein thrombosis (DVT)?
Personal and Family Health History	circulatory_rxmedsforpulmonaryembolism	43528796	radio	single_select	excluded_family_history				2	0	0			PFHH self-history allowlist handled separately (see specsheet 11.3).	Are you currently prescribed medications and/or receiving treatment for pulmonary embolism or deep vein thrombosis (DVT)?
Personal and Family Health History	circulatorycondition_sicklecelldisease_yes	836788	checkbox	multi_select	excluded_family_history				7	0	0			PFHH self-history allowlist handled separately (see specsheet 11.3).	Including yourself, who in your family has had sickle cell disease? Select all that apply.
Personal and Family Health History	circulatory_sicklecelldiseasecurrently	43530313	radio	single_select	excluded_family_history				2	0	0			PFHH self-history allowlist handled separately (see specsheet 11.3).	Are you still seeing a doctor or health care provider for sickle cell disease?
Personal and Family Health History	circulatory_howoldwereyousicklecelldisease	43530470	radio	single_select	excluded_family_history				5	0	0			PFHH self-history allowlist handled separately (see specsheet 11.3).	About how old were you when you were first told you had sickle cell disease?
Personal and Family Health History	circulatory_rxmedsforsicklecelldisease	43528797	radio	single_select	excluded_family_history				2	0	0			PFHH self-history allowlist handled separately (see specsheet 11.3).	Are you currently prescribed medications and/or receiving treatment for sickle cell disease?
Personal and Family Health History	circulatorycondition_stroke_yes	836789	checkbox	multi_select	excluded_family_history				7	0	0			PFHH self-history allowlist handled separately (see specsheet 11.3).	Including yourself, who in your family has had a stroke? Select all that apply.
Personal and Family Health History	circulatory_strokecurrently	43530314	radio	single_select	excluded_family_history				2	0	0			PFHH self-history allowlist handled separately (see specsheet 11.3).	Are you still seeing a doctor or health care provider for a stroke?
Personal and Family Health History	circulatory_howoldwereyoustroke	43530471	radio	single_select	excluded_family_history				5	0	0			PFHH self-history allowlist handled separately (see specsheet 11.3).	About how old were you when you were first told you had a stroke?
Personal and Family Health History	circulatory_rxmedsforstroke	43528798	radio	single_select	excluded_family_history				2	0	0			PFHH self-history allowlist handled separately (see specsheet 11.3).	Are you currently prescribed medications and/or receiving treatment for a stroke?
Personal and Family Health History	circulatorycondition_suddendeath_yes	836790	checkbox	multi_select	excluded_family_history				6	0	0			PFHH self-history allowlist handled separately (see specsheet 11.3).	Who in your family has had sudden death? Select all that apply.
Personal and Family Health History	circulatorycondition_transientischemicattack_yes	1740677	checkbox	multi_select	excluded_family_history				7	0	0			PFHH self-history allowlist handled separately (see specsheet 11.3).	Including yourself, who in your family has had transient ischemic attacks (TIAs or mini-strokes)? Select all that apply.
Personal and Family Health History	circulatory_transientischemicattackcurrently	43530315	radio	single_select	excluded_family_history				2	0	0			PFHH self-history allowlist handled separately (see specsheet 11.3).	Are you still seeing a doctor or health care provider for transient ischemic attacks (TIAs or mini-strokes)?
Personal and Family Health History	circulatory_howoldwereyoutransientischemicattack	43530472	radio	single_select	excluded_family_history				5	0	0			PFHH self-history allowlist handled separately (see specsheet 11.3).	About how old were you when you were first told you had transient ischemic attacks (TIAs or mini-strokes)?
Personal and Family Health History	circulatory_rxmedsfortransientischemicattack	43528799	radio	single_select	excluded_family_history				2	0	0			PFHH self-history allowlist handled separately (see specsheet 11.3).	Are you currently prescribed medications and/or receiving treatment for transient ischemic attacks (TIAs or mini-strokes)?
Personal and Family Health History	circulatorycondition_otherheartorbloodcondition_ye	1740555	checkbox	multi_select	excluded_family_history				7	0	0			PFHH self-history allowlist handled separately (see specsheet 11.3).	Including yourself, who in your family has had other heart or blood condition? Select all that apply.
Personal and Family Health History	otherheartorbloodcondition_freetextbox		text	free_text	excluded_free_text				0	0	0				Please specify the other heart or blood condition(s) you have had.
Personal and Family Health History	otherheartorbloodcondition_motherfreetextbox		text	free_text	excluded_free_text				0	0	0				Please specify the other heart or blood condition(s) your mother has had.
Personal and Family Health History	otherheartorbloodcondition_fatherfreetextbox		text	free_text	excluded_free_text				0	0	0				Please specify the other heart or blood condition(s) your father has had.
Personal and Family Health History	otherheartorbloodcondition_siblingfreetextbox		text	free_text	excluded_free_text				0	0	0				Please specify the other heart or blood condition(s) your sibling(s) has had.
Personal and Family Health History	otherheartorbloodcondition_daughterfreetextbox		text	free_text	excluded_free_text				0	0	0				Please specify the other heart or blood condition(s) your daughter(s) has had.
Personal and Family Health History	otherheartorbloodcondition_sonfreetextbox		text	free_text	excluded_free_text				0	0	0				Please specify the other heart or blood condition(s) your son(s) has had.
Personal and Family Health History	otherheartorbloodcondition_grandparentfreetextbox		text	free_text	excluded_free_text				0	0	0				Please specify the other heart or blood condition(s) your grandparent(s) has had.
Personal and Family Health History	circulatory_otherheartbloodcurrently	1384423	radio	single_select	excluded_family_history				2	0	0			PFHH self-history allowlist handled separately (see specsheet 11.3).	Are you still seeing a doctor or health care provider for other heart or blood condition(s)?
Personal and Family Health History	circulatory_howoldwereyouotherheartblood	1384462	radio	single_select	excluded_family_history				5	0	0			PFHH self-history allowlist handled separately (see specsheet 11.3).	About how old were you when you were first told you had other heart or blood condition(s)?
Personal and Family Health History	circulatory_rxmedsforotherheartblood	1384420	radio	single_select	excluded_family_history				2	0	0			PFHH self-history allowlist handled separately (see specsheet 11.3).	Are you currently prescribed medications and/or receiving treatment for other heart or blood condition(s)?
Personal and Family Health History	diagnosedhealthcondition_digestivecondition	43528634	checkbox	multi_select	excluded_family_history				18	0	0			PFHH self-history allowlist handled separately (see specsheet 11.3).	Have you or anyone in your family ever been diagnosed with the following digestive conditions? Think only of the people you are related to by blood. Select all that apply.
Personal and Family Health History	digestivecondition_acidreflux_yes	836843	checkbox	multi_select	excluded_family_history				7	0	0			PFHH self-history allowlist handled separately (see specsheet 11.3).	Including yourself, who in your family has had acid reflux? Select all that apply.
Personal and Family Health History	digestive_acidrefluxcurrently	43530316	radio	single_select	excluded_family_history				2	0	0			PFHH self-history allowlist handled separately (see specsheet 11.3).	Are you still seeing a doctor or health care provider for acid reflux?
Personal and Family Health History	digestive_howoldwereyouacidreflux	43530473	radio	single_select	excluded_family_history				5	0	0			PFHH self-history allowlist handled separately (see specsheet 11.3).	About how old were you when you were first told you had acid reflux?
Personal and Family Health History	digestive_rxmedsforacidreflux	43528800	radio	single_select	excluded_family_history				2	0	0			PFHH self-history allowlist handled separately (see specsheet 11.3).	Are you currently prescribed medications and/or receiving treatment for acid reflux?
Personal and Family Health History	digestivecondition_bowelobstruction_yes	1740663	checkbox	multi_select	excluded_family_history				7	0	0			PFHH self-history allowlist handled separately (see specsheet 11.3).	Including yourself, who in your family has had bowel obstruction? Select all that apply.
Personal and Family Health History	digestive_bowelobstructioncurrently	43530317	radio	single_select	excluded_family_history				2	0	0			PFHH self-history allowlist handled separately (see specsheet 11.3).	Are you still seeing a doctor or health care provider for bowel obstruction?
Personal and Family Health History	digestive_howoldwereyoubowelobstruction	43530474	radio	single_select	excluded_family_history				5	0	0			PFHH self-history allowlist handled separately (see specsheet 11.3).	About how old were you when you were first told you had bowel obstruction?
Personal and Family Health History	digestive_rxmedsforbowelobstruction	43528801	radio	single_select	excluded_family_history				2	0	0			PFHH self-history allowlist handled separately (see specsheet 11.3).	Are you currently prescribed medications and/or receiving treatment for bowel obstruction?
Personal and Family Health History	digestivecondition_celiacdisease_yes	836793	checkbox	multi_select	excluded_family_history				7	0	0			PFHH self-history allowlist handled separately (see specsheet 11.3).	Including yourself, who in your family has had celiac disease? Select all that apply.
Personal and Family Health History	digestive_celiacdiseasecurrently	1384660	radio	single_select	excluded_family_history				2	0	0			PFHH self-history allowlist handled separately (see specsheet 11.3).	Are you still seeing a doctor or health care provider for celiac disease?
Personal and Family Health History	digestive_howoldwereyouceliacdisease	1384494	radio	single_select	excluded_family_history				5	0	0			PFHH self-history allowlist handled separately (see specsheet 11.3).	About how old were you when you were first told you had celiac disease?
Personal and Family Health History	digestive_rxmedsforceliacdisease	1384609	radio	single_select	excluded_family_history				2	0	0			PFHH self-history allowlist handled separately (see specsheet 11.3).	Are you currently prescribed medications and/or receiving treatment for celiac disease?
Personal and Family Health History	digestivecondition_colonpolyps_yes	836844	checkbox	multi_select	excluded_family_history				7	0	0			PFHH self-history allowlist handled separately (see specsheet 11.3).	Including yourself, who in your family has had colon polyps? Select all that apply.
Personal and Family Health History	digestive_colonpolypscurrently	43530318	radio	single_select	excluded_family_history				2	0	0			PFHH self-history allowlist handled separately (see specsheet 11.3).	Are you still seeing a doctor or health care provider for colon polyps?
Personal and Family Health History	digestive_howoldwereyoucolonpolyps	43530475	radio	single_select	excluded_family_history				5	0	0			PFHH self-history allowlist handled separately (see specsheet 11.3).	About how old were you when you were first told you had colon polyps?
Personal and Family Health History	digestive_rxmedsforcolonpolyps	43528802	radio	single_select	excluded_family_history				2	0	0			PFHH self-history allowlist handled separately (see specsheet 11.3).	Are you currently prescribed medications and/or receiving treatment for colon polyps?
Personal and Family Health History	digestivecondition_crohnsdisease_yes	836794	checkbox	multi_select	excluded_family_history				7	0	0			PFHH self-history allowlist handled separately (see specsheet 11.3).	Including yourself, who in your family has had Crohn's disease? Select all that apply.
Personal and Family Health History	digestive_crohnsdiseasecurrently	43530319	radio	single_select	excluded_family_history				2	0	0			PFHH self-history allowlist handled separately (see specsheet 11.3).	Are you still seeing a doctor or health care provider for Crohn's disease?
Personal and Family Health History	digestive_howoldwereyoucrohnsdisease	43530476	radio	single_select	excluded_family_history				5	0	0			PFHH self-history allowlist handled separately (see specsheet 11.3).	About how old were you when you were first told you had Crohn's disease?
Personal and Family Health History	digestive_rxmedsforcrohnsdisease	43528804	radio	single_select	excluded_family_history				2	0	0			PFHH self-history allowlist handled separately (see specsheet 11.3).	Are you currently prescribed medications and/or receiving treatment for Crohn's disease?
Personal and Family Health History	digestivecondition_diverticulitis_yes	836845	checkbox	multi_select	excluded_family_history				7	0	0			PFHH self-history allowlist handled separately (see specsheet 11.3).	Including yourself, who in your family has had diverticulitis/diverticulosis? Select all that apply.
Personal and Family Health History	digestive_diverticulosiscurrently	43530320	radio	single_select	excluded_family_history				2	0	0			PFHH self-history allowlist handled separately (see specsheet 11.3).	Are you still seeing a doctor or health care provider for diverticulitis/diverticulosis?
Personal and Family Health History	digestive_howoldwereyoudiverticulosis	43530477	radio	single_select	excluded_family_history				5	0	0			PFHH self-history allowlist handled separately (see specsheet 11.3).	About how old were you when you were first told you had diverticulitis/diverticulosis?
Personal and Family Health History	digestive_rxmedsfordiverticulosis	43528805	radio	single_select	excluded_family_history				2	0	0			PFHH self-history allowlist handled separately (see specsheet 11.3).	Are you currently prescribed medications and/or receiving treatment for diverticulitis/diverticulosis?
Personal and Family Health History	digestivecondition_gallstones_yes	836846	checkbox	multi_select	excluded_family_history				7	0	0			PFHH self-history allowlist handled separately (see specsheet 11.3).	Including yourself, who in your family has had gall stones? Select all that apply.
Personal and Family Health History	digestive_gallstonescurrently	43530321	radio	single_select	excluded_family_history				2	0	0			PFHH self-history allowlist handled separately (see specsheet 11.3).	Are you still seeing a doctor or health care provider for gall stones?
Personal and Family Health History	digestive_howoldwereyougallstones	43530478	radio	single_select	excluded_family_history				5	0	0			PFHH self-history allowlist handled separately (see specsheet 11.3).	About how old were you when you were first told you had gall stones?
Personal and Family Health History	digestive_rxmedsforgallstones	43528806	radio	single_select	excluded_family_history				2	0	0			PFHH self-history allowlist handled separately (see specsheet 11.3).	Are you currently prescribed medications and/or receiving treatment for gall stones?
Personal and Family Health History	digestivecondition_hemorrhoids_yes	1740578	checkbox	multi_select	excluded_family_history				7	0	0			PFHH self-history allowlist handled separately (see specsheet 11.3).	Including yourself, who in your family has had hemorrhoids? Select all that apply.
Personal and Family Health History	digestive_hemorrhoidscurrently	43530322	radio	single_select	excluded_family_history				2	0	0			PFHH self-history allowlist handled separately (see specsheet 11.3).	Are you still seeing a doctor or health care provider for hemorrhoids?
Personal and Family Health History	digestive_howoldwereyouhemorrhoids	43530479	radio	single_select	excluded_family_history				5	0	0			PFHH self-history allowlist handled separately (see specsheet 11.3).	About how old were you when you were first told you had hemorrhoids?
Personal and Family Health History	digestive_rxmedsforhemorrhoids	43528807	radio	single_select	excluded_family_history				2	0	0			PFHH self-history allowlist handled separately (see specsheet 11.3).	Are you currently prescribed medications and/or receiving treatment for hemorrhoids?
Personal and Family Health History	digestivecondition_hernia_yes	1740681	checkbox	multi_select	excluded_family_history				7	0	0			PFHH self-history allowlist handled separately (see specsheet 11.3).	Including yourself, who in your family has had a hernia? Select all that apply.
Personal and Family Health History	digestive_herniacurrently	43530323	radio	single_select	excluded_family_history				2	0	0			PFHH self-history allowlist handled separately (see specsheet 11.3).	Are you still seeing a doctor or health care provider for a hernia?
Personal and Family Health History	digestive_howoldwereyouhernia	43530480	radio	single_select	excluded_family_history				5	0	0			PFHH self-history allowlist handled separately (see specsheet 11.3).	About how old were you when you were first told you had a hernia?
Personal and Family Health History	digestive_rxmedsforhernia	43528808	radio	single_select	excluded_family_history				2	0	0			PFHH self-history allowlist handled separately (see specsheet 11.3).	Are you currently prescribed medications and/or receiving treatment for a hernia?
Personal and Family Health History	digestivecondition_irritablebowelsyndrome_yes	836847	checkbox	multi_select	excluded_family_history				7	0	0			PFHH self-history allowlist handled separately (see specsheet 11.3).	Including yourself, who in your family has had irritable bowel syndrome (IBS)? Select all that apply.
Personal and Family Health History	digestive_irritablebowelcurrently	43530324	radio	single_select	excluded_family_history				2	0	0			PFHH self-history allowlist handled separately (see specsheet 11.3).	Are you still seeing a doctor or health care provider for irritable bowel syndrome (IBS)?
Personal and Family Health History	digestive_howoldwereyouirritablebowel	43530481	radio	single_select	excluded_family_history				5	0	0			PFHH self-history allowlist handled separately (see specsheet 11.3).	About how old were you when you were first told you had irritable bowel syndrome (IBS)?
Personal and Family Health History	digestive_rxmedsforirritablebowel	43528809	radio	single_select	excluded_family_history				2	0	0			PFHH self-history allowlist handled separately (see specsheet 11.3).	Are you currently prescribed medications and/or receiving treatment for irritable bowel syndrome (IBS)?
Personal and Family Health History	diagnosedhealthcondition_livercondition_yes	836839	checkbox	multi_select	excluded_family_history				7	0	0			PFHH self-history allowlist handled separately (see specsheet 11.3).	Including yourself, who in your family has had a liver condition (e.g., cirrhosis)? Select all that apply.
Personal and Family Health History	digestive_liverconditioncurrently	43530325	radio	single_select	excluded_family_history				2	0	0			PFHH self-history allowlist handled separately (see specsheet 11.3).	Are you still seeing a doctor or health care provider for a liver condition (e.g., cirrhosis)?
Personal and Family Health History	digestive_howoldwereyoulivercondition	43530482	radio	single_select	excluded_family_history				5	0	0			PFHH self-history allowlist handled separately (see specsheet 11.3).	About how old were you when you were first told you had a liver condition (e.g., cirrhosis)?
Personal and Family Health History	digestive_rxmedsforlivercondition	43528810	radio	single_select	excluded_family_history				2	0	0			PFHH self-history allowlist handled separately (see specsheet 11.3).	Are you currently prescribed medications and/or receiving treatment for a liver condition (e.g., cirrhosis)?
Personal and Family Health History	digestivecondition_pancreatitis_yes	1740590	checkbox	multi_select	excluded_family_history				7	0	0			PFHH self-history allowlist handled separately (see specsheet 11.3).	Including yourself, who in your family has had a pancreatitis? Select all that apply.
Personal and Family Health History	digestive_pancreatitiscurrently	43530326	radio	single_select	excluded_family_history				2	0	0			PFHH self-history allowlist handled separately (see specsheet 11.3).	Are you still seeing a doctor or health care provider for pancreatitis?
Personal and Family Health History	digestive_howoldwereyoupancreatitis	43530483	radio	single_select	excluded_family_history				5	0	0			PFHH self-history allowlist handled separately (see specsheet 11.3).	About how old were you when you were first told you had pancreatitis?
Personal and Family Health History	digestive_rxmedsforpancreatitis	43528811	radio	single_select	excluded_family_history				2	0	0			PFHH self-history allowlist handled separately (see specsheet 11.3).	Are you currently prescribed medications and/or receiving treatment for pancreatitis?
Personal and Family Health History	digestivecondition_pepticulcers_yes	836795	checkbox	multi_select	excluded_family_history				7	0	0			PFHH self-history allowlist handled separately (see specsheet 11.3).	Including yourself, who in your family has had peptic (stomach) ulcers? Select all that apply.
Personal and Family Health History	digestive_pepticulcerscurrently	43530327	radio	single_select	excluded_family_history				2	0	0			PFHH self-history allowlist handled separately (see specsheet 11.3).	Are you still seeing a doctor or health care provider for peptic (stomach) ulcers?
Personal and Family Health History	digestive_howoldwereyoupepticulcers	43530484	radio	single_select	excluded_family_history				5	0	0			PFHH self-history allowlist handled separately (see specsheet 11.3).	About how old were you when you were first told you had peptic (stomach) ulcers?
Personal and Family Health History	digestive_rxmedsforpepticulcers	43528812	radio	single_select	excluded_family_history				2	0	0			PFHH self-history allowlist handled separately (see specsheet 11.3).	Are you currently prescribed medications and/or receiving treatment for peptic (stomach) ulcers?
Personal and Family Health History	digestivecondition_ulcerativecolitis_yes	836796	checkbox	multi_select	excluded_family_history				7	0	0			PFHH self-history allowlist handled separately (see specsheet 11.3).	Including yourself, who in your family has had ulcerative colitis? Select all that apply.
Personal and Family Health History	digestive_ulcerativecolitiscurrently	43530328	radio	single_select	excluded_family_history				2	0	0			PFHH self-history allowlist handled separately (see specsheet 11.3).	Are you still seeing a doctor or health care provider for ulcerative colitis?
Personal and Family Health History	digestive_howoldwereyouulcerativecolitis	43530485	radio	single_select	excluded_family_history				5	0	0			PFHH self-history allowlist handled separately (see specsheet 11.3).	About how old were you when you were first told you had ulcerative colitis?
Personal and Family Health History	digestive_rxmedsforulcerativecolitis	43528813	radio	single_select	excluded_family_history				2	0	0			PFHH self-history allowlist handled separately (see specsheet 11.3).	Are you currently prescribed medications and/or receiving treatment for ulcerative colitis?
Personal and Family Health History	digestivecondition_otherdigestivecondition_yes	1740630	checkbox	multi_select	excluded_family_history				7	0	0			PFHH self-history allowlist handled separately (see specsheet 11.3).	Including yourself, who in your family has had other digestive condition? Select all that apply.
Personal and Family Health History	otherdigestivecondition_freetextbox		text	free_text	excluded_free_text				0	0	0				Please specify the other digestive condition(s) you have had.
Personal and Family Health History	otherdigestivecondition_motherfreetextbox		text	free_text	excluded_free_text				0	0	0				Please specify the other digestive condition(s) your mother has had.
Personal and Family Health History	otherdigestivecondition_fatherfreetextbox		text	free_text	excluded_free_text				0	0	0				Please specify the other digestive condition(s) your father has had.
Personal and Family Health History	otherdigestivecondition_siblingfreetextbox		text	free_text	excluded_free_text				0	0	0				Please specify the other digestive condition(s) your sibling(s) has had.
Personal and Family Health History	otherdigestivecondition_daughterfreetextbox		text	free_text	excluded_free_text				0	0	0				Please specify the other digestive condition(s) your daughter(s) has had.
Personal and Family Health History	otherdigestivecondition_sonfreetextbox		text	free_text	excluded_free_text				0	0	0				Please specify the other digestive condition(s) your son(s) has had.
Personal and Family Health History	otherdigestivecondition_grandparentfreetextbox		text	free_text	excluded_free_text				0	0	0				Please specify the other digestive condition(s) your grandparent(s) has had.
Personal and Family Health History	digestive_otherdigestiveconditioncurrently	1384460	radio	single_select	excluded_family_history				2	0	0			PFHH self-history allowlist handled separately (see specsheet 11.3).	Are you still seeing a doctor or health care provider for other digestive condition(s)?
Personal and Family Health History	digestive_howoldwereyouotherdigestivecondition	1384649	radio	single_select	excluded_family_history				5	0	0			PFHH self-history allowlist handled separately (see specsheet 11.3).	About how old were you when you were first told you had other digestive condition(s)?
Personal and Family Health History	digestive_rxmedsforotherdigestivecondition	1384468	radio	single_select	excluded_family_history				2	0	0			PFHH self-history allowlist handled separately (see specsheet 11.3).	Are you currently prescribed medications and/or receiving treatment for other digestive condition(s)?
Personal and Family Health History	diagnosedhealthcondition_endocrinecondition	43528678	checkbox	multi_select	excluded_family_history				11	0	0			PFHH self-history allowlist handled separately (see specsheet 11.3).	Have you or anyone in your family ever been diagnosed with the following hormone and endocrine conditions? Think only of the people you are related to by blood. Select all that apply.
Personal and Family Health History	endocrinecondition_hyperthyroidism_yes	836797	checkbox	multi_select	excluded_family_history				7	0	0			PFHH self-history allowlist handled separately (see specsheet 11.3).	Including yourself, who in your family has had hyperthyroidism? Select all that apply.
Personal and Family Health History	endocrine_hyperthyroidismcurrently	43530329	radio	single_select	excluded_family_history				2	0	0			PFHH self-history allowlist handled separately (see specsheet 11.3).	Are you still seeing a doctor or health care provider for hyperthyroidism?
Personal and Family Health History	endocrine_howoldwereyouhyperthyroidism	43530486	radio	single_select	excluded_family_history				5	0	0			PFHH self-history allowlist handled separately (see specsheet 11.3).	About how old were you when you were first told you had hyperthyroidism?
Personal and Family Health History	endocrine_rxmedsforhyperthyroidism	43528814	radio	single_select	excluded_family_history				2	0	0			PFHH self-history allowlist handled separately (see specsheet 11.3).	Are you currently prescribed medications and/or receiving treatment for hyperthyroidism?
Personal and Family Health History	endocrinecondition_hypothyroidism_yes	836798	checkbox	multi_select	excluded_family_history				7	0	0			PFHH self-history allowlist handled separately (see specsheet 11.3).	Including yourself, who in your family has had hypothyroidism? Select all that apply.
Personal and Family Health History	endocrine_hypothyroidismcurrently	43530330	radio	single_select	excluded_family_history				2	0	0			PFHH self-history allowlist handled separately (see specsheet 11.3).	Are you still seeing a doctor or health care provider for hypothyroidism?
Personal and Family Health History	endocrine_howoldwereyouhypothyroidism	43530487	radio	single_select	excluded_family_history				5	0	0			PFHH self-history allowlist handled separately (see specsheet 11.3).	About how old were you when you were first told you had hypothyroidism?
Personal and Family Health History	endocrine_rxmedsforhypothyroidism	43528815	radio	single_select	excluded_family_history				2	0	0			PFHH self-history allowlist handled separately (see specsheet 11.3).	Are you currently prescribed medications and/or receiving treatment for hypothyroidism?
Personal and Family Health History	endocrinecondition_prediabetes_yes	1740613	checkbox	multi_select	excluded_family_history				7	0	0			PFHH self-history allowlist handled separately (see specsheet 11.3).	Including yourself, who in your family has had prediabetes? Select all that apply.
Personal and Family Health History	endocrine_prediabetescurrently	1384532	radio	single_select	excluded_family_history				2	0	0			PFHH self-history allowlist handled separately (see specsheet 11.3).	Are you still seeing a doctor or health care provider for prediabetes?
Personal and Family Health History	endocrine_howoldwereyouprediabetes	1384543	radio	single_select	excluded_family_history				5	0	0			PFHH self-history allowlist handled separately (see specsheet 11.3).	About how old were you when you were first told you had prediabetes?
Personal and Family Health History	endocrine_rxmedsforprediabetes	1384566	radio	single_select	excluded_family_history				2	0	0			PFHH self-history allowlist handled separately (see specsheet 11.3).	Are you currently prescribed medications and/or receiving treatment for prediabetes?
Personal and Family Health History	endocrinecondition_type1diabetes_yes	836799	checkbox	multi_select	excluded_family_history				7	0	0			PFHH self-history allowlist handled separately (see specsheet 11.3).	Including yourself, who in your family has had type 1 diabetes? Select all that apply.
Personal and Family Health History	endocrine_type1diabetescurrently	43530334	radio	single_select	excluded_family_history				2	0	0			PFHH self-history allowlist handled separately (see specsheet 11.3).	Are you still seeing a doctor or health care provider for type 1 diabetes?
Personal and Family Health History	endocrine_howoldwereyoutype1diabetes	43530491	radio	single_select	excluded_family_history				5	0	0			PFHH self-history allowlist handled separately (see specsheet 11.3).	About how old were you when you were first told you had type 1 diabetes?
Personal and Family Health History	endocrine_rxmedsfortype1diabetes	43528819	radio	single_select	excluded_family_history				2	0	0			PFHH self-history allowlist handled separately (see specsheet 11.3).	Are you currently prescribed medications and/or receiving treatment for type 1 diabetes?
Personal and Family Health History	endocrinecondition_type2diabetes_yes	836800	checkbox	multi_select	excluded_family_history				7	0	0			PFHH self-history allowlist handled separately (see specsheet 11.3).	Including yourself, who in your family has had type 2 diabetes? Select all that apply.
Personal and Family Health History	endocrine_type2diabetescurrently	43530335	radio	single_select	excluded_family_history				2	0	0			PFHH self-history allowlist handled separately (see specsheet 11.3).	Are you still seeing a doctor or health care provider for type 2 diabetes?
Personal and Family Health History	endocrine_howoldwereyoutype2diabetes	43530492	radio	single_select	excluded_family_history				5	0	0			PFHH self-history allowlist handled separately (see specsheet 11.3).	About how old were you when you were first told you had type 2 diabetes?
Personal and Family Health History	endocrine_rxmedsfortype2diabetes	43528820	radio	single_select	excluded_family_history				2	0	0			PFHH self-history allowlist handled separately (see specsheet 11.3).	Are you currently prescribed medications and/or receiving treatment for type 2 diabetes?
Personal and Family Health History	endocrinecondition_otherdiabetes_yes	836848	checkbox	multi_select	excluded_family_history				7	0	0			PFHH self-history allowlist handled separately (see specsheet 11.3).	Including yourself, who in your family has had other/unknown diabetes? Select all that apply.
Personal and Family Health History	otherdiabetes_freetextbox		text	free_text	excluded_free_text				0	0	0				Please specify the other/unknown diabetes you have had.
Personal and Family Health History	otherdiabetes_motherfreetextbox		text	free_text	excluded_free_text				0	0	0				Please specify the other/unknown diabetes your mother has had.
Personal and Family Health History	otherdiabetes_fatherfreetextbox		text	free_text	excluded_free_text				0	0	0				Please specify the other/unknown diabetes your father has had.
Personal and Family Health History	otherdiabetes_siblingfreetextbox		text	free_text	excluded_free_text				0	0	0				Please specify the other/unknown diabetes your sibling(s) has had.
Personal and Family Health History	otherdiabetes_daughterfreetextbox		text	free_text	excluded_free_text				0	0	0				Please specify the other/unknown diabetes your daughter(s) has had.
Personal and Family Health History	otherdiabetes_sonfreetextbox		text	free_text	excluded_free_text				0	0	0				Please specify the other/unknown diabetes your son(s) has had.
Personal and Family Health History	otherdiabetes_grandparentfreetextbox		text	free_text	excluded_free_text				0	0	0				Please specify the other/unknown the diabetes your grandparent(s) has had.
Personal and Family Health History	endocrine_otherdiabetescurrently	43530331	radio	single_select	excluded_family_history				2	0	0			PFHH self-history allowlist handled separately (see specsheet 11.3).	Are you still seeing a doctor or health care provider for other/unknown diabetes?
Personal and Family Health History	endocrine_howoldwereyouotherdiabetes	43530488	radio	single_select	excluded_family_history				5	0	0			PFHH self-history allowlist handled separately (see specsheet 11.3).	About how old were you when you were first told you had other/unknown diabetes?
Personal and Family Health History	endocrine_rxmedsforotherdiabetes	43528816	radio	single_select	excluded_family_history				2	0	0			PFHH self-history allowlist handled separately (see specsheet 11.3).	Are you currently prescribed medications and/or receiving treatment for other/unknown diabetes?
Personal and Family Health History	endocrinecondition_otherthyroid_yes	1740588	checkbox	multi_select	excluded_family_history				7	0	0			PFHH self-history allowlist handled separately (see specsheet 11.3).	Including yourself, who in your family has had other/unknown thyroid condition? Select all that apply.
Personal and Family Health History	otherthyroid_freetextbox		text	free_text	excluded_free_text				0	0	0				Please specify the other/unknown thyroid condition(s) you have had.
Personal and Family Health History	otherthyroid_motherfreetextbox		text	free_text	excluded_free_text				0	0	0				Please specify the other/unknown thyroid condition(s) your mother has had.
Personal and Family Health History	otherthyroid_fatherfreetextbox		text	free_text	excluded_free_text				0	0	0				Please specify the other/unknown thyroid condition(s) your father has had.
Personal and Family Health History	otherthyroid_siblingfreetextbox		text	free_text	excluded_free_text				0	0	0				Please specify the other/unknown thyroid condition(s) your sibling(s) has had.
Personal and Family Health History	otherthyroid_daughterfreetextbox		text	free_text	excluded_free_text				0	0	0				Please specify the other/unknown thyroid condition(s) your daughter(s) has had.
Personal and Family Health History	otherthyroid_sonfreetextbox		text	free_text	excluded_free_text				0	0	0				Please specify the other/unknown thyroid condition(s) your son(s) has had.
Personal and Family Health History	otherthyroid_grandparentfreetextbox		text	free_text	excluded_free_text				0	0	0				Please specify the other/unknown thyroid condition(s) your grandparent(s) has had.
Personal and Family Health History	endocrine_otherthyroidcurrently	43530332	radio	single_select	excluded_family_history				2	0	0			PFHH self-history allowlist handled separately (see specsheet 11.3).	Are you still seeing a doctor or health care provider for other/unknown thyroid condition(s)?
Personal and Family Health History	endocrine_howoldwereyouotherthyroid	43530489	radio	single_select	excluded_family_history				5	0	0			PFHH self-history allowlist handled separately (see specsheet 11.3).	About how old were you when you were first told you had other/unknown thyroid condition(s)?
Personal and Family Health History	endocrine_rxmedsforotherthyroid	43528817	radio	single_select	excluded_family_history				2	0	0			PFHH self-history allowlist handled separately (see specsheet 11.3).	Are you currently prescribed medications and/or receiving treatment for other/unknown thyroid condition(s)?
Personal and Family Health History	endocrinecondition_otherhormoneendocrine_yes	1740585	checkbox	multi_select	excluded_family_history				7	0	0			PFHH self-history allowlist handled separately (see specsheet 11.3).	Including yourself, who in your family has had other hormone/endocrine condition? Select all that apply.
Personal and Family Health History	otherhormoneendocrine_freetextbox		text	free_text	excluded_free_text				0	0	0				Please specify the other hormone/endocrine condition(s) you have had.
Personal and Family Health History	otherhormoneendocrine_motherfreetextbox		text	free_text	excluded_free_text				0	0	0				Please specify the other hormone/endocrine condition(s) your mother has had.
Personal and Family Health History	otherhormoneendocrine_fatherfreetextbox		text	free_text	excluded_free_text				0	0	0				Please specify the other hormone/endocrine condition(s) your father has had.
Personal and Family Health History	otherhormoneendocrine_siblingfreetextbox		text	free_text	excluded_free_text				0	0	0				Please specify the other hormone/endocrine condition(s) your sibling(s) has had.
Personal and Family Health History	otherhormoneendocrine_daughterfreetextbox		text	free_text	excluded_free_text				0	0	0				Please specify the other hormone/endocrine condition(s) your daughter(s) has had.
Personal and Family Health History	otherhormoneendocrine_sonfreetextbox		text	free_text	excluded_free_text				0	0	0				Please specify the other hormone/endocrine condition(s) your son(s) has had.
Personal and Family Health History	otherhormoneendocrine_grandparentfreetextbox		text	free_text	excluded_free_text				0	0	0				Please specify the other hormone/endocrine condition(s) your grandparent(s) has had.
Personal and Family Health History	endocrine_otherhormone_endocrineconditioncurrently	1384538	radio	single_select	excluded_family_history				2	0	0			PFHH self-history allowlist handled separately (see specsheet 11.3).	Are you still seeing a doctor or health care provider for other hormone/endocrine condition(s)?
Personal and Family Health History	endocrine_howoldwereyouotherhormoneedocrinecondition	1384672	radio	single_select	excluded_family_history				5	0	0			PFHH self-history allowlist handled separately (see specsheet 11.3).	About how old were you when you were first told you had other hormone/endocrine condition(s)?
Personal and Family Health History	rxmedsforotherhormone_endocrinecondition_no	1384641	radio	single_select	excluded_family_history				2	0	0			PFHH self-history allowlist handled separately (see specsheet 11.3).	Are you currently prescribed medications and/or receiving treatment for other hormone/endocrine condition(s)?
Personal and Family Health History	diagnosedhealthcondition_kidneycondition	43529158	checkbox	multi_select	excluded_family_history				8	0	0			PFHH self-history allowlist handled separately (see specsheet 11.3).	Have you or anyone in your family ever been diagnosed with the following kidney conditions? Think only of the people you are related to by blood. Select all that apply.
Personal and Family Health History	kidneycondition_acutekidneynodialysis_yes	1740620	checkbox	multi_select	excluded_family_history				7	0	0			PFHH self-history allowlist handled separately (see specsheet 11.3).	Including yourself, who in your family has had acute kidney disease with no current dialysis? Select all that apply.
Personal and Family Health History	kidney_acutekidneynodialysiscurrently	43530350	radio	single_select	excluded_family_history				2	0	0			PFHH self-history allowlist handled separately (see specsheet 11.3).	Are you still seeing a doctor or health care provider for acute kidney disease with no current dialysis?
Personal and Family Health History	kidney_howoldwereyouacutekidneynodialysis	43530508	radio	single_select	excluded_family_history				5	0	0			PFHH self-history allowlist handled separately (see specsheet 11.3).	About how old were you when you were first told you had acute kidney disease with no current dialysis?
Personal and Family Health History	kidney_rxmedsforacutekidneynodialysis	43528835	radio	single_select	excluded_family_history				2	0	0			PFHH self-history allowlist handled separately (see specsheet 11.3).	Are you currently prescribed medications and/or receiving treatment for acute kidney disease with no current dialysis?
Personal and Family Health History	kidneycondition_kidneywithdialysis_yes	1740650	checkbox	multi_select	excluded_family_history				7	0	0			PFHH self-history allowlist handled separately (see specsheet 11.3).	Including yourself, who in your family has had kidney disease with dialysis? Select all that apply.
Personal and Family Health History	kidney_kidneywithdialysiscurrently	43530352	radio	single_select	excluded_family_history				2	0	0			PFHH self-history allowlist handled separately (see specsheet 11.3).	Are you still seeing a doctor or health care provider for kidney disease with dialysis?
Personal and Family Health History	kidney_howoldwereyoukidneywithdialysis	43530510	radio	single_select	excluded_family_history				5	0	0			PFHH self-history allowlist handled separately (see specsheet 11.3).	About how old were you when you were first told you had kidney disease with dialysis?
Personal and Family Health History	kidney_rxmedsforkidneywithdialysis	43528837	radio	single_select	excluded_family_history				2	0	0			PFHH self-history allowlist handled separately (see specsheet 11.3).	Are you currently prescribed medications and/or receiving treatment for kidney disease with dialysis?
Personal and Family Health History	kidneycondition_kidneywithoutdialysis_yes	1740676	checkbox	multi_select	excluded_family_history				7	0	0			PFHH self-history allowlist handled separately (see specsheet 11.3).	Including yourself, who in your family has had kidney disease without dialysis? Select all that apply.
Personal and Family Health History	kidney_kidneywithoutdialysiscurrently	43530353	radio	single_select	excluded_family_history				2	0	0			PFHH self-history allowlist handled separately (see specsheet 11.3).	Are you still seeing a doctor or health care provider for kidney disease without dialysis?
Personal and Family Health History	kidney_howoldwereyoukidneywithoutdialysis	43530511	radio	single_select	excluded_family_history				5	0	0			PFHH self-history allowlist handled separately (see specsheet 11.3).	About how old were you when you were first told you had kidney disease without dialysis?
Personal and Family Health History	kidney_rxmedsforkidneywithoutdialysis	43528838	radio	single_select	excluded_family_history				2	0	0			PFHH self-history allowlist handled separately (see specsheet 11.3).	Are you currently prescribed medications and/or receiving treatment for kidney disease without dialysis?
Personal and Family Health History	kidneycondition_kidneystones_yes	836801	checkbox	multi_select	excluded_family_history				7	0	0			PFHH self-history allowlist handled separately (see specsheet 11.3).	Including yourself, who in your family has had kidney stones? Select all that apply.
Personal and Family Health History	kidney_kidneystonescurrently	43530351	radio	single_select	excluded_family_history				2	0	0			PFHH self-history allowlist handled separately (see specsheet 11.3).	Are you still seeing a doctor or health care provider for kidney stones?
Personal and Family Health History	kidney_howoldwereyoukidneystones	43530509	radio	single_select	excluded_family_history				5	0	0			PFHH self-history allowlist handled separately (see specsheet 11.3).	About how old were you when you were first told you had kidney stones?
Personal and Family Health History	kidney_rxmedsforkidneystones	43528836	radio	single_select	excluded_family_history				2	0	0			PFHH self-history allowlist handled separately (see specsheet 11.3).	Are you currently prescribed medications and/or receiving treatment for kidney stones?
Personal and Family Health History	kidneycondition_otherkidneycondition_yes	1740599	checkbox	multi_select	excluded_family_history				7	0	0			PFHH self-history allowlist handled separately (see specsheet 11.3).	Including yourself, who in your family has had other kidney condition(s)? Select all that apply.
Personal and Family Health History	otherkidneycondition_freetextbox		text	free_text	excluded_free_text				0	0	0				Please specify the other kidney condition(s) you have had.
Personal and Family Health History	otherkidneycondition_motherfreetextbox		text	free_text	excluded_free_text				0	0	0				Please specify the other kidney condition(s) your mother has had.
Personal and Family Health History	otherkidneycondition_fatherfreetextbox		text	free_text	excluded_free_text				0	0	0				Please specify the other kidney condition(s) your father has had.
Personal and Family Health History	otherkidneycondition_siblingfreetextbox		text	free_text	excluded_free_text				0	0	0				Please specify the other kidney condition(s) your sibling(s) has had.
Personal and Family Health History	otherkidneycondition_daughterfreetextbox		text	free_text	excluded_free_text				0	0	0				Please specify the other kidney condition(s) your daughter(s) has had.
Personal and Family Health History	otherkidneycondition_sonfreetextbox		text	free_text	excluded_free_text				0	0	0				Please specify the other kidney condition(s) your son(s) has had.
Personal and Family Health History	otherkidneycondition_grandparentfreetextbox		text	free_text	excluded_free_text				0	0	0				Please specify the other kidney condition(s) your grandparent(s) has had.
Personal and Family Health History	kidney_otherkidneyconditioncurrently	1384493	radio	single_select	excluded_family_history				2	0	0			PFHH self-history allowlist handled separately (see specsheet 11.3).	Are you still seeing a doctor or health care provider for other kidney condition(s)?
Personal and Family Health History	kidney_howoldwereyouotherkidneycondition	1384661	radio	single_select	excluded_family_history				5	0	0			PFHH self-history allowlist handled separately (see specsheet 11.3).	About how old were you when you were first told you had other kidney condition(s)?
Personal and Family Health History	kidney_rxmedsforotherkidneycondition	1384612	radio	single_select	excluded_family_history				2	0	0			PFHH self-history allowlist handled separately (see specsheet 11.3).	Are you currently prescribed medications and/or receiving treatment for other kidney condition(s)?
Personal and Family Health History	diagnosedhealthcondition_respiratorycondition	43529767	checkbox	multi_select	excluded_family_history				7	0	0			PFHH self-history allowlist handled separately (see specsheet 11.3).	Have you or anyone in your family ever been diagnosed with the following lung conditions? Think only of the people you are related to by blood. Select all that apply.
Personal and Family Health History	respiratorycondition_asthma_yes	836815	checkbox	multi_select	excluded_family_history				7	0	0			PFHH self-history allowlist handled separately (see specsheet 11.3).	Including yourself, who in your family has had asthma? Select all that apply.
Personal and Family Health History	respiratory_asthmacurrently	43530388	radio	single_select	excluded_family_history				2	0	0			PFHH self-history allowlist handled separately (see specsheet 11.3).	Are you still seeing a doctor or health care provider for asthma?
Personal and Family Health History	respiratory_howoldwereyouasthma	43530546	radio	single_select	excluded_family_history				5	0	0			PFHH self-history allowlist handled separately (see specsheet 11.3).	About how old were you when you were first told you had asthma?
Personal and Family Health History	respiratory_rxmedsforasthma	43528873	radio	single_select	excluded_family_history				2	0	0			PFHH self-history allowlist handled separately (see specsheet 11.3).	Are you currently prescribed medications and/or receiving treatment for asthma?
Personal and Family Health History	respiratorycondition_chroniclungdisease_yes	836858	checkbox	multi_select	excluded_family_history				7	0	0			PFHH self-history allowlist handled separately (see specsheet 11.3).	Including yourself, who in your family has had chronic lung disease (COPD, emphysema, or bronchitis)? Select all that apply.
Personal and Family Health History	respiratory_chroniclungdiseasecurrently	1384608	radio	single_select	excluded_family_history				2	0	0			PFHH self-history allowlist handled separately (see specsheet 11.3).	Are you still seeing a doctor or health care provider for chronic lung disease (COPD, emphysema, or bronchitis)?
Personal and Family Health History	respiratory_howoldwereyouchroniclungdisease	1384393	radio	single_select	excluded_family_history				5	0	0			PFHH self-history allowlist handled separately (see specsheet 11.3).	About how old were you when you were first told you had chronic lung disease (COPD, emphysema, or bronchitis)?
Personal and Family Health History	respiratory_rxmedsforchroniclungdisease	1384587	radio	single_select	excluded_family_history				2	0	0			PFHH self-history allowlist handled separately (see specsheet 11.3).	Are you currently prescribed medications and/or receiving treatment for chronic lung disease (COPD, emphysema, or bronchitis)?
Personal and Family Health History	respiratorycondition_sleepapnea_yes	836816	checkbox	multi_select	excluded_family_history				7	0	0			PFHH self-history allowlist handled separately (see specsheet 11.3).	Including yourself, who in your family has had sleep apnea? Select all that apply.
Personal and Family Health History	respiratory_sleepapneacurrently	43530390	radio	single_select	excluded_family_history				2	0	0			PFHH self-history allowlist handled separately (see specsheet 11.3).	Are you still seeing a doctor or health care provider for sleep apnea?
Personal and Family Health History	respiratory_howoldwereyousleepapnea	43530548	radio	single_select	excluded_family_history				5	0	0			PFHH self-history allowlist handled separately (see specsheet 11.3).	About how old were you when you were first told you had sleep apnea?
Personal and Family Health History	respiratory_rxmedsforsleepapnea	43528875	radio	single_select	excluded_family_history				2	0	0			PFHH self-history allowlist handled separately (see specsheet 11.3).	Are you currently prescribed medications and/or receiving treatment for sleep apnea?
Personal and Family Health History	respiratorycondition_otherlungcondition_yes	1740623	checkbox	multi_select	excluded_family_history				7	0	0			PFHH self-history allowlist handled separately (see specsheet 11.3).	Including yourself, who in your family has had other lung condition(s)? Select all that apply.
Personal and Family Health History	otherrespiratory_freetextbox		text	free_text	excluded_free_text				0	0	0				Please specify the other lung condition(s) you have had.
Personal and Family Health History	otherrespiratory_motherfreetextbox		text	free_text	excluded_free_text				0	0	0				Please specify the other lung condition(s) your mother has had.
Personal and Family Health History	otherrespiratory_fatherfreetextbox		text	free_text	excluded_free_text				0	0	0				Please specify the other lung condition(s) your father has had.
Personal and Family Health History	otherrespiratory_siblingfreetextbox		text	free_text	excluded_free_text				0	0	0				Please specify the other lung condition(s) your sibling(s) has had.
Personal and Family Health History	otherrespiratory_daughterfreetextbox		text	free_text	excluded_free_text				0	0	0				Please specify the other lung condition(s) your daughter(s) has had.
Personal and Family Health History	otherrespiratory_sonfreetextbox		text	free_text	excluded_free_text				0	0	0				Please specify the other lung condition(s) your son(s) has had.
Personal and Family Health History	otherrespiratory_grandparentfreetextbox		text	free_text	excluded_free_text				0	0	0				Please specify the other lung condition(s) your grandparent(s) has had.
Personal and Family Health History	respiratory_otherlungconditioncurrently	1384651	radio	single_select	excluded_family_history				2	0	0			PFHH self-history allowlist handled separately (see specsheet 11.3).	Are you still seeing a doctor or health care provider for other lung condition(s)?
Personal and Family Health History	respiratory_howoldwereyouotherlungcondition	1384635	radio	single_select	excluded_family_history				5	0	0			PFHH self-history allowlist handled separately (see specsheet 11.3).	About how old were you when you were first told you had other lung condition(s)?
Personal and Family Health History	respiratory_rxmedsforotherlungcondition	1384476	radio	single_select	excluded_family_history				2	0	0			PFHH self-history allowlist handled separately (see specsheet 11.3).	Are you currently prescribed medications and/or receiving treatment for other lung condition(s)?
Personal and Family Health History	diagnosedhealthcondition_nervouscondition	43529272	checkbox	multi_select	excluded_family_history				21	0	0			PFHH self-history allowlist handled separately (see specsheet 11.3).	Have you or anyone in your family ever been diagnosed with the following brain and nervous system conditions? Think only of the people you are related to by blood. Select all that apply.
Personal and Family Health History	nervouscondition_cerebralpalsy_yes	1740628	checkbox	multi_select	excluded_family_history				7	0	0			PFHH self-history allowlist handled separately (see specsheet 11.3).	Including yourself, who in your family has had cerebral palsy? Select all that apply.
Personal and Family Health History	nervoussystem_cerebralpalsycurrently	1384597	radio	single_select	excluded_family_history				2	0	0			PFHH self-history allowlist handled separately (see specsheet 11.3).	Are you still seeing a doctor or health care provider for cerebral palsy?
Personal and Family Health History	nervoussystem_howoldwereyoucerebralpalsy	1384426	radio	single_select	excluded_family_history				5	0	0			PFHH self-history allowlist handled separately (see specsheet 11.3).	About how old were you when you were first told you had cerebral palsy?
Personal and Family Health History	nervoussystem_rxmedsforcerebralpalsy	1384482	radio	single_select	excluded_family_history				2	0	0			PFHH self-history allowlist handled separately (see specsheet 11.3).	Are you currently prescribed medications and/or receiving treatment for cerebral palsy?
Personal and Family Health History	nervouscondition_chronicfatigue_yes	1740586	checkbox	multi_select	excluded_family_history				7	0	0			PFHH self-history allowlist handled separately (see specsheet 11.3).	Including yourself, who in your family has had chronic fatigue? Select all that apply.
Personal and Family Health History	nervoussystem_chronicfatiguecurrently	43530365	radio	single_select	excluded_family_history				2	0	0			PFHH self-history allowlist handled separately (see specsheet 11.3).	Are you still seeing a doctor or health care provider for chronic fatigue?
Personal and Family Health History	nervoussystem_howoldwereyouchronicfatigue	43530523	radio	single_select	excluded_family_history				5	0	0			PFHH self-history allowlist handled separately (see specsheet 11.3).	About how old were you when you were first told you had chronic fatigue?
Personal and Family Health History	nervoussystem_rxmedsforchronicfatigue	43528850	radio	single_select	excluded_family_history				2	0	0			PFHH self-history allowlist handled separately (see specsheet 11.3).	Are you currently prescribed medications and/or receiving treatment for chronic fatigue?
Personal and Family Health History	nervouscondition_concussion_yes	1740671	checkbox	multi_select	excluded_family_history				7	0	0			PFHH self-history allowlist handled separately (see specsheet 11.3).	Including yourself, who in your family has had concussion or loss of consciousness? Select all that apply.
Personal and Family Health History	nervoussystem_concussioncurrently	43530366	radio	single_select	excluded_family_history				2	0	0			PFHH self-history allowlist handled separately (see specsheet 11.3).	Are you still seeing a doctor or health care provider for concussion or loss of consciousness?
Personal and Family Health History	nervoussystem_howoldwereyouconcussion	43530524	radio	single_select	excluded_family_history				5	0	0			PFHH self-history allowlist handled separately (see specsheet 11.3).	About how old were you when you were first told you had concussion or loss of consciousness?
Personal and Family Health History	nervoussystem_rxmedsforconcussion	43528851	radio	single_select	excluded_family_history				2	0	0			PFHH self-history allowlist handled separately (see specsheet 11.3).	Are you currently prescribed medications and/or receiving treatment for concussion or loss of consciousness?
Personal and Family Health History	nervouscondition_dementia_yes	836807	checkbox	multi_select	excluded_family_history				7	0	0			PFHH self-history allowlist handled separately (see specsheet 11.3).	Including yourself, who in your family has had dementia (includes Alzheimer's, vascular, etc.)? Select all that apply.
Personal and Family Health History	nervoussystem_dementiacurrently	43530367	radio	single_select	excluded_family_history				2	0	0			PFHH self-history allowlist handled separately (see specsheet 11.3).	Are you still seeing a doctor or health care provider for dementia (includes Alzheimer's, vascular, etc.)?
Personal and Family Health History	nervoussystem_howoldwereyoudementia	43530525	radio	single_select	excluded_family_history				5	0	0			PFHH self-history allowlist handled separately (see specsheet 11.3).	About how old were you when you were first told you had dementia (includes Alzheimer's, vascular, etc.)?
Personal and Family Health History	nervoussystem_rxmedsfordementia	43528852	radio	single_select	excluded_family_history				2	0	0			PFHH self-history allowlist handled separately (see specsheet 11.3).	Are you currently prescribed medications and/or receiving treatment for dementia (includes Alzheimer's, vascular, etc.)?
Personal and Family Health History	nervouscondition_epilepsyseizure_yes	836852	checkbox	multi_select	excluded_family_history				7	0	0			PFHH self-history allowlist handled separately (see specsheet 11.3).	Including yourself, who in your family has had epilepsy or seizure? Select all that apply.
Personal and Family Health History	nervoussystem_epilepsycurrently	43530368	radio	single_select	excluded_family_history				2	0	0			PFHH self-history allowlist handled separately (see specsheet 11.3).	Are you still seeing a doctor or health care provider for epilepsy or seizure?
Personal and Family Health History	nervoussystem_howoldwereyouepilepsy	43530526	radio	single_select	excluded_family_history				5	0	0			PFHH self-history allowlist handled separately (see specsheet 11.3).	About how old were you when you were first told you had epilepsy or seizure?
Personal and Family Health History	nervoussystem_rxmedsforepilepsy	43528853	radio	single_select	excluded_family_history				2	0	0			PFHH self-history allowlist handled separately (see specsheet 11.3).	Are you currently prescribed medications and/or receiving treatment for epilepsy or seizure?
Personal and Family Health History	nervouscondition_insomnia_yes	1740559	checkbox	multi_select	excluded_family_history				7	0	0			PFHH self-history allowlist handled separately (see specsheet 11.3).	Including yourself, who in your family has had insomnia? Select all that apply.
Personal and Family Health History	nervoussystem_insomniacurrently	43530369	radio	single_select	excluded_family_history				2	0	0			PFHH self-history allowlist handled separately (see specsheet 11.3).	Are you still seeing a doctor or health care provider for insomnia?
Personal and Family Health History	nervoussystem_howoldwereyouinsomnia	43530527	radio	single_select	excluded_family_history				5	0	0			PFHH self-history allowlist handled separately (see specsheet 11.3).	About how old were you when you were first told you had insomnia?
Personal and Family Health History	nervoussystem_rxmedsforinsomnia	43528854	radio	single_select	excluded_family_history				2	0	0			PFHH self-history allowlist handled separately (see specsheet 11.3).	Are you currently prescribed medications and/or receiving treatment for insomnia?
Personal and Family Health History	nervouscondition_amyotrophiclateralsclerosis_yes	836806	checkbox	multi_select	excluded_family_history				7	0	0			PFHH self-history allowlist handled separately (see specsheet 11.3).	Including yourself, who in your family has had Lou Gehrig's disease (amyotrophic lateral sclerosis)? Select all that apply.
Personal and Family Health History	nervoussystem_lougehrigsdiseasecurrently	1384633	radio	single_select	excluded_family_history				2	0	0			PFHH self-history allowlist handled separately (see specsheet 11.3).	Are you still seeing a doctor or health care provider for Lou Gehrig's disease (amyotrophic lateral sclerosis)?
Personal and Family Health History	nervoussystem_howoldwereyoulougehrigsdisease	1384670	radio	single_select	excluded_family_history				5	0	0			PFHH self-history allowlist handled separately (see specsheet 11.3).	About how old were you when you were first told you had Lou Gehrig's disease (amyotrophic lateral sclerosis)?
Personal and Family Health History	nervoussystem_rxmedsforlougehrigsdisease	1384451	radio	single_select	excluded_family_history				2	0	0			PFHH self-history allowlist handled separately (see specsheet 11.3).	Are you currently prescribed medications and/or receiving treatment for Lou Gehrig's disease (amyotrophic lateral sclerosis)?
Personal and Family Health History	nervouscondition_memoryloss_yes	1740566	checkbox	multi_select	excluded_family_history				7	0	0			PFHH self-history allowlist handled separately (see specsheet 11.3).	Including yourself, who in your family has had memory loss or impairment? Select all that apply.
Personal and Family Health History	nervoussystem_memorylosscurrently	43530370	radio	single_select	excluded_family_history				2	0	0			PFHH self-history allowlist handled separately (see specsheet 11.3).	Are you still seeing a doctor or health care provider for memory loss or impairment?
Personal and Family Health History	nervoussystem_howoldwereyoumemoryloss	43530528	radio	single_select	excluded_family_history				5	0	0			PFHH self-history allowlist handled separately (see specsheet 11.3).	About how old were you when you were first told you had memory loss or impairment?
Personal and Family Health History	nervoussystem_rxmedsformemoryloss	43528855	radio	single_select	excluded_family_history				2	0	0			PFHH self-history allowlist handled separately (see specsheet 11.3).	Are you currently prescribed medications and/or receiving treatment for memory loss or impairment?
Personal and Family Health History	nervouscondition_migraineheadaches_yes	836808	checkbox	multi_select	excluded_family_history				7	0	0			PFHH self-history allowlist handled separately (see specsheet 11.3).	Including yourself, who in your family has had migraine headaches? Select all that apply.
Personal and Family Health History	nervoussystem_migrainecurrently	43530371	radio	single_select	excluded_family_history				2	0	0			PFHH self-history allowlist handled separately (see specsheet 11.3).	Are you still seeing a doctor or health care provider for migraine headaches?
Personal and Family Health History	nervoussystem_howoldwereyoumigraine	43530529	radio	single_select	excluded_family_history				5	0	0			PFHH self-history allowlist handled separately (see specsheet 11.3).	About how old were you when you were first told you had migraine headaches?
Personal and Family Health History	nervoussystem_rxmedsformigraine	43528856	radio	single_select	excluded_family_history				2	0	0			PFHH self-history allowlist handled separately (see specsheet 11.3).	Are you currently prescribed medications and/or receiving treatment for migraine headaches?
Personal and Family Health History	nervouscondition_multiplesclerosis_yes	836809	checkbox	multi_select	excluded_family_history				7	0	0			PFHH self-history allowlist handled separately (see specsheet 11.3).	Including yourself, who in your family has had multiple sclerosis (MS)? Select all that apply.
Personal and Family Health History	nervoussystem_multiplesclerosiscurrently	43530372	radio	single_select	excluded_family_history				2	0	0			PFHH self-history allowlist handled separately (see specsheet 11.3).	Are you still seeing a doctor or health care provider for multiple sclerosis (MS)?
Personal and Family Health History	nervoussystem_howoldwereyoumultiplesclerosis	43530530	radio	single_select	excluded_family_history				5	0	0			PFHH self-history allowlist handled separately (see specsheet 11.3).	About how old were you when you were first told you had multiple sclerosis (MS)?
Personal and Family Health History	nervoussystem_rxmedsformultiplesclerosis	43528857	radio	single_select	excluded_family_history				2	0	0			PFHH self-history allowlist handled separately (see specsheet 11.3).	Are you currently prescribed medications and/or receiving treatment for multiple sclerosis (MS)?
Personal and Family Health History	nervouscondition_musculardystrophy_yes	836810	checkbox	multi_select	excluded_family_history				7	0	0			PFHH self-history allowlist handled separately (see specsheet 11.3).	Including yourself, who in your family has had muscular dystrophy (MD)? Select all that apply.
Personal and Family Health History	nervoussystem_musculardystrophycurrently	43530373	radio	single_select	excluded_family_history				2	0	0			PFHH self-history allowlist handled separately (see specsheet 11.3).	Are you still seeing a doctor or health care provider for muscular dystrophy (MD)?
Personal and Family Health History	nervoussystem_howoldwereyoumusculardystrophy	43530531	radio	single_select	excluded_family_history				5	0	0			PFHH self-history allowlist handled separately (see specsheet 11.3).	About how old were you when you were first told you had muscular dystrophy (MD)?
Personal and Family Health History	nervoussystem_rxmedsformusculardystrophy	43528858	radio	single_select	excluded_family_history				2	0	0			PFHH self-history allowlist handled separately (see specsheet 11.3).	Are you currently prescribed medications and/or receiving treatment for muscular dystrophy (MD)?
Personal and Family Health History	nervouscondition_narcolepsy_yes	836853	checkbox	multi_select	excluded_family_history				7	0	0			PFHH self-history allowlist handled separately (see specsheet 11.3).	Including yourself, who in your family has had narcolepsy? Select all that apply.
Personal and Family Health History	nervoussystem_narcolepsycurrently	43530374	radio	single_select	excluded_family_history				2	0	0			PFHH self-history allowlist handled separately (see specsheet 11.3).	Are you still seeing a doctor or health care provider for narcolepsy?
Personal and Family Health History	nervoussystem_howoldwereyounarcolepsy	43530532	radio	single_select	excluded_family_history				5	0	0			PFHH self-history allowlist handled separately (see specsheet 11.3).	About how old were you when you were first told you had narcolepsy?
Personal and Family Health History	nervoussystem_rxmedsfornarcolepsy	43528859	radio	single_select	excluded_family_history				2	0	0			PFHH self-history allowlist handled separately (see specsheet 11.3).	Are you currently prescribed medications and/or receiving treatment for narcolepsy?
Personal and Family Health History	nervouscondition_neuropathy_yes	836811	checkbox	multi_select	excluded_family_history				7	0	0			PFHH self-history allowlist handled separately (see specsheet 11.3).	Including yourself, who in your family has had neuropathy? Select all that apply.
Personal and Family Health History	nervoussystem_neuropathycurrently	43530375	radio	single_select	excluded_family_history				2	0	0			PFHH self-history allowlist handled separately (see specsheet 11.3).	Are you still seeing a doctor or health care provider for neuropathy?
Personal and Family Health History	nervoussystem_howoldwereyouneuropathy	43530533	radio	single_select	excluded_family_history				5	0	0			PFHH self-history allowlist handled separately (see specsheet 11.3).	About how old were you when you were first told you had neuropathy?
Personal and Family Health History	nervoussystem_rxmedsforneuropathy	43528860	radio	single_select	excluded_family_history				2	0	0			PFHH self-history allowlist handled separately (see specsheet 11.3).	Are you currently prescribed medications and/or receiving treatment for neuropathy?
Personal and Family Health History	nervouscondition_parkinsons_yes	836812	checkbox	multi_select	excluded_family_history				7	0	0			PFHH self-history allowlist handled separately (see specsheet 11.3).	Including yourself, who in your family has had Parkinson's disease? Select all that apply.
Personal and Family Health History	nervoussystem_parkinsonsdiseasecurrently	43530377	radio	single_select	excluded_family_history				2	0	0			PFHH self-history allowlist handled separately (see specsheet 11.3).	Are you still seeing a doctor or health care provider for Parkinson's disease?
Personal and Family Health History	nervoussystem_howoldwereyouparkinsonsdisease	43530536	radio	single_select	excluded_family_history				5	0	0			PFHH self-history allowlist handled separately (see specsheet 11.3).	About how old were you when you were first told you had Parkinson's disease?
Personal and Family Health History	nervoussystem_rxmedsforparkinsonsdisease	43528862	radio	single_select	excluded_family_history				2	0	0			PFHH self-history allowlist handled separately (see specsheet 11.3).	Are you currently prescribed medications and/or receiving treatment for Parkinson's disease?
Personal and Family Health History	nervouscondition_restlesslegssyndrome_yes	836813	checkbox	multi_select	excluded_family_history				7	0	0			PFHH self-history allowlist handled separately (see specsheet 11.3).	Including yourself, who in your family has had restless leg syndrome? Select all that apply.
Personal and Family Health History	nervoussystem_restlesslegcurrently	43530378	radio	single_select	excluded_family_history				2	0	0			PFHH self-history allowlist handled separately (see specsheet 11.3).	Are you still seeing a doctor or health care provider for restless leg syndrome?
Personal and Family Health History	nervoussystem_howoldwereyourestlessleg	43530537	radio	single_select	excluded_family_history				5	0	0			PFHH self-history allowlist handled separately (see specsheet 11.3).	About how old were you when you were first told you had restless leg syndrome?
Personal and Family Health History	nervoussystem_rxmedsforrestlessleg	43528863	radio	single_select	excluded_family_history				2	0	0			PFHH self-history allowlist handled separately (see specsheet 11.3).	Are you currently prescribed medications and/or receiving treatment for restless leg syndrome?
Personal and Family Health History	nervouscondition_spinalcordinjury_yes	1740576	checkbox	multi_select	excluded_family_history				7	0	0			PFHH self-history allowlist handled separately (see specsheet 11.3).	Including yourself, who in your family has had spinal cord injury or impairment? Select all that apply.
Personal and Family Health History	nervoussystem_spinalcordinjurycurrently	43530379	radio	single_select	excluded_family_history				2	0	0			PFHH self-history allowlist handled separately (see specsheet 11.3).	Are you still seeing a doctor or health care provider for spinal cord injury or impairment?
Personal and Family Health History	nervoussystem_howoldwereyouspinalcordinjury	1384655	radio	single_select	excluded_family_history				5	0	0			PFHH self-history allowlist handled separately (see specsheet 11.3).	About how old were you when you were first told you had spinal cord injury or impairment?
Personal and Family Health History	nervoussystem_rxmedsforspinalcordinjury	43528864	radio	single_select	excluded_family_history				2	0	0			PFHH self-history allowlist handled separately (see specsheet 11.3).	Are you currently prescribed medications and/or receiving treatment for spinal cord injury or impairment?
Personal and Family Health History	nervouscondition_traumaticbraininjury_yes	1740627	checkbox	multi_select	excluded_family_history				7	0	0	trauma_violence		PFHH self-history allowlist handled separately (see specsheet 11.3).	Including yourself, who in your family has had traumatic brain injury (TBI)? Select all that apply.
Personal and Family Health History	nervoussystem_traumaticbraininjurycurrently	43530380	radio	single_select	excluded_family_history				2	0	0	trauma_violence		PFHH self-history allowlist handled separately (see specsheet 11.3).	Are you still seeing a doctor or health care provider for traumatic brain injury (TBI)?
Personal and Family Health History	nervoussystem_howoldwereyoutraumabraininjury	43530538	radio	single_select	excluded_family_history				5	0	0	trauma_violence		PFHH self-history allowlist handled separately (see specsheet 11.3).	About how old were you when you were first told you had traumatic brain injury (TBI)?
Personal and Family Health History	nervoussystem_rxmedsfortraumabraininjury	43528865	radio	single_select	excluded_family_history				2	0	0	trauma_violence		PFHH self-history allowlist handled separately (see specsheet 11.3).	Are you currently prescribed medications and/or receiving treatment for traumatic brain injury (TBI)?
Personal and Family Health History	nervouscondition_otherbrainnervoussystem_yes	1740558	checkbox	multi_select	excluded_family_history				7	0	0			PFHH self-history allowlist handled separately (see specsheet 11.3).	Including yourself, who in your family has had other brain or nervous system condition(s)? Select all that apply.
Personal and Family Health History	otherbrainnervoussystem_freetextbox		text	free_text	excluded_free_text				0	0	0				Please specify the other brain or nervous system condition(s) you have had.
Personal and Family Health History	otherbrainnervoussystem_motherfreetextbox		text	free_text	excluded_free_text				0	0	0				Please specify the other brain or nervous system condition(s) your mother has had.
Personal and Family Health History	otherbrainnervoussystem_fatherfreetextbox		text	free_text	excluded_free_text				0	0	0				Please specify the other brain or nervous system condition(s) your father has had.
Personal and Family Health History	otherbrainnervoussystem_siblingfreetextbox		text	free_text	excluded_free_text				0	0	0				Please specify the other brain or nervous system condition(s) your sibling(s) has had.
Personal and Family Health History	otherbrainnervoussystem_daughterfreetextbox		text	free_text	excluded_free_text				0	0	0				Please specify the other brain or nervous system condition(s) your daughter(s) has had.
Personal and Family Health History	otherbrainnervoussystem_sonfreetextbox		text	free_text	excluded_free_text				0	0	0				Please specify the other brain or nervous system condition(s) your son(s) has had.
Personal and Family Health History	otherbrainnervoussystem_grandparentfreetextbox		text	free_text	excluded_free_text				0	0	0				Please specify the other brain or nervous system condition(s) your grandparent(s) has had.
Personal and Family Health History	nervoussystem_otherbrainnervoussystemcurrently	1384560	radio	single_select	excluded_family_history				2	0	0			PFHH self-history allowlist handled separately (see specsheet 11.3).	Are you still seeing a doctor or health care provider for other brain or nervous system condition(s)?
Personal and Family Health History	nervoussystem_howoldwereyouotherbrainnervoussystem	1384456	radio	single_select	excluded_family_history				5	0	0			PFHH self-history allowlist handled separately (see specsheet 11.3).	About how old were you when you were first told you had other brain or nervous system condition(s)?
Personal and Family Health History	nervoussystem_rxmedsforotherbrainnervoussystem	1384528	radio	single_select	excluded_family_history				2	0	0			PFHH self-history allowlist handled separately (see specsheet 11.3).	Are you currently prescribed medications and/or receiving treatment for other brain or nervous system condition(s)?
Personal and Family Health History	diagnosedhealthcondition_mentalcondition	43529217	checkbox	multi_select	excluded_family_history				16	0	0	mental_health		PFHH self-history allowlist handled separately (see specsheet 11.3).	Have you or anyone in your family ever been diagnosed with the following mental health or substance use conditions? Think only of the people you are related to by blood. Select all that apply.
Personal and Family Health History	mentalcondition_alcoholuse_yes	836827	checkbox	multi_select	excluded_family_history				7	0	0	alcohol		PFHH self-history allowlist handled separately (see specsheet 11.3).	Including yourself, who in your family has had alcohol use disorder? Select all that apply.
Personal and Family Health History	mentalhealth_alcoholdisordercurrently	1384490	radio	single_select	excluded_family_history				2	0	0	alcohol		PFHH self-history allowlist handled separately (see specsheet 11.3).	Are you still seeing a doctor or health care provider for alcohol use disorder?
Personal and Family Health History	mentalhealth_howoldwereyoualcoholdisorder	1384625	radio	single_select	excluded_family_history				5	0	0	alcohol		PFHH self-history allowlist handled separately (see specsheet 11.3).	About how old were you when you were first told you had alcohol use disorder?
Personal and Family Health History	mentalhealth_rxmedsforalcoholdisorder	1384518	radio	single_select	excluded_family_history				2	0	0	alcohol		PFHH self-history allowlist handled separately (see specsheet 11.3).	Are you currently prescribed medications and/or receiving treatment for alcohol use disorder?
Personal and Family Health History	mentalcondition_anxietypanic_yes	836850	checkbox	multi_select	excluded_family_history				7	0	0	mental_health		PFHH self-history allowlist handled separately (see specsheet 11.3).	Including yourself, who in your family has had anxiety reaction/panic disorder? Select all that apply.
Personal and Family Health History	mentalhealth_anxietycurrently	43530356	radio	single_select	excluded_family_history				2	0	0	mental_health		PFHH self-history allowlist handled separately (see specsheet 11.3).	Are you still seeing a doctor or health care provider for anxiety reaction/panic disorder?
Personal and Family Health History	mentalhealth_howoldwereyouanxiety	43530514	radio	single_select	excluded_family_history				5	0	0	mental_health		PFHH self-history allowlist handled separately (see specsheet 11.3).	About how old were you when you were first told you had anxiety reaction/panic disorder?
Personal and Family Health History	mentalhealth_rxmedsforanxiety	43528841	radio	single_select	excluded_family_history				2	0	0	mental_health		PFHH self-history allowlist handled separately (see specsheet 11.3).	Are you currently prescribed medications and/or receiving treatment for anxiety reaction/panic disorder?
Personal and Family Health History	mentalcondition_adhd_yes	1740660	checkbox	multi_select	excluded_family_history				7	0	0			PFHH self-history allowlist handled separately (see specsheet 11.3).	Including yourself, who in your family has had attention-deficit/hyperactivity disorder (ADHD)? Select all that apply.
Personal and Family Health History	mentalhealth_adhdcurrently	43530354	radio	single_select	excluded_family_history				2	0	0			PFHH self-history allowlist handled separately (see specsheet 11.3).	Are you still seeing a doctor or health care provider for attention-deficit/hyperactivity disorder (ADHD)?
Personal and Family Health History	mentalhealth_howoldwereyouadhd	43530512	radio	single_select	excluded_family_history				5	0	0			PFHH self-history allowlist handled separately (see specsheet 11.3).	About how old were you when you were first told you had attention-deficit/hyperactivity disorder (ADHD)?
Personal and Family Health History	mentalhealth_rxmedsforadhd	43528839	radio	single_select	excluded_family_history				2	0	0			PFHH self-history allowlist handled separately (see specsheet 11.3).	Are you currently prescribed medications and/or receiving treatment for attention-deficit/hyperactivity disorder (ADHD)?
Personal and Family Health History	mentalcondition_autism_yes	836802	checkbox	multi_select	excluded_family_history				7	0	0			PFHH self-history allowlist handled separately (see specsheet 11.3).	Including yourself, who in your family has had autism spectrum disorder? Select all that apply.
Personal and Family Health History	mentalhealth_autismcurrently	1384630	radio	single_select	excluded_family_history				2	0	0			PFHH self-history allowlist handled separately (see specsheet 11.3).	Are you still seeing a doctor or health care provider for autism spectrum disorder?
Personal and Family Health History	mentalhealth_howoldwereyouautism	1384574	radio	single_select	excluded_family_history				5	0	0			PFHH self-history allowlist handled separately (see specsheet 11.3).	About how old were you when you were first told you had autism spectrum disorder?
Personal and Family Health History	mentalhealth_rxmedsforautism	1384486	radio	single_select	excluded_family_history				2	0	0			PFHH self-history allowlist handled separately (see specsheet 11.3).	Are you currently prescribed medications and/or receiving treatment for autism spectrum disorder?
Personal and Family Health History	mentalcondition_bipolar_yes	836803	checkbox	multi_select	excluded_family_history				7	0	0	mental_health		PFHH self-history allowlist handled separately (see specsheet 11.3).	Including yourself, who in your family has had bipolar disorder? Select all that apply.
Personal and Family Health History	mentalhealth_bipolarcurrently	43530357	radio	single_select	excluded_family_history				2	0	0	mental_health		PFHH self-history allowlist handled separately (see specsheet 11.3).	Are you still seeing a doctor or health care provider for bipolar disorder?
Personal and Family Health History	mentalhealth_howoldwereyoubipolar	43530515	radio	single_select	excluded_family_history				5	0	0	mental_health		PFHH self-history allowlist handled separately (see specsheet 11.3).	About how old were you when you were first told you had bipolar disorder?
Personal and Family Health History	mentalhealth_rxmedsforbipolar	43528842	radio	single_select	excluded_family_history				2	0	0	mental_health		PFHH self-history allowlist handled separately (see specsheet 11.3).	Are you currently prescribed medications and/or receiving treatment for bipolar disorder?
Personal and Family Health History	mentalcondition_depression_yes	836804	checkbox	multi_select	excluded_family_history				7	0	0	mental_health		PFHH self-history allowlist handled separately (see specsheet 11.3).	Including yourself, who in your family has had depression? Select all that apply.
Personal and Family Health History	mentalhealth_depressioncurrently	43530358	radio	single_select	excluded_family_history				2	0	0	mental_health		PFHH self-history allowlist handled separately (see specsheet 11.3).	Are you still seeing a doctor or health care provider for depression?
Personal and Family Health History	mentalhealth_howoldwereyoudepression	43530516	radio	single_select	excluded_family_history				5	0	0	mental_health		PFHH self-history allowlist handled separately (see specsheet 11.3).	About how old were you when you were first told you had depression?
Personal and Family Health History	mentalhealth_rxmedsfordepression	43528843	radio	single_select	excluded_family_history				2	0	0	mental_health		PFHH self-history allowlist handled separately (see specsheet 11.3).	Are you currently prescribed medications and/or receiving treatment for depression?
Personal and Family Health History	mentalcondition_druguse_yes	836851	checkbox	multi_select	excluded_family_history				7	0	0	substance_use		PFHH self-history allowlist handled separately (see specsheet 11.3).	Including yourself, who in your family has had a drug use disorder? Select all that apply.
Personal and Family Health History	mentalhealth_drugusedisordercurrently	1384480	radio	single_select	excluded_family_history				2	0	0	substance_use		PFHH self-history allowlist handled separately (see specsheet 11.3).	Are you still seeing a doctor or health care provider for a drug use disorder?
Personal and Family Health History	mentalhealth_howoldwereyoudrugusedisorder	1384514	radio	single_select	excluded_family_history				5	0	0	substance_use		PFHH self-history allowlist handled separately (see specsheet 11.3).	About how old were you when you were first told you had a drug use disorder?
Personal and Family Health History	mentalhealth_rxmedsfordrugusedisorder	1384601	radio	single_select	excluded_family_history				2	0	0	substance_use		PFHH self-history allowlist handled separately (see specsheet 11.3).	Are you currently prescribed medications and/or receiving treatment for a drug use disorder?
Personal and Family Health History	mentalcondition_eatingdisorder_yes	1740556	checkbox	multi_select	excluded_family_history				7	0	0			PFHH self-history allowlist handled separately (see specsheet 11.3).	Including yourself, who in your family has had an eating disorder? Select all that apply.
Personal and Family Health History	mentalhealth_eatingdisordercurrently	43530359	radio	single_select	excluded_family_history				2	0	0			PFHH self-history allowlist handled separately (see specsheet 11.3).	Are you still seeing a doctor or health care provider for an eating disorder?
Personal and Family Health History	mentalhealth_howoldwereyoueatingdisorder	43530517	radio	single_select	excluded_family_history				5	0	0			PFHH self-history allowlist handled separately (see specsheet 11.3).	About how old were you when you were first told you had an eating disorder?
Personal and Family Health History	mentalhealth_rxmedsforeatingdisorder	43528844	radio	single_select	excluded_family_history				2	0	0			PFHH self-history allowlist handled separately (see specsheet 11.3).	Are you currently prescribed medications and/or receiving treatment for an eating disorder?
Personal and Family Health History	mentalcondition_personalitydisorder_yes	1740659	checkbox	multi_select	excluded_family_history				7	0	0			PFHH self-history allowlist handled separately (see specsheet 11.3).	Including yourself, who in your family has had a personality disorder? Select all that apply.
Personal and Family Health History	mentalhealth_personalitydisordercurrently	43530360	radio	single_select	excluded_family_history				2	0	0			PFHH self-history allowlist handled separately (see specsheet 11.3).	Are you still seeing a doctor or health care provider for a personality disorder?
Personal and Family Health History	mentalhealth_howoldwereyoupersonalitydisorder	43530518	radio	single_select	excluded_family_history				5	0	0			PFHH self-history allowlist handled separately (see specsheet 11.3).	About how old were you when you were first told you had a personality disorder?
Personal and Family Health History	mentalhealth_rxmedsforpersonalitydisorder	43528845	radio	single_select	excluded_family_history				2	0	0			PFHH self-history allowlist handled separately (see specsheet 11.3).	Are you currently prescribed medications and/or receiving treatment for a personality disorder?
Personal and Family Health History	mentalcondition_ptsd_yes	1740562	checkbox	multi_select	excluded_family_history				7	0	0	trauma_violence;mental_health		PFHH self-history allowlist handled separately (see specsheet 11.3).	Including yourself, who in your family has had post-traumatic stress disorder (PTSD)? Select all that apply.
Personal and Family Health History	mentalhealth_ptsdcurrently	43530361	radio	single_select	excluded_family_history				2	0	0	trauma_violence;mental_health		PFHH self-history allowlist handled separately (see specsheet 11.3).	Are you still seeing a doctor or health care provider for post-traumatic stress disorder (PTSD)?
Personal and Family Health History	mentalhealth_howoldwereyouptsd	43530519	radio	single_select	excluded_family_history				5	0	0	trauma_violence;mental_health		PFHH self-history allowlist handled separately (see specsheet 11.3).	About how old were you when you were first told you had post-traumatic stress disorder (PTSD)?
Personal and Family Health History	mentalhealth_rxmedsforptsd	43528846	radio	single_select	excluded_family_history				2	0	0	trauma_violence;mental_health		PFHH self-history allowlist handled separately (see specsheet 11.3).	Are you currently prescribed medications and/or receiving treatment for post-traumatic stress disorder (PTSD)?
Personal and Family Health History	mentalcondition_schizophrenia_yes	836805	checkbox	multi_select	excluded_family_history				7	0	0	mental_health		PFHH self-history allowlist handled separately (see specsheet 11.3).	Including yourself, who in your family has had schizophrenia? Select all that apply.
Personal and Family Health History	mentalhealth_schizophreniacurrently	43530362	radio	single_select	excluded_family_history				2	0	0	mental_health		PFHH self-history allowlist handled separately (see specsheet 11.3).	Are you still seeing a doctor or health care provider for schizophrenia?
Personal and Family Health History	mentalhealth_howoldwereyouschizophrenia	43530520	radio	single_select	excluded_family_history				5	0	0	mental_health		PFHH self-history allowlist handled separately (see specsheet 11.3).	About how old were you when you were first told you had schizophrenia?
Personal and Family Health History	mentalhealth_rxmedsforschizophrenia	43528847	radio	single_select	excluded_family_history				2	0	0	mental_health		PFHH self-history allowlist handled separately (see specsheet 11.3).	Are you currently prescribed medications and/or receiving treatment for schizophrenia?
Personal and Family Health History	mentalcondition_socialphobia_yes	1740655	checkbox	multi_select	excluded_family_history				7	0	0			PFHH self-history allowlist handled separately (see specsheet 11.3).	Including yourself, who in your family has had a social phobia? Select all that apply.
Personal and Family Health History	mentalhealth_socialphobiacurrently	43530363	radio	single_select	excluded_family_history				2	0	0			PFHH self-history allowlist handled separately (see specsheet 11.3).	Are you still seeing a doctor or health care provider for a social phobia?
Personal and Family Health History	mentalhealth_howoldwereyousocialphobia	43530521	radio	single_select	excluded_family_history				5	0	0			PFHH self-history allowlist handled separately (see specsheet 11.3).	About how old were you when you were first told you had a social phobia?
Personal and Family Health History	mentalhealth_rxmedsforsocialphobia	43528848	radio	single_select	excluded_family_history				2	0	0			PFHH self-history allowlist handled separately (see specsheet 11.3).	Are you currently prescribed medications and/or receiving treatment for a social phobia?
Personal and Family Health History	mentalcondition_othermentalhealthsubstanceuse_yes	1740643	checkbox	multi_select	excluded_family_history				7	0	0			PFHH self-history allowlist handled separately (see specsheet 11.3).	Including yourself, who in your family has had other mental or substance use condition? Select all that apply.
Personal and Family Health History	othermentalhealthsubstanceuse_freetextbox		text	free_text	excluded_free_text				0	0	0	mental_health			Please specify the other mental health or substance use condition(s) you have had.
Personal and Family Health History	othermentalhealthsubstanceuse_motherfreetextbox		text	free_text	excluded_free_text				0	0	0	mental_health			Please specify the other mental health or substance use condition(s) your mother has had.
Personal and Family Health History	othermentalhealthsubstanceuse_fatherfreetextbox		text	free_text	excluded_free_text				0	0	0	mental_health			Please specify the other mental health or substance use condition(s) your father has had.
Personal and Family Health History	othermentalhealthsubstanceuse_siblingfreetextbox		text	free_text	excluded_free_text				0	0	0	mental_health			Please specify the other mental health or substance use condition(s) your sibling(s) has had.
Personal and Family Health History	othermentalhealthsubstanceuse_daughterfreetextbox		text	free_text	excluded_free_text				0	0	0	mental_health			Please specify the other mental health or substance use condition(s) your daughter(s) has had.
Personal and Family Health History	othermentalhealthsubstanceuse_sonfreetextbox		text	free_text	excluded_free_text				0	0	0	mental_health			Please specify the other mental health or substance use condition(s) your son(s) has had.
Personal and Family Health History	othermentalhealthsubstanceuse_grandparentfreetextb		text	free_text	excluded_free_text				0	0	0	mental_health			Please specify the other mental health or substance use condition(s) your grandparent(s) has had.
Personal and Family Health History	mentalhealth_othermentalhealthsubstanceusecurrently	1384539	radio	single_select	excluded_family_history				2	0	0	mental_health		PFHH self-history allowlist handled separately (see specsheet 11.3).	Are you still seeing a doctor or health care provider for other mental health or substance use condition(s)?
Personal and Family Health History	mentalhealth_howoldwereyouothermentalhealthsubstanceuse	1384425	radio	single_select	excluded_family_history				5	0	0	mental_health		PFHH self-history allowlist handled separately (see specsheet 11.3).	About how old were you when you were first told you had other mental health or substance use condition(s)?
Personal and Family Health History	mentalhealth_rxmedsforothermentalhealthsubstanceuse	1384584	radio	single_select	excluded_family_history				2	0	0	mental_health		PFHH self-history allowlist handled separately (see specsheet 11.3).	Are you currently prescribed medications and/or receiving treatment for other mental health or substance use condition(s)?
Personal and Family Health History	diagnosedhealthcondition_skeletalmuscularcondition	702786	checkbox	multi_select	excluded_family_history				15	0	0			PFHH self-history allowlist handled separately (see specsheet 11.3).	Have you or anyone in your family ever been diagnosed with the following bone, joint, and muscle conditions? Think only of the people you are related to by blood. Select all that apply.
Personal and Family Health History	skeletalmuscularcondition_carpaltunnel_yes	1740617	checkbox	multi_select	excluded_family_history				7	0	0			PFHH self-history allowlist handled separately (see specsheet 11.3).	Including yourself, who in your family has had carpal tunnel syndrome? Select all that apply.
Personal and Family Health History	skeletalmuscular_carpaltunnelcurrently	43530392	radio	single_select	excluded_family_history				2	0	0			PFHH self-history allowlist handled separately (see specsheet 11.3).	Are you still seeing a doctor or health care provider for carpal tunnel syndrome?
Personal and Family Health History	skeletalmuscular_howoldwereyoucarpaltunnel	43530550	radio	single_select	excluded_family_history				5	0	0			PFHH self-history allowlist handled separately (see specsheet 11.3).	About how old were you when you were first told you had carpal tunnel syndrome?
Personal and Family Health History	skeletalmuscular_rxmedsforcarpaltunnel	43528877	radio	single_select	excluded_family_history				2	0	0			PFHH self-history allowlist handled separately (see specsheet 11.3).	Are you currently prescribed medications and/or receiving treatment for carpal tunnel syndrome?
Personal and Family Health History	skeletalmuscularcondition_fibromyalgia_yes	836859	checkbox	multi_select	excluded_family_history				7	0	0			PFHH self-history allowlist handled separately (see specsheet 11.3).	Including yourself, who in your family has had fibromyalgia? Select all that apply.
Personal and Family Health History	skeletalmuscular_fibromyalgiacurrently	43530393	radio	single_select	excluded_family_history				2	0	0			PFHH self-history allowlist handled separately (see specsheet 11.3).	Are you still seeing a doctor or health care provider for fibromyalgia?
Personal and Family Health History	skeletalmuscular_howoldwereyoufibromyalgia	43530551	radio	single_select	excluded_family_history				5	0	0			PFHH self-history allowlist handled separately (see specsheet 11.3).	About how old were you when you were first told you had fibromyalgia?
Personal and Family Health History	skeletalmuscular_rxmedsforfibromyalgia	43528878	radio	single_select	excluded_family_history				2	0	0			PFHH self-history allowlist handled separately (see specsheet 11.3).	Are you currently prescribed medications and/or receiving treatment for fibromyalgia?
Personal and Family Health History	skeletalmuscularcondition_fracturedbrokenbones_yes	1740679	checkbox	multi_select	excluded_family_history				7	0	0			PFHH self-history allowlist handled separately (see specsheet 11.3).	Including yourself, who in your family has had fractured/broken bones in the last five years? Select all that apply.
Personal and Family Health History	skeletalmuscular_fracturedbrokenbonecurrently	43530394	radio	single_select	excluded_family_history				2	0	0			PFHH self-history allowlist handled separately (see specsheet 11.3).	Are you still seeing a doctor or health care provider for fractured/broken bones?
Personal and Family Health History	skeletalmuscular_howoldwereyoufracturedbrokenbone	43530552	radio	single_select	excluded_family_history				5	0	0			PFHH self-history allowlist handled separately (see specsheet 11.3).	About how old were you when you were first told you had fractured/broken bones?
Personal and Family Health History	skeletalmuscular_rxmedsforfracturedbrokenbone	43528879	radio	single_select	excluded_family_history				2	0	0			PFHH self-history allowlist handled separately (see specsheet 11.3).	Are you currently prescribed medications and/or receiving treatment for fractured/broken bones?
Personal and Family Health History	skeletalmuscularcondition_gout_yes	836817	checkbox	multi_select	excluded_family_history				7	0	0			PFHH self-history allowlist handled separately (see specsheet 11.3).	Including yourself, who in your family has had gout? Select all that apply.
Personal and Family Health History	skeletalmuscular_goutcurrently	43530395	radio	single_select	excluded_family_history				2	0	0			PFHH self-history allowlist handled separately (see specsheet 11.3).	Are you still seeing a doctor or health care provider for gout?
Personal and Family Health History	skeletalmuscular_howoldwereyougout	43530553	radio	single_select	excluded_family_history				5	0	0			PFHH self-history allowlist handled separately (see specsheet 11.3).	About how old were you when you were first told you had gout?
Personal and Family Health History	skeletalmuscular_rxmedsforgout	43528880	radio	single_select	excluded_family_history				2	0	0			PFHH self-history allowlist handled separately (see specsheet 11.3).	Are you currently prescribed medications and/or receiving treatment for gout?
Personal and Family Health History	skeletalmuscularcondition_osteoarthritis_yes	836818	checkbox	multi_select	excluded_family_history				7	0	0			PFHH self-history allowlist handled separately (see specsheet 11.3).	Including yourself, who in your family has had osteoarthritis? Select all that apply.
Personal and Family Health History	skeletalmuscular_osteoarthritiscurrently	1384617	radio	single_select	excluded_family_history				2	0	0			PFHH self-history allowlist handled separately (see specsheet 11.3).	Are you still seeing a doctor or health care provider for osteoarthritis?
Personal and Family Health History	skeletalmuscular_howoldwereyouosteoarthritis	1384611	radio	single_select	excluded_family_history				5	0	0			PFHH self-history allowlist handled separately (see specsheet 11.3).	About how old were you when you were first told you had osteoarthritis?
Personal and Family Health History	skeletalmuscular_rxmedsforosteoarthritis	1384433	radio	single_select	excluded_family_history				2	0	0			PFHH self-history allowlist handled separately (see specsheet 11.3).	Are you currently prescribed medications and/or receiving treatment for osteoarthritis?
Personal and Family Health History	skeletalmuscularcondition_osteoporosis_yes	836819	checkbox	multi_select	excluded_family_history				7	0	0			PFHH self-history allowlist handled separately (see specsheet 11.3).	Including yourself, who in your family has had osteoporosis? Select all that apply.
Personal and Family Health History	skeletalmuscular_osteoporosiscurrently	43530397	radio	single_select	excluded_family_history				2	0	0			PFHH self-history allowlist handled separately (see specsheet 11.3).	Are you still seeing a doctor or health care provider for osteoporosis?
Personal and Family Health History	skeletalmuscular_howoldwereyouosteoporosis	43530555	radio	single_select	excluded_family_history				5	0	0			PFHH self-history allowlist handled separately (see specsheet 11.3).	About how old were you when you were first told you had osteoporosis?
Personal and Family Health History	skeletalmuscular_rxmedsforosteoporosis	43528882	radio	single_select	excluded_family_history				2	0	0			PFHH self-history allowlist handled separately (see specsheet 11.3).	Are you currently prescribed medications and/or receiving treatment for osteoporosis?
Personal and Family Health History	skeletalmuscularcondition_pseudogout_yes	836860	checkbox	multi_select	excluded_family_history				7	0	0			PFHH self-history allowlist handled separately (see specsheet 11.3).	Including yourself, who in your family has had pseudogout (CPPD)? Select all that apply.
Personal and Family Health History	skeletalmuscular_pseudogoutcurrently	1384645	radio	single_select	excluded_family_history				2	0	0			PFHH self-history allowlist handled separately (see specsheet 11.3).	Are you still seeing a doctor or health care provider for pseudogout (CPPD)?
Personal and Family Health History	skeletalmuscular_howoldwereyoupseudogout	1384513	radio	single_select	excluded_family_history				5	0	0			PFHH self-history allowlist handled separately (see specsheet 11.3).	About how old were you when you were first told you had pseudogout (CPPD)?
Personal and Family Health History	skeletalmuscular_rxmedsforpseudogout	1384626	radio	single_select	excluded_family_history				2	0	0			PFHH self-history allowlist handled separately (see specsheet 11.3).	Are you currently prescribed medications and/or receiving treatment for pseudogout (CPPD)?
Personal and Family Health History	skeletalmuscularcondition_rheumatoidarthritis_yes	836820	checkbox	multi_select	excluded_family_history				7	0	0			PFHH self-history allowlist handled separately (see specsheet 11.3).	Including yourself, who in your family has had rheumatoid arthritis (RA)? Select all that apply.
Personal and Family Health History	skeletalmuscular_rheumatoidarthritiscurrently	1384593	radio	single_select	excluded_family_history				2	0	0			PFHH self-history allowlist handled separately (see specsheet 11.3).	Are you still seeing a doctor or health care provider for rheumatoid arthritis (RA)?
Personal and Family Health History	skeletalmuscular_howoldwereyourheumatoidarthritis	1384479	radio	single_select	excluded_family_history				5	0	0			PFHH self-history allowlist handled separately (see specsheet 11.3).	About how old were you when you were first told you had rheumatoid arthritis (RA)?
Personal and Family Health History	skeletalmuscular_rxmedsforrheumatoidarthritis	1384540	radio	single_select	excluded_family_history				2	0	0			PFHH self-history allowlist handled separately (see specsheet 11.3).	Are you currently prescribed medications and/or receiving treatment for rheumatoid arthritis (RA)?
Personal and Family Health History	skeletalmuscularcondition_spinemusclebone_yes	836821	checkbox	multi_select	excluded_family_history				7	0	0			PFHH self-history allowlist handled separately (see specsheet 11.3).	Including yourself, who in your family has had spine, muscle, or bone disorders (non-cancer)? Select all that apply.
Personal and Family Health History	skeletalmuscular_spinemusclebonecurrently	43530398	radio	single_select	excluded_family_history				2	0	0			PFHH self-history allowlist handled separately (see specsheet 11.3).	Are you still seeing a doctor or health care provider for spine, muscle, or bone disorders (non-cancer)?
Personal and Family Health History	skeletalmuscular_howoldwereyouspinemusclebone	43530556	radio	single_select	excluded_family_history				5	0	0			PFHH self-history allowlist handled separately (see specsheet 11.3).	About how old were you when you were first told you had spine, muscle, or bone disorders (non-cancer)?
Personal and Family Health History	skeletalmuscular_rxmedsforspinemusclebone	43528883	radio	single_select	excluded_family_history				2	0	0			PFHH self-history allowlist handled separately (see specsheet 11.3).	Are you currently prescribed medications and/or receiving treatment for spine, muscle, or bone disorders (non-cancer)?
Personal and Family Health History	skeletalmuscularcondition_systemiclupus_yes	836822	checkbox	multi_select	excluded_family_history				7	0	0			PFHH self-history allowlist handled separately (see specsheet 11.3).	Including yourself, who in your family has had systemic lupus? Select all that apply.
Personal and Family Health History	skeletalmuscular_lupuscurrently	43530396	radio	single_select	excluded_family_history				2	0	0			PFHH self-history allowlist handled separately (see specsheet 11.3).	Are you still seeing a doctor or health care provider for systemic lupus?
Personal and Family Health History	skeletalmuscular_howoldwereyoulupus	43530554	radio	single_select	excluded_family_history				5	0	0			PFHH self-history allowlist handled separately (see specsheet 11.3).	About how old were you when you were first told you had systemic lupus?
Personal and Family Health History	skeletalmuscular_rxmedsforlupus	43528881	radio	single_select	excluded_family_history				2	0	0			PFHH self-history allowlist handled separately (see specsheet 11.3).	Are you currently prescribed medications and/or receiving treatment for systemic lupus?
Personal and Family Health History	skeletalmuscularcondition_otherarthritis_yes	1740637	checkbox	multi_select	excluded_family_history				7	0	0			PFHH self-history allowlist handled separately (see specsheet 11.3).	Including yourself, who in your family has had other arthritis? Select all that apply.
Personal and Family Health History	otherarthritis_freetextbox		text	free_text	excluded_free_text				0	0	0				Please specify the other arthritis you have had.
Personal and Family Health History	otherarthritis_motherfreetextbox		text	free_text	excluded_free_text				0	0	0				Please specify the other arthritis your mother has had.
Personal and Family Health History	otherarthritis_fatherfreetextbox		text	free_text	excluded_free_text				0	0	0				Please specify the other arthritis your father has had.
Personal and Family Health History	otherarthritis_siblingfreetextbox		text	free_text	excluded_free_text				0	0	0				Please specify the other arthritis your sibling(s) has had.
Personal and Family Health History	otherarthritis_daughterfreetextbox		text	free_text	excluded_free_text				0	0	0				Please specify the other arthritis your daughter(s) has had.
Personal and Family Health History	otherarthritis_sonfreetextbox		text	free_text	excluded_free_text				0	0	0				Please specify the other arthritis your son(s) has had.
Personal and Family Health History	otherarthritis_grandparentfreetextbox		text	free_text	excluded_free_text				0	0	0				Please specify the other arthritis your grandparent(s) has had.
Personal and Family Health History	skeletalmuscular_otherarthritiscurrently	1384576	radio	single_select	excluded_family_history				2	0	0			PFHH self-history allowlist handled separately (see specsheet 11.3).	Are you still seeing a doctor or health care provider for other arthritis?
Personal and Family Health History	skeletalmuscular_howoldwereyouotherarthritis	1384470	radio	single_select	excluded_family_history				5	0	0			PFHH self-history allowlist handled separately (see specsheet 11.3).	About how old were you when you were first told you had other arthritis?
Personal and Family Health History	skeletalmuscular_rxmedsforotherarthritis	1384478	radio	single_select	excluded_family_history				2	0	0			PFHH self-history allowlist handled separately (see specsheet 11.3).	Are you currently prescribed medications and/or receiving treatment for other arthritis?
Personal and Family Health History	skeletalmuscularcondition_otherbonejointmuscle_yes	1740664	checkbox	multi_select	excluded_family_history				7	0	0			PFHH self-history allowlist handled separately (see specsheet 11.3).	Including yourself, who in your family has had other bone, joint, or muscle condition(s)? Select all that apply.
Personal and Family Health History	otherbonejointmuscle_freetextbox		text	free_text	excluded_free_text				0	0	0				Please specify the other bone, joint, or muscle condition(s) you have had.
Personal and Family Health History	otherbonejointmuscle_motherfreetextbox		text	free_text	excluded_free_text				0	0	0				Please specify the other bone, joint, or muscle condition(s) your mother has had.
Personal and Family Health History	otherbonejointmuscle_fatherfreetextbox		text	free_text	excluded_free_text				0	0	0				Please specify the other bone, joint, or muscle condition(s) your father has had.
Personal and Family Health History	otherbonejointmuscle_siblingfreetextbox		text	free_text	excluded_free_text				0	0	0				Please specify the other bone, joint, or muscle condition(s) your sibling(s) has had.
Personal and Family Health History	otherbonejointmuscle_daughterfreetextbox		text	free_text	excluded_free_text				0	0	0				Please specify the other bone, joint, or muscle condition(s) your daughter(s) has had.
Personal and Family Health History	otherbonejointmuscle_sonfreetextbox		text	free_text	excluded_free_text				0	0	0				Please specify the other bone, joint, or muscle condition(s) your son(s) has had.
Personal and Family Health History	otherbonejointmuscle_grandparentfreetextbox		text	free_text	excluded_free_text				0	0	0				Please specify the other bone, joint, or muscle condition(s) your grandparent(s) has had.
Personal and Family Health History	skeletalmuscular_otherbonejointmuscleconditioncurrently	1384410	radio	single_select	excluded_family_history				2	0	0			PFHH self-history allowlist handled separately (see specsheet 11.3).	Are you still seeing a doctor or health care provider for other bone, joint, or muscle condition(s)?
Personal and Family Health History	skeletalmuscular_howoldwereyouotherbonejointmusclecondition	1384399	radio	single_select	excluded_family_history				5	0	0			PFHH self-history allowlist handled separately (see specsheet 11.3).	About how old were you when you were first told you had other bone, joint, or muscle condition(s)?
Personal and Family Health History	skeletalmuscular_rxmedsforotherbonejointmusclecondition	1384671	radio	single_select	excluded_family_history				2	0	0			PFHH self-history allowlist handled separately (see specsheet 11.3).	Are you currently prescribed medications and/or receiving treatment for other bone, joint, or muscle condition(s)?
Personal and Family Health History	diagnosedhealthcondition_visioncondition	43529966	checkbox	multi_select	excluded_family_history				14	0	0			PFHH self-history allowlist handled separately (see specsheet 11.3).	Have you or anyone in your family ever been diagnosed with the following hearing and eye conditions? Think only of the people you are related to by blood. Select all that apply.
Personal and Family Health History	visioncondition_blindness_yes	1740561	checkbox	multi_select	excluded_family_history				7	0	0	disability		PFHH self-history allowlist handled separately (see specsheet 11.3).	Including yourself, who in your family has had blindness, all causes? Select all that apply.
Personal and Family Health History	hearingvision_blindnesscurrently	43530336	radio	single_select	excluded_family_history				2	0	0	disability		PFHH self-history allowlist handled separately (see specsheet 11.3).	Are you still seeing a doctor or health care provider for blindness, all causes?
Personal and Family Health History	hearingvision_howoldwereyoublindness	43530493	radio	single_select	excluded_family_history				5	0	0	disability		PFHH self-history allowlist handled separately (see specsheet 11.3).	About how old were you when you were first told you had blindness, all causes?
Personal and Family Health History	hearingvision_rxmedsforblindness	43528821	radio	single_select	excluded_family_history				2	0	0	disability		PFHH self-history allowlist handled separately (see specsheet 11.3).	Are you currently prescribed medications and/or receiving treatment for blindness, all causes?
Personal and Family Health History	visioncondition_cataracts_yes	836823	checkbox	multi_select	excluded_family_history				7	0	0			PFHH self-history allowlist handled separately (see specsheet 11.3).	Including yourself, who in your family has had cataracts? Select all that apply.
Personal and Family Health History	hearingvision_cataractscurrently	43530337	radio	single_select	excluded_family_history				2	0	0			PFHH self-history allowlist handled separately (see specsheet 11.3).	Are you still seeing a doctor or health care provider for cataracts?
Personal and Family Health History	hearingvision_howoldwereyoucataracts	43530494	radio	single_select	excluded_family_history				5	0	0			PFHH self-history allowlist handled separately (see specsheet 11.3).	About how old were you when you were first told you had cataracts?
Personal and Family Health History	hearingvision_rxmedsforcataracts	43528822	radio	single_select	excluded_family_history				2	0	0			PFHH self-history allowlist handled separately (see specsheet 11.3).	Are you currently prescribed medications and/or receiving treatment for cataracts?
Personal and Family Health History	visioncondition_dryeyes_yes	1740645	checkbox	multi_select	excluded_family_history				7	0	0			PFHH self-history allowlist handled separately (see specsheet 11.3).	Including yourself, who in your family has had dry eyes? Select all that apply.
Personal and Family Health History	hearingvision_dryeyescurrently	43530338	radio	single_select	excluded_family_history				2	0	0			PFHH self-history allowlist handled separately (see specsheet 11.3).	Are you still seeing a doctor or health care provider for dry eyes?
Personal and Family Health History	hearingvision_howoldwereyoudryeyes	43530495	radio	single_select	excluded_family_history				5	0	0			PFHH self-history allowlist handled separately (see specsheet 11.3).	About how old were you when you were first told you had dry eyes?
Personal and Family Health History	hearingvision_rxmedsfordryeyes	43528823	radio	single_select	excluded_family_history				2	0	0			PFHH self-history allowlist handled separately (see specsheet 11.3).	Are you currently prescribed medications and/or receiving treatment for dry eyes?
Personal and Family Health History	visioncondition_farsightedness_yes	1740583	checkbox	multi_select	excluded_family_history				7	0	0			PFHH self-history allowlist handled separately (see specsheet 11.3).	Including yourself, who in your family has had farsightedness? Select all that apply.
Personal and Family Health History	hearingvision_farsightednesscurrently	43530339	radio	single_select	excluded_family_history				2	0	0			PFHH self-history allowlist handled separately (see specsheet 11.3).	Are you still seeing a doctor or health care provider for farsightedness?
Personal and Family Health History	hearingvision_howoldwereyoufarsightedness	43530496	radio	single_select	excluded_family_history				5	0	0			PFHH self-history allowlist handled separately (see specsheet 11.3).	About how old were you when you were first told you had farsightedness?
Personal and Family Health History	hearingvision_rxmedsforfarsightedness	43528824	radio	single_select	excluded_family_history				2	0	0			PFHH self-history allowlist handled separately (see specsheet 11.3).	Are you currently prescribed medications and/or receiving treatment for farsightedness?
Personal and Family Health History	visioncondition_nearsightedness_yes	1740644	checkbox	multi_select	excluded_family_history				7	0	0			PFHH self-history allowlist handled separately (see specsheet 11.3).	Including yourself, who in your family has had nearsightedness? Select all that apply.
Personal and Family Health History	hearingvision_nearsightednesscurrently	43530343	radio	single_select	excluded_family_history				2	0	0			PFHH self-history allowlist handled separately (see specsheet 11.3).	Are you still seeing a doctor or health care provider for nearsightedness?
Personal and Family Health History	hearingvision_howoldwereyounearsightedness	43530500	radio	single_select	excluded_family_history				5	0	0			PFHH self-history allowlist handled separately (see specsheet 11.3).	About how old were you when you were first told you had nearsightedness?
Personal and Family Health History	hearingvision_rxmedsfornearsightedness	43528828	radio	single_select	excluded_family_history				2	0	0			PFHH self-history allowlist handled separately (see specsheet 11.3).	Are you currently prescribed medications and/or receiving treatment for nearsightedness?
Personal and Family Health History	visioncondition_astigmatism_yes	1740675	checkbox	multi_select	excluded_family_history				7	0	0			PFHH self-history allowlist handled separately (see specsheet 11.3).	Including yourself, who in your family has had astigmatism? Select all that apply.
Personal and Family Health History	hearingvision_astigmatismcurrently	1384570	radio	single_select	excluded_family_history				2	0	0			PFHH self-history allowlist handled separately (see specsheet 11.3).	Are you still seeing a doctor or health care provider for astigmatism?
Personal and Family Health History	hearingvision_howoldwereyouastigmatism	1384554	radio	single_select	excluded_family_history				5	0	0			PFHH self-history allowlist handled separately (see specsheet 11.3).	About how old were you when you were first told you had astigmatism?
Personal and Family Health History	hearingvision_rxmedsforastigmatism	1384388	radio	single_select	excluded_family_history				2	0	0			PFHH self-history allowlist handled separately (see specsheet 11.3).	Are you currently prescribed medications and/or receiving treatment for astigmatism?
Personal and Family Health History	visioncondition_glaucoma_yes	836824	checkbox	multi_select	excluded_family_history				7	0	0			PFHH self-history allowlist handled separately (see specsheet 11.3).	Including yourself, who in your family has had glaucoma? Select all that apply.
Personal and Family Health History	hearingvision_glaucomacurrently	43530340	radio	single_select	excluded_family_history				2	0	0			PFHH self-history allowlist handled separately (see specsheet 11.3).	Are you still seeing a doctor or health care provider for glaucoma?
Personal and Family Health History	hearingvision_howoldwereyouglaucoma	43530497	radio	single_select	excluded_family_history				5	0	0			PFHH self-history allowlist handled separately (see specsheet 11.3).	About how old were you when you were first told you had glaucoma?
Personal and Family Health History	hearingvision_rxmedsforglaucoma	43528825	radio	single_select	excluded_family_history				2	0	0			PFHH self-history allowlist handled separately (see specsheet 11.3).	Are you currently prescribed medications and/or receiving treatment for glaucoma?
Personal and Family Health History	visioncondition_maculardegeneration_yes	836826	checkbox	multi_select	excluded_family_history				7	0	0			PFHH self-history allowlist handled separately (see specsheet 11.3).	Including yourself, who in your family has had macular degeneration? Select all that apply.
Personal and Family Health History	hearingvision_maculardegenerationcurrently	43530342	radio	single_select	excluded_family_history				2	0	0			PFHH self-history allowlist handled separately (see specsheet 11.3).	Are you still seeing a doctor or health care provider for macular degeneration?
Personal and Family Health History	hearingvision_howoldwereyoumaculardegeneration	43530499	radio	single_select	excluded_family_history				5	0	0			PFHH self-history allowlist handled separately (see specsheet 11.3).	About how old were you when you were first told you had macular degeneration?
Personal and Family Health History	hearingvision_rxmedsformaculardegeneration	43528827	radio	single_select	excluded_family_history				2	0	0			PFHH self-history allowlist handled separately (see specsheet 11.3).	Are you currently prescribed medications and/or receiving treatment for macular degeneration?
Personal and Family Health History	visioncondition_hearingloss_yes	836825	checkbox	multi_select	excluded_family_history				7	0	0	disability		PFHH self-history allowlist handled separately (see specsheet 11.3).	Including yourself, who in your family has had severe hearing loss or partial deafness in one or both ears? Select all that apply.
Personal and Family Health History	hearingvision_hearinglosscurrently	43530341	radio	single_select	excluded_family_history				2	0	0	disability		PFHH self-history allowlist handled separately (see specsheet 11.3).	Are you still seeing a doctor or health care provider for severe hearing loss or partial deafness in one or both ears?
Personal and Family Health History	hearingvision_howoldwereyouhearingloss	43530498	radio	single_select	excluded_family_history				5	0	0	disability		PFHH self-history allowlist handled separately (see specsheet 11.3).	About how old were you when you were first told you had severe hearing loss or partial deafness in one or both ears?
Personal and Family Health History	hearingvision_rxmedsforhearingloss	43528826	radio	single_select	excluded_family_history				2	0	0	disability		PFHH self-history allowlist handled separately (see specsheet 11.3).	Are you currently prescribed medications and/or receiving treatment for severe hearing loss or partial deafness in one or both ears?
Personal and Family Health History	visioncondition_tinnitus_yes	1740572	checkbox	multi_select	excluded_family_history				7	0	0			PFHH self-history allowlist handled separately (see specsheet 11.3).	Including yourself, who in your family has had tinnitus? Select all that apply.
Personal and Family Health History	hearingvision_tinnituscurrently	43530344	radio	single_select	excluded_family_history				2	0	0			PFHH self-history allowlist handled separately (see specsheet 11.3).	Are you still seeing a doctor or health care provider for tinnitus?
Personal and Family Health History	hearingvision_howoldwereyoutinnitus	43530501	radio	single_select	excluded_family_history				5	0	0			PFHH self-history allowlist handled separately (see specsheet 11.3).	About how old were you when you were first told you had tinnitus?
Personal and Family Health History	hearingvision_rxmedsfortinnitus	43528829	radio	single_select	excluded_family_history				2	0	0			PFHH self-history allowlist handled separately (see specsheet 11.3).	Are you currently prescribed medications and/or receiving treatment for tinnitus?
Personal and Family Health History	visioncondition_otherhearingeyecondition_yes	1740636	checkbox	multi_select	excluded_family_history				7	0	0			PFHH self-history allowlist handled separately (see specsheet 11.3).	Including yourself, who in your family has had other hearing or eye condition(s)? Select all that apply.
Personal and Family Health History	otherhearingeye_freetextbox		text	free_text	excluded_free_text				0	0	0				Please specify the other hearing or eye condition(s) you have had.
Personal and Family Health History	otherhearingeye_motherfreetextbox		text	free_text	excluded_free_text				0	0	0				Please specify the other hearing or eye condition(s) your mother has had.
Personal and Family Health History	otherhearingeye_fatherfreetextbox		text	free_text	excluded_free_text				0	0	0				Please specify the other hearing or eye condition(s) your father has had.
Personal and Family Health History	otherhearingeye_siblingfreetextbox		text	free_text	excluded_free_text				0	0	0				Please specify the other hearing or eye condition(s) your sibling(s) has had.
Personal and Family Health History	otherhearingeye_daughterfreetextbox		text	free_text	excluded_free_text				0	0	0				Please specify the other hearing or eye condition(s) your daughter(s) has had.
Personal and Family Health History	otherhearingeye_sonfreetextbox		text	free_text	excluded_free_text				0	0	0				Please specify the other hearing or eye condition(s) your son(s) has had.
Personal and Family Health History	otherhearingeye_grandparentfreetextbox		text	free_text	excluded_free_text				0	0	0				Please specify the other hearing or eye condition(s) your grandparent(s) has had.
Personal and Family Health History	hearingvision_otherhearingeyeconditioncurrently	1384556	radio	single_select	excluded_family_history				2	0	0			PFHH self-history allowlist handled separately (see specsheet 11.3).	Are you still seeing a doctor or health care provider for other hearing or eye condition(s)?
Personal and Family Health History	hearingvision_howoldwereyouotherhearingeyecondition	1384667	radio	single_select	excluded_family_history				5	0	0			PFHH self-history allowlist handled separately (see specsheet 11.3).	About how old were you when you were first told you had other hearing or eye condition(s)?
Personal and Family Health History	hearingvision_rxmedsforotherhearingeyecondition	1384663	radio	single_select	excluded_family_history				2	0	0			PFHH self-history allowlist handled separately (see specsheet 11.3).	Are you currently prescribed medications and/or receiving treatment for other hearing or eye condition(s)?
Personal and Family Health History	diagnosedhealthcondition_othercondition	836841	checkbox	multi_select	excluded_family_history				15	0	0			PFHH self-history allowlist handled separately (see specsheet 11.3).	Have you or anyone in your family ever been diagnosed with the following conditions? Think only of the people you are related to by blood. Select all that apply.
Personal and Family Health History	diagnosedhealthcondition_acne_yes	1740608	checkbox	multi_select	excluded_family_history				7	0	0			PFHH self-history allowlist handled separately (see specsheet 11.3).	Including yourself, who in your family has had acne? Select all that apply.
Personal and Family Health History	other_acnecurrently	43530381	radio	single_select	excluded_family_history				2	0	0			PFHH self-history allowlist handled separately (see specsheet 11.3).	Are you still seeing a doctor or health care provider for acne?
Personal and Family Health History	other_howoldwereyouacne	43530539	radio	single_select	excluded_family_history				5	0	0			PFHH self-history allowlist handled separately (see specsheet 11.3).	About how old were you when you were first told you had acne?
Personal and Family Health History	other_rxmedsforacne	43528866	radio	single_select	excluded_family_history				2	0	0			PFHH self-history allowlist handled separately (see specsheet 11.3).	Are you currently prescribed medications and/or receiving treatment for acne?
Personal and Family Health History	diagnosedhealthcondition_allergies_yes	836791	checkbox	multi_select	excluded_family_history				7	0	0			PFHH self-history allowlist handled separately (see specsheet 11.3).	Including yourself, who in your family has had allergies? Select all that apply.
Personal and Family Health History	other_allergiescurrently	43530382	radio	single_select	excluded_family_history				2	0	0			PFHH self-history allowlist handled separately (see specsheet 11.3).	Are you still seeing a doctor or health care provider for allergies?
Personal and Family Health History	other_howoldwereyouallergies	43530540	radio	single_select	excluded_family_history				5	0	0			PFHH self-history allowlist handled separately (see specsheet 11.3).	About how old were you when you were first told you had allergies?
Personal and Family Health History	other_rxmedsforallergies	43528867	radio	single_select	excluded_family_history				2	0	0			PFHH self-history allowlist handled separately (see specsheet 11.3).	Are you currently prescribed medications and/or receiving treatment for allergies?
Personal and Family Health History	otherhealthcondition_endometriosis_yes	836854	checkbox	multi_select	excluded_family_history				5	0	0			PFHH self-history allowlist handled separately (see specsheet 11.3).	Including yourself, who in your family has had endometriosis? Select all that apply.
Personal and Family Health History	other_endometriosiscurrently	1384474	radio	single_select	excluded_family_history				2	0	0			PFHH self-history allowlist handled separately (see specsheet 11.3).	Are you still seeing a doctor or health care provider for endometriosis?
Personal and Family Health History	other_howoldwereyouendometriosis	1384636	radio	single_select	excluded_family_history				5	0	0			PFHH self-history allowlist handled separately (see specsheet 11.3).	About how old were you when you were first told you had endometriosis?
Personal and Family Health History	other_rxmedsforendometriosis	1384624	radio	single_select	excluded_family_history				2	0	0			PFHH self-history allowlist handled separately (see specsheet 11.3).	Are you currently prescribed medications and/or receiving treatment for endometriosis?
Personal and Family Health History	otherhealthcondition_enlargedprostate_yes	1740629	checkbox	multi_select	excluded_family_history				5	0	0			PFHH self-history allowlist handled separately (see specsheet 11.3).	Including yourself, who in your family has had an enlarged prostate? Select all that apply.
Personal and Family Health History	other_enlargedprostatecurrently	43530383	radio	single_select	excluded_family_history				2	0	0			PFHH self-history allowlist handled separately (see specsheet 11.3).	Are you still seeing a doctor or health care provider for an enlarged prostate?
Personal and Family Health History	other_howoldwereyouenlargedprostate	43530541	radio	single_select	excluded_family_history				5	0	0			PFHH self-history allowlist handled separately (see specsheet 11.3).	About how old were you when you were first told you had an enlarged prostate?
Personal and Family Health History	other_rxmedsforenlargedprostate	43528868	radio	single_select	excluded_family_history				2	0	0			PFHH self-history allowlist handled separately (see specsheet 11.3).	Are you currently prescribed medications and/or receiving treatment for an enlarged prostate?
Personal and Family Health History	otherhealthcondition_fibroids_yes	836855	checkbox	multi_select	excluded_family_history				5	0	0			PFHH self-history allowlist handled separately (see specsheet 11.3).	Including yourself, who in your family has had fibroids? Select all that apply.
Personal and Family Health History	other_fibroidscurrently	1384605	radio	single_select	excluded_family_history				2	0	0			PFHH self-history allowlist handled separately (see specsheet 11.3).	Are you still seeing a doctor or health care provider for fibroids?
Personal and Family Health History	other_howoldwereyoufibroids	1384542	radio	single_select	excluded_family_history				5	0	0			PFHH self-history allowlist handled separately (see specsheet 11.3).	About how old were you when you were first told you had fibroids?
Personal and Family Health History	other_rxmedsforfibroids	1384668	radio	single_select	excluded_family_history				2	0	0			PFHH self-history allowlist handled separately (see specsheet 11.3).	Are you currently prescribed medications and/or receiving treatment for fibroids?
Personal and Family Health History	otherhealthcondition_obesity_yes	1740668	checkbox	multi_select	excluded_family_history				7	0	0			PFHH self-history allowlist handled separately (see specsheet 11.3).	Including yourself, who in your family has had obesity? Select all that apply.
Personal and Family Health History	other_obesitycurrently	43530384	radio	single_select	excluded_family_history				2	0	0			PFHH self-history allowlist handled separately (see specsheet 11.3).	Are you still seeing a doctor or health care provider for obesity?
Personal and Family Health History	other_howoldwereyouobesity	43530542	radio	single_select	excluded_family_history				5	0	0			PFHH self-history allowlist handled separately (see specsheet 11.3).	About how old were you when you were first told you had obesity?
Personal and Family Health History	other_rxmedsforobesity	43528869	radio	single_select	excluded_family_history				2	0	0			PFHH self-history allowlist handled separately (see specsheet 11.3).	Are you currently prescribed medications and/or receiving treatment for obesity?
Personal and Family Health History	otherhealthcondition_polycysticovariansyndrome_yes	836814	checkbox	multi_select	excluded_family_history				5	0	0	reproductive_menstrual		PFHH self-history allowlist handled separately (see specsheet 11.3).	Including yourself, who in your family has had polycystic ovarian syndrome? Select all that apply.
Personal and Family Health History	other_pcoscurrently	1384501	radio	single_select	excluded_family_history				2	0	0	reproductive_menstrual		PFHH self-history allowlist handled separately (see specsheet 11.3).	Are you still seeing a doctor or health care provider for polycystic ovarian syndrome?
Personal and Family Health History	other_howoldwereyoupcos	1384509	radio	single_select	excluded_family_history				5	0	0	reproductive_menstrual		PFHH self-history allowlist handled separately (see specsheet 11.3).	About how old were you when you were first told you had polycystic ovarian syndrome?
Personal and Family Health History	other_rxmedsforpcos	1384507	radio	single_select	excluded_family_history				2	0	0	reproductive_menstrual		PFHH self-history allowlist handled separately (see specsheet 11.3).	Are you currently prescribed medications and/or receiving treatment for polycystic ovarian syndrome?
Personal and Family Health History	otherhealthcondition_reactionstoanesthesia_yes	836857	checkbox	multi_select	excluded_family_history				7	0	0			PFHH self-history allowlist handled separately (see specsheet 11.3).	Including yourself, who in your family has had reactions to anesthesia (such as hyperthermia)? Select all that apply.
Personal and Family Health History	other_reactionsanesthesiacurrently	1384530	radio	single_select	excluded_family_history				2	0	0			PFHH self-history allowlist handled separately (see specsheet 11.3).	Are you still seeing a doctor or health care provider for reactions to anesthesia (such as hyperthermia)?
Personal and Family Health History	other_howoldwereyoureactionsanesthesia	1384569	radio	single_select	excluded_family_history				5	0	0			PFHH self-history allowlist handled separately (see specsheet 11.3).	About how old were you when you were first told you had reactions to anesthesia (such as hyperthermia)?
Personal and Family Health History	other_rxmedsforreactionsanesthesia	1384572	radio	single_select	excluded_family_history				2	0	0			PFHH self-history allowlist handled separately (see specsheet 11.3).	Are you currently prescribed medications and/or receiving treatment for reactions to anesthesia (such as hyperthermia)?
Personal and Family Health History	diagnosedhealthcondition_skincondition_yes	836842	checkbox	multi_select	excluded_family_history				7	0	0			PFHH self-history allowlist handled separately (see specsheet 11.3).	Including yourself, who in your family has had skin condition(s) (e.g., eczema, psoriasis)? Select all that apply.
Personal and Family Health History	other_skinconditioncurrently	43530385	radio	single_select	excluded_family_history				2	0	0			PFHH self-history allowlist handled separately (see specsheet 11.3).	Are you still seeing a doctor or health care provider for skin condition(s) (e.g., eczema, psoriasis)?
Personal and Family Health History	other_howoldwereyouskincondition	43530543	radio	single_select	excluded_family_history				5	0	0			PFHH self-history allowlist handled separately (see specsheet 11.3).	About how old were you when you were first told you had a skin condition(s) (e.g., eczema, psoriasis)?
Personal and Family Health History	other_rxmedsforskincondition	43528870	radio	single_select	excluded_family_history				2	0	0			PFHH self-history allowlist handled separately (see specsheet 11.3).	Are you currently prescribed medications and/or receiving treatment for a skin condition(s) (e.g., eczema, psoriasis)?
Personal and Family Health History	diagnosedhealthcondition_vitaminbdeficiency_yes	1740573	checkbox	multi_select	excluded_family_history				7	0	0			PFHH self-history allowlist handled separately (see specsheet 11.3).	Including yourself, who in your family has had vitamin B deficiency? Select all that apply.
Personal and Family Health History	other_vitaminbdeficiencycurrently	43530386	radio	single_select	excluded_family_history				2	0	0			PFHH self-history allowlist handled separately (see specsheet 11.3).	Are you still seeing a doctor or health care provider for vitamin B deficiency?
Personal and Family Health History	other_howoldwereyouvitaminbdeficiency	43530544	radio	single_select	excluded_family_history				5	0	0			PFHH self-history allowlist handled separately (see specsheet 11.3).	About how old were you when you were first told you had vitamin B deficiency?
Personal and Family Health History	other_rxmedsforvitaminbdeficiency	43528871	radio	single_select	excluded_family_history				2	0	0			PFHH self-history allowlist handled separately (see specsheet 11.3).	Are you currently prescribed medications and/or receiving treatment for vitamin B deficiency?
Personal and Family Health History	diagnosedhealthcondition_vitaminddeficiency_yes	1740601	checkbox	multi_select	excluded_family_history				7	0	0			PFHH self-history allowlist handled separately (see specsheet 11.3).	Including yourself, who in your family has had vitamin D deficiency? Select all that apply.
Personal and Family Health History	other_vitaminddeficiencycurrently	43530387	radio	single_select	excluded_family_history				2	0	0			PFHH self-history allowlist handled separately (see specsheet 11.3).	Are you still seeing a doctor or health care provider for vitamin D deficiency?
Personal and Family Health History	other_howoldwereyouvitaminddeficiency	43530545	radio	single_select	excluded_family_history				5	0	0			PFHH self-history allowlist handled separately (see specsheet 11.3).	About how old were you when you were first told you had vitamin D deficiency?
Personal and Family Health History	other_rxmedsforvitaminddeficiency	43528872	radio	single_select	excluded_family_history				2	0	0			PFHH self-history allowlist handled separately (see specsheet 11.3).	Are you currently prescribed medications and/or receiving treatment for vitamin D deficiency?
Personal and Family Health History	otherhealthcondition_otherhealthcondition_yes	836856	checkbox	multi_select	excluded_family_history				7	0	0			PFHH self-history allowlist handled separately (see specsheet 11.3).	Including yourself, who in your family has had other condition(s)? Select all that apply.
Personal and Family Health History	otherdiagnosis_freetextbox		text	free_text	excluded_free_text				0	0	0				Please specify the other condition(s) you have had.
Personal and Family Health History	otherdiagnosis_motherfreetextbox		text	free_text	excluded_free_text				0	0	0				Please specify the other condition(s) your mother has had.
Personal and Family Health History	otherdiagnosis_fatherfreetextbox		text	free_text	excluded_free_text				0	0	0				Please specify the other condition(s) your father has had.
Personal and Family Health History	otherdiagnosis_siblingfreetextbox		text	free_text	excluded_free_text				0	0	0				Please specify the other condition(s) your sibling(s) has had.
Personal and Family Health History	otherdiagnosis_daughterfreetextbox		text	free_text	excluded_free_text				0	0	0				Please specify the other condition(s) your daughter(s) has had.
Personal and Family Health History	otherdiagnosis_sonfreetextbox		text	free_text	excluded_free_text				0	0	0				Please specify the other condition(s) your son(s) has had.
Personal and Family Health History	otherdiagnosis_grandparentfreetextbox		text	free_text	excluded_free_text				0	0	0				Please specify the other condition(s) your grandparent(s) has had.
Personal and Family Health History	other_otherdiagnosiscurrently	1384409	radio	single_select	excluded_family_history				2	0	0			PFHH self-history allowlist handled separately (see specsheet 11.3).	Are you still seeing a doctor or health care provider for other condition(s)?
Personal and Family Health History	other_howoldwereyouotherdiagnosis	1384394	radio	single_select	excluded_family_history				5	0	0			PFHH self-history allowlist handled separately (see specsheet 11.3).	About how old were you when you were first told you had other condition(s)?
Personal and Family Health History	other_rxmedsforotherdiagnosis	1384589	radio	single_select	excluded_family_history				2	0	0			PFHH self-history allowlist handled separately (see specsheet 11.3).	Are you currently prescribed medications and/or receiving treatment for other condition(s)?
Personal and Family Health History	infectiousdiseases_infectiousdiseasecondition	1384662	checkbox	multi_select	excluded_family_history				18	0	0			PFHH self-history allowlist handled separately (see specsheet 11.3).	Have you ever been diagnosed with the following conditions? Select all that apply.
Personal and Family Health History	infectiousdiseases_chickenpoxcurrently	1384553	radio	single_select	excluded_family_history				2	0	0			PFHH self-history allowlist handled separately (see specsheet 11.3).	Are you still seeing a doctor or health care provider for chickenpox?
Personal and Family Health History	infectiousdiseases_howoldwereyouchickenpox	1384637	radio	single_select	excluded_family_history				5	0	0			PFHH self-history allowlist handled separately (see specsheet 11.3).	About how old were you when you were first told you had chickenpox?
Personal and Family Health History	infectiousdiseases_rxmedsforchickenpox	1384442	radio	single_select	excluded_family_history				2	0	0			PFHH self-history allowlist handled separately (see specsheet 11.3).	Are you currently prescribed medications and/or receiving treatment for chickenpox?
Personal and Family Health History	infectiousdiseases_chronicsinuscurrently	43530345	radio	single_select	excluded_family_history				2	0	0			PFHH self-history allowlist handled separately (see specsheet 11.3).	Are you still seeing a doctor or health care provider for chronic sinus infections?
Personal and Family Health History	infectiousdiseases_howoldwereyouchronicsinus	43530502	radio	single_select	excluded_family_history				5	0	0			PFHH self-history allowlist handled separately (see specsheet 11.3).	About how old were you when you were first told you had chronic sinus infections?
Personal and Family Health History	infectiousdiseases_rxmedsforchronicsinus	43528830	radio	single_select	excluded_family_history				2	0	0			PFHH self-history allowlist handled separately (see specsheet 11.3).	Are you currently prescribed medications and/or receiving treatment for chronic sinus infections?
Personal and Family Health History	infectiousdiseases_denguefevercurrently	1384418	radio	single_select	excluded_family_history				2	0	0			PFHH self-history allowlist handled separately (see specsheet 11.3).	Are you still seeing a doctor or health care provider for dengue fever?
Personal and Family Health History	infectiousdiseases_howoldwereyoudenguefever	1384552	radio	single_select	excluded_family_history				5	0	0			PFHH self-history allowlist handled separately (see specsheet 11.3).	About how old were you when you were first told you had dengue fever?
Personal and Family Health History	infectiousdiseases_rxmedsfordenguefever	1384627	radio	single_select	excluded_family_history				2	0	0			PFHH self-history allowlist handled separately (see specsheet 11.3).	Are you currently prescribed medications and/or receiving treatment for dengue fever?
Personal and Family Health History	infectiousdiseases_hepatitisacurrently	1384401	radio	single_select	excluded_family_history				2	0	0			PFHH self-history allowlist handled separately (see specsheet 11.3).	Are you still seeing a doctor or health care provider for hepatitis A?
Personal and Family Health History	infectiousdiseases_howoldwereyouhepatitisa	1384619	radio	single_select	excluded_family_history				5	0	0			PFHH self-history allowlist handled separately (see specsheet 11.3).	About how old were you when you were first told you had hepatitis A?
Personal and Family Health History	infectiousdiseases_rxmedsforhepatitisa	1384535	radio	single_select	excluded_family_history				2	0	0			PFHH self-history allowlist handled separately (see specsheet 11.3).	Are you currently prescribed medications and/or receiving treatment for hepatitis A?
Personal and Family Health History	infectiousdiseases_hepatitisbcurrently	1384506	radio	single_select	excluded_family_history				2	0	0			PFHH self-history allowlist handled separately (see specsheet 11.3).	Are you still seeing a doctor or health care provider for hepatitis B?
Personal and Family Health History	infectiousdiseases_howoldwereyouhepatitisb	1384620	radio	single_select	excluded_family_history				5	0	0			PFHH self-history allowlist handled separately (see specsheet 11.3).	About how old were you when you were first told you had hepatitis B?
Personal and Family Health History	infectiousdiseases_rxmedsforhepatitisb	1384447	radio	single_select	excluded_family_history				2	0	0			PFHH self-history allowlist handled separately (see specsheet 11.3).	Are you currently prescribed medications and/or receiving treatment for hepatitis B?
Personal and Family Health History	infectiousdiseases_hepatitisccurrently	43530346	radio	single_select	excluded_family_history				2	0	0			PFHH self-history allowlist handled separately (see specsheet 11.3).	Are you still seeing a doctor or health care provider for hepatitis C?
Personal and Family Health History	infectiousdiseases_howoldwereyouhepatitisc	43530503	radio	single_select	excluded_family_history				5	0	0			PFHH self-history allowlist handled separately (see specsheet 11.3).	About how old were you when you were first told you had hepatitis C?
Personal and Family Health History	infectiousdiseases_rxmedsforhepatitisc	43528831	radio	single_select	excluded_family_history				2	0	0			PFHH self-history allowlist handled separately (see specsheet 11.3).	Are you currently prescribed medications and/or receiving treatment for hepatitis C?
Personal and Family Health History	infectiousdiseases_hivaidscurrently	43530347	radio	single_select	excluded_family_history				2	0	0			PFHH self-history allowlist handled separately (see specsheet 11.3).	Are you still seeing a doctor or health care provider for HIV/AIDS?
Personal and Family Health History	infectiousdiseases_howoldwereyouhivaids	43530505	radio	single_select	excluded_family_history				5	0	0			PFHH self-history allowlist handled separately (see specsheet 11.3).	About how old were you when you were first told you had HIV/AIDS?
Personal and Family Health History	infectiousdiseases_rxmedsforhivaids	43528832	radio	single_select	excluded_family_history				2	0	0			PFHH self-history allowlist handled separately (see specsheet 11.3).	Are you currently prescribed medications and/or receiving treatment for HIV/AIDS?
Personal and Family Health History	infectiousdiseases_lymediseasecurrently	1384431	radio	single_select	excluded_family_history				2	0	0			PFHH self-history allowlist handled separately (see specsheet 11.3).	Are you still seeing a doctor or health care provider for Lyme disease?
Personal and Family Health History	infectiousdiseases_howoldwereyoulymedisease	1384432	radio	single_select	excluded_family_history				5	0	0			PFHH self-history allowlist handled separately (see specsheet 11.3).	About how old were you when you were first told you had Lyme disease?
Personal and Family Health History	infectiousdiseases_rxmedsforlymedisease	1384628	radio	single_select	excluded_family_history				2	0	0			PFHH self-history allowlist handled separately (see specsheet 11.3).	Are you currently prescribed medications and/or receiving treatment for Lyme disease?
Personal and Family Health History	infectiousdiseases_urinarytractcurrently	43530349	radio	single_select	excluded_family_history				2	0	0			PFHH self-history allowlist handled separately (see specsheet 11.3).	Are you still seeing a doctor or health care provider for recurrent urinary tract infections (UTI)/bladder infections?
Personal and Family Health History	infectiousdiseases_howoldwereyouurinarytract	43530507	radio	single_select	excluded_family_history				5	0	0			PFHH self-history allowlist handled separately (see specsheet 11.3).	About how old were you when you were first told you had recurrent urinary tract infections (UTI)/bladder infections?
Personal and Family Health History	infectiousdiseases_rxmedsforurinarytract	43528834	radio	single_select	excluded_family_history				2	0	0			PFHH self-history allowlist handled separately (see specsheet 11.3).	Are you currently prescribed medications and/or receiving treatment for recurrent urinary tract infections (UTI)/bladder infections?
Personal and Family Health History	infectiousdiseases_yeastinfectioncurrently	1384465	radio	single_select	excluded_family_history				2	0	0			PFHH self-history allowlist handled separately (see specsheet 11.3).	Are you still seeing a doctor or health care provider for recurrent yeast infections?
Personal and Family Health History	infectiousdiseases_howoldwereyouyeastinfection	1384621	radio	single_select	excluded_family_history				5	0	0			PFHH self-history allowlist handled separately (see specsheet 11.3).	About how old were you when you were first told you had recurrent yeast infections?
Personal and Family Health History	infectiousdiseases_rxmedsforyeastinfection	1384398	radio	single_select	excluded_family_history				2	0	0			PFHH self-history allowlist handled separately (see specsheet 11.3).	Are you currently prescribed medications and/or receiving treatment for recurrent yeast infections?
Personal and Family Health History	infectiousdiseases_sarscurrently	1384537	radio	single_select	excluded_family_history				2	0	0			PFHH self-history allowlist handled separately (see specsheet 11.3).	Are you still seeing a doctor or health care provider for severe acute respiratory syndrome (SARS)?
Personal and Family Health History	infectiousdiseases_howoldwereyousars	1384438	radio	single_select	excluded_family_history				5	0	0			PFHH self-history allowlist handled separately (see specsheet 11.3).	About how old were you when you were first told you had severe acute respiratory syndrome (SARS)?
Personal and Family Health History	infectiousdiseases_rxmedsforsars	1384642	radio	single_select	excluded_family_history				2	0	0			PFHH self-history allowlist handled separately (see specsheet 11.3).	Are you currently prescribed medications and/or receiving treatment for severe acute respiratory syndrome (SARS)?
Personal and Family Health History	infectiousdiseases_stiscurrently	1384463	radio	single_select	excluded_family_history				2	0	0			PFHH self-history allowlist handled separately (see specsheet 11.3).	Are you still seeing a doctor or health care provider for sexually transmitted infections (gonorrhea, syphilis, chlamydia)?
Personal and Family Health History	infectiousdiseases_howoldwereyoustis	1384573	radio	single_select	excluded_family_history				5	0	0			PFHH self-history allowlist handled separately (see specsheet 11.3).	About how old were you when you were first told you had sexually transmitted infections (gonorrhea, syphilis, chlamydia)?
Personal and Family Health History	infectiousdiseases_rxmedsforstis	1384664	radio	single_select	excluded_family_history				2	0	0			PFHH self-history allowlist handled separately (see specsheet 11.3).	Are you currently prescribed medications and/or receiving treatment for sexually transmitted infections (gonorrhea, syphilis, chlamydia)?
Personal and Family Health History	infectiousdiseases_shinglescurrently	1384511	radio	single_select	excluded_family_history				2	0	0			PFHH self-history allowlist handled separately (see specsheet 11.3).	Are you still seeing a doctor or health care provider for shingles?
Personal and Family Health History	infectiousdiseases_howoldwereyoushingles	1384416	radio	single_select	excluded_family_history				5	0	0			PFHH self-history allowlist handled separately (see specsheet 11.3).	About how old were you when you were first told you had shingles?
Personal and Family Health History	infectiousdiseases_rxmedsforshingles	1384505	radio	single_select	excluded_family_history				2	0	0			PFHH self-history allowlist handled separately (see specsheet 11.3).	Are you currently prescribed medications and/or receiving treatment for shingles?
Personal and Family Health History	infectiousdiseases_tuberculosiscurrently	43530348	radio	single_select	excluded_family_history				2	0	0			PFHH self-history allowlist handled separately (see specsheet 11.3).	Are you still seeing a doctor or health care provider for tuberculosis?
Personal and Family Health History	infectiousdiseases_howoldwereyoutuberculosis	43530506	radio	single_select	excluded_family_history				5	0	0			PFHH self-history allowlist handled separately (see specsheet 11.3).	About how old were you when you were first told you had tuberculosis?
Personal and Family Health History	infectiousdiseases_rxmedsfortuberculosis	43528833	radio	single_select	excluded_family_history				2	0	0			PFHH self-history allowlist handled separately (see specsheet 11.3).	Are you currently prescribed medications and/or receiving treatment for tuberculosis?
Personal and Family Health History	infectiousdiseases_westnileviruscurrently	1384596	radio	single_select	excluded_family_history				2	0	0			PFHH self-history allowlist handled separately (see specsheet 11.3).	Are you still seeing a doctor or health care provider for West Nile virus?
Personal and Family Health History	infectiousdiseases_howoldwereyouwestnilevirus	1384652	radio	single_select	excluded_family_history				5	0	0			PFHH self-history allowlist handled separately (see specsheet 11.3).	About how old were you when you were first told you had West Nile virus?
Personal and Family Health History	infectiousdiseases_rxmedsforwestnilevirus	1384602	radio	single_select	excluded_family_history				2	0	0			PFHH self-history allowlist handled separately (see specsheet 11.3).	Are you currently prescribed medications and/or receiving treatment for West Nile virus?
Personal and Family Health History	infectiousdiseases_zikaviruscurrently	1384459	radio	single_select	excluded_family_history				2	0	0			PFHH self-history allowlist handled separately (see specsheet 11.3).	Are you still seeing a doctor or health care provider for Zika virus?
Personal and Family Health History	infectiousdiseases_howoldwereyouzikavirus	1384492	radio	single_select	excluded_family_history				5	0	0			PFHH self-history allowlist handled separately (see specsheet 11.3).	About how old were you when you were first told you had Zika virus?
Personal and Family Health History	infectiousdiseases_rxmedsforzikavirus	1384424	radio	single_select	excluded_family_history				2	0	0			PFHH self-history allowlist handled separately (see specsheet 11.3).	Are you currently prescribed medications and/or receiving treatment for Zika virus?
Personal and Family Health History	otherinfectiousdisease_freetextbox		text	free_text	excluded_free_text				0	0	0				Please specify the other infectious disease(s) you have had.
Personal and Family Health History	infectiousdiseases_otherinfectiousdiseasecurrently	1384489	radio	single_select	excluded_family_history				2	0	0			PFHH self-history allowlist handled separately (see specsheet 11.3).	Are you still seeing a doctor or health care provider for other infectious disease(s)?
Personal and Family Health History	infectiousdiseases_howoldwereyouotherinfectiousdisease	1384647	radio	single_select	excluded_family_history				5	0	0			PFHH self-history allowlist handled separately (see specsheet 11.3).	About how old were you when you were first told you had other infectious disease(s)?
Personal and Family Health History	infectiousdiseases_rxmedsforotherinfectiousdisease	1384517	radio	single_select	excluded_family_history				2	0	0			PFHH self-history allowlist handled separately (see specsheet 11.3).	Are you currently prescribed medications and/or receiving treatment for other infectious disease(s)?
Healthcare Access and Utilization	healthcareaccess		descriptive	descriptive	excluded_descriptive				0	0	0				Health Care Access & Utilization
Healthcare Access and Utilization	insurance_insuranceaccepted		radio	single_select	binary_only				3	2	0			binary single-select; one-vs-rest GWAS.	DURING THE PAST 12 MONTHS, were you told by a health care provider or doctor's office that they did not accept your health care coverage?
Healthcare Access and Utilization	insurance_healthcarecoverage		radio	single_select	ordinal_and_binary	better_worse_signed	override	medium	4	3	3		medium_confidence_ordinal		In regard to your health insurance or health care coverage, how does it compare to a year ago? Is it better, worse, or about the same?
Healthcare Access and Utilization	healthadvice_placeforhealthadvice		radio	single_select	nominal_binary				4	3	0				Is there a place that you USUALLY go when you are sick or need advice about your health?
Healthcare Access and Utilization	healthadvice_whatkindofplace		radio	single_select	nominal_binary				6	5	0				What kind of place do you go to most often?
Healthcare Access and Utilization	healthadvice_spokentoprofessional		radio	single_select	ordinal_and_binary	healthcare_recency_0_5	override	medium	7	6	6		medium_confidence_ordinal		About how long has it been since you last saw or talked to a doctor or other health care provider about your own health?
Healthcare Access and Utilization	healthadvice_spokentogeneraldoctor		radio	single_select	binary_only				3	2	0			binary single-select; one-vs-rest GWAS.	A general doctor who treats a variety of illnesses (a physician in general practice, primary care, family medicine, or internal medicine)? Help text: A provider who sees adult patients for wellness exams and the treatment of diseases
Healthcare Access and Utilization	healthadvice_generaldoctorvisits		radio	single_select	ordinal_and_binary	visit_count_band_midpoint	template	medium	9	8	8		medium_confidence_ordinal		What is the total number of general doctor visits you made in the last 12 months?
Healthcare Access and Utilization	healthadvice_spokentonursepractitioner		radio	single_select	binary_only				3	2	0			binary single-select; one-vs-rest GWAS.	A nurse practitioner, physician assistant, or midwife?
Healthcare Access and Utilization	healthadvice_nursepractitionervisits		radio	single_select	ordinal_and_binary	visit_count_band_midpoint	template	medium	9	8	8		medium_confidence_ordinal		What is the total number of nurse practitioner, physician assistant, or midwife visits you made in the last 12 months?
Healthcare Access and Utilization	healthadvice_spokentoobgyn		radio	single_select	binary_only				3	2	0			binary single-select; one-vs-rest GWAS.	A doctor who specializes in women's health (an obstetrician/gynecologist)?
Healthcare Access and Utilization	healthadvice_obgynvisits		radio	single_select	ordinal_and_binary	visit_count_band_midpoint	template	medium	9	8	8		medium_confidence_ordinal		What is the total number of visits to a doctor who specializes in women's health that you made in the last 12 months?
Healthcare Access and Utilization	healthadvice_spokentomentalhealthprofessional		radio	single_select	binary_only				3	2	0	mental_health	sensitive	binary single-select; one-vs-rest GWAS.	A mental health professional such as a psychiatrist, psychologist, psychiatric nurse, or clinical social worker?
Healthcare Access and Utilization	healthadvice_mentalhealthprofessionalvisits		radio	single_select	ordinal_and_binary	visit_count_band_midpoint	template	medium	9	8	8	mental_health	medium_confidence_ordinal;sensitive		What is the total number of visits to a mental health professional that you made in the last 12 months?
Healthcare Access and Utilization	healthadvice_spokentoeyedoctor		radio	single_select	binary_only				3	2	0			binary single-select; one-vs-rest GWAS.	An optometrist, ophthalmologist, or eye doctor (someone who prescribes eyeglasses)?
Healthcare Access and Utilization	healthadvice_eyedoctorvisits		radio	single_select	ordinal_and_binary	visit_count_band_midpoint	template	medium	9	8	8		medium_confidence_ordinal		What is the total number of visits to an eye doctor that you made in the last 12 months?
Healthcare Access and Utilization	healthadvice_spokentopodiatrist		radio	single_select	binary_only				3	2	0			binary single-select; one-vs-rest GWAS.	A podiatrist or foot doctor?
Healthcare Access and Utilization	healthadvice_podiatristvisits		radio	single_select	ordinal_and_binary	visit_count_band_midpoint	template	medium	9	8	8		medium_confidence_ordinal		What is the total number of visits to a foot doctor that you made in the last 12 months?
Healthcare Access and Utilization	healthadvice_spokentochiropractor		radio	single_select	binary_only				3	2	0			binary single-select; one-vs-rest GWAS.	A chiropractor?
Healthcare Access and Utilization	healthadvice_chiropractorvisits		radio	single_select	ordinal_and_binary	visit_count_band_midpoint	template	medium	9	8	8		medium_confidence_ordinal		What is the total number of visits to a chiropractor that you made in the last 12 months?
Healthcare Access and Utilization	healthadvice_spokentophysicaltherapist		radio	single_select	binary_only				3	2	0			binary single-select; one-vs-rest GWAS.	A physical therapist, speech therapist, respiratory therapist, audiologist, or occupational therapist?
Healthcare Access and Utilization	healthadvice_physicaltherapistvisits		radio	single_select	ordinal_and_binary	visit_count_band_midpoint	template	medium	9	8	8		medium_confidence_ordinal		What is the total number of visits to a physical therapist, speech therapist, respiratory therapist, audiologist, or occupational therapist that you made in the last 12 months?
Healthcare Access and Utilization	healthadvice_spokentodentist		radio	single_select	binary_only				3	2	0			binary single-select; one-vs-rest GWAS.	A dentist or orthodontist?
Healthcare Access and Utilization	healthadvice_dentistvisits		radio	single_select	ordinal_and_binary	visit_count_band_midpoint	template	medium	9	8	8		medium_confidence_ordinal		What is the total number of visits to a dentist or orthodontist that you made in the last 12 months?
Healthcare Access and Utilization	healthadvice_spokentomedicalspecialist		radio	single_select	binary_only				3	2	0			binary single-select; one-vs-rest GWAS.	A medical doctor who specializes in a particular medical disease or problem (other than obstetrician/gynecologist, psychiatrist, or ophthalmologist)?
Healthcare Access and Utilization	healthadvice_medicalspecialistvisits		radio	single_select	ordinal_and_binary	visit_count_band_midpoint	template	medium	9	8	8		medium_confidence_ordinal		What is the total number of visits to a medical doctor who specializes in a particular medical disease or problem that you made in the last 12 months?
Healthcare Access and Utilization	healthadvice_spokentotraditionalhealer		radio	single_select	binary_only				3	2	0			binary single-select; one-vs-rest GWAS.	Traditional healers such as, Shaman, acupuncturist, or non-western medicine?
Healthcare Access and Utilization	healthadvice_traditionalhealervisits		radio	single_select	ordinal_and_binary	visit_count_band_midpoint	template	medium	9	8	8		medium_confidence_ordinal		What is the total number of visits to traditional healers that you made in the last 12 months?
Healthcare Access and Utilization	healthadvice_respectedbyprovider		radio	single_select	ordinal_and_binary	freq_always_none_0_3	template	high	5	4	4				How often were you treated with respect by your doctors or health care providers? Would you say...
Healthcare Access and Utilization	healthadvice_askedforopinion		radio	single_select	ordinal_and_binary	freq_always_none_0_3	template	high	5	4	4				How often did your doctors or health care providers ask for your opinions or beliefs about your medical care or treatment? For example, what kind of tests, procedures, or medications you prefer. Would you say...
Healthcare Access and Utilization	healthadvice_easeofunderstanding		radio	single_select	ordinal_and_binary	freq_always_none_0_3	template	high	5	4	4				How often did your doctors or health care providers tell or give you information about your health and health care that was easy to understand? Would you say...
Healthcare Access and Utilization	delayedmedicalcare_transportation		radio	single_select	binary_only				3	2	0			binary single-select; one-vs-rest GWAS.	Didn't have transportation.
Healthcare Access and Utilization	delayedmedicalcare_ruralarea		radio	single_select	binary_only				3	2	0			binary single-select; one-vs-rest GWAS.	You live in a rural area where distance to the health care provider is too far.
Healthcare Access and Utilization	delayedmedicalcare_nervous		radio	single_select	binary_only				3	2	0			binary single-select; one-vs-rest GWAS.	You were nervous about seeing a health care provider.
Healthcare Access and Utilization	delayedmedicalcare_timeoffwork		radio	single_select	binary_only				3	2	0			binary single-select; one-vs-rest GWAS.	Couldn't get time off work.
Healthcare Access and Utilization	delayedmedicalcare_childcare		radio	single_select	binary_only				3	2	0			binary single-select; one-vs-rest GWAS.	Couldn't get child care.
Healthcare Access and Utilization	delayedmedicalcare_elderlycare		radio	single_select	binary_only				3	2	0			binary single-select; one-vs-rest GWAS.	You provide care to an adult and could not leave him/her.
Healthcare Access and Utilization	delayedmedicalcare_cantaffordcopay		radio	single_select	binary_only				3	2	0	financial_hardship	sensitive	binary single-select; one-vs-rest GWAS.	Couldn't afford the copay.
Healthcare Access and Utilization	delayedmedicalcare_deductibletoohigh		radio	single_select	binary_only				3	2	0	financial_hardship	sensitive	binary single-select; one-vs-rest GWAS.	Your deductible was too high/or could not afford the deductible.
Healthcare Access and Utilization	delayedmedicalcare_hadtopayoutofpocket		radio	single_select	binary_only				3	2	0			binary single-select; one-vs-rest GWAS.	You had to pay out of pocket for some or all of the procedure.
Healthcare Access and Utilization	otherdelayedmedicalcare_freetext		text	free_text	excluded_free_text				0	0	0				If other, please specify.
Healthcare Access and Utilization	cantaffordcare_prescriptionmedicines		radio	single_select	binary_only				3	2	0			binary single-select; one-vs-rest GWAS.	Prescription medicines
Healthcare Access and Utilization	cantaffordcare_mentalhealthcounseling		radio	single_select	binary_only				3	2	0	mental_health	sensitive	binary single-select; one-vs-rest GWAS.	Mental health care or counseling
Healthcare Access and Utilization	cantaffordcare_emergencycare		radio	single_select	binary_only				3	2	0			binary single-select; one-vs-rest GWAS.	Emergency care
Healthcare Access and Utilization	cantaffordcare_dentalcare		radio	single_select	binary_only				3	2	0			binary single-select; one-vs-rest GWAS.	Dental care (including check ups)
Healthcare Access and Utilization	cantaffordcare_eyeglasses		radio	single_select	binary_only				3	2	0			binary single-select; one-vs-rest GWAS.	Eyeglasses
Healthcare Access and Utilization	cantaffordcare_healthcareprovider		radio	single_select	binary_only				3	2	0			binary single-select; one-vs-rest GWAS.	To see a regular doctor or general health provider (in primary care, general practice, internal medicine, family medicine)
Healthcare Access and Utilization	cantaffordcare_specialist		radio	single_select	binary_only				3	2	0			binary single-select; one-vs-rest GWAS.	To see a specialist
Healthcare Access and Utilization	cantaffordcare_followupcare		radio	single_select	binary_only				3	2	0			binary single-select; one-vs-rest GWAS.	Follow-up care
Healthcare Access and Utilization	cantaffordcare_worriedaboutpaying		radio	single_select	ordinal_and_binary	worry_0_2	override	high	4	3	3				If you get sick or have an accident, how worried are you that you will be able to pay your medical bills? Are you very worried, somewhat worried, or not at all worried?
Healthcare Access and Utilization	cantaffordcare_skippedmedtosavemoney		radio	single_select	binary_only				3	2	0			binary single-select; one-vs-rest GWAS.	You skipped medication doses to save money
Healthcare Access and Utilization	cantaffordcare_tooklessmedtosavemoney		radio	single_select	binary_only				3	2	0			binary single-select; one-vs-rest GWAS.	You took less medicine to save money
Healthcare Access and Utilization	cantaffordcare_delayedfillingrxtosavemoney		radio	single_select	binary_only				3	2	0			binary single-select; one-vs-rest GWAS.	You delayed filling a prescription to save money
Healthcare Access and Utilization	cantaffordcare_lowercostrxtosavemoney		radio	single_select	binary_only				3	2	0			binary single-select; one-vs-rest GWAS.	You asked your doctor for a lower cost medication to save money
Healthcare Access and Utilization	cantaffordcare_boughtrxfromothercountry		radio	single_select	binary_only				3	2	0			binary single-select; one-vs-rest GWAS.	You bought prescription drugs from another country to save money
Healthcare Access and Utilization	cantaffordcare_alternativetherapies		radio	single_select	binary_only				3	2	0			binary single-select; one-vs-rest GWAS.	You used alternative therapies to save money
Healthcare Access and Utilization	healthproviderracereligion_howimportant		radio	single_select	ordinal_and_binary	importance_0_3	override	high	5	4	4				How important is it to you that your doctors or health care providers understand or are similar to you in any of these ways? Would you say...
Healthcare Access and Utilization	healthproviderracereligion_howoften		radio	single_select	ordinal_and_binary	freq_always_none_0_3	template	high	5	4	4				How often were you able to see doctors or health care providers who were similar to you in any of these ways? Would you say...
Healthcare Access and Utilization	healthproviderracereligion_delayedornocare		radio	single_select	ordinal_and_binary	freq_always_none_0_3	template	high	5	4	4				How often have you either delayed or not gone to see doctors or health care providers because they were different from you in any of these ways?
Social Determinants of Health	sdoh		descriptive	descriptive	excluded_descriptive				0	0	0				Social Determinants of Health
Social Determinants of Health	sdoh_intro		descriptive	descriptive	excluded_descriptive				0	0	0				"<div class=""rich-text-field-label""><p><span style=""font-weight: normal;"">Thank you (again) for being a part of the <em> All of Us </em> Research Program. Many things can make us sick or keep us healthy. Where you were born or where you live, go to school, or work can affect your health. These are sometimes referred to as social factors, or the ""social determinants"", of health. </span><span style=""font-weight: normal;"">Help us learn more by completing this survey about your neighborhood, social life, stress, and feelings about your everyday life. This survey will take less than 10 minutes to complete. </span><br /><br /><span style=""font-weight: normal;"">Please answer each question as honestly as possible. It is important that you answer as many questions as you can. We are looking for your own answers, and not what you think your doctors, family, or friends want you to say.</span><br /><br /><span style=""font-weight: normal;"">Don't feel like you have to spend a long time on each question. The first answer that comes to you is usually the best one. If you aren't sure how to answer a question, choose the best answer from the options given. Some of the questions may be sensitive. You can choose not to answer.</span></p></div>"
Social Determinants of Health	scns_1		radio	single_select	ordinal_and_binary	agree_neutral_1_5	template	high	5	5	5				People around here are willing to help their neighbors.
Social Determinants of Health	scns_2		radio	single_select	ordinal_and_binary	agree_neutral_1_5	template	high	5	5	5				People in my neighborhood generally get along with each other.
Social Determinants of Health	scns_3		radio	single_select	ordinal_and_binary	agree_neutral_1_5	template	high	5	5	5				People in my neighborhood can be trusted.
Social Determinants of Health	scns_4		radio	single_select	ordinal_and_binary	agree_neutral_1_5	template	high	5	5	5				People in my neighborhood share the same values.
Social Determinants of Health	nds_1		radio	single_select	ordinal_and_binary	agree_1_4	template	high	4	4	4				There is a lot of graffiti in my neighborhood.
Social Determinants of Health	nds_2		radio	single_select	ordinal_and_binary	agree_1_4	template	high	4	4	4				My neighborhood is noisy.
Social Determinants of Health	nds_3		radio	single_select	ordinal_and_binary	agree_1_4	template	high	4	4	4				Vandalism is common in my neighborhood.
Social Determinants of Health	nds_4		radio	single_select	ordinal_and_binary	agree_1_4	template	high	4	4	4				There are lot of abandoned buildings in my neighborhood.
Social Determinants of Health	nds_5		radio	single_select	ordinal_and_binary	agree_1_4	template	high	4	4	4				My neighborhood is clean.
Social Determinants of Health	nds_6		radio	single_select	ordinal_and_binary	agree_1_4	template	high	4	4	4				People in my neighborhood take good care of their houses and apartments.
Social Determinants of Health	nds_7		radio	single_select	ordinal_and_binary	agree_1_4	template	high	4	4	4				There are too many people hanging around on the streets near my home.
Social Determinants of Health	nds_8		radio	single_select	ordinal_and_binary	agree_1_4	template	high	4	4	4				There is a lot of crime in my neighborhood.
Social Determinants of Health	nds_9		radio	single_select	ordinal_and_binary	agree_1_4	template	high	4	4	4	substance_use	sensitive		There is too much drug use in my neighborhood.
Social Determinants of Health	nds_10		radio	single_select	ordinal_and_binary	agree_1_4	template	high	4	4	4	alcohol	sensitive		There is too much alcohol use in my neighborhood.
Social Determinants of Health	nds_11		radio	single_select	ordinal_and_binary	agree_1_4	template	high	4	4	4				I'm always having trouble with my neighbors.
Social Determinants of Health	nds_12		radio	single_select	ordinal_and_binary	agree_1_4	template	high	4	4	4				In my neighborhood, people watch out for each other.
Social Determinants of Health	nds_13		radio	single_select	ordinal_and_binary	agree_1_4	template	high	4	4	4				My neighborhood is safe.
Social Determinants of Health	ips_1	40192458	radio	single_select	ordinal_and_binary	housing_density_1_5	override	medium	6	5	5		medium_confidence_ordinal		What is the main type of housing in your neighborhood?
Social Determinants of Health	ips_2	40192436	radio	single_select	ordinal_and_binary	agree_somewhat_1_4	template	high	5	4	4				Many shops, stores, markets or other places to buy things I need are within easy walking distance of my home. Would you say that you...
Social Determinants of Health	ips_3	40192440	radio	single_select	ordinal_and_binary	agree_somewhat_1_4	template	high	5	4	4				It is within a 10-15 minute walk to a transit stop (such as bus, train, trolley, or tram) from my home. Would you say that you...
Social Determinants of Health	ips_4	40192437	radio	single_select	ordinal_and_binary	agree_somewhat_1_4	template	high	6	5	4				There are sidewalks on most of the streets in my neighborhood. Would you say that you...
Social Determinants of Health	ips_5	40192431	radio	single_select	ordinal_and_binary	agree_somewhat_1_4	template	high	6	5	4				There are facilities to bicycle in or near my neighborhood, such as special lanes, separate paths or trails, or shared use paths for cycles and pedestrians. Would you say that you...
Social Determinants of Health	ips_6	40192410	radio	single_select	ordinal_and_binary	agree_somewhat_1_4	template	high	5	4	4				My neighborhood has several free or low-cost recreation facilities, such as parks, walking trails, bike paths, recreation centers, playgrounds, public swimming pools, etc. Would you say that you...
Social Determinants of Health	ips_7	40192492	radio	single_select	ordinal_and_binary	agree_somewhat_1_4	template	high	5	4	4				The crime rate in my neighborhood makes it unsafe to go on walks at night. Would you say that you...
Social Determinants of Health	ips_16	40192414	radio	single_select	ordinal_and_binary	agree_somewhat_1_4	template	high	5	4	4				The crime rate in my neighborhood makes it unsafe to go on walks during the day. Would you say that you...
Social Determinants of Health	sdoh_mos_ss_1		radio	single_select	ordinal_and_binary	time_none_all_0_4	template	high	5	5	5				Someone to help you if you were confined to bed
Social Determinants of Health	sdoh_mos_ss_2		radio	single_select	ordinal_and_binary	time_none_all_0_4	template	high	5	5	5				Someone to take you to the doctor if you need it
Social Determinants of Health	sdoh_mos_ss_3		radio	single_select	ordinal_and_binary	time_none_all_0_4	template	high	5	5	5				Someone to prepare your meals if you were unable to do it yourself
Social Determinants of Health	sdoh_mos_ss_4		radio	single_select	ordinal_and_binary	time_none_all_0_4	template	high	5	5	5				Someone to help with daily chores if you were sick
Social Determinants of Health	sdoh_mos_ss_5		radio	single_select	ordinal_and_binary	time_none_all_0_4	template	high	5	5	5				Someone to have a good time with
Social Determinants of Health	sdoh_mos_ss_6		radio	single_select	ordinal_and_binary	time_none_all_0_4	template	high	5	5	5				Someone to turn to for suggestions about how to deal with a personal problem
Social Determinants of Health	sdoh_mos_ss_7		radio	single_select	ordinal_and_binary	time_none_all_0_4	template	high	5	5	5				Someone who understands your problems
Social Determinants of Health	sdoh_mos_ss_8		radio	single_select	ordinal_and_binary	time_none_all_0_4	template	high	5	5	5				Someone to love and make you feel wanted
Social Determinants of Health	sdoh_ucla_ls8_2		radio	single_select	ordinal_and_binary	freq_never_veryoften_0_4	template	high	4	4	4				I lack companionship
Social Determinants of Health	sdoh_ucla_ls8_3		radio	single_select	ordinal_and_binary	freq_never_veryoften_0_4	template	high	4	4	4				There is no one I can turn to
Social Determinants of Health	sdoh_ucla_ls8_9		radio	single_select	ordinal_and_binary	freq_never_veryoften_0_4	template	high	4	4	4				I am an outgoing person
Social Determinants of Health	sdoh_ucla_ls8_11		radio	single_select	ordinal_and_binary	freq_never_veryoften_0_4	template	high	4	4	4				I feel left out
Social Determinants of Health	sdoh_ucla_ls8_14		radio	single_select	ordinal_and_binary	freq_never_veryoften_0_4	template	high	4	4	4				I feel isolated from others
Social Determinants of Health	sdoh_ucla_ls8_15	40192516	radio	single_select	ordinal_and_binary	freq_never_veryoften_0_4	template	high	4	4	4				I can find companionship when I want it
Social Determinants of Health	sdoh_ucla_ls8_17		radio	single_select	ordinal_and_binary	freq_never_veryoften_0_4	template	high	4	4	4				I am unhappy being so withdrawn
Social Determinants of Health	sdoh_ucla_ls8_18		radio	single_select	ordinal_and_binary	freq_never_veryoften_0_4	template	high	4	4	4				People are around me but not with me
Social Determinants of Health	sdoh_eds_1		radio	single_select	ordinal_and_binary	freq_event_0_5	template	high	6	6	6				You are treated with less courtesy than other people are.
Social Determinants of Health	sdoh_eds_2		radio	single_select	ordinal_and_binary	freq_event_0_5	template	high	6	6	6				You are treated with less respect than other people are.
Social Determinants of Health	sdoh_eds_3		radio	single_select	ordinal_and_binary	freq_event_0_5	template	high	6	6	6				You receive poorer service than other people at restaurants or stores.
Social Determinants of Health	sdoh_eds_4		radio	single_select	ordinal_and_binary	freq_event_0_5	template	high	6	6	6				People act as if they think you are not smart.
Social Determinants of Health	sdoh_eds_5		radio	single_select	ordinal_and_binary	freq_event_0_5	template	high	6	6	6				People act as if they are afraid of you.
Social Determinants of Health	sdoh_eds_6		radio	single_select	ordinal_and_binary	freq_event_0_5	template	high	6	6	6				People act as if they think you are dishonest.
Social Determinants of Health	sdoh_eds_7		radio	single_select	ordinal_and_binary	freq_event_0_5	template	high	6	6	6				People act as if they're better than you are.
Social Determinants of Health	sdoh_eds_8		radio	single_select	ordinal_and_binary	freq_event_0_5	template	high	6	6	6				You are called names or insulted.
Social Determinants of Health	sdoh_eds_9		radio	single_select	ordinal_and_binary	freq_event_0_5	template	high	6	6	6	trauma_violence	sensitive		You are threatened or harassed.
Social Determinants of Health	sdoh_eds_follow_up_1		checkbox	multi_select	binary_only				11	11	0			checkbox: one selected-vs-not GWAS per option.	What do you think is the main reason for these experiences?
Social Determinants of Health	sdoh_eds_follow_up_1_xx		text	free_text	excluded_free_text				0	0	0				Please specify.
Social Determinants of Health	sdoh_dms_1		radio	single_select	ordinal_and_binary	freq_never_always_0_4	template	high	5	5	5				You are treated with less courtesy than other people.
Social Determinants of Health	sdoh_dms_2		radio	single_select	ordinal_and_binary	freq_never_always_0_4	template	high	5	5	5				You are treated with less respect than other people.
Social Determinants of Health	sdoh_dms_3		radio	single_select	ordinal_and_binary	freq_never_always_0_4	template	high	5	5	5				You receive poorer service than others.
Social Determinants of Health	sdoh_dms_4		radio	single_select	ordinal_and_binary	freq_never_always_0_4	template	high	5	5	5				A doctor or nurse acts as if he or she thinks you are not smart.
Social Determinants of Health	sdoh_dms_5		radio	single_select	ordinal_and_binary	freq_never_always_0_4	template	high	5	5	5				A doctor or nurse acts as if he or she is afraid of you.
Social Determinants of Health	sdoh_dms_7		radio	single_select	ordinal_and_binary	freq_never_always_0_4	template	high	5	5	5				A doctor or nurse acts as if he or she is better than you.
Social Determinants of Health	sdoh_dms_6		radio	single_select	ordinal_and_binary	freq_never_always_0_4	template	high	5	5	5				You feel like a doctor or nurse is not listening to what you were saying.
Social Determinants of Health	hvs_1		radio	single_select	ordinal_and_binary	food_insecurity_0_2	template	high	3	3	3				Within the past 12 months, we worried whether our food would run out before we got money to buy more.
Social Determinants of Health	hvs_2		radio	single_select	ordinal_and_binary	food_insecurity_0_2	template	high	3	3	3				Within the past 12 months, the food we bought just didn't last and we didn't have money to get more.
Social Determinants of Health	urs_8c	40192441	text	numeric_text	numeric				0	0	0			range [0.0, 15.0]	In the last 12 months, how many times have you or your family moved from one home to another? Number of moves in past 12 months:
Social Determinants of Health	ahc_2	40192402	checkbox	multi_select	binary_only				8	8	0			checkbox: one selected-vs-not GWAS per option.	Think about the place you live. Do you have problems with any of the following? Select all that apply.
Social Determinants of Health	sdoh_cpss_1	1332878	radio	single_select	ordinal_and_binary	freq_pss_0_4	template	high	5	5	5				In the last month, how often have you been upset because of something that happened unexpectedly?
Social Determinants of Health	sdoh_cpss_2	1332794	radio	single_select	ordinal_and_binary	freq_pss_0_4	template	high	5	5	5				In the last month, how often have you felt that you were unable to control the important things in your life?
Social Determinants of Health	sdoh_cpss_3	1332854	radio	single_select	ordinal_and_binary	freq_pss_0_4	template	high	5	5	5				"In the last month, how often have you felt nervous and ""stressed""?"
Social Determinants of Health	sdoh_cpss_4	1332861	radio	single_select	ordinal_and_binary	freq_pss_0_4	template	high	5	5	5				In the last month, how often have you felt confident about your ability to handle your personal problems?
Social Determinants of Health	sdoh_cpss_5	1332862	radio	single_select	ordinal_and_binary	freq_pss_0_4	template	high	5	5	5				In the last month, how often have you felt that things were going your way?
Social Determinants of Health	sdoh_cpss_6	1332863	radio	single_select	ordinal_and_binary	freq_pss_0_4	template	high	5	5	5				In the last month, how often have you found that you could not cope with all the things that you had to do?
Social Determinants of Health	sdoh_cpss_7	1332944	radio	single_select	ordinal_and_binary	freq_pss_0_4	template	high	5	5	5				In the last month, how often have you been able to control irritations in your life?
Social Determinants of Health	sdoh_cpss_8	1332868	radio	single_select	ordinal_and_binary	freq_pss_0_4	template	high	5	5	5				In the last month, how often have you felt that you were on top of things?
Social Determinants of Health	sdoh_cpss_9	1332869	radio	single_select	ordinal_and_binary	freq_pss_0_4	template	high	5	5	5				In the last month, how often have you been angered because of things that were outside of your control?
Social Determinants of Health	sdoh_cpss_10	1332998	radio	single_select	ordinal_and_binary	freq_pss_0_4	template	high	5	5	5				In the last month, how often have you felt difficulties were piling up so high that you could not overcome them?
Social Determinants of Health	bmmrs_1		radio	single_select	ordinal_and_binary	spiritual_frequency_0_5	template	medium	7	7	6	religion	medium_confidence_ordinal;sensitive		I feel God's (or a higher power's) presence
Social Determinants of Health	bmmrs_2		radio	single_select	ordinal_and_binary	spiritual_frequency_0_5	template	medium	7	7	6	religion	medium_confidence_ordinal;sensitive		I find strength and comfort in my religion
Social Determinants of Health	bmmrs_3		radio	single_select	ordinal_and_binary	spiritual_frequency_0_5	template	medium	6	6	6		medium_confidence_ordinal		I feel deep inner peace or harmony
Social Determinants of Health	bmmrs_4		radio	single_select	ordinal_and_binary	spiritual_frequency_0_5	template	medium	7	7	6	religion	medium_confidence_ordinal;sensitive		I desire to be closer to or in union with God (or a higher power)
Social Determinants of Health	bmmrs_5		radio	single_select	ordinal_and_binary	spiritual_frequency_0_5	template	medium	7	7	6	religion	medium_confidence_ordinal;sensitive		I feel God's (or a higher power's) love for me, directly or through others
Social Determinants of Health	bmmrs_6		radio	single_select	ordinal_and_binary	spiritual_frequency_0_5	template	medium	6	6	6	religion	medium_confidence_ordinal;sensitive		I am spiritually touched by the beauty of creation
Social Determinants of Health	nhs_xx	40192470	radio	single_select	ordinal_and_binary	religious_service_frequency_0_5	override	medium	6	6	5	religion	medium_confidence_ordinal;sensitive		How often do you go to religious meetings or services?
Social Determinants of Health	chis_1	40192526	radio	single_select	binary_only				3	2	0			binary single-select; one-vs-rest GWAS.	Do you speak a language other than English at home?
Social Determinants of Health	chis_1_xx	40192529	radio	single_select	ordinal_and_binary	english_proficiency_0_3	override	high	6	4	4				Since you speak a language other than English at home, we are interested in your own thoughts about how well you think you speak English. Would you say you speak English...
Social Determinants of Health	sdoh_outro		descriptive	descriptive	excluded_descriptive				0	0	0				If you or someone you care about needs help: NIMH Getting Help page: https://www.nimh.nih.gov/health/find-help/index.shtml
COVID-19 Participant Experience (COPE)	cope_dec		descriptive	descriptive	excluded_descriptive				0	0	0	covid_related			December COPE Survey
COVID-19 Participant Experience (COPE)	copect_40_xx15_a		radio	single_select	ordinal_and_binary	symptom_onset_month_ordinal	override	medium	6	6	6	covid_related	medium_confidence_ordinal;sensitive		When did your symptoms begin?
COVID-19 Participant Experience (COPE)	cdc_covid_xx	596884	radio	single_select	nominal_binary				3	3	0	covid_related	sensitive		Did you receive the COVID-19 vaccination?
COVID-19 Participant Experience (COPE)	cdc_covid_xx_a	596885	radio	single_select	ordinal_and_binary	dose_count_1_2	override	high	2	2	2	covid_related	sensitive		How many doses of the vaccine did you receive?
COVID-19 Participant Experience (COPE)	cdc_covid_xx_a_date1		text	date_text	excluded_date				0	0	0	covid_related			Enter date of vaccine dose 1
COVID-19 Participant Experience (COPE)	cdc_covid_xx_a_date2		text	date_text	excluded_date				0	0	0	covid_related			Enter date of vaccine dose 2
COVID-19 Participant Experience (COPE)	cdc_covid_xx_b	596888	radio	single_select	nominal_binary				4	3	0	covid_related	sensitive		Which vaccine did you receive?
COVID-19 Participant Experience (COPE)	cdc_covid_xx_b_other		text	free_text	excluded_free_text				0	0	0	covid_related			Please specify:
COVID-19 Participant Experience (COPE)	cope_feb		descriptive	descriptive	excluded_descriptive				0	0	0	covid_related			February COPE Survey
COVID-19 Participant Experience (COPE)	copect_40_xx15_a		radio	single_select	ordinal_and_binary	symptom_onset_month_ordinal	override	medium	7	7	7	covid_related	medium_confidence_ordinal;sensitive		When did your symptoms begin?
COVID-19 Participant Experience (COPE)	cdc_covid_19_n_a2		text	numeric_text	numeric				0	0	0	covid_related		range [1.0, 30.0]	How many times were you tested?
COVID-19 Participant Experience (COPE)	cope_jul		descriptive	descriptive	excluded_descriptive				0	0	0	covid_related			July 2020 Covid-19 Participant Experience (COPE) Survey
COVID-19 Participant Experience (COPE)	cdc_covid_19_n_a2	1333118	text	numeric_text	numeric				0	0	0	covid_related		range [1.0, 100.0]	How many times have you been tested?
COVID-19 Participant Experience (COPE)	nhs_covid_fhc17a	1333297	radio	single_select	binary_only				2	2	0	covid_related	sensitive	binary single-select; one-vs-rest GWAS.	Do you personally know someone who has died of COVID-19?
COVID-19 Participant Experience (COPE)	nhs_covid_fhc17b	1332769	checkbox	multi_select	binary_only				9	9	0	covid_related		checkbox: one selected-vs-not GWAS per option.	Who do you know who has died? Check all that apply.
COVID-19 Participant Experience (COPE)	nhs_covid_fhc17b_cope_a_226		text	free_text	excluded_free_text				0	0	0	covid_related			Please specify.
COVID-19 Participant Experience (COPE)	cope_jun		descriptive	descriptive	excluded_descriptive				0	0	0	covid_related			June 2020 Covid-19 Participant Experience (COPE) Survey
COVID-19 Participant Experience (COPE)	eds_follow_up_1	1332880	checkbox	multi_select	binary_only				11	11	0	covid_related		checkbox: one selected-vs-not GWAS per option.	What do you think is the main reason(s) for these experiences? Select all that apply.
COVID-19 Participant Experience (COPE)	ipaq_2_cope_a_85		text	numeric_text	numeric				0	0	0	covid_related		range [0.0, 1440.0]	Minutes per day (Please enter a number) Note: Half an hour=30 minutes, 1 hour=60 minutes, 1 and a half hours=90 minutes
COVID-19 Participant Experience (COPE)	ipaq_4_cope_a_85		text	numeric_text	numeric				0	0	0	covid_related		range [0.0, 1440.0]	Minutes per day (Please enter a number) Note: Half an hour=30 minutes, 1 hour=60 minutes, 1 and a half hours=90 minutes
COVID-19 Participant Experience (COPE)	ipaq_6_cope_a_85		text	numeric_text	numeric				0	0	0	covid_related		range [0.0, 1440.0]	Minutes per day (Please enter a number) Note: Half an hour=30 minutes, 1 hour=60 minutes, 1 and a half hours=90 minutes
COVID-19 Participant Experience (COPE)	section_participation		radio	single_select	nominal_binary				3	3	0	covid_related	sensitive		You can choose not to answer any question at any time. This survey will take approximately 20 to 30 minutes to complete.
COVID-19 Participant Experience (COPE)	cope_may		descriptive	descriptive	excluded_descriptive				0	0	0	covid_related			May 2020 Covid-19 Participant Experience (COPE) Survey
COVID-19 Participant Experience (COPE)	eds_follow_up_1		checkbox	multi_select	binary_only				11	11	0	covid_related		checkbox: one selected-vs-not GWAS per option.	What do you think is the main reason for these experiences? Select all that apply.
COVID-19 Participant Experience (COPE)	ipaq_2_cope_a_160	903633	text	numeric_text	numeric				0	0	0	covid_related		range [0.0, 24.0]	How much time did you usually spend doing vigorous physical activities on one of those days (hours per day)?
COVID-19 Participant Experience (COPE)	ipaq_2_cope_a_85	903631	text	numeric_text	numeric				0	0	0	covid_related		range [0.0, 59.0]	How much time did you usually spend doing vigorous physical activities on one of those days (minutes per day)?
COVID-19 Participant Experience (COPE)	ipaq_4_cope_a_160	903634	text	numeric_text	numeric				0	0	0	covid_related		range [0.0, 24.0]	How much time did you usually spend doing moderate physical activities on one of those days (hours per day)?
COVID-19 Participant Experience (COPE)	ipaq_4_cope_a_85	903629	text	numeric_text	numeric				0	0	0	covid_related		range [0.0, 59.0]	How much time did you usually spend doing moderate physical activities on one of those those days (minutes per day)?
COVID-19 Participant Experience (COPE)	ipaq_6_cope_a_160	903635	text	numeric_text	numeric				0	0	0	covid_related		range [0.0, 7.0]	How much time did you usually spend walking on one of those days (hours per day)?
COVID-19 Participant Experience (COPE)	ipaq_6_cope_a_85	903630	text	numeric_text	numeric				0	0	0	covid_related		range [0.0, 59.0]	How much time did you usually spend walking on one of those days (minutes per day)?
COVID-19 Participant Experience (COPE)	section_participation		radio	single_select	nominal_binary				2	2	0	covid_related	sensitive		You can choose not to answer any question at any time. This survey will take approximately 15 to 20 minutes to complete.
COVID-19 Participant Experience (COPE)	cdc_covid_19_9b	1332742	radio	single_select	binary_only				3	2	0	covid_related	sensitive	binary single-select; one-vs-rest GWAS.	Were you tested for influenza (flu) in the past month?
COVID-19 Participant Experience (COPE)	audit_c_1	1332876	radio	single_select	ordinal_and_binary	audit_freq_0_4	override	high	5	5	5	alcohol;covid_related	sensitive		In the past month: How often do you have a drink containing alcohol?
COVID-19 Participant Experience (COPE)	audit_c_2	1332793	radio	single_select	ordinal_and_binary	drink_count_band_midpoint	template	medium	5	5	5	alcohol;covid_related	medium_confidence_ordinal;sensitive		In the past month: How many standard drinks containing alcohol do you have on a typical day?
COVID-19 Participant Experience (COPE)	audit_c_3	1332853	radio	single_select	ordinal_and_binary	binge_freq_0_4	override	high	5	5	5	alcohol;covid_related	sensitive		In the past month: How often do you have six or more drinks containing alcohol on one occasion?
COVID-19 Participant Experience (COPE)	basics_11a	1332737	checkbox	multi_select	binary_only				9	9	0	covid_related		checkbox: one selected-vs-not GWAS per option.	Are you currently covered by any of the following types of health insurance or health care plans? Select all that apply.
COVID-19 Participant Experience (COPE)	basics_11a_cope_a_33		text	free_text	excluded_free_text				0	0	0	covid_related			Other health insurance or health coverage plan. Please specify.
COVID-19 Participant Experience (COPE)	basics_12	1332843	checkbox	multi_select	binary_only				9	8	0	covid_related		checkbox: one selected-vs-not GWAS per option.	What is your current employment status? Select all that apply.
COVID-19 Participant Experience (COPE)	basics_8	1332833	radio	single_select	nominal_binary				7	6	0	covid_related	sensitive		What is your current marital status?
COVID-19 Participant Experience (COPE)	brcs_1	1333024	radio	single_select	ordinal_and_binary	describes_me_0_4	template	high	5	5	5	covid_related	sensitive		Please select the response that best reflects your behavior in the past month. I look for creative ways to alter difficult situations.
COVID-19 Participant Experience (COPE)	brcs_2	1332739	radio	single_select	ordinal_and_binary	describes_me_0_4	template	high	5	5	5	covid_related	sensitive		Please select the response that best reflects your behavior in the past month. Regardless of what happens to me, I believe I can control my reaction to it.
COVID-19 Participant Experience (COPE)	brcs_3	1332848	radio	single_select	ordinal_and_binary	describes_me_0_4	template	high	5	5	5	covid_related	sensitive		Please select the response that best reflects your behavior in the past month. I believe I can grow in positive ways by dealing with difficult situations.
COVID-19 Participant Experience (COPE)	brcs_4	1332741	radio	single_select	ordinal_and_binary	describes_me_0_4	template	high	5	5	5	covid_related	sensitive		Please select the response that best reflects your behavior in the past month. I actively look for ways to replace the losses I encounter in life.
COVID-19 Participant Experience (COPE)	cdc_covid_19_18	1333291	checkbox	multi_select	binary_only				11	11	0	covid_related		checkbox: one selected-vs-not GWAS per option.	In the past month, how has the COVID-19 outbreak affected you? Please select all that apply.
COVID-19 Participant Experience (COPE)	cdc_covid_19_25	1333104	checkbox	multi_select	binary_only				17	17	0	covid_related		checkbox: one selected-vs-not GWAS per option.	In the past month, to cope with social distancing and isolation, are you doing any of the following? Select all that apply.
COVID-19 Participant Experience (COPE)	cdc_covid_19_26	1332847	checkbox	multi_select	binary_only				3	3	0	covid_related		checkbox: one selected-vs-not GWAS per option.	In the past month, have the following behaviors increased in your household? Select all that apply.
COVID-19 Participant Experience (COPE)	cdc_covid_19_7_xx23		checkbox	multi_select	binary_only				17	17	0	covid_related		checkbox: one selected-vs-not GWAS per option.	Which of the following symptoms did you have? (select all that apply)
COVID-19 Participant Experience (COPE)	cdc_covid_19_9_xx24	1333326	radio	single_select	nominal_binary				4	3	0	covid_related	sensitive		Was the test for COVID-19 positive?
COVID-19 Participant Experience (COPE)	cdc_covid_19_9_xx25	1333327	radio	single_select	ordinal_and_binary	testing_access_0_2	override	medium	3	2	2	covid_related	medium_confidence_ordinal;sensitive		Were you tested for COVID-19 in the past month?
COVID-19 Participant Experience (COPE)	cdc_covid_19_n_a	1333014	checkbox	multi_select	binary_only				3	3	0	covid_related		checkbox: one selected-vs-not GWAS per option.	How were you tested? Select all that apply.
COVID-19 Participant Experience (COPE)	cope_a_126		text	free_text	excluded_free_text				0	0	0	covid_related			What other breathing treatment did you receive? Please specify
COVID-19 Participant Experience (COPE)	cope_a_160		text	numeric_text	numeric				0	0	0	covid_related		range [0.0, 24.0]	"<div class=""rich-text-field-label""><p><span style=""font-weight: normal;"">Hours per day</span></p></div>"
COVID-19 Participant Experience (COPE)	cope_a_85		text	numeric_text	numeric				0	0	0	covid_related		range [0.0, 59.0]	"<div class=""rich-text-field-label""><p><span style=""font-weight: normal;"">Minutes per day</span></p></div>"
COVID-19 Participant Experience (COPE)	copect_50_xx17	1332767	radio	single_select	ordinal_and_binary	current_use_0_3	template	high	4	4	4	covid_related	sensitive		In the past month: Did someone in your home smoke tobacco/nicotine (including cigarettes, cigar, cigarillos, pipes, hookah) every day, some days, or not at all?
COVID-19 Participant Experience (COPE)	copect_50_xx18	1333011	radio	single_select	ordinal_and_binary	current_use_0_3	template	high	4	4	4	covid_related	sensitive		In the past month: Did you smoke tobacco/nicotine (including cigarettes, cigar, cigarillos, pipes, hookah) every day, some days, or not at all?
COVID-19 Participant Experience (COPE)	copect_50_xx19	1332849	radio	single_select	nominal_binary				3	3	0	covid_related	sensitive		How long has it been since you last smoked?
COVID-19 Participant Experience (COPE)	copect_50_xx19_cope_a_152	715721	text	numeric_text	numeric				0	0	0	covid_related		range [1.0, 99.0]	Enter the number of years
COVID-19 Participant Experience (COPE)	copect_50_xx19_cope_a_198	715720	text	numeric_text	numeric				0	0	0	covid_related		range [1.0, 11.0]	Enter the number of months
COVID-19 Participant Experience (COPE)	copect_50_xx19_cope_a_57	715719	text	numeric_text	numeric				0	0	0	covid_related		range [1.0, 51.0]	Enter the number of weeks
COVID-19 Participant Experience (COPE)	copect_54	1332744	radio	single_select	binary_only				2	2	0	covid_related	sensitive	binary single-select; one-vs-rest GWAS.	Are you currently on chemotherapy or immunotherapy?
COVID-19 Participant Experience (COPE)	copect_58	1332745	radio	single_select	binary_only				2	2	0	covid_related	sensitive	binary single-select; one-vs-rest GWAS.	Do you regularly take immunosuppressant medications (including steroids, methotrexate, biologic agents)?
COVID-19 Participant Experience (COPE)	copect_63_xx20		checkbox	multi_select	binary_only				4	4	0	covid_related		checkbox: one selected-vs-not GWAS per option.	In the past month, if you were sick with COVID-19 symptoms, how did you receive treatment(s)? Please select all that apply.
COVID-19 Participant Experience (COPE)	cpss_1	1332878	radio	single_select	ordinal_and_binary	freq_pss_0_4	template	high	5	5	5	covid_related	sensitive		In the last month, how often have you been upset because of something that happened unexpectedly?
COVID-19 Participant Experience (COPE)	cpss_10	1332998	radio	single_select	ordinal_and_binary	freq_pss_0_4	template	high	5	5	5	covid_related	sensitive		In the last month, how often have you felt difficulties were piling up so high that you could not overcome them?
COVID-19 Participant Experience (COPE)	cpss_2	1332794	radio	single_select	ordinal_and_binary	freq_pss_0_4	template	high	5	5	5	covid_related	sensitive		In the last month, how often have you felt that you were unable to control the important things in your life?
COVID-19 Participant Experience (COPE)	cpss_3	1332854	radio	single_select	ordinal_and_binary	freq_pss_0_4	template	high	5	5	5	covid_related	sensitive		"In the last month, how often have you felt nervous and ""stressed""?"
COVID-19 Participant Experience (COPE)	cpss_4	1332861	radio	single_select	ordinal_and_binary	freq_pss_0_4	template	high	5	5	5	covid_related	sensitive		In the last month, how often have you felt confident about your ability to handle your personal problems?
COVID-19 Participant Experience (COPE)	cpss_5	1332862	radio	single_select	ordinal_and_binary	freq_pss_0_4	template	high	5	5	5	covid_related	sensitive		In the last month, how often have you felt that things were going your way?
COVID-19 Participant Experience (COPE)	cpss_6	1332863	radio	single_select	ordinal_and_binary	freq_pss_0_4	template	high	5	5	5	covid_related	sensitive		In the last month, how often have you found that you could not cope with all the things that you had to do?
COVID-19 Participant Experience (COPE)	cpss_7	1332944	radio	single_select	ordinal_and_binary	freq_pss_0_4	template	high	5	5	5	covid_related	sensitive		In the last month, how often have you been able to control irritations in your life?
COVID-19 Participant Experience (COPE)	cpss_8	1332868	radio	single_select	ordinal_and_binary	freq_pss_0_4	template	high	5	5	5	covid_related	sensitive		In the last month, how often have you felt that you were on top of things?
COVID-19 Participant Experience (COPE)	cpss_9	1332869	radio	single_select	ordinal_and_binary	freq_pss_0_4	template	high	5	5	5	covid_related	sensitive		In the last month, how often have you been angered because of things that were outside of your control?
COVID-19 Participant Experience (COPE)	eds_1	1333328	radio	single_select	ordinal_and_binary	freq_event_0_5	template	high	4	4	4	covid_related	sensitive		In your day-to-day life, how often did this happen to you during the past month? You are treated with less courtesy than other people are.
COVID-19 Participant Experience (COPE)	eds_2	1333311	radio	single_select	ordinal_and_binary	freq_event_0_5	template	high	4	4	4	covid_related	sensitive		In your day-to-day life, how often did this happen to you during the past month? You are treated with less respect than other people are.
COVID-19 Participant Experience (COPE)	eds_3	1333312	radio	single_select	ordinal_and_binary	freq_event_0_5	template	high	4	4	4	covid_related	sensitive		In your day-to-day life, how often did this happen to you during the past month? You receive poorer service than other people at restaurants or stores.
COVID-19 Participant Experience (COPE)	eds_4	1333313	radio	single_select	ordinal_and_binary	freq_event_0_5	template	high	4	4	4	covid_related	sensitive		In your day-to-day life, how often did this happen to you during the past month? People act as if they think you are not smart.
COVID-19 Participant Experience (COPE)	eds_5	1333314	radio	single_select	ordinal_and_binary	freq_event_0_5	template	high	4	4	4	covid_related	sensitive		In your day-to-day life, how often did this happen to you during the past month? People act as if they are afraid of you.
COVID-19 Participant Experience (COPE)	eds_6	1332935	radio	single_select	ordinal_and_binary	freq_event_0_5	template	high	4	4	4	covid_related	sensitive		In your day-to-day life, how often did this happen to you during the past month? People act as if they think you are dishonest.
COVID-19 Participant Experience (COPE)	eds_7	1332937	radio	single_select	ordinal_and_binary	freq_event_0_5	template	high	4	4	4	covid_related	sensitive		In your day-to-day life, how often did this happen to you during the past month? People act as if they're better than you are.
COVID-19 Participant Experience (COPE)	eds_8	1333298	radio	single_select	ordinal_and_binary	freq_event_0_5	template	high	4	4	4	covid_related	sensitive		In your day-to-day life, how often did this happen to you during the past month? You are called names or insulted.
COVID-19 Participant Experience (COPE)	eds_9	1333293	radio	single_select	ordinal_and_binary	freq_event_0_5	template	high	4	4	4	trauma_violence;covid_related	sensitive		In your day-to-day life, how often did this happen to you during the past month? You are threatened or harassed.
COVID-19 Participant Experience (COPE)	eds_follow_up_1_xx		text	free_text	excluded_free_text				0	0	0	covid_related			Other reason - please specify.
COVID-19 Participant Experience (COPE)	gad_7_1		radio	single_select	ordinal_and_binary	phq_gad_0_3	template	high	4	4	4	covid_related	sensitive		In the past 2 weeks, how often have you been bothered by the following problem? Feeling nervous, anxious, or on edge
COVID-19 Participant Experience (COPE)	gad_7_2		radio	single_select	ordinal_and_binary	phq_gad_0_3	template	high	4	4	4	covid_related	sensitive		In the past 2 weeks, how often have you been bothered by the following problem? Not being able to stop or control worrying
COVID-19 Participant Experience (COPE)	gad_7_3		radio	single_select	ordinal_and_binary	phq_gad_0_3	template	high	4	4	4	covid_related	sensitive		In the past 2 weeks, how often have you been bothered by the following problem? Worrying too much about different things
COVID-19 Participant Experience (COPE)	gad_7_4		radio	single_select	ordinal_and_binary	phq_gad_0_3	template	high	4	4	4	covid_related	sensitive		In the past 2 weeks, how often have you been bothered by the following problem? Trouble relaxing
COVID-19 Participant Experience (COPE)	gad_7_5		radio	single_select	ordinal_and_binary	phq_gad_0_3	template	high	4	4	4	covid_related	sensitive		In the past 2 weeks, how often have you been bothered by the following problem? Being so restless that it's hard to sit still
COVID-19 Participant Experience (COPE)	gad_7_6		radio	single_select	ordinal_and_binary	phq_gad_0_3	template	high	4	4	4	covid_related	sensitive		In the past 2 weeks, how often have you been bothered by the following problem? Becoming easily annoyed or irritable
COVID-19 Participant Experience (COPE)	gad_7_7		radio	single_select	ordinal_and_binary	phq_gad_0_3	template	high	4	4	4	covid_related	sensitive		In the past 2 weeks, how often have you been bothered by the following problem? Feeling afraid as if something awful might happen
COVID-19 Participant Experience (COPE)	ies_r_6_1	1333303	radio	single_select	ordinal_and_binary	intensity_0_4	template	high	5	5	5	covid_related	sensitive		In the past 7 days, I thought about COVID-19 when I didn't mean to.
COVID-19 Participant Experience (COPE)	ies_r_6_2	1333292	radio	single_select	ordinal_and_binary	intensity_0_4	template	high	5	5	5	covid_related	sensitive		In the past 7 days, I felt watchful or on-guard.
COVID-19 Participant Experience (COPE)	ies_r_6_3	1332866	radio	single_select	ordinal_and_binary	intensity_0_4	template	high	5	5	5	covid_related	sensitive		In the past 7 days, other things kept making me think about COVID-19.
COVID-19 Participant Experience (COPE)	ies_r_6_4	1333295	radio	single_select	ordinal_and_binary	intensity_0_4	template	high	5	5	5	covid_related	sensitive		In the past 7 days, I was aware that I still had a lot of feelings about COVID-19, but I didn't deal with them.
COVID-19 Participant Experience (COPE)	ies_r_6_5	1333296	radio	single_select	ordinal_and_binary	intensity_0_4	template	high	5	5	5	covid_related	sensitive		In the past 7 days, I tried not to think about COVID-19.
COVID-19 Participant Experience (COPE)	ies_r_6_6	1332867	radio	single_select	ordinal_and_binary	intensity_0_4	template	high	5	5	5	covid_related	sensitive		In the past 7 days, I had trouble concentrating.
COVID-19 Participant Experience (COPE)	ipaq_1		radio	single_select	binary_only				2	2	0	covid_related	sensitive	binary single-select; one-vs-rest GWAS.	Think about all the vigorous activities that you did in the last 7 days. Vigorous physical activities refer to activities that take hard physical effort and make you breathe much harder than normal. Think only about those physical activities that you did for at least 10 minutes at a time. During the last 7 days, did you do vigorous physical activities like heavy lifting, digging, aerobics, or fast bicycling?
COVID-19 Participant Experience (COPE)	ipaq_1_cope_a_24	1332870	text	numeric_text	numeric				0	0	0	covid_related		range [1.0, 7.0]	How many days per week?
COVID-19 Participant Experience (COPE)	ipaq_3		radio	single_select	binary_only				2	2	0	covid_related	sensitive	binary single-select; one-vs-rest GWAS.	Think about all the moderate activities that you did in the last 7 days. Moderate activities refer to activities that take moderate physical effort and make you breathe somewhat harder than normal. Think only about those physical activities that you did for at least 10 minutes at a time. During the last 7 days, did you do moderate physical activity like carrying light loads, bicycling at a regular pace, or doubles tennis?
COVID-19 Participant Experience (COPE)	ipaq_3_cope_a_24	1332870	text	numeric_text	numeric				0	0	0	covid_related		range [1.0, 7.0]	How many days per week?
COVID-19 Participant Experience (COPE)	ipaq_5		radio	single_select	binary_only				2	2	0	covid_related	sensitive	binary single-select; one-vs-rest GWAS.	Think about the time you spent walking in the last 7 days. This includes at work and at home, walking to travel from place to place, and any other walking that you have done solely for recreation, sport, exercise, or leisure. During the last 7 days, did you walk for at least 10 minutes at a time?
COVID-19 Participant Experience (COPE)	ipaq_5_cope_a_24	1332870	text	numeric_text	numeric				0	0	0	covid_related		range [1.0, 7.0]	How many days per week?
COVID-19 Participant Experience (COPE)	ipaq_7		radio	single_select	numeric				2	1	0	covid_related		numeric entry gated by a radio prompt; GWAS the entered value.	The last question is about the time you spent sitting on weekdays during the last 7 days. Include time spent at work, at home, while doing course work and during leisure time. This may include time spent sitting at a desk, visiting friends, reading, or sitting or lying down to watch television. During the last 7 days, how much time did you spend sitting on a weekday?
COVID-19 Participant Experience (COPE)	lifestyle_2_xx12	1332756	radio	single_select	nominal_binary				3	3	0	covid_related	sensitive		How long has it been since you last used an electronic nicotine product?
COVID-19 Participant Experience (COPE)	lifestyle_2_xx12_cope_a_152	715721	text	numeric_text	numeric				0	0	0	covid_related		range [1.0, 99.0]	Enter the number of years
COVID-19 Participant Experience (COPE)	lifestyle_2_xx12_cope_a_198	715720	text	numeric_text	numeric				0	0	0	covid_related		range [1.0, 11.0]	Enter the number of months
COVID-19 Participant Experience (COPE)	lifestyle_2_xx12_cope_a_57	715719	text	numeric_text	numeric				0	0	0	covid_related		range [1.0, 51.0]	Enter the number of weeks
COVID-19 Participant Experience (COPE)	lifestyle_2_xx13	1333299	radio	single_select	ordinal_and_binary	current_use_0_3	template	high	4	4	4	covid_related	sensitive		In the past month: Did you use any type of electronic nicotine product? This includes e- cigarettes, vape pens, hookah pens, personal vaporizers and mods, e-cigars, e-pipes, and e-hookahs.
COVID-19 Participant Experience (COPE)	lot_r_1	1332835	radio	single_select	ordinal_and_binary	agree_lotr_1_5	override	high	5	5	5	covid_related	sensitive		Choose the answer that best describes how you felt in the past month. In uncertain times, I usually expect the best.
COVID-19 Participant Experience (COPE)	mos_ss_1		radio	single_select	ordinal_and_binary	time_none_all_0_4	template	high	5	5	5	covid_related	sensitive		Choose the answer that best describes how often you can find this kind of support in the past month. Someone to help you if you were confined to bed
COVID-19 Participant Experience (COPE)	mos_ss_13		radio	single_select	ordinal_and_binary	time_none_all_0_4	template	high	5	5	5	covid_related	sensitive		Choose the answer that best describes how often you can find this kind of support in the past month. Someone to confide in or talk to about yourself or your problems
COVID-19 Participant Experience (COPE)	mos_ss_17		radio	single_select	ordinal_and_binary	time_none_all_0_4	template	high	5	5	5	covid_related	sensitive		Choose the answer that best describes how often you can find this kind of support in the past month. Someone to do things with to help you get your mind off things
COVID-19 Participant Experience (COPE)	mos_ss_2		radio	single_select	ordinal_and_binary	time_none_all_0_4	template	high	5	5	5	covid_related	sensitive		Choose the answer that best describes how often you can find this kind of support in the past month. Someone to take you to the doctor if you needed it
COVID-19 Participant Experience (COPE)	mos_ss_3		radio	single_select	ordinal_and_binary	time_none_all_0_4	template	high	5	5	5	covid_related	sensitive		Choose the answer that best describes how often you can find this kind of support in the past month. Someone to prepare your meals if you were unable to do it yourself
COVID-19 Participant Experience (COPE)	mos_ss_4		radio	single_select	ordinal_and_binary	time_none_all_0_4	template	high	5	5	5	covid_related	sensitive		Choose the answer that best describes how often you can find this kind of support in the past month. Someone to help with daily chores if you were sick
COVID-19 Participant Experience (COPE)	mos_ss_5		radio	single_select	ordinal_and_binary	time_none_all_0_4	template	high	5	5	5	covid_related	sensitive		Choose the answer that best describes how often you can find this kind of support in the past month. Someone to have a good time with
COVID-19 Participant Experience (COPE)	mos_ss_6		radio	single_select	ordinal_and_binary	time_none_all_0_4	template	high	5	5	5	covid_related	sensitive		Choose the answer that best describes how often you can find this kind of support in the past month. Someone to turn to for suggestions about how to deal with a personal problem
COVID-19 Participant Experience (COPE)	mos_ss_7		radio	single_select	ordinal_and_binary	time_none_all_0_4	template	high	5	5	5	covid_related	sensitive		Choose the answer that best describes how often you can find this kind of support in the past month. Someone who understands your problems
COVID-19 Participant Experience (COPE)	mos_ss_8		radio	single_select	ordinal_and_binary	time_none_all_0_4	template	high	5	5	5	covid_related	sensitive		Choose the answer that best describes how often you can find this kind of support in the past month. Someone to love and make you feel wanted
COVID-19 Participant Experience (COPE)	phq_9_1		radio	single_select	ordinal_and_binary	phq_gad_0_3	template	high	4	4	4	covid_related	sensitive		In the past 2 weeks, how often have you been bothered by: Little interest or pleasure in doing things
COVID-19 Participant Experience (COPE)	phq_9_2		radio	single_select	ordinal_and_binary	phq_gad_0_3	template	high	4	4	4	mental_health;covid_related	sensitive		In the past 2 weeks, how often have you been bothered by: Feeling down, depressed, or hopeless
COVID-19 Participant Experience (COPE)	phq_9_3		radio	single_select	ordinal_and_binary	phq_gad_0_3	template	high	4	4	4	covid_related	sensitive		In the past 2 weeks, how often have you been bothered by: Trouble falling or staying asleep, or sleeping too much
COVID-19 Participant Experience (COPE)	phq_9_4		radio	single_select	ordinal_and_binary	phq_gad_0_3	template	high	4	4	4	covid_related	sensitive		In the past 2 weeks, how often have you been bothered by: Feeling tired or having little energy
COVID-19 Participant Experience (COPE)	phq_9_5		radio	single_select	ordinal_and_binary	phq_gad_0_3	template	high	4	4	4	covid_related	sensitive		In the past 2 weeks, how often have you been bothered by: Poor appetite or overeating
COVID-19 Participant Experience (COPE)	phq_9_6		radio	single_select	ordinal_and_binary	phq_gad_0_3	template	high	4	4	4	covid_related	sensitive		In the past 2 weeks, how often have you been bothered by: Feeling bad about yourself or that you are a failure or have let yourself or your family down
COVID-19 Participant Experience (COPE)	phq_9_7		radio	single_select	ordinal_and_binary	phq_gad_0_3	template	high	4	4	4	covid_related	sensitive		In the past 2 weeks, how often have you been bothered by: Trouble concentrating on things, such as reading the newspaper or watching television
COVID-19 Participant Experience (COPE)	phq_9_8		radio	single_select	ordinal_and_binary	phq_gad_0_3	template	high	4	4	4	covid_related	sensitive		In the past 2 weeks, how often have you been bothered by: Moving or speaking so slowly that other people could have noticed? Or the opposite - being so fidgety or restless that you have been moving around a lot more than usual
COVID-19 Participant Experience (COPE)	phq_9_9		radio	single_select	ordinal_and_binary	phq_gad_0_3	template	high	4	4	4	covid_related	sensitive		In the past 2 weeks, how often have you been bothered by: Thoughts that you would be better off dead or of hurting yourself in some way
COVID-19 Participant Experience (COPE)	tsu_ds5_13_xx	1333017	checkbox	multi_select	binary_only				13	13	0	covid_related		checkbox: one selected-vs-not GWAS per option.	In the past month, have you used any of the following drugs? Select all that apply.
COVID-19 Participant Experience (COPE)	tsu_ds5_13_xx1	1332795	radio	single_select	ordinal_and_binary	freq_covid_contact_0_3	template	high	4	4	4	substance_use;covid_related	sensitive		How often did you use prescription opioids?
COVID-19 Participant Experience (COPE)	tsu_ds5_13_xx10	1332754	radio	single_select	ordinal_and_binary	freq_covid_contact_0_3	template	high	4	4	4	substance_use;covid_related	sensitive		How often did you use hallucinogens?
COVID-19 Participant Experience (COPE)	tsu_ds5_13_xx11	1332755	radio	single_select	ordinal_and_binary	freq_covid_contact_0_3	template	high	4	4	4	substance_use;covid_related	sensitive		How often did you use prescription stimulants?
COVID-19 Participant Experience (COPE)	tsu_ds5_13_xx2	1332796	radio	single_select	ordinal_and_binary	freq_covid_contact_0_3	template	high	4	4	4	substance_use;covid_related	sensitive		How often did you use heroin?
COVID-19 Participant Experience (COPE)	tsu_ds5_13_xx20	1332800	radio	single_select	binary_only				2	2	0	substance_use;covid_related	sensitive	binary single-select; one-vs-rest GWAS.	Did your use include smoking cannabis?
COVID-19 Participant Experience (COPE)	tsu_ds5_13_xx21	1332801	radio	single_select	ordinal_and_binary	change_lessmore_signed	template	high	3	3	3	substance_use;covid_related	sensitive		Do you think you have used more or less cannabis in the past month than you used to?
COVID-19 Participant Experience (COPE)	tsu_ds5_13_xx22	1332802	radio	single_select	binary_only				2	2	0	substance_use;covid_related	sensitive	binary single-select; one-vs-rest GWAS.	Did your use include smoking synthetic marijuana or fake weed?
COVID-19 Participant Experience (COPE)	tsu_ds5_13_xx23	1332803	radio	single_select	ordinal_and_binary	change_lessmore_signed	template	high	3	3	3	substance_use;covid_related	sensitive		Do you think you have used more or less synthetic marijuana or fake weed in the past month than you used to?
COVID-19 Participant Experience (COPE)	tsu_ds5_13_xx24	1332804	radio	single_select	binary_only				2	2	0	substance_use;covid_related	sensitive	binary single-select; one-vs-rest GWAS.	Did your use include smoking cocaine?
COVID-19 Participant Experience (COPE)	tsu_ds5_13_xx25	1332805	radio	single_select	ordinal_and_binary	change_lessmore_signed	template	high	3	3	3	substance_use;covid_related	sensitive		Do you think you have used more or less cocaine in the past month than you used to?
COVID-19 Participant Experience (COPE)	tsu_ds5_13_xx26	1332806	radio	single_select	binary_only				2	2	0	substance_use;covid_related	sensitive	binary single-select; one-vs-rest GWAS.	Did you use prescription stimulants in any way a doctor did not direct you to use it?
COVID-19 Participant Experience (COPE)	tsu_ds5_13_xx27	1332807	radio	single_select	ordinal_and_binary	change_lessmore_signed	template	high	3	3	3	substance_use;covid_related	sensitive		Do you think you have used more or less prescription stimulants in the past month than you used to?
COVID-19 Participant Experience (COPE)	tsu_ds5_13_xx28	1332808	radio	single_select	binary_only				2	2	0	covid_related	sensitive	binary single-select; one-vs-rest GWAS.	Did your use include smoking methamphetamine?
COVID-19 Participant Experience (COPE)	tsu_ds5_13_xx29	1332747	radio	single_select	ordinal_and_binary	change_lessmore_signed	template	high	3	3	3	covid_related	sensitive		Do you think you have used more or less methamphetamine in the past month than you used to?
COVID-19 Participant Experience (COPE)	tsu_ds5_13_xx3	1333013	radio	single_select	ordinal_and_binary	freq_covid_contact_0_3	template	high	4	4	4	substance_use;covid_related	sensitive		How often did you use cannabis?
COVID-19 Participant Experience (COPE)	tsu_ds5_13_xx30	1332819	radio	single_select	binary_only				2	2	0	substance_use;covid_related	sensitive	binary single-select; one-vs-rest GWAS.	Did your use include smoking synthetic stimulants?
COVID-19 Participant Experience (COPE)	tsu_ds5_13_xx31	1332820	radio	single_select	ordinal_and_binary	change_lessmore_signed	template	high	3	3	3	substance_use;covid_related	sensitive		Do you think you have used more or less synthetic stimulants in the past month than you used to?
COVID-19 Participant Experience (COPE)	tsu_ds5_13_xx32	1332822	radio	single_select	ordinal_and_binary	change_lessmore_signed	template	high	3	3	3	substance_use;covid_related	sensitive		Do you think you have used more or less inhalants in the past month than you used to?
COVID-19 Participant Experience (COPE)	tsu_ds5_13_xx33	1332824	radio	single_select	binary_only				2	2	0	covid_related	sensitive	binary single-select; one-vs-rest GWAS.	Did you use prescription sedatives or prescription sleeping pills in any way a doctor did not direct you to use it?
COVID-19 Participant Experience (COPE)	tsu_ds5_13_xx34	1332826	radio	single_select	ordinal_and_binary	change_lessmore_signed	template	high	3	3	3	covid_related	sensitive		Do you think you have used more or less prescription sedatives or prescription sleeping pills in the past month than you used to?
COVID-19 Participant Experience (COPE)	tsu_ds5_13_xx35	1332828	radio	single_select	binary_only				2	2	0	substance_use;covid_related	sensitive	binary single-select; one-vs-rest GWAS.	Did your use include smoking hallucinogens?
COVID-19 Participant Experience (COPE)	tsu_ds5_13_xx36	1332829	radio	single_select	ordinal_and_binary	change_lessmore_signed	template	high	3	3	3	substance_use;covid_related	sensitive		Do you think you have used more or less hallucinogens in the past month than you used to?
COVID-19 Participant Experience (COPE)	tsu_ds5_13_xx37	1332830	radio	single_select	binary_only				2	2	0	substance_use;covid_related	sensitive	binary single-select; one-vs-rest GWAS.	Did your use include smoking heroin?
COVID-19 Participant Experience (COPE)	tsu_ds5_13_xx38	1332831	radio	single_select	ordinal_and_binary	change_lessmore_signed	template	high	3	3	3	substance_use;covid_related	sensitive		Do you think you have used more or less heroin in the past month than you used to?
COVID-19 Participant Experience (COPE)	tsu_ds5_13_xx39	1333018	radio	single_select	binary_only				2	2	0	substance_use;covid_related	sensitive	binary single-select; one-vs-rest GWAS.	Did you use prescription opioids in any way a doctor did not direct you to use it?
COVID-19 Participant Experience (COPE)	tsu_ds5_13_xx4	1332797	radio	single_select	ordinal_and_binary	freq_covid_contact_0_3	template	high	4	4	4	substance_use;covid_related	sensitive		How often did you use synthetic stimulants?
COVID-19 Participant Experience (COPE)	tsu_ds5_13_xx40	1332832	radio	single_select	binary_only				2	2	0	substance_use;covid_related	sensitive	binary single-select; one-vs-rest GWAS.	Did your use include smoking prescription opioids?
COVID-19 Participant Experience (COPE)	tsu_ds5_13_xx41	1333019	radio	single_select	ordinal_and_binary	change_lessmore_signed	template	high	3	3	3	substance_use;covid_related	sensitive		Do you think you have used more or less prescription opioids in the past month than you used to?
COVID-19 Participant Experience (COPE)	tsu_ds5_13_xx42_cope_a_226		text	free_text	excluded_free_text				0	0	0	covid_related			Other substance - please specify
COVID-19 Participant Experience (COPE)	tsu_ds5_13_xx42_cope_a_226_2	1333020	radio	single_select	ordinal_and_binary	freq_covid_contact_0_3	template	high	4	4	4	covid_related	sensitive		How often did you use the other substance?
COVID-19 Participant Experience (COPE)	tsu_ds5_13_xx43	1333021	radio	single_select	binary_only				2	2	0	covid_related	sensitive	binary single-select; one-vs-rest GWAS.	Did your use include smoking the other substance?
COVID-19 Participant Experience (COPE)	tsu_ds5_13_xx44	1333022	radio	single_select	ordinal_and_binary	change_lessmore_signed	template	high	3	3	3	covid_related	sensitive		Do you think you have used more or less of the other substance in the past month than you used to?
COVID-19 Participant Experience (COPE)	tsu_ds5_13_xx5	1332746	radio	single_select	ordinal_and_binary	freq_covid_contact_0_3	template	high	4	4	4	substance_use;covid_related	sensitive		How often did you use inhalants?
COVID-19 Participant Experience (COPE)	tsu_ds5_13_xx6	1333004	radio	single_select	ordinal_and_binary	freq_covid_contact_0_3	template	high	4	4	4	covid_related	sensitive		How often did you use methamphetamine?
COVID-19 Participant Experience (COPE)	tsu_ds5_13_xx7	1332751	radio	single_select	ordinal_and_binary	freq_covid_contact_0_3	template	high	4	4	4	substance_use;covid_related	sensitive		How often did you use synthetic marijuana or fake weed?
COVID-19 Participant Experience (COPE)	tsu_ds5_13_xx8	1332752	radio	single_select	ordinal_and_binary	freq_covid_contact_0_3	template	high	4	4	4	covid_related	sensitive		How often did you use prescription sedatives or prescription sleeping pills?
COVID-19 Participant Experience (COPE)	tsu_ds5_13_xx9	1332753	radio	single_select	ordinal_and_binary	freq_covid_contact_0_3	template	high	4	4	4	substance_use;covid_related	sensitive		How often did you use cocaine?
COVID-19 Participant Experience (COPE)	ucla_ls8_11		radio	single_select	ordinal_and_binary	freq_never_veryoften_0_4	template	high	4	4	4	covid_related	sensitive		Choose the answer that is true for you in the past month. I feel left out
COVID-19 Participant Experience (COPE)	ucla_ls8_14		radio	single_select	ordinal_and_binary	freq_never_veryoften_0_4	template	high	4	4	4	covid_related	sensitive		Choose the answer that is true for you in the past month. I feel isolated from others
COVID-19 Participant Experience (COPE)	ucla_ls8_15		radio	single_select	ordinal_and_binary	freq_never_veryoften_0_4	template	high	4	4	4	covid_related	sensitive		Choose the answer that is true for you in the past month. I can find companionship when I want it
COVID-19 Participant Experience (COPE)	ucla_ls8_17		radio	single_select	ordinal_and_binary	freq_never_veryoften_0_4	template	high	4	4	4	covid_related	sensitive		Choose the answer that is true for you in the past month. I am unhappy being so withdrawn
COVID-19 Participant Experience (COPE)	ucla_ls8_18		radio	single_select	ordinal_and_binary	freq_never_veryoften_0_4	template	high	4	4	4	covid_related	sensitive		Choose the answer that is true for you in the past month. People are around me but not with me
COVID-19 Participant Experience (COPE)	ucla_ls8_2		radio	single_select	ordinal_and_binary	freq_never_veryoften_0_4	template	high	4	4	4	covid_related	sensitive		Choose the answer that is true for you in the past month. I lack companionship
COVID-19 Participant Experience (COPE)	ucla_ls8_3		radio	single_select	ordinal_and_binary	freq_never_veryoften_0_4	template	high	4	4	4	covid_related	sensitive		Choose the answer that is true for you in the past month. There is no one I can turn to
COVID-19 Participant Experience (COPE)	ucla_ls8_9		radio	single_select	ordinal_and_binary	freq_never_veryoften_0_4	template	high	4	4	4	covid_related	sensitive		Choose the answer that is true for you in the past month. I am an outgoing person
COVID-19 Participant Experience (COPE)	ukmh_j1	1332749	radio	single_select	ordinal_and_binary	happiness_0_5	override	high	8	6	6	covid_related	sensitive		Choose the answer that best describes how you felt in the past month. In general, how happy are you?
COVID-19 Participant Experience (COPE)	ukmh_j3	1332750	radio	single_select	ordinal_and_binary	amount_0_4	template	high	7	5	5	covid_related	sensitive		Choose the answer that best describes how you felt in the past month. To what extent do you feel your life to be meaningful?
COVID-19 Participant Experience (COPE)	basics_11	1332874	radio	single_select	binary_only				4	2	0	covid_related	sensitive	binary single-select; one-vs-rest GWAS.	Are you covered by health insurance or some other kind of health care plan?
COVID-19 Participant Experience (COPE)	basics_xx	1333015	text	numeric_text	numeric				0	0	0	covid_related		range [0.0, ]	Not including yourself, how many other people live at home with you?
COVID-19 Participant Experience (COPE)	basics_xx20	1333023	text	numeric_text	numeric				0	0	0	covid_related		range [0.0, ]	Think of other people who live with you. How many are under the age of 18 years?
COVID-19 Participant Experience (COPE)	cdc_covid_19_21	1333102	radio	single_select	ordinal_and_binary	impact_0_3	template	high	4	4	4	covid_related	sensitive		In the past month, have recommendations for socially distancing caused stress for you?
COVID-19 Participant Experience (COPE)	cdc_covid_19_23	1333294	checkbox	multi_select	binary_only				5	5	0	covid_related		checkbox: one selected-vs-not GWAS per option.	In the past month, have you experienced the following as a result of COVID-19? Select all that apply.
COVID-19 Participant Experience (COPE)	cdc_covid_19_7_xx22	1333325	radio	single_select	binary_only				2	2	0	covid_related	sensitive	binary single-select; one-vs-rest GWAS.	In the past month, have you been sick for more than one day with a new illness related to COVID-19 or flu-like symptoms?
COVID-19 Participant Experience (COPE)	cdc_covid_19_7_xx22_date		text	date_text	excluded_date				0	0	0	covid_related			Approximate date of onset
COVID-19 Participant Experience (COPE)	copect_17	1332763	checkbox	multi_select	binary_only				3	3	0	covid_related		checkbox: one selected-vs-not GWAS per option.	Have you EVER been near someone that you know, or suspect, had COVID-19 (such as co-workers, family members, or others)? Select all that apply.
COVID-19 Participant Experience (COPE)	copect_40_xx15	1333156	radio	single_select	ordinal_and_binary	yes_maybe_no_0_2	template	medium	3	3	3	covid_related	medium_confidence_ordinal;sensitive		Do you think you have had COVID-19?
COVID-19 Participant Experience (COPE)	copect_63_xx21	1333012	checkbox	multi_select	binary_only				5	5	0	covid_related		checkbox: one selected-vs-not GWAS per option.	What breathing treatment did you receive? Please select all that apply.
COVID-19 Participant Experience (COPE)	cu_covid	1333016	radio	single_select	flagged_review				10	9	0	covid_related	uncertain_ordinal;sensitive		What type of household do you live in?
COVID-19 Participant Experience (COPE)	cu_covid_cope_a_204		text	free_text	excluded_free_text				0	0	0	covid_related			Please specify.
COVID-19 Participant Experience (COPE)	msds_10	1333105	radio	single_select	ordinal_and_binary	days_last5_midpoint	template	high	4	4	4	covid_related	sensitive		Thinking about your current social habits, in the last 5 days: I have gone to my workplace or volunteer site that is outside my home.
COVID-19 Participant Experience (COPE)	msds_11	1332734	radio	single_select	ordinal_and_binary	days_last5_midpoint	template	high	4	4	4	covid_related	sensitive		Thinking about your current social habits, in the last 5 days: I have attended social gatherings outside my home of MORE than 10 people.
COVID-19 Participant Experience (COPE)	msds_12	1332735	radio	single_select	ordinal_and_binary	days_last5_midpoint	template	high	4	4	4	covid_related	sensitive		Thinking about your current social habits, in the last 5 days: I have attended social gatherings outside my home of LESS than 10 people.
COVID-19 Participant Experience (COPE)	msds_13	1332738	radio	single_select	ordinal_and_binary	days_last5_midpoint	template	high	4	4	4	covid_related	sensitive		"Thinking about your current social habits, in the last 5 days: I have gone on shopping trips or outings that were ""just for fun""."
COVID-19 Participant Experience (COPE)	msds_14	1332762	radio	single_select	ordinal_and_binary	days_last5_midpoint	template	high	4	4	4	covid_related	sensitive		Thinking about your current social habits, in the last 5 days: I have visited nursing homes or long-term care facilities (outside of work duties).
COVID-19 Participant Experience (COPE)	msds_15		radio	single_select	ordinal_and_binary	days_last5_midpoint	override	high	5	4	4	covid_related	sensitive		Thinking about your current social habits, in the last 5 days: I have been in close contact with someone who is in a risk group for COVID-19 (adults age 50+, people with chronic medical conditions like heart, lung, liver, or kidney disease, diabetes, high blood pressure, or a suppressed immune system). This includes someone inside or outside of your household.
COVID-19 Participant Experience (COPE)	msds_16		radio	single_select	ordinal_and_binary	social_change_signed	override	high	5	5	5	covid_related	sensitive		Thinking about these activities in the last 5 days, my social interaction with people outside my home was
COVID-19 Participant Experience (COPE)	msds_18		radio	single_select	ordinal_and_binary	hygiene_frequency_1_4	override	high	4	4	4	covid_related	sensitive		Now, thinking about the COVID-19 recommendations and mandates...How often in the past month are you doing the recommended pandemic hygiene, like washing hands frequently, avoiding touching your face, covering coughs, wearing a mask, and avoiding frequently touched surfaces in public places?
COVID-19 Participant Experience (COPE)	msds_9		radio	single_select	ordinal_and_binary	days_last5_midpoint	template	high	4	4	4	covid_related	sensitive		Thinking about your current social habits, in the last 5 days: I have stayed home all day.
COVID-19 Participant Experience (COPE)	overallhealth_14b	1332792	radio	single_select	binary_only				4	2	0	reproductive_menstrual;covid_related	sensitive	binary single-select; one-vs-rest GWAS.	Are you currently pregnant?
COVID-19 Participant Experience (COPE)	cope_nov		descriptive	descriptive	excluded_descriptive				0	0	0	covid_related			November COPE Survey
COVID-19 Participant Experience (COPE)	copect_40_xx15_a		radio	single_select	ordinal_and_binary	symptom_onset_month_ordinal	override	medium	5	5	5	covid_related	medium_confidence_ordinal;sensitive		When did your symptoms begin?
COVID-19 Participant Experience (COPE)	basics_11a		checkbox	multi_select	binary_only				9	9	0	covid_related		checkbox: one selected-vs-not GWAS per option.	Are you covered by health insurance or some other kind of health care plan? Select all that apply.
COVID-19 Participant Experience (COPE)	basics_11a_cope_a_33		text	free_text	excluded_free_text				0	0	0	covid_related			Please specify:
COVID-19 Participant Experience (COPE)	basics_12		checkbox	multi_select	binary_only				9	8	0	covid_related		checkbox: one selected-vs-not GWAS per option.	What is your current employment status? Please select 1 or more of these categories.
COVID-19 Participant Experience (COPE)	c19corset_59		radio	single_select	nominal_binary				6	5	0	covid_related	sensitive		If you know it, what is your blood group/blood type?
COVID-19 Participant Experience (COPE)	cdc_covid_19_18		checkbox	multi_select	binary_only				12	12	0	covid_related		checkbox: one selected-vs-not GWAS per option.	How has the COVID-19 outbreak affected you? Please select all that apply.
COVID-19 Participant Experience (COPE)	cdc_covid_19_25		checkbox	multi_select	binary_only				19	19	0	covid_related		checkbox: one selected-vs-not GWAS per option.	In the past month, to cope with social distancing and isolation, are you doing any of the following? Please select all that apply.
COVID-19 Participant Experience (COPE)	cdc_covid_19_26		checkbox	multi_select	binary_only				4	4	0	covid_related		checkbox: one selected-vs-not GWAS per option.	In the past month, has your experience with the following behaviors increased? Please select all that apply.
COVID-19 Participant Experience (COPE)	cdc_covid_19_7_xx23		checkbox	multi_select	binary_only				22	22	0	covid_related		checkbox: one selected-vs-not GWAS per option.	Which of the following symptoms did you have? Select all that apply.
COVID-19 Participant Experience (COPE)	cdc_covid_19_7_xx23_other	1310148	radio	single_select	binary_only				2	2	0	covid_related	sensitive	binary single-select; one-vs-rest GWAS.	Are there other important symptoms you want to share with us?
COVID-19 Participant Experience (COPE)	cdc_covid_19_7_xx23_other_cope_a_204		text	free_text	excluded_free_text				0	0	0	covid_related			Please specify:
COVID-19 Participant Experience (COPE)	cdc_covid_19_9_xx24		radio	single_select	nominal_binary				5	4	0	covid_related	sensitive		Was the test(s) for COVID-19 positive?
COVID-19 Participant Experience (COPE)	cdc_covid_19_9_xx25		radio	single_select	ordinal_and_binary	testing_access_0_2	override	medium	4	3	3	covid_related	medium_confidence_ordinal;sensitive		Were you tested for COVID-19?
COVID-19 Participant Experience (COPE)	dmfs_27		radio	single_select	binary_only				2	2	0	covid_related	sensitive	binary single-select; one-vs-rest GWAS.	Did you receive the flu vaccination in the past month?
COVID-19 Participant Experience (COPE)	cdc_covid_19_n_a		checkbox	multi_select	binary_only				4	4	0	covid_related		checkbox: one selected-vs-not GWAS per option.	How were you tested? Please select all that apply.
COVID-19 Participant Experience (COPE)	cdc_covid_19_n_a2	1333118	text	numeric_text	numeric				0	0	0	covid_related		range [1.0, 100.0]	How many times have you been tested?
COVID-19 Participant Experience (COPE)	cdc_covid_19_n_a3		checkbox	multi_select	binary_only				14	14	0	covid_related		checkbox: one selected-vs-not GWAS per option.	Did you have difficulty with the following aspects of getting a test? Please select all that apply.
COVID-19 Participant Experience (COPE)	cdc_covid_19_n_a4		text	free_text	excluded_free_text				0	0	0	covid_related			Please specify:
COVID-19 Participant Experience (COPE)	cdc_covid_19_n_a6		checkbox	multi_select	binary_only				8	8	0	covid_related		checkbox: one selected-vs-not GWAS per option.	What was your reason(s) for testing? Please select all that apply.
COVID-19 Participant Experience (COPE)	cdc_covid_19_n_a8		text	free_text	excluded_free_text				0	0	0	covid_related			Please specify:
COVID-19 Participant Experience (COPE)	cope_a_126		text	free_text	excluded_free_text				0	0	0	covid_related			What other breathing treatment did you receive? Please specify:
COVID-19 Participant Experience (COPE)	cope_aou_xx_1	1310135	radio	single_select	binary_only				3	2	0	covid_related	sensitive	binary single-select; one-vs-rest GWAS.	Are you receiving prenatal care?
COVID-19 Participant Experience (COPE)	cope_aou_xx_2	1310141	checkbox	multi_select	binary_only				7	6	0	reproductive_menstrual;covid_related		checkbox: one selected-vs-not GWAS per option.	How has your prenatal care changed since COVID-19? (If you became pregnant during COVID-19, compare to any prior pregnancies if relevant.) Select all that apply.
COVID-19 Participant Experience (COPE)	cope_aou_xx_2_a		text	free_text	excluded_free_text				0	0	0	covid_related			Please specify:
COVID-19 Participant Experience (COPE)	copect_63_xx20	1333324	checkbox	multi_select	binary_only				3	3	0	covid_related		checkbox: one selected-vs-not GWAS per option.	What medical care did you receive? Please select all that apply.
COVID-19 Participant Experience (COPE)	dmfs_28	1310142	radio	single_select	nominal_binary				4	4	0	covid_related	sensitive		Do you plan to get the flu vaccine this season?
COVID-19 Participant Experience (COPE)	dmfs_29	1310137	checkbox	multi_select	binary_only				17	17	0	covid_related		checkbox: one selected-vs-not GWAS per option.	What factors might make you less likely to get the vaccine? Please select all that apply.
COVID-19 Participant Experience (COPE)	dmfs_29a		text	free_text	excluded_free_text				0	0	0	covid_related			Please specify:
COVID-19 Participant Experience (COPE)	dmfs_xx_1		radio	single_select	ordinal_and_binary	likelihood_0_4	override	high	5	5	5	covid_related	sensitive		When a COVID-19 vaccine is available, how likely are you to want to receive vaccination?
COVID-19 Participant Experience (COPE)	gad_7_1		radio	single_select	ordinal_and_binary	phq_gad_0_3	template	high	4	4	4	covid_related	sensitive		Over the last 2 weeks, how often have you been bothered by the following problem: Feeling nervous, anxious, or on edge
COVID-19 Participant Experience (COPE)	gad_7_2		radio	single_select	ordinal_and_binary	phq_gad_0_3	template	high	4	4	4	covid_related	sensitive		Over the last 2 weeks, how often have you been bothered by the following problem: Not being able to stop or control worrying
COVID-19 Participant Experience (COPE)	msds_10_a		radio	single_select	ordinal_and_binary	freq_never_always_na_0_3	template	high	5	5	4	covid_related	sensitive		How often did you wear a face mask or face covering?
COVID-19 Participant Experience (COPE)	msds_11_a		radio	single_select	ordinal_and_binary	freq_never_always_na_0_3	template	high	5	5	4	covid_related	sensitive		How often did you wear a face mask or face covering?
COVID-19 Participant Experience (COPE)	msds_12_a		radio	single_select	ordinal_and_binary	freq_never_always_na_0_3	template	high	5	5	4	covid_related	sensitive		How often did you wear a face mask or face covering?
COVID-19 Participant Experience (COPE)	msds_13_a		radio	single_select	ordinal_and_binary	freq_never_always_na_0_3	template	high	5	5	4	covid_related	sensitive		How often did you wear a face mask or face covering?
COVID-19 Participant Experience (COPE)	msds_14_a		radio	single_select	ordinal_and_binary	freq_never_always_na_0_3	template	high	5	5	4	covid_related	sensitive		How often did you wear a face mask or face covering?
COVID-19 Participant Experience (COPE)	msds_17	1310134	radio	single_select	ordinal_and_binary	days_last5_midpoint	template	high	4	4	4	covid_related	sensitive		Thinking about your current social habits, in the last 5 days: I have attended social gatherings of MORE than 50 people.
COVID-19 Participant Experience (COPE)	msds_17_a		radio	single_select	ordinal_and_binary	freq_never_always_na_0_3	template	high	5	5	4	covid_related	sensitive		How often did you wear a face mask or face covering?
COVID-19 Participant Experience (COPE)	msds_17_b		checkbox	multi_select	binary_only				5	5	0	covid_related		checkbox: one selected-vs-not GWAS per option.	What was the purpose of the large gathering? Select all that apply.
COVID-19 Participant Experience (COPE)	msds_17_c		text	free_text	excluded_free_text				0	0	0	covid_related			Please specify:
COVID-19 Participant Experience (COPE)	phq_9_1		radio	single_select	ordinal_and_binary	phq_gad_0_3	template	high	4	4	4	covid_related	sensitive		Over the last 2 weeks, how often have you been bothered by the following problem: Little interest or pleasure in doing things
COVID-19 Participant Experience (COPE)	phq_9_2		radio	single_select	ordinal_and_binary	phq_gad_0_3	template	high	4	4	4	mental_health;covid_related	sensitive		In the past 2 weeks, how often have you been bothered by the following problem: Feeling down, depressed, or hopeless
COVID-19 Participant Experience (COPE)	phq_9_9		radio	single_select	ordinal_and_binary	phq_gad_0_3	template	high	4	4	4	covid_related	sensitive		Over the last 2 weeks, how often have you been bothered by the following problem: Thoughts that you would be better off dead or of hurting yourself in some way
COVID-19 Participant Experience (COPE)	rand_alp_csq_1		radio	single_select	binary_only				2	2	0	covid_related	sensitive	binary single-select; one-vs-rest GWAS.	Do you have a child that is currently enrolled in childcare centers, schools, or colleges?
COVID-19 Participant Experience (COPE)	rand_alp_csq_2a	1310138	radio	single_select	ordinal_and_binary	change_muchmore_signed	template	high	5	5	5	covid_related	sensitive		Compared with when they were in person at school or a childcare center, how much time are you spending on care and supervision of your children?
COVID-19 Participant Experience (COPE)	rand_alp_csq_2b	1310139	radio	single_select	ordinal_and_binary	change_muchmore_signed	template	high	5	5	5	covid_related	sensitive		Compared with when they were in in person school or a childcare center, how much time are you spending on helping your children with learning activities provided by their schools or childcare center?
COVID-19 Participant Experience (COPE)	rand_alp_csq_xx_1		radio	single_select	ordinal_and_binary	remote_childcare_0_3	override	medium	4	4	4	covid_related	medium_confidence_ordinal;sensitive		In the past month, did you have a child enrolled in childcare centers, schools, or colleges that is learning remotely because of COVID-19?
COVID-19 Participant Experience (COPE)	section_participation		radio	single_select	nominal_binary				3	3	0	covid_related	sensitive		You can choose not to answer any question at any time. We expect this survey will take most people approximately 8 to 10 minutes to complete. It might take some people longer to complete the survey.
Minute Survey on COVID-19 Vaccines	cope_vaccine1		descriptive	descriptive	excluded_descriptive				0	0	0	covid_related			Summer Minute Survey on COVID-19 Vaccines
Minute Survey on COVID-19 Vaccines	cdc_covid_xx_firstdose	905045	radio	single_select	nominal_binary				3	3	0	covid_related	sensitive		Did you receive the first dose of the COVID-19 vaccination?
Minute Survey on COVID-19 Vaccines	cdc_covid_xx_a_date1		text	date_text	excluded_date				0	0	0	covid_related			Enter date of vaccination. If you can't remember the exact date you received your vaccine, use your best guess.
Minute Survey on COVID-19 Vaccines	cdc_covid_xx_b_firstdose	905052	radio	single_select	nominal_binary				6	5	0	covid_related	sensitive		Which vaccine did you receive for your first dose of the COVID-19 vaccination?
Minute Survey on COVID-19 Vaccines	cdc_covid_xx_b_firstdose_other		text	free_text	excluded_free_text				0	0	0	covid_related			Please specify:
Minute Survey on COVID-19 Vaccines	cdc_covid_xx_symptom	905061	checkbox	multi_select	binary_only				15	15	0	covid_related		checkbox: one selected-vs-not GWAS per option.	Since receiving your first COVID-19 vaccine, have you experienced any of the following adverse reactions? Please select all that apply.
Minute Survey on COVID-19 Vaccines	cdc_covid_xx_symptom_cope_350		text	free_text	excluded_free_text				0	0	0	covid_related			Please specify:
Minute Survey on COVID-19 Vaccines	cdc_covid_xx_seconddose	905048	radio	single_select	binary_only				2	2	0	covid_related	sensitive	binary single-select; one-vs-rest GWAS.	Did you receive the second dose of the COVID-19 vaccination?
Minute Survey on COVID-19 Vaccines	cdc_covid_xx_a_date2		text	date_text	excluded_date				0	0	0	covid_related			Enter date of vaccination. If you can't remember the exact date you received your vaccine, use your best guess.
Minute Survey on COVID-19 Vaccines	cdc_covid_xx_b_seconddose	905056	radio	single_select	nominal_binary				5	4	0	covid_related	sensitive		Which vaccine did you receive for your second dose of the COVID-19 vaccination?
Minute Survey on COVID-19 Vaccines	cdc_covid_xx_b_seconddose_other		text	free_text	excluded_free_text				0	0	0	covid_related			Please specify:
Minute Survey on COVID-19 Vaccines	cdc_covid_xx_symptom_seconddose	905046	checkbox	multi_select	binary_only				15	15	0	covid_related		checkbox: one selected-vs-not GWAS per option.	Since receiving your second COVID-19 vaccine, have you experienced any of the following adverse reactions? Please select all that apply.
Minute Survey on COVID-19 Vaccines	cdc_covid_xx_symptom_seconddose_cope_350		text	free_text	excluded_free_text				0	0	0	covid_related			Please specify:
Minute Survey on COVID-19 Vaccines	dmfs_xx_1	1310132	radio	single_select	ordinal_and_binary	likelihood_0_4	override	high	5	5	5	covid_related	sensitive		When a COVID-19 vaccine is available to you, how likely are you to get vaccinated?
Minute Survey on COVID-19 Vaccines	dmfs_29	1310137	checkbox	multi_select	binary_only				18	18	0	covid_related		checkbox: one selected-vs-not GWAS per option.	What factors might make you less likely to get the vaccine? Please select all that apply.
Minute Survey on COVID-19 Vaccines	dmfs_29a		text	free_text	excluded_free_text				0	0	0	covid_related			Please specify:
Minute Survey on COVID-19 Vaccines	dmfs_xx_1_seconddose	905057	radio	single_select	ordinal_and_binary	likelihood_0_4	template	high	5	5	5	covid_related	sensitive		When a second COVID-19 vaccine is available to you, how likely are you to get vaccinated?
Minute Survey on COVID-19 Vaccines	dmfs_29_seconddose	1310137	checkbox	multi_select	binary_only				6	6	0	covid_related		checkbox: one selected-vs-not GWAS per option.	What factors might make you less likely to get the vaccine? Please select all that apply.
Minute Survey on COVID-19 Vaccines	dmfs_29_seconddose_other		text	free_text	excluded_free_text				0	0	0	covid_related			Please specify:
Minute Survey on COVID-19 Vaccines	cope_vaccine2		descriptive	descriptive	excluded_descriptive				0	0	0	covid_related			COVID-19 Vaccine Survey
Minute Survey on COVID-19 Vaccines	cope_vaccine3		descriptive	descriptive	excluded_descriptive				0	0	0	covid_related			COVID-19 Vaccine Survey
Minute Survey on COVID-19 Vaccines	cdc_covid_xx_dose3		radio	single_select	binary_only				3	2	0	covid_related	sensitive	binary single-select; one-vs-rest GWAS.	Did you receive an additional dose of the COVID-19 vaccination? This includes boosters or additional full doses of the COVID-19 vaccine.
Minute Survey on COVID-19 Vaccines	cdc_covid_xx_a_date3		text	date_text	excluded_date				0	0	0	covid_related			Enter date of vaccination. If you can't remember the exact date you received your vaccine, use your best guess.
Minute Survey on COVID-19 Vaccines	cdc_covid_xx_b_dose3		radio	single_select	nominal_binary				6	5	0	covid_related	sensitive		Which vaccine did you receive for your additional dose of the COVID-19 vaccination?
Minute Survey on COVID-19 Vaccines	cdc_covid_xx_b_dose3_other		text	free_text	excluded_free_text				0	0	0	covid_related			Please specify:
Minute Survey on COVID-19 Vaccines	cdc_covid_xx_symptom_dose3		checkbox	multi_select	binary_only				17	17	0	covid_related		checkbox: one selected-vs-not GWAS per option.	Since receiving your additional COVID-19 vaccine, have you experienced any of the following adverse reactions related to the vaccine? Please select all that apply.
Minute Survey on COVID-19 Vaccines	cdc_covid_xx_symptom_cope_350_dose3		text	free_text	excluded_free_text				0	0	0	covid_related			Please specify:
Minute Survey on COVID-19 Vaccines	cdc_covid_xx_type_dose3		radio	single_select	nominal_binary				4	3	0	covid_related	sensitive		What type of vaccine did you receive for the additional dose?
Minute Survey on COVID-19 Vaccines	cdc_covid_xx_type_dose3_other		text	free_text	excluded_free_text				0	0	0	covid_related			Please specify:
Minute Survey on COVID-19 Vaccines	dmfs_xx_1_additionaldose	765967	radio	single_select	ordinal_and_binary	likelihood_maybe_0_5	override	medium	6	6	6	covid_related	medium_confidence_ordinal;sensitive		If an additional dose is available to you, how likely are you to get vaccinated?
Minute Survey on COVID-19 Vaccines	dmfs_29_additionaldose	766005	checkbox	multi_select	binary_only				10	10	0	covid_related		checkbox: one selected-vs-not GWAS per option.	What factors might make you less likely to get an additional dose? Please select all that apply.
Minute Survey on COVID-19 Vaccines	dmfs_29_additionaldose_other		text	free_text	excluded_free_text				0	0	0	covid_related			Please specify:
Minute Survey on COVID-19 Vaccines	cdc_covid_xx_dose4		radio	single_select	binary_only				3	2	0	covid_related	sensitive	binary single-select; one-vs-rest GWAS.	Have you received a dose in addition to the one(s) previously indicated? This includes boosters or additional full doses of the COVID-19 vaccine.
Minute Survey on COVID-19 Vaccines	cdc_covid_xx_a_date4		text	date_text	excluded_date				0	0	0	covid_related			Enter date of vaccination. If you can't remember the exact date you received your vaccine, use your best guess.
Minute Survey on COVID-19 Vaccines	cdc_covid_xx_b_dose4		radio	single_select	nominal_binary				6	5	0	covid_related	sensitive		Which vaccine did you receive for your additional dose of the COVID-19 vaccination?
Minute Survey on COVID-19 Vaccines	cdc_covid_xx_b_dose4_other		text	free_text	excluded_free_text				0	0	0	covid_related			Please specify:
Minute Survey on COVID-19 Vaccines	cdc_covid_xx_symptom_dose4		checkbox	multi_select	binary_only				17	17	0	covid_related		checkbox: one selected-vs-not GWAS per option.	Since receiving your additional COVID-19 vaccine, have you experienced any of the following adverse reactions related to the vaccine? Please select all that apply.
Minute Survey on COVID-19 Vaccines	cdc_covid_xx_symptom_cope_350_dose4		text	free_text	excluded_free_text				0	0	0	covid_related			Please specify:
Minute Survey on COVID-19 Vaccines	cdc_covid_xx_type_dose4		radio	single_select	nominal_binary				4	3	0	covid_related	sensitive		What type of vaccine did you receive for the additional dose?
Minute Survey on COVID-19 Vaccines	cdc_covid_xx_type_dose4_other		text	free_text	excluded_free_text				0	0	0	covid_related			Please specify:
Minute Survey on COVID-19 Vaccines	cdc_covid_xx_dose5		radio	single_select	binary_only				3	2	0	covid_related	sensitive	binary single-select; one-vs-rest GWAS.	Have you received a dose in addition to the one(s) previously indicated? This includes boosters or additional full doses of the COVID-19 vaccine.
Minute Survey on COVID-19 Vaccines	cdc_covid_xx_a_date5		text	date_text	excluded_date				0	0	0	covid_related			Enter date of vaccination. If you can't remember the exact date you received your vaccine, use your best guess.
Minute Survey on COVID-19 Vaccines	cdc_covid_xx_b_dose5		radio	single_select	nominal_binary				6	5	0	covid_related	sensitive		Which vaccine did you receive for your additional dose of the COVID-19 vaccination?
Minute Survey on COVID-19 Vaccines	cdc_covid_xx_b_dose5_other		text	free_text	excluded_free_text				0	0	0	covid_related			Please specify:
Minute Survey on COVID-19 Vaccines	cdc_covid_xx_symptom_dose5		checkbox	multi_select	binary_only				17	17	0	covid_related		checkbox: one selected-vs-not GWAS per option.	Since receiving your additional COVID-19 vaccine, have you experienced any of the following adverse reactions related to the vaccine? Please select all that apply.
Minute Survey on COVID-19 Vaccines	cdc_covid_xx_symptom_cope_350_dose5		text	free_text	excluded_free_text				0	0	0	covid_related			Please specify:
Minute Survey on COVID-19 Vaccines	cdc_covid_xx_type_dose5		radio	single_select	nominal_binary				4	3	0	covid_related	sensitive		What type of vaccine did you receive for the additional dose?
Minute Survey on COVID-19 Vaccines	cdc_covid_xx_type_dose5_other		text	free_text	excluded_free_text				0	0	0	covid_related			Please specify:
Minute Survey on COVID-19 Vaccines	cdc_covid_xx_dose6		radio	single_select	binary_only				3	2	0	covid_related	sensitive	binary single-select; one-vs-rest GWAS.	Have you received a dose in addition to the one(s) previously indicated? This includes boosters or additional full doses of the COVID-19 vaccine.
Minute Survey on COVID-19 Vaccines	cdc_covid_xx_a_date6		text	date_text	excluded_date				0	0	0	covid_related			Enter date of vaccination. If you can't remember the exact date you received your vaccine, use your best guess.
Minute Survey on COVID-19 Vaccines	cdc_covid_xx_b_dose6		radio	single_select	nominal_binary				6	5	0	covid_related	sensitive		Which vaccine did you receive for your additional dose of the COVID-19 vaccination?
Minute Survey on COVID-19 Vaccines	cdc_covid_xx_b_dose6_other		text	free_text	excluded_free_text				0	0	0	covid_related			Please specify:
Minute Survey on COVID-19 Vaccines	cdc_covid_xx_symptom_dose6		checkbox	multi_select	binary_only				17	17	0	covid_related		checkbox: one selected-vs-not GWAS per option.	Since receiving your additional COVID-19 vaccine, have you experienced any of the following adverse reactions related to the vaccine? Please select all that apply.
Minute Survey on COVID-19 Vaccines	cdc_covid_xx_symptom_cope_350_dose6		text	free_text	excluded_free_text				0	0	0	covid_related			Please specify:
Minute Survey on COVID-19 Vaccines	cdc_covid_xx_type_dose6		radio	single_select	nominal_binary				4	3	0	covid_related	sensitive		What type of vaccine did you receive for the additional dose?
Minute Survey on COVID-19 Vaccines	cdc_covid_xx_type_dose6_other		text	free_text	excluded_free_text				0	0	0	covid_related			Please specify:
Minute Survey on COVID-19 Vaccines	cdc_covid_xx_dose7		radio	single_select	binary_only				3	2	0	covid_related	sensitive	binary single-select; one-vs-rest GWAS.	Have you received a dose in addition to the one(s) previously indicated? This includes boosters or additional full doses of the COVID-19 vaccine.
Minute Survey on COVID-19 Vaccines	cdc_covid_xx_a_date7		text	date_text	excluded_date				0	0	0	covid_related			Enter date of vaccination. If you can't remember the exact date you received your vaccine, use your best guess.
Minute Survey on COVID-19 Vaccines	cdc_covid_xx_b_dose7		radio	single_select	nominal_binary				6	5	0	covid_related	sensitive		Which vaccine did you receive for your additional dose of the COVID-19 vaccination?
Minute Survey on COVID-19 Vaccines	cdc_covid_xx_b_dose7_other		text	free_text	excluded_free_text				0	0	0	covid_related			Please specify:
Minute Survey on COVID-19 Vaccines	cdc_covid_xx_symptom_dose7		checkbox	multi_select	binary_only				17	17	0	covid_related		checkbox: one selected-vs-not GWAS per option.	Since receiving your additional COVID-19 vaccine, have you experienced any of the following adverse reactions related to the vaccine? Please select all that apply.
Minute Survey on COVID-19 Vaccines	cdc_covid_xx_symptom_cope_350_dose7		text	free_text	excluded_free_text				0	0	0	covid_related			Please specify:
Minute Survey on COVID-19 Vaccines	cdc_covid_xx_type_dose7		radio	single_select	nominal_binary				4	3	0	covid_related	sensitive		What type of vaccine did you receive for the additional dose?
Minute Survey on COVID-19 Vaccines	cdc_covid_xx_type_dose7_other		text	free_text	excluded_free_text				0	0	0	covid_related			Please specify:
Minute Survey on COVID-19 Vaccines	cdc_covid_xx_dose8		radio	single_select	binary_only				3	2	0	covid_related	sensitive	binary single-select; one-vs-rest GWAS.	Have you received a dose in addition to the one(s) previously indicated? This includes boosters or additional full doses of the COVID-19 vaccine.
Minute Survey on COVID-19 Vaccines	cdc_covid_xx_a_date8		text	date_text	excluded_date				0	0	0	covid_related			Enter date of vaccination. If you can't remember the exact date you received your vaccine, use your best guess.
Minute Survey on COVID-19 Vaccines	cdc_covid_xx_b_dose8		radio	single_select	nominal_binary				6	5	0	covid_related	sensitive		Which vaccine did you receive for your additional dose of the COVID-19 vaccination?
Minute Survey on COVID-19 Vaccines	cdc_covid_xx_b_dose8_other		text	free_text	excluded_free_text				0	0	0	covid_related			Please specify:
Minute Survey on COVID-19 Vaccines	cdc_covid_xx_symptom_dose8		checkbox	multi_select	binary_only				17	17	0	covid_related		checkbox: one selected-vs-not GWAS per option.	Since receiving your additional COVID-19 vaccine, have you experienced any of the following adverse reactions related to the vaccine? Please select all that apply.
Minute Survey on COVID-19 Vaccines	cdc_covid_xx_symptom_cope_350_dose8		text	free_text	excluded_free_text				0	0	0	covid_related			Please specify:
Minute Survey on COVID-19 Vaccines	cdc_covid_xx_type_dose8		radio	single_select	nominal_binary				4	3	0	covid_related	sensitive		What type of vaccine did you receive for the additional dose?
Minute Survey on COVID-19 Vaccines	cdc_covid_xx_type_dose8_other		text	free_text	excluded_free_text				0	0	0	covid_related			Please specify:
Minute Survey on COVID-19 Vaccines	cdc_covid_xx_dose9		radio	single_select	binary_only				3	2	0	covid_related	sensitive	binary single-select; one-vs-rest GWAS.	Have you received a dose in addition to the one(s) previously indicated? This includes boosters or additional full doses of the COVID-19 vaccine.
Minute Survey on COVID-19 Vaccines	cdc_covid_xx_a_date9		text	date_text	excluded_date				0	0	0	covid_related			Enter date of vaccination. If you can't remember the exact date you received your vaccine, use your best guess.
Minute Survey on COVID-19 Vaccines	cdc_covid_xx_b_dose9		radio	single_select	nominal_binary				6	5	0	covid_related	sensitive		Which vaccine did you receive for your additional dose of the COVID-19 vaccination?
Minute Survey on COVID-19 Vaccines	cdc_covid_xx_b_dose9_other		text	free_text	excluded_free_text				0	0	0	covid_related			Please specify:
Minute Survey on COVID-19 Vaccines	cdc_covid_xx_symptom_dose9		checkbox	multi_select	binary_only				17	17	0	covid_related		checkbox: one selected-vs-not GWAS per option.	Since receiving your additional COVID-19 vaccine, have you experienced any of the following adverse reactions related to the vaccine? Please select all that apply.
Minute Survey on COVID-19 Vaccines	cdc_covid_xx_symptom_cope_350_dose9		text	free_text	excluded_free_text				0	0	0	covid_related			Please specify:
Minute Survey on COVID-19 Vaccines	cdc_covid_xx_type_dose9		radio	single_select	nominal_binary				4	3	0	covid_related	sensitive		What type of vaccine did you receive for the additional dose?
Minute Survey on COVID-19 Vaccines	cdc_covid_xx_type_dose9_other		text	free_text	excluded_free_text				0	0	0	covid_related			Please specify:
Minute Survey on COVID-19 Vaccines	cdc_covid_xx_dose10		radio	single_select	binary_only				3	2	0	covid_related	sensitive	binary single-select; one-vs-rest GWAS.	Have you received a dose in addition to the one(s) previously indicated? This includes boosters or additional full doses of the COVID-19 vaccine.
Minute Survey on COVID-19 Vaccines	cdc_covid_xx_a_date10		text	date_text	excluded_date				0	0	0	covid_related			Enter date of vaccination. If you can't remember the exact date you received your vaccine, use your best guess.
Minute Survey on COVID-19 Vaccines	cdc_covid_xx_b_dose10		radio	single_select	nominal_binary				6	5	0	covid_related	sensitive		Which vaccine did you receive for your additional dose of the COVID-19 vaccination?
Minute Survey on COVID-19 Vaccines	cdc_covid_xx_b_dose10_other		text	free_text	excluded_free_text				0	0	0	covid_related			Please specify:
Minute Survey on COVID-19 Vaccines	cdc_covid_xx_symptom_dose10		checkbox	multi_select	binary_only				17	17	0	covid_related		checkbox: one selected-vs-not GWAS per option.	Since receiving your additional COVID-19 vaccine, have you experienced any of the following adverse reactions related to the vaccine? Please select all that apply.
Minute Survey on COVID-19 Vaccines	cdc_covid_xx_symptom_cope_350_dose10		text	free_text	excluded_free_text				0	0	0	covid_related			Please specify:
Minute Survey on COVID-19 Vaccines	cdc_covid_xx_type_dose10		radio	single_select	nominal_binary				4	3	0	covid_related	sensitive		What type of vaccine did you receive for the additional dose?
Minute Survey on COVID-19 Vaccines	cdc_covid_xx_type_dose10_other		text	free_text	excluded_free_text				0	0	0	covid_related			Please specify:
Minute Survey on COVID-19 Vaccines	cdc_covid_xx_dose11		radio	single_select	binary_only				3	2	0	covid_related	sensitive	binary single-select; one-vs-rest GWAS.	Have you received a dose in addition to the one(s) previously indicated? This includes boosters or additional full doses of the COVID-19 vaccine.
Minute Survey on COVID-19 Vaccines	cdc_covid_xx_a_date11		text	date_text	excluded_date				0	0	0	covid_related			Enter date of vaccination. If you can't remember the exact date you received your vaccine, use your best guess.
Minute Survey on COVID-19 Vaccines	cdc_covid_xx_b_dose11		radio	single_select	nominal_binary				6	5	0	covid_related	sensitive		Which vaccine did you receive for your additional dose of the COVID-19 vaccination?
Minute Survey on COVID-19 Vaccines	cdc_covid_xx_b_dose11_other		text	free_text	excluded_free_text				0	0	0	covid_related			Please specify:
Minute Survey on COVID-19 Vaccines	cdc_covid_xx_symptom_dose11		checkbox	multi_select	binary_only				17	17	0	covid_related		checkbox: one selected-vs-not GWAS per option.	Since receiving your additional COVID-19 vaccine, have you experienced any of the following adverse reactions related to the vaccine? Please select all that apply.
Minute Survey on COVID-19 Vaccines	cdc_covid_xx_symptom_cope_350_dose11		text	free_text	excluded_free_text				0	0	0	covid_related			Please specify:
Minute Survey on COVID-19 Vaccines	cdc_covid_xx_type_dose11		radio	single_select	nominal_binary				4	3	0	covid_related	sensitive		What type of vaccine did you receive for the additional dose?
Minute Survey on COVID-19 Vaccines	cdc_covid_xx_type_dose11_other		text	free_text	excluded_free_text				0	0	0	covid_related			Please specify:
Minute Survey on COVID-19 Vaccines	cdc_covid_xx_dose12		radio	single_select	binary_only				3	2	0	covid_related	sensitive	binary single-select; one-vs-rest GWAS.	Have you received a dose in addition to the one(s) previously indicated? This includes boosters or additional full doses of the COVID-19 vaccine.
Minute Survey on COVID-19 Vaccines	cdc_covid_xx_a_date12		text	date_text	excluded_date				0	0	0	covid_related			Enter date of vaccination. If you can't remember the exact date you received your vaccine, use your best guess.
Minute Survey on COVID-19 Vaccines	cdc_covid_xx_b_dose12		radio	single_select	nominal_binary				6	5	0	covid_related	sensitive		Which vaccine did you receive for your additional dose of the COVID-19 vaccination?
Minute Survey on COVID-19 Vaccines	cdc_covid_xx_b_dose12_other		text	free_text	excluded_free_text				0	0	0	covid_related			Please specify:
Minute Survey on COVID-19 Vaccines	cdc_covid_xx_symptom_dose12		checkbox	multi_select	binary_only				17	17	0	covid_related		checkbox: one selected-vs-not GWAS per option.	Since receiving your additional COVID-19 vaccine, have you experienced any of the following adverse reactions related to the vaccine? Please select all that apply.
Minute Survey on COVID-19 Vaccines	cdc_covid_xx_symptom_cope_350_dose12		text	free_text	excluded_free_text				0	0	0	covid_related			Please specify:
Minute Survey on COVID-19 Vaccines	cdc_covid_xx_type_dose12		radio	single_select	nominal_binary				4	3	0	covid_related	sensitive		What type of vaccine did you receive for the additional dose?
Minute Survey on COVID-19 Vaccines	cdc_covid_xx_type_dose12_other		text	free_text	excluded_free_text				0	0	0	covid_related			Please specify:
Minute Survey on COVID-19 Vaccines	cdc_covid_xx_dose13		radio	single_select	binary_only				3	2	0	covid_related	sensitive	binary single-select; one-vs-rest GWAS.	Have you received a dose in addition to the one(s) previously indicated? This includes boosters or additional full doses of the COVID-19 vaccine.
Minute Survey on COVID-19 Vaccines	cdc_covid_xx_a_date13		text	date_text	excluded_date				0	0	0	covid_related			Enter date of vaccination. If you can't remember the exact date you received your vaccine, use your best guess.
Minute Survey on COVID-19 Vaccines	cdc_covid_xx_b_dose13		radio	single_select	nominal_binary				6	5	0	covid_related	sensitive		Which vaccine did you receive for your additional dose of the COVID-19 vaccination?
Minute Survey on COVID-19 Vaccines	cdc_covid_xx_b_dose13_other		text	free_text	excluded_free_text				0	0	0	covid_related			Please specify:
Minute Survey on COVID-19 Vaccines	cdc_covid_xx_symptom_dose13		checkbox	multi_select	binary_only				17	17	0	covid_related		checkbox: one selected-vs-not GWAS per option.	Since receiving your additional COVID-19 vaccine, have you experienced any of the following adverse reactions related to the vaccine? Please select all that apply.
Minute Survey on COVID-19 Vaccines	cdc_covid_xx_symptom_cope_350_dose13		text	free_text	excluded_free_text				0	0	0	covid_related			Please specify:
Minute Survey on COVID-19 Vaccines	cdc_covid_xx_type_dose13		radio	single_select	nominal_binary				4	3	0	covid_related	sensitive		What type of vaccine did you receive for the additional dose?
Minute Survey on COVID-19 Vaccines	cdc_covid_xx_type_dose13_other		text	free_text	excluded_free_text				0	0	0	covid_related			Please specify:
Minute Survey on COVID-19 Vaccines	cdc_covid_xx_dose14		radio	single_select	binary_only				3	2	0	covid_related	sensitive	binary single-select; one-vs-rest GWAS.	Have you received a dose in addition to the one(s) previously indicated? This includes boosters or additional full doses of the COVID-19 vaccine.
Minute Survey on COVID-19 Vaccines	cdc_covid_xx_a_date14		text	date_text	excluded_date				0	0	0	covid_related			Enter date of vaccination. If you can't remember the exact date you received your vaccine, use your best guess.
Minute Survey on COVID-19 Vaccines	cdc_covid_xx_b_dose14		radio	single_select	nominal_binary				6	5	0	covid_related	sensitive		Which vaccine did you receive for your additional dose of the COVID-19 vaccination?
Minute Survey on COVID-19 Vaccines	cdc_covid_xx_b_dose14_other		text	free_text	excluded_free_text				0	0	0	covid_related			Please specify:
Minute Survey on COVID-19 Vaccines	cdc_covid_xx_symptom_dose14		checkbox	multi_select	binary_only				17	17	0	covid_related		checkbox: one selected-vs-not GWAS per option.	Since receiving your additional COVID-19 vaccine, have you experienced any of the following adverse reactions related to the vaccine? Please select all that apply.
Minute Survey on COVID-19 Vaccines	cdc_covid_xx_symptom_cope_350_dose14		text	free_text	excluded_free_text				0	0	0	covid_related			Please specify:
Minute Survey on COVID-19 Vaccines	cdc_covid_xx_type_dose14		radio	single_select	nominal_binary				4	3	0	covid_related	sensitive		What type of vaccine did you receive for the additional dose?
Minute Survey on COVID-19 Vaccines	cdc_covid_xx_type_dose14_other		text	free_text	excluded_free_text				0	0	0	covid_related			Please specify:
Minute Survey on COVID-19 Vaccines	cdc_covid_xx_dose15		radio	single_select	binary_only				3	2	0	covid_related	sensitive	binary single-select; one-vs-rest GWAS.	Have you received a dose in addition to the one(s) previously indicated? This includes boosters or additional full doses of the COVID-19 vaccine.
Minute Survey on COVID-19 Vaccines	cdc_covid_xx_a_date15		text	date_text	excluded_date				0	0	0	covid_related			Enter date of vaccination. If you can't remember the exact date you received your vaccine, use your best guess.
Minute Survey on COVID-19 Vaccines	cdc_covid_xx_b_dose15		radio	single_select	nominal_binary				6	5	0	covid_related	sensitive		Which vaccine did you receive for your additional dose of the COVID-19 vaccination?
Minute Survey on COVID-19 Vaccines	cdc_covid_xx_b_dose15_other		text	free_text	excluded_free_text				0	0	0	covid_related			Please specify:
Minute Survey on COVID-19 Vaccines	cdc_covid_xx_symptom_dose15		checkbox	multi_select	binary_only				17	17	0	covid_related		checkbox: one selected-vs-not GWAS per option.	Since receiving your additional COVID-19 vaccine, have you experienced any of the following adverse reactions related to the vaccine? Please select all that apply.
Minute Survey on COVID-19 Vaccines	cdc_covid_xx_symptom_cope_350_dose15		text	free_text	excluded_free_text				0	0	0	covid_related			Please specify:
Minute Survey on COVID-19 Vaccines	cdc_covid_xx_type_dose15		radio	single_select	nominal_binary				4	3	0	covid_related	sensitive		What type of vaccine did you receive for the additional dose?
Minute Survey on COVID-19 Vaccines	cdc_covid_xx_type_dose15_other		text	free_text	excluded_free_text				0	0	0	covid_related			Please specify:
Minute Survey on COVID-19 Vaccines	cdc_covid_xx_dose16		radio	single_select	binary_only				3	2	0	covid_related	sensitive	binary single-select; one-vs-rest GWAS.	Have you received a dose in addition to the one(s) previously indicated? This includes boosters or additional full doses of the COVID-19 vaccine.
Minute Survey on COVID-19 Vaccines	cdc_covid_xx_a_date16		text	date_text	excluded_date				0	0	0	covid_related			Enter date of vaccination. If you can't remember the exact date you received your vaccine, use your best guess.
Minute Survey on COVID-19 Vaccines	cdc_covid_xx_b_dose16		radio	single_select	nominal_binary				6	5	0	covid_related	sensitive		Which vaccine did you receive for your additional dose of the COVID-19 vaccination?
Minute Survey on COVID-19 Vaccines	cdc_covid_xx_b_dose16_other		text	free_text	excluded_free_text				0	0	0	covid_related			Please specify:
Minute Survey on COVID-19 Vaccines	cdc_covid_xx_symptom_dose16		checkbox	multi_select	binary_only				17	17	0	covid_related		checkbox: one selected-vs-not GWAS per option.	Since receiving your additional COVID-19 vaccine, have you experienced any of the following adverse reactions related to the vaccine? Please select all that apply.
Minute Survey on COVID-19 Vaccines	cdc_covid_xx_symptom_cope_350_dose16		text	free_text	excluded_free_text				0	0	0	covid_related			Please specify:
Minute Survey on COVID-19 Vaccines	cdc_covid_xx_type_dose16		radio	single_select	nominal_binary				4	3	0	covid_related	sensitive		What type of vaccine did you receive for the additional dose?
Minute Survey on COVID-19 Vaccines	cdc_covid_xx_type_dose16_other		text	free_text	excluded_free_text				0	0	0	covid_related			Please specify:
Minute Survey on COVID-19 Vaccines	cdc_covid_xx_dose17		radio	single_select	binary_only				3	2	0	covid_related	sensitive	binary single-select; one-vs-rest GWAS.	Have you received a dose in addition to the one(s) previously indicated? This includes boosters or additional full doses of the COVID-19 vaccine.
Minute Survey on COVID-19 Vaccines	cdc_covid_xx_a_date17		text	date_text	excluded_date				0	0	0	covid_related			Enter date of vaccination. If you can't remember the exact date you received your vaccine, use your best guess.
Minute Survey on COVID-19 Vaccines	cdc_covid_xx_b_dose17		radio	single_select	nominal_binary				6	5	0	covid_related	sensitive		Which vaccine did you receive for your additional dose of the COVID-19 vaccination?
Minute Survey on COVID-19 Vaccines	cdc_covid_xx_b_dose17_other		text	free_text	excluded_free_text				0	0	0	covid_related			Please specify:
Minute Survey on COVID-19 Vaccines	cdc_covid_xx_symptom_dose17		checkbox	multi_select	binary_only				17	17	0	covid_related		checkbox: one selected-vs-not GWAS per option.	Since receiving your additional COVID-19 vaccine, have you experienced any of the following adverse reactions related to the vaccine? Please select all that apply.
Minute Survey on COVID-19 Vaccines	cdc_covid_xx_symptom_cope_350_dose17		text	free_text	excluded_free_text				0	0	0	covid_related			Please specify:
Minute Survey on COVID-19 Vaccines	cdc_covid_xx_type_dose17		radio	single_select	nominal_binary				4	3	0	covid_related	sensitive		What type of vaccine did you receive for the additional dose?
Minute Survey on COVID-19 Vaccines	cdc_covid_xx_type_dose17_other		text	free_text	excluded_free_text				0	0	0	covid_related			Please specify:
Minute Survey on COVID-19 Vaccines	cope_vaccine4		descriptive	descriptive	excluded_descriptive				0	0	0	covid_related			COVID-19 Vaccine Survey
Life Functioning	lfs		descriptive	descriptive	excluded_descriptive				0	0	0				Life Functioning Survey
Life Functioning	disability_deaf		radio	single_select	binary_only				3	2	0	disability	sensitive	binary single-select; one-vs-rest GWAS.	Are you deaf or do you have serious difficulty hearing?
Life Functioning	disability_blind		radio	single_select	binary_only				3	2	0	disability	sensitive	binary single-select; one-vs-rest GWAS.	Are you blind or do you have serious difficulty seeing, even when wearing glasses?
Life Functioning	disability_difficultyconcentrating		radio	single_select	binary_only				3	2	0	disability	sensitive	binary single-select; one-vs-rest GWAS.	Because of a physical, mental, or emotional condition, do you have serious difficulty concentrating, remembering or making decisions?
Life Functioning	disability_walkingclimbing		radio	single_select	binary_only				3	2	0	disability	sensitive	binary single-select; one-vs-rest GWAS.	Do you have serious difficulty walking or climbing stairs?
Life Functioning	disability_dressingbathing		radio	single_select	binary_only				3	2	0	disability	sensitive	binary single-select; one-vs-rest GWAS.	Do you have difficulty dressing or bathing?
Life Functioning	disability_errandsalone		radio	single_select	binary_only				3	2	0			binary single-select; one-vs-rest GWAS.	Because of a physical, mental, or emotional condition, do you have difficulty doing errands alone such as visiting doctor's office or shopping?
Emotional Health History and Well-Being	ehhwb		descriptive	descriptive	excluded_descriptive				0	0	0				Emotional Health History and Well-Being
Emotional Health History and Well-Being	ehhwb_intro		descriptive	descriptive	excluded_descriptive				0	0	0				The following questions ask about your emotional health and well-being. Participating in this survey will help us understand emotional health and well-being and how they affect overall health. This survey will take approximately 8 minutes to complete. Please answer each question as honestly as possible. We are looking for your own answers, and not what you think your doctors, family, or friends want you to say. Don't feel like you must spend a long time over each question. The first answer that comes to you is usually the best one. If you aren't sure how to answer a question, choose the best answer from the options given. Some questions also let you say if you don't know an answer or would rather not answer. Some of the questions may be sensitive. You can choose not to answer any question.
Emotional Health History and Well-Being	anxiety_worry		descriptive	descriptive	excluded_descriptive				0	0	0	mental_health			Feelings of General Anxiety and Worry Everyone worries from time to time. The next questions have to do with anxiety and feelings of worry. Your answers may help researchers better understand how anxiety affects physical and mental health. Sharing your experiences could also improve how to identify and treat anxiety for more people. Over the last 2 weeks, how often have you been bothered by the following problems?
Emotional Health History and Well-Being	gad7_1		radio	single_select	ordinal_and_binary	phq_gad_0_3	template	high	4	4	4				Feeling nervous, anxious, or on edge
Emotional Health History and Well-Being	gad7_2		radio	single_select	ordinal_and_binary	phq_gad_0_3	template	high	4	4	4				Not being able to stop or control worrying
Emotional Health History and Well-Being	gad7_3		radio	single_select	ordinal_and_binary	phq_gad_0_3	template	high	4	4	4				Worrying too much about different things
Emotional Health History and Well-Being	gad7_4		radio	single_select	ordinal_and_binary	phq_gad_0_3	template	high	4	4	4				Trouble relaxing
Emotional Health History and Well-Being	gad7_5		radio	single_select	ordinal_and_binary	phq_gad_0_3	template	high	4	4	4				Being so restless that it's hard to sit still
Emotional Health History and Well-Being	gad7_6		radio	single_select	ordinal_and_binary	phq_gad_0_3	template	high	4	4	4				Becoming easily annoyed or irritable
Emotional Health History and Well-Being	gad7_7		radio	single_select	ordinal_and_binary	phq_gad_0_3	template	high	4	4	4				Feeling afraid as if something awful might happen
Emotional Health History and Well-Being	worryanxiety		radio	single_select	binary_only				2	2	0	mental_health	sensitive	binary single-select; one-vs-rest GWAS.	In your life, was there a period of 6 months or longer when you had problems with worry and anxiety?
Emotional Health History and Well-Being	worryanxiety_yes		descriptive	descriptive	excluded_descriptive				0	0	0	mental_health			Think of a time in your life lasting 6 months or longer when you had the largest number of problems with worry and anxiety. During those 6 months, how often did you...
Emotional Health History and Well-Being	cidi5_6		radio	single_select	ordinal_and_binary	time_all_none_0_4	template	high	5	5	5				Feel worried and anxious?
Emotional Health History and Well-Being	cidi5_7		radio	single_select	ordinal_and_binary	time_all_none_0_4	template	high	5	5	5				Worry about a number of different things in your life, such as your work, family, health, or finances?
Emotional Health History and Well-Being	cidi5_8		radio	single_select	ordinal_and_binary	time_all_none_0_4	template	high	5	5	5				Worry excessively or too much?
Emotional Health History and Well-Being	cidi5_9		radio	single_select	ordinal_and_binary	time_all_none_0_4	template	high	5	5	5				Have trouble controlling your worry?
Emotional Health History and Well-Being	cidi5_10		radio	single_select	ordinal_and_binary	time_all_none_0_4	template	high	5	5	5				Feel restless, keyed up, or on edge?
Emotional Health History and Well-Being	worryanxiety_yes_2		descriptive	descriptive	excluded_descriptive				0	0	0				During those 6 months, how often did you
Emotional Health History and Well-Being	cidi5_11		radio	single_select	ordinal_and_binary	time_all_none_0_4	template	high	5	5	5	disability	sensitive		Have difficulty concentrating or your mind going blank?
Emotional Health History and Well-Being	cidi5_12		radio	single_select	ordinal_and_binary	time_all_none_0_4	template	high	5	5	5				Feel irritated, annoyed, or grouchy?
Emotional Health History and Well-Being	cidi5_13		radio	single_select	ordinal_and_binary	time_all_none_0_4	template	high	5	5	5				Have muscle aches or tension?
Emotional Health History and Well-Being	cidi5_14		radio	single_select	ordinal_and_binary	time_all_none_0_4	template	high	5	5	5				Have difficulty falling or staying asleep or have restless, unsatisfying sleep?
Emotional Health History and Well-Being	cidi5_15		text	numeric_text	numeric				0	0	0	mental_health		range [2.0, 99.0]	About how old were you when you first began having problems with anxiety or worrying? If you don't know, please use your best guess.
Emotional Health History and Well-Being	mood_sadness		descriptive	descriptive	excluded_descriptive				0	0	0	mental_health			Mood and Sadness Everyone experiences sadness every now and then. When a person is sad for a long time, that may be a sign they need treatment. The next questions have to do with feelings of depression. The questions you answer today could lead to tomorrow's treatment. Over the last 2 weeks, how often have you been bothered by any of the following problems?
Emotional Health History and Well-Being	phq9_1		radio	single_select	ordinal_and_binary	phq_gad_0_3	template	high	4	4	4				Little interest or pleasure in doing things
Emotional Health History and Well-Being	phq9_2		radio	single_select	ordinal_and_binary	phq_gad_0_3	template	high	4	4	4	mental_health	sensitive		Feeling down, depressed, or hopeless
Emotional Health History and Well-Being	phq9_3		radio	single_select	ordinal_and_binary	phq_gad_0_3	template	high	4	4	4				Trouble falling or staying asleep, or sleeping too much
Emotional Health History and Well-Being	phq9_4		radio	single_select	ordinal_and_binary	phq_gad_0_3	template	high	4	4	4				Feeling tired or having little energy
Emotional Health History and Well-Being	phq9_5		radio	single_select	ordinal_and_binary	phq_gad_0_3	template	high	4	4	4				Poor appetite or overeating
Emotional Health History and Well-Being	phq9_6		radio	single_select	ordinal_and_binary	phq_gad_0_3	template	high	4	4	4				Feeling bad about yourself or that you are a failure or have let yourself or your family down
Emotional Health History and Well-Being	phq9_7		radio	single_select	ordinal_and_binary	phq_gad_0_3	template	high	4	4	4				Trouble concentrating on things, such as reading the newspaper or watching television
Emotional Health History and Well-Being	phq9_8		radio	single_select	ordinal_and_binary	phq_gad_0_3	template	high	4	4	4				Moving or speaking so slowly that other people could have noticed? Or the opposite - being so fidgety or restless that you have been moving around a lot more than usual
Emotional Health History and Well-Being	phq9_9		radio	single_select	ordinal_and_binary	phq_gad_0_3	template	high	4	4	4				Thoughts that you would be better off dead or of hurting yourself in some way
Emotional Health History and Well-Being	depression_popup1		descriptive	descriptive	excluded_descriptive				0	0	0	suicidality_self_harm			If this is how you feel now, please get help. Trained counselors are available 24/7. Dial 9-8-8 to reach the Suicide and Crisis Lifeline (press 1 if you're a veteran). Or Text HOME to 741741 to connect with a live counselor for any crisis.
Emotional Health History and Well-Being	lifetime_symptoms		descriptive	descriptive	excluded_descriptive				0	0	0				Now we want to know some more about symptoms in your lifetime.
Emotional Health History and Well-Being	mhqukb_5		radio	single_select	binary_only				3	2	0	mental_health	sensitive	binary single-select; one-vs-rest GWAS.	Have you ever had a time in your life when you felt sad, blue, or depressed for two weeks or more in a row?
Emotional Health History and Well-Being	mhqukb_6		radio	single_select	binary_only				3	2	0			binary single-select; one-vs-rest GWAS.	Have you ever had a time in your life lasting two weeks or more when you lost interest in most things like hobbies, work, or activities that usually give you pleasure?
Emotional Health History and Well-Being	twoweekperiod_depression		descriptive	descriptive	excluded_descriptive				0	0	0	mental_health			Please think of the two-week period in your life when your feelings of depression or loss of interest were worst.
Emotional Health History and Well-Being	mhqukb_7		radio	single_select	binary_only				3	2	0	trauma_violence	sensitive	binary single-select; one-vs-rest GWAS.	Did this worst period start within two months of the death of someone close to you or after a stressful or traumatic event in your life?
Emotional Health History and Well-Being	mhqukb_8		radio	single_select	ordinal_and_binary	duration_fraction_day_1_4	override	high	6	4	4				How much of the day did these feelings usually last?
Emotional Health History and Well-Being	mhqukb_9		radio	single_select	ordinal_and_binary	frequency_episode_1_3	override	high	5	3	3				How often did you feel this way?
Emotional Health History and Well-Being	mhqukb_10		radio	single_select	binary_only				4	2	0			binary single-select; one-vs-rest GWAS.	Did your mood brighten in response to positive events?
Emotional Health History and Well-Being	mhqukb_11		radio	single_select	nominal_binary				5	3	0				Was your mood worse
Emotional Health History and Well-Being	mhqukb_12		radio	single_select	binary_only				4	2	0			binary single-select; one-vs-rest GWAS.	Did you feel more tired out or low on energy than is usual for you?
Emotional Health History and Well-Being	mhqukb_13		radio	single_select	binary_only				4	2	0			binary single-select; one-vs-rest GWAS.	Did you experience heavy feelings in your arms or legs?
Emotional Health History and Well-Being	mhqukb_14		radio	single_select	ordinal_and_binary	appetite_change_signed	override	medium	5	3	3		medium_confidence_ordinal		Did you experience changes in your appetite?
Emotional Health History and Well-Being	mhqukb_15		radio	single_select	ordinal_and_binary	weight_change_signed	override	medium	6	4	3		medium_confidence_ordinal		Did you gain or lose weight without trying, or did you stay about the same weight?
Emotional Health History and Well-Being	mhqukb_16		radio	single_select	binary_only				4	2	0			binary single-select; one-vs-rest GWAS.	Did you have trouble falling asleep, staying asleep or sleeping too much?
Emotional Health History and Well-Being	mhqukb_17		radio	single_select	binary_only				4	2	0			binary single-select; one-vs-rest GWAS.	Did you have a lot more trouble concentrating than usual?
Emotional Health History and Well-Being	mhqukb_18		radio	single_select	binary_only				4	2	0			binary single-select; one-vs-rest GWAS.	People sometimes feel down on themselves, no good, worthless. Did you feel this way?
Emotional Health History and Well-Being	mhqukb_19		radio	single_select	binary_only				4	2	0			binary single-select; one-vs-rest GWAS.	Did you feel excessive guilt or guilt out of proportion to the reality of the situation?
Emotional Health History and Well-Being	mhqukb_20		radio	single_select	binary_only				4	2	0			binary single-select; one-vs-rest GWAS.	Did you think a lot about death - either your own, someone else's or death in general?
Emotional Health History and Well-Being	depression_popup2		descriptive	descriptive	excluded_descriptive				0	0	0	suicidality_self_harm			If you feel this way now, please get help. Trained counselors are available 24/7 Dial 9-8-8 to reach the Suicide and Crisis Lifeline (press 1 if you're a veteran). Or Text HOME to 741741 to connect with a live counselor for any crisis.
Emotional Health History and Well-Being	mhqukb_21		radio	single_select	ordinal_and_binary	duration_month_midpoint	override	medium	7	6	6		medium_confidence_ordinal		About how long altogether did you feel this way? Count the time before, during and after the worst two weeks.
Emotional Health History and Well-Being	mhqukb_22		radio	single_select	ordinal_and_binary	impact_0_3	template	high	5	4	4				Think about your roles at the time of this episode, including study/employment, childcare and housework, leisure pursuits. How much did these problems interfere with your life or activities?
Emotional Health History and Well-Being	mhqukb_23		radio	single_select	ordinal_and_binary	experience_problem_severity_0_2	override	medium	3	3	3	mental_health	medium_confidence_ordinal;sensitive		Some people who have had feelings of depression or loss of interest find that they have difficulties coping with rejection or negative responses from other people, even outside these periods. Does this sound like you?
Emotional Health History and Well-Being	depression		descriptive	descriptive	excluded_descriptive				0	0	0	mental_health			Please answer the following questions about the times in your life when you have had feelings of depression or loss of interest.
Emotional Health History and Well-Being	mhqukb_24		radio	single_select	ordinal_and_binary	episode_count_1_2	override	high	3	2	2				How many periods did you have in your life lasting two or more weeks where you felt like this?
Emotional Health History and Well-Being	mhqukb_25		radio	single_select	binary_only				2	2	0	mental_health	sensitive	binary single-select; one-vs-rest GWAS.	Enter number of times you had a period lasting two or more weeks when you had feelings of depression or loss of interest. If you don't know, please use your best guess.
Emotional Health History and Well-Being	mhqukb_25_number		text	numeric_text	numeric				0	0	0			range [2.0, 999.0]	Enter number of times
Emotional Health History and Well-Being	mhqukb_26		radio	single_select	excluded_gated_prompt				2	1	0			numeric entry captured by its _number/_age sibling field.	About how old were you the FIRST time you had a period of two weeks like this? (Whether or not you received any help for it.) If you don't know, please use your best guess.
Emotional Health History and Well-Being	mhqukb_26_age		text	numeric_text	numeric				0	0	0			range [2.0, 99.0]	Enter years of age when first felt this way
Emotional Health History and Well-Being	mhqukb_27		radio	single_select	nominal_binary				5	3	0	mental_health	sensitive		Did this episode occur within months of giving birth? Or has it been suggested you had post-partum depression?
Emotional Health History and Well-Being	mhqukb_28		radio	single_select	excluded_gated_prompt				2	1	0			numeric entry captured by its _number/_age sibling field.	About how old were you the LAST time you had a period of two weeks like this? (Whether or not you received any help for it.) If you don't know, please use your best guess.
Emotional Health History and Well-Being	mhqukb_28_age		text	numeric_text	numeric				0	0	0			range [2.0, 99.0]	Enter years of age when last felt this way
Emotional Health History and Well-Being	depression_help		descriptive	descriptive	excluded_descriptive				0	0	0	mental_health			Please answer the following questions about times in your life about getting help for feelings of depression or loss of interest.
Emotional Health History and Well-Being	mhqukb_29		radio	single_select	binary_only				4	2	0			binary single-select; one-vs-rest GWAS.	Did you ever tell a professional about these problems (medical doctor, psychologist, social worker, counselor, nurse, clergy, or other helping professional)?
Emotional Health History and Well-Being	mhqukb_30		checkbox	multi_select	binary_only				5	4	0			checkbox: one selected-vs-not GWAS per option.	Did you ever try the following for these problems? (Select all that apply)
Emotional Health History and Well-Being	mhqukb_31		checkbox	multi_select	binary_only				9	7	0			checkbox: one selected-vs-not GWAS per option.	Did you try any of the following medications? (Select all that apply)
Emotional Health History and Well-Being	mhqukb_31_citalopram		radio	single_select	binary_only				4	2	0			binary single-select; one-vs-rest GWAS.	Did citalopram help?
Emotional Health History and Well-Being	mhqukb_31_fluoxetine		radio	single_select	binary_only				4	2	0			binary single-select; one-vs-rest GWAS.	Did fluoxetine help?
Emotional Health History and Well-Being	mhqukb_31_sertraline		radio	single_select	binary_only				4	2	0			binary single-select; one-vs-rest GWAS.	Did sertraline help?
Emotional Health History and Well-Being	mhqukb_31_paroxetine		radio	single_select	binary_only				4	2	0			binary single-select; one-vs-rest GWAS.	Did paroxetine help?
Emotional Health History and Well-Being	mhqukb_31_amitriptyline		radio	single_select	binary_only				4	2	0			binary single-select; one-vs-rest GWAS.	Did amitriptyline help?
Emotional Health History and Well-Being	mhqukb_31_dosulepin		radio	single_select	binary_only				4	2	0			binary single-select; one-vs-rest GWAS.	Did dosulepin help?
Emotional Health History and Well-Being	mhqukb_31_other		radio	single_select	binary_only				4	2	0	mental_health	sensitive	binary single-select; one-vs-rest GWAS.	Did the other antidepressants help?
Emotional Health History and Well-Being	mhqukb_32		checkbox	multi_select	binary_only				4	3	0	sexual_behavior_or_trauma		checkbox: one selected-vs-not GWAS per option.	Did you ever try talking therapies for these problems, or other structured activities you regard as therapeutic? Include only those you attended more than once.
Emotional Health History and Well-Being	mhqukb_33		radio	single_select	binary_only				4	2	0			binary single-select; one-vs-rest GWAS.	Did talking therapy help?
Emotional Health History and Well-Being	self_harm		descriptive	descriptive	excluded_descriptive				0	0	0	suicidality_self_harm			Self-Harm Suicide is often preventable. These questions ask if you have ever thought about harming yourself or ending your life. Your answers may help researchers find better ways to help those with thoughts of harming themselves. We know this is a sensitive topic. You can choose not to answer any question.
Emotional Health History and Well-Being	ss_1		radio	single_select	binary_only				2	2	0			binary single-select; one-vs-rest GWAS.	Did you ever have thoughts of purposely hurting yourself without wanting to die? (for example, cutting or burning)
Emotional Health History and Well-Being	ss_2		radio	single_select	binary_only				2	2	0	suicidality_self_harm	sensitive	binary single-select; one-vs-rest GWAS.	Did you ever in your life have thoughts of killing yourself?
Emotional Health History and Well-Being	ss_2_age		text	numeric_text	numeric				0	0	0	suicidality_self_harm		range [2.0, 99.0]	How old were you the very first time you had thoughts of killing yourself? If you don't know, please use your best guess.
Emotional Health History and Well-Being	ss_3		radio	single_select	binary_only				2	2	0	suicidality_self_harm;trauma_violence	sensitive	binary single-select; one-vs-rest GWAS.	Did you ever make a suicide attempt where you purposefully hurt yourself with at least some intention to die?
Emotional Health History and Well-Being	ss_3_number		text	numeric_text	numeric				0	0	0	suicidality_self_harm		range [1.0, 999.0]	How many suicide attempts did you ever make in your life? If you don't know, please use your best guess.
Emotional Health History and Well-Being	ss_3_age_1		text	numeric_text	numeric				0	0	0	suicidality_self_harm		range [2.0, 99.0]	How old were you when you made that suicide attempt? If you don't know, please use your best guess.
Emotional Health History and Well-Being	ss_3_age_2		text	numeric_text	numeric				0	0	0	suicidality_self_harm		range [2.0, 99.0]	How old were you the very first time you made a suicide attempt? If you don't know, please use your best guess.
Emotional Health History and Well-Being	suicide_popup		descriptive	descriptive	excluded_descriptive				0	0	0	suicidality_self_harm			If you feel this way now, please get help. Trained counselors are available 24/7 Dial 9-8-8 to reach the Suicide and Crisis Lifeline (press 1 if you're a veteran). Or Text HOME to 741741 to connect with a live counselor for any crisis.
Emotional Health History and Well-Being	trauma		descriptive	descriptive	excluded_descriptive				0	0	0	trauma_violence			Experiences with Trauma Some people go through stressful and upsetting events during their life. These are sometimes called traumas or traumatic events. We will ask you about your experiences with trauma throughout your lifetime, including childhood. You can choose not to answer any question. Your answers may help researchers better understand how trauma impacts mental and physical health. In this section we will be asking you about your experiences with trauma in childhood (before you were 18 years old).
Emotional Health History and Well-Being	ace_1		radio	single_select	binary_only				4	2	0	suicidality_self_harm;mental_health	sensitive	binary single-select; one-vs-rest GWAS.	During your first 18 years of life, did you live with anyone who was depressed, mentally ill, or suicidal?
Emotional Health History and Well-Being	ace_2		radio	single_select	binary_only				4	2	0	alcohol	sensitive	binary single-select; one-vs-rest GWAS.	During your first 18 years of life, did you live with anyone who was a problem drinker or alcoholic?
Emotional Health History and Well-Being	ace_3		radio	single_select	binary_only				4	2	0	trauma_violence	sensitive	binary single-select; one-vs-rest GWAS.	During your first 18 years of life, did you live with anyone who used illegal street drugs or who abused prescription medications?
Emotional Health History and Well-Being	ace_4		radio	single_select	binary_only				4	2	0	justice_involvement	sensitive	binary single-select; one-vs-rest GWAS.	During your first 18 years of life, did you live with anyone who served time or was sentenced to serve time in a prison, jail, or other correctional facility?
Emotional Health History and Well-Being	ace_5		radio	single_select	nominal_binary				5	3	0				During your first 18 years of life, were your parents separated or divorced?
Emotional Health History and Well-Being	ace_6		radio	single_select	ordinal_and_binary	ace_freq_0_2	template	high	5	3	3				During your first 18 years of life, how often did your parents or adults in your home ever slap, hit, kick, punch or beat each other up?
Emotional Health History and Well-Being	ace_7		radio	single_select	ordinal_and_binary	ace_freq_0_2	template	high	5	3	3	trauma_violence	sensitive		Before age 18, how often did a parent or adult in your home ever hit, beat, kick, or physically hurt you in any way? Do not include spanking. Would you say
Emotional Health History and Well-Being	ace_8		radio	single_select	ordinal_and_binary	ace_freq_0_2	template	high	5	3	3				During your first 18 years of life, how often did a parent or adult in your home ever swear at you, insult you, or put you down?
Emotional Health History and Well-Being	ace_9		radio	single_select	ordinal_and_binary	ace_freq_0_2	template	high	5	3	3				During your first 18 years of life, how often did anyone at least 5 years older than you or an adult, ever touch you sexually?
Emotional Health History and Well-Being	ace_10		radio	single_select	ordinal_and_binary	ace_freq_0_2	template	high	5	3	3				During your first 18 years of life, how often did anyone at least 5 years older than you or an adult, try to make you touch them sexually?
Emotional Health History and Well-Being	ace_11		radio	single_select	ordinal_and_binary	ace_freq_0_2	template	high	5	3	3				During your first 18 years of life, how often did anyone at least 5 years older than you or an adult, force you to have sex?
Emotional Health History and Well-Being	trauma_popup1		descriptive	descriptive	excluded_descriptive				0	0	0	trauma_violence			Responses to trauma can be immediate or delayed. There are people who can help 24/7 Text HOME to 741741 to connect with a live counselor
Emotional Health History and Well-Being	other_life_experiences		descriptive	descriptive	excluded_descriptive				0	0	0				This next section asks about some other life experiences that may have happened any time in your lifetime. You can choose not to answer any question.
Emotional Health History and Well-Being	mhqukb_34		radio	single_select	ordinal_and_binary	recency_lifetime_0_2	template	high	4	3	3	trauma_violence	sensitive		In your life, have you ever had a partner or ex-partner deliberately hit you or use violence against you?
Emotional Health History and Well-Being	mhqukb_35		radio	single_select	ordinal_and_binary	recency_lifetime_0_2	template	high	4	3	3				In your life, have you ever had a partner or ex-partner who repeatedly put you down to the extent where you felt worthless?
Emotional Health History and Well-Being	mhqukb_36		radio	single_select	ordinal_and_binary	recency_lifetime_0_2	template	high	4	3	3	sexual_behavior_or_trauma;trauma_violence	sensitive		In your life, have you ever experienced sexual assault by a partner or ex-partner?
Emotional Health History and Well-Being	mhqukb_37		radio	single_select	ordinal_and_binary	recency_lifetime_0_2	template	high	4	3	3	sexual_behavior_or_trauma;trauma_violence	sensitive		In your life, have you ever been a victim of a sexual assault, whether by a stranger or someone you knew?
Emotional Health History and Well-Being	mhqukb_38		radio	single_select	ordinal_and_binary	recency_lifetime_0_2	template	high	4	3	3				In your life, have you ever been attacked, mugged, robbed, or been the victim of a physically violent crime?
Emotional Health History and Well-Being	mhqukb_39		radio	single_select	ordinal_and_binary	recency_lifetime_0_2	template	high	4	3	3				In your life, have you ever been in a serious accident that you believed to be life-threatening at the time?
Emotional Health History and Well-Being	cidi5_4		radio	single_select	ordinal_and_binary	recency_lifetime_0_2	template	high	4	3	3				In your life, have you ever had your life in danger because of a fire, flood or natural disaster (like a hurricane, tornado, or earthquake)?
Emotional Health History and Well-Being	mhqukb_40		radio	single_select	ordinal_and_binary	recency_lifetime_0_2	template	high	4	3	3	suicidality_self_harm	sensitive		In your life, have you ever witnessed a sudden violent death (e.g. murder, suicide, aftermath of an accident)?
Emotional Health History and Well-Being	mhqukb_41		radio	single_select	ordinal_and_binary	recency_lifetime_0_2	template	high	4	3	3				In your life, have you ever been diagnosed with a life-threatening illness?
Emotional Health History and Well-Being	mhqukb_42		radio	single_select	ordinal_and_binary	recency_lifetime_0_2	template	high	4	3	3				In your life, have you ever been involved in combat or exposed to a war-zone (either in the military or as a civilian)?
Emotional Health History and Well-Being	cidi5_5		radio	single_select	ordinal_and_binary	recency_lifetime_0_2	template	high	4	3	3	trauma_violence	sensitive		In your life, have you ever had another experience where your life was in danger or threatened?
Emotional Health History and Well-Being	trauma_popup2		descriptive	descriptive	excluded_descriptive				0	0	0	trauma_violence			Responses to trauma can be immediate or delayed. There are people who can help 24/7 Text HOME to 741741 to connect with a live counselor
Emotional Health History and Well-Being	ptsd		descriptive	descriptive	excluded_descriptive				0	0	0				Please indicate how much you've been bothered by the following problems in the past month:
Emotional Health History and Well-Being	pcl_1		radio	single_select	ordinal_and_binary	intensity_0_4	template	high	5	5	5				In the past month, have you had repeated, disturbing memories, thoughts, or images of a stressful experience from the past?
Emotional Health History and Well-Being	pcl_2		radio	single_select	ordinal_and_binary	intensity_0_4	template	high	5	5	5				In the past month, have you felt very upset when something reminded you of a stressful experience from the past?
Emotional Health History and Well-Being	pcl_3		radio	single_select	ordinal_and_binary	intensity_0_4	template	high	5	5	5				In the past month, have you avoided activities or situations because they reminded you of a stressful experience from the past?
Emotional Health History and Well-Being	pcl_4		radio	single_select	ordinal_and_binary	intensity_0_4	template	high	5	5	5				In the past month, have you felt distant or cut off from other people?
Emotional Health History and Well-Being	pcl_5		radio	single_select	ordinal_and_binary	intensity_0_4	template	high	5	5	5				In the past month, have you felt irritable or had angry outbursts?
Emotional Health History and Well-Being	pcl_6		radio	single_select	ordinal_and_binary	intensity_0_4	template	high	5	5	5	disability	sensitive		In the past month, have you had difficulty concentrating?
Emotional Health History and Well-Being	well_being		descriptive	descriptive	excluded_descriptive				0	0	0				General Well-Being Finally, we would like to know how you feel about things in general.
Emotional Health History and Well-Being	mhqukb_57		radio	single_select	ordinal_and_binary	happiness_0_5	template	high	8	6	6				In general, how happy are you?
Emotional Health History and Well-Being	mhqukb_58		radio	single_select	ordinal_and_binary	amount_0_4	template	high	7	5	5				To what extent do you feel your life to be meaningful?
Emotional Health History and Well-Being	outro		descriptive	descriptive	excluded_descriptive				0	0	0	suicidality_self_harm;mental_health			Thank you for answering these questions. Providing this information will help researchers better understand mental health and well-being. Your privacy is very important to us. Your name and identity will be separated from your answers before information is shared with approved researchers. For more information on mental health topics and research: https://www.nimh.nih.gov/health/index.shtml If you or someone you care about needs help: NIMH Getting Help page: https://www.nimh.nih.gov/health/find-help/index.shtml SAMHSA Treatment Locator: https://findtreatment.samhsa.gov/ Call, text, or chat 988 for free, and available 24/7/365, connecting those experiencing a mental health, substance use, or suicidal crisis with trained crisis counselors.
Behavioral Health and Personality	bhp		descriptive	descriptive	excluded_descriptive				0	0	0				Behavioral Health and Personality
Behavioral Health and Personality	bhp_intro		descriptive	descriptive	excluded_descriptive				0	0	0				The following questions ask about your behavioral health and personality. Participating in this survey will help us understand behavioral health concerns and how they affect overall health. This survey will take approximately 5 minutes to complete. At the completion of this survey, you will have the option to review individual results about your personality if you choose. The report is based on answering all questions in the personality traits section. Please answer each question as honestly as possible. We are looking for your own answers, and not what you think your doctors, family, or friends want you to say. Don't feel like you must spend a long time over each question. The first answer that comes to you is usually the best one. If you aren't sure how to answer a question, choose the best answer from the options given. Some questions also let you say if you don't know an answer or would rather not answer. Some of the questions may be sensitive. You can choose not to answer any question.
Behavioral Health and Personality	attention_focus		descriptive	descriptive	excluded_descriptive				0	0	0				Attention and Focus Everyone has different abilities to pay attention and get things done. These abilities can change over time. Sometimes they can even change over the course of a day. Answering these next questions may help researchers learn more about the brain and attention. During the past 6 months,
Behavioral Health and Personality	asrs_1	1703874	radio	single_select	ordinal_and_binary	freq_never_veryoften_0_4	template	high	5	5	5				How often do you have trouble wrapping up the final details of a project, once the challenging parts have been done?
Behavioral Health and Personality	asrs_2	1703914	radio	single_select	ordinal_and_binary	freq_never_veryoften_0_4	template	high	5	5	5				How often do you have difficulty getting things in order when you have to do a task that requires organization?
Behavioral Health and Personality	asrs_3	1703878	radio	single_select	ordinal_and_binary	freq_never_veryoften_0_4	template	high	5	5	5				How often do you have problems remembering appointments or obligations?
Behavioral Health and Personality	asrs_4	1703916	radio	single_select	ordinal_and_binary	freq_never_veryoften_0_4	template	high	5	5	5				When you have a task that requires a lot of thought, how often do you avoid or delay getting started?
Behavioral Health and Personality	asrs_5	1703913	radio	single_select	ordinal_and_binary	freq_never_veryoften_0_4	template	high	5	5	5				How often do you fidget or squirm with your hands or feet when you have to sit down for a long time?
Behavioral Health and Personality	asrs_6	1703925	radio	single_select	ordinal_and_binary	freq_never_veryoften_0_4	template	high	5	5	5				How often do you feel overly active and compelled to do things, like you were driven by a motor?
Behavioral Health and Personality	mood_energy		descriptive	descriptive	excluded_descriptive				0	0	0				Shifts in Mood, Energy, and Activity People often experience changes in their mood or energy levels. Changes in mood that are unusual or last for a long time can affect overall physical and mental well-being. Sharing details about your mood experiences could help researchers discover new ways to treat mood-related conditions in the future. The next questions ask about unusual moods you may have had.
Behavioral Health and Personality	mhqukb_43		radio	single_select	binary_only				4	2	0			binary single-select; one-vs-rest GWAS.	"Have you ever had a period of time when you were feeling so good, ""high,"" ""excited,"" or ""hyper"" that other people thought you were not your normal self or you were so ""hyper"" that you got into trouble?"
Behavioral Health and Personality	mhqukb_44		radio	single_select	binary_only				4	2	0			binary single-select; one-vs-rest GWAS.	Have you ever had a period of time when you were so irritable that you found yourself shouting at people or starting fights or arguments?
Behavioral Health and Personality	mhqukb_45		checkbox	multi_select	binary_only				10	9	0			checkbox: one selected-vs-not GWAS per option.	"Please try to remember a period when you were in a ""high"" or ""irritable"" state and select all of the following that apply:"
Behavioral Health and Personality	mhqukb_46		radio	single_select	ordinal_and_binary	episode_duration_days_midpoint	override	medium	6	4	4		medium_confidence_ordinal		"What is the longest time that these ""high"" or ""irritable"" periods have lasted?"
Behavioral Health and Personality	mhqukb_48		radio	single_select	excluded_gated_prompt				2	1	0			numeric entry captured by its _number/_age sibling field.	How old were you the FIRST time that you had a period of at least four days like this? If you don't know, please use your best guess.
Behavioral Health and Personality	mhqukb_48_age		text	numeric_text	numeric				0	0	0			range [2.0, 99.0]	Enter years of age when first felt this way
Behavioral Health and Personality	mhqukb_47		radio	single_select	ordinal_and_binary	impairment_0_1	override	medium	4	2	2		medium_confidence_ordinal		"How much of a problem have these ""high"" or ""irritable"" periods caused you?"
Behavioral Health and Personality	unusual_experiences		descriptive	descriptive	excluded_descriptive				0	0	0	mental_health			Unusual Experiences and Perceptions Some people see or hear things that others do not see or hear. These are unusual experiences that could be a sign of a mental health condition that can be treated. The next section asks about these and other unusual experiences. Your answers could help researchers better understand why these experiences happen and how to help people who have them. With that in mind, did you ever in your life have any of the following experiences?
Behavioral Health and Personality	mhqukb_49		radio	single_select	binary_only				3	2	0	alcohol	sensitive	binary single-select; one-vs-rest GWAS.	Did you ever see something that wasn't really there that other people could not see? Please do not include any times when you were dreaming or half-asleep or under the influence of alcohol or drugs.
Behavioral Health and Personality	mhqukb_50		radio	single_select	binary_only				4	2	0			binary single-select; one-vs-rest GWAS.	About how many times in your life did this happen?
Behavioral Health and Personality	mhqukb_50_number		text	numeric_text	numeric				0	0	0			range [1.0, 999.0]	Enter number of times
Behavioral Health and Personality	cidi5_21		radio	single_select	binary_only				3	2	0			binary single-select; one-vs-rest GWAS.	Did you ever hear voices that other people did not hear like voices coming from inside your head talking to you or about you, or voices coming out of the air when there was no one around?
Behavioral Health and Personality	mhqukb_51		radio	single_select	binary_only				4	2	0			binary single-select; one-vs-rest GWAS.	About how many times in your life did this happen?
Behavioral Health and Personality	mhqukb_51_number		text	numeric_text	numeric				0	0	0			range [1.0, 999.0]	Enter number of times
Behavioral Health and Personality	cidi5_22		radio	single_select	binary_only				3	2	0			binary single-select; one-vs-rest GWAS.	Did you ever think some force was trying to communicate directly with you by sending special signs or signals, like through the radio or television, that you could understand but that no one else could understand?
Behavioral Health and Personality	mhqukb_52		radio	single_select	binary_only				4	2	0			binary single-select; one-vs-rest GWAS.	About how many times in your life did this happen?
Behavioral Health and Personality	mhqukb_52_number		text	numeric_text	numeric				0	0	0			range [1.0, 999.0]	Enter number of times
Behavioral Health and Personality	cidi5_23		radio	single_select	binary_only				3	2	0			binary single-select; one-vs-rest GWAS.	Did you ever believe there was a plot to harm you or to have people follow you, but your friends or family did not think this was true?
Behavioral Health and Personality	mhqukb_53		radio	single_select	binary_only				4	2	0			binary single-select; one-vs-rest GWAS.	About how many times in your life did this happen?
Behavioral Health and Personality	mhqukb_53_number		text	numeric_text	numeric				0	0	0			range [1.0, 999.0]	Enter number of times
Behavioral Health and Personality	cidi5_24		text	numeric_text	numeric				0	0	0			range [2.0, 99.0]	About how old were you when you first had one of these experiences (seeing a vision, hearing a voice, believing that something strange was trying to communicate with you, or there was a plot against you)? If you don't know, please use your best guess.
Behavioral Health and Personality	mhqukb_54		radio	single_select	ordinal_and_binary	distress_0_4	override	high	7	5	5				How distressing did you find having any of these experiences (such as seeing a vision, hearing a voice, believing that something strange was trying to communicate with you, or there was a plot against you)?
Behavioral Health and Personality	mhqukb_55		radio	single_select	binary_only				4	2	0			binary single-select; one-vs-rest GWAS.	Did you ever talk to a doctor, counselor, psychiatrist or other health professional about any of these experiences (such as seeing a vision, hearing a voice, believing that something strange was trying to communicate with you, or there was a plot against you)?
Behavioral Health and Personality	mhqukb_56		radio	single_select	binary_only				4	2	0			binary single-select; one-vs-rest GWAS.	Were you ever prescribed a medication by a health professional for any of these experiences (such as seeing a vision, hearing a voice, or believing that something strange was trying to communicate with you, or there was a plot against you)?
Behavioral Health and Personality	panic_anxiety		descriptive	descriptive	excluded_descriptive				0	0	0	mental_health			Experiences of Panic and Anxiety The next section asks about panic attacks. Panic attacks are also called anxiety attacks. These are sudden, strong feelings of fear that reach their peak within a few minutes. When a person is having an anxiety attack, they usually have physical symptoms, too. When these symptoms happen, they can be severe and frightening, so much so that people may think they are having a heart attack. Your answers to these next questions may help researchers understand how to better prevent and treat these attacks.
Behavioral Health and Personality	cidi5_16		radio	single_select	binary_only				2	2	0	mental_health	sensitive	binary single-select; one-vs-rest GWAS.	With this definition in mind, did you ever in your life have a panic attack?
Behavioral Health and Personality	cidi5_17		radio	single_select	binary_only				4	2	0	mental_health	sensitive	binary single-select; one-vs-rest GWAS.	"Have any of these panic attacks occurred ""out of the blue"" for no apparent reason?"
Behavioral Health and Personality	cidi5_18		radio	single_select	binary_only				2	2	0			binary single-select; one-vs-rest GWAS.	After these attacks started, did you worry a lot about having another attack or do anything differently to avoid having another attack?
Behavioral Health and Personality	cidi5_19		radio	single_select	ordinal_and_binary	count_band_midpoint	override	medium	5	3	3	mental_health	medium_confidence_ordinal;sensitive		About how many panic attacks have you ever had in your life?
Behavioral Health and Personality	cidi5_20		text	numeric_text	numeric				0	0	0	mental_health		range [2.0, 99.0]	How old were you the first time you had a panic or anxiety attack? If you don't know, use your best guess.
Behavioral Health and Personality	recurring_thoughts		descriptive	descriptive	excluded_descriptive				0	0	0	mental_health			Recurring Thoughts and Behaviors Everyone double-checks things. We might double-check that the door is locked, or the oven is off. Some people have the urge to double-check things over and over again, even if they don't want to. Not being able to control thoughts and behaviors can be a sign of a mental health condition that can be treated. In the next section, we ask about thoughts and behaviors that may be hard to control and can cause anxiety.
Behavioral Health and Personality	pmi_1		radio	single_select	binary_only				2	2	0			binary single-select; one-vs-rest GWAS.	Have you ever been bothered with thoughts, images, or urges that kept coming back over and over, even when you didn't want them to, like concerns with germs, order, or experiencing horrific images or intrusive sexual thoughts, or urges to knock or touch objects, or harming a loved one?
Behavioral Health and Personality	pmi_2		radio	single_select	binary_only				2	2	0			binary single-select; one-vs-rest GWAS.	Was there ever anything that you had to do over and over again and was hard to resist doing, like hand washing, checking the stove, or repeating something over and over a certain number of times or until it feels just right?
Behavioral Health and Personality	cidi5_25		radio	single_select	binary_only				2	2	0			binary single-select; one-vs-rest GWAS.	Have you ever been unable to stop picking at your skin?
Behavioral Health and Personality	cidi5_26		radio	single_select	binary_only				2	2	0			binary single-select; one-vs-rest GWAS.	Have you ever been unable to stop pulling out your hair, eyebrows or eyelashes?
Behavioral Health and Personality	social_anxiety		descriptive	descriptive	excluded_descriptive				0	0	0	mental_health			Feelings of Fear in Certain Situations For some people, being in social settings can make them feel a lot of fear and anxiety. The next few questions ask about feelings of fear and anxiety in different social settings. Your answers may help researchers better identify and help people with social anxiety disorder or agoraphobia. Agoraphobia is commonly known as a fear of being outside the home alone.
Behavioral Health and Personality	cidi5_27		radio	single_select	binary_only				2	2	0			binary single-select; one-vs-rest GWAS.	Were you ever in your life so painfully shy or scared of social situations (like attending a party, speaking to strangers, eating in public) that you avoided social situations whenever you could?
Behavioral Health and Personality	pmi_3		radio	single_select	binary_only				2	2	0			binary single-select; one-vs-rest GWAS.	Do you worry more than most people about being embarrassed, looking stupid, or being judged by other people?
Behavioral Health and Personality	cidi5_28		text	numeric_text	numeric				0	0	0			range [2.0, 99.0]	About how old were you the very first time this happened? If you don't know, please use your best guess.
Behavioral Health and Personality	cidi5_29		radio	single_select	binary_only				2	2	0			binary single-select; one-vs-rest GWAS.	Did this ever last for more than 6 months?
Behavioral Health and Personality	cidi5_30		radio	single_select	binary_only				2	2	0	mental_health	sensitive	binary single-select; one-vs-rest GWAS.	Some people have a lot of fear or anxiety about things like going out of the house alone, being in a crowd, standing in lines, going over bridges, or traveling by bus, train or car. Were you ever in your life so frightened by any of these situations that it got in the way of you having a normal life?
Behavioral Health and Personality	cidi5_31		text	numeric_text	numeric				0	0	0			range [2.0, 99.0]	About how old were you the very first time you became very fearful or anxious in situations like these? If you don't know, please use your best guess.
Behavioral Health and Personality	cidi5_32		radio	single_select	binary_only				2	2	0	mental_health	sensitive	binary single-select; one-vs-rest GWAS.	Did these feelings of fear or anxiety in situations like these ever last for more than 6 months?
Behavioral Health and Personality	personality		descriptive	descriptive	excluded_descriptive				0	0	0				Personality Traits This section asks about statements that may or may not apply to your personality. Please choose the answer that best describes you.
Behavioral Health and Personality	bfi2xs_1		radio	single_select	ordinal_and_binary	agree_bfi_1_5	template	high	5	5	5				I am someone who tends to be quiet.
Behavioral Health and Personality	bfi2xs_2		radio	single_select	ordinal_and_binary	agree_bfi_1_5	template	high	5	5	5				I am someone who is compassionate, has a soft heart.
Behavioral Health and Personality	bfi2xs_3		radio	single_select	ordinal_and_binary	agree_bfi_1_5	template	high	5	5	5				I am someone who tends to be disorganized.
Behavioral Health and Personality	bfi2xs_4		radio	single_select	ordinal_and_binary	agree_bfi_1_5	template	high	5	5	5				I am someone who worries a lot.
Behavioral Health and Personality	bfi2xs_5		radio	single_select	ordinal_and_binary	agree_bfi_1_5	template	high	5	5	5				I am someone who is fascinated by art, music, or literature.
Behavioral Health and Personality	bfi2xs_6		radio	single_select	ordinal_and_binary	agree_bfi_1_5	template	high	5	5	5				I am someone who is dominant, acts as a leader.
Behavioral Health and Personality	bfi2xs_7		radio	single_select	ordinal_and_binary	agree_bfi_1_5	template	high	5	5	5				I am someone who is sometimes rude to others.
Behavioral Health and Personality	bfi2xs_8		radio	single_select	ordinal_and_binary	agree_bfi_1_5	template	high	5	5	5				I am someone who has difficulty getting started on tasks.
Behavioral Health and Personality	bfi2xs_9		radio	single_select	ordinal_and_binary	agree_bfi_1_5	template	high	5	5	5	mental_health	sensitive		I am someone who tends to feel depressed, blue.
Behavioral Health and Personality	bfi2xs_10		radio	single_select	ordinal_and_binary	agree_bfi_1_5	template	high	5	5	5				I am someone who has little interest in abstract ideas.
Behavioral Health and Personality	bfi2xs_11		radio	single_select	ordinal_and_binary	agree_bfi_1_5	template	high	5	5	5				I am someone who is full of energy.
Behavioral Health and Personality	bfi2xs_12		radio	single_select	ordinal_and_binary	agree_bfi_1_5	template	high	5	5	5				I am someone who assumes the best about people.
Behavioral Health and Personality	bfi2xs_13		radio	single_select	ordinal_and_binary	agree_bfi_1_5	template	high	5	5	5				I am someone who is reliable, can always be counted on.
Behavioral Health and Personality	bfi2xs_14		radio	single_select	ordinal_and_binary	agree_bfi_1_5	template	high	5	5	5				I am someone who is emotionally stable, not easily upset.
Behavioral Health and Personality	bfi2xs_15		radio	single_select	ordinal_and_binary	agree_bfi_1_5	template	high	5	5	5				I am someone who is original, comes up with new ideas.
Behavioral Health and Personality	outro		descriptive	descriptive	excluded_descriptive				0	0	0	suicidality_self_harm;mental_health			"Thank you for answering these questions. Providing this information will help researchers better understand mental health and well-being. Your privacy is very important to us. Your name and identity will be separated from your answers before information is shared with approved researchers. You can view your personality report by going to ""My Data"" in your <i>All of Us</i> account should you choose to view your personality report. For more information on mental health topics and research: https://www.nimh.nih.gov/health/index.shtml If you or someone you care about needs help: NIMH Getting Help page: https://www.nimh.nih.gov/health/find-help/index.shtml SAMHSA Treatment Locator: https://findtreatment.samhsa.gov/ Call, text, or chat 988 for free, and available 24/7/365, connecting those experiencing a mental health, substance use, or suicidal crisis with trained crisis counselors."
