survey	sheet	version	item_concept	field_type	phenotype_class	question_concept_id	n_options	validation_type	validation_min	validation_max	has_branching	field_label	options
The Basics	Basics		thebasics	descriptive	descriptive		0				no	The Basics	
The Basics	Basics		thebasics_birthplace	radio	single_select		2				no	In what country were you born?	Birthplace_USA=USA | PMI_Other=Other
The Basics	Basics		thebasics_countryborntextbox	text	free_text		0				yes	Please specify.	
The Basics	Basics		race_whatraceethnicity	checkbox	multi_select		9				no	Which categories describe you? Select all that apply. Note, you may select more than one group.	WhatRaceEthnicity_AIAN=American Indian or Alaska Native (For example: Aztec, Blackfeet Tribe, Mayan, Navajo Nation, Native Village of Barrow Inupiat Traditional Government, Nome Eskimo Community, etc.) | WhatRaceEthnicity_Asian=Asian (For example: Asian Indian, Chinese, Filipino, Japanese, Korean, Vietnamese, etc.) | WhatRaceEthnicity_Black=Black, African American or African (For example: African American, Ethiopian, Haitian, Jamaican, Nigerian, Somali, etc.) | WhatRaceEthnicity_Hispanic=Hispanic, Latino, or Spanish (For example: Columbian, Cuban, Dominican, Mexican or Mexican American, Puerto Rican, Salvadoran, etc.) | WhatRaceEthnicity_MENA=Middle Eastern or North African (For example: Algerian, Egyptian, Iranian, Lebanese, Moroccan, Syrian, etc.) | WhatRaceEthnicity_NHPI=Native Hawaiian or other Pacific Islander (For example: Chamorro, Fijian, Marshallese, Native Hawaiian, Tongan, etc.) | WhatRaceEthnicity_White=White (For example: English, European, French, German, Irish, Italian, Polish, etc.) | WhatRaceEthnicity_RaceEthnicityNoneOfThese=None of these fully describe me | PMI_PreferNotToAnswer=Prefer not to answer
The Basics	Basics		whatraceethnicity_raceethnicitynoneofthese	text	free_text		0				yes	Please specify.	
The Basics	Basics		aian_aianspecific	checkbox	multi_select		4				yes	American Indian or Alaska Native (Select all that apply)	AIANSpecific_AmericanIndian=American Indian | AIANSpecific_AlaskaNative=Alaska Native | AIANSpecific_CentralSouthAmericanIndian=Central or South American Indian | AIANSpecific_AIANNoneOfTheseDescribeMe=None of these fully describe me
The Basics	Basics		aian_tribe	text	free_text		0				yes	Provide the name of the tribe in which you are enrolled or affiliated or your tribal descent. (for example, Navajo Nation, Blackfeet Tribe, Mayan, Aztec, Native Village of Barrow Inupiat Traditional Government, Nome Eskimo Community, etc.)	
The Basics	Basics		aiannoneofthesedescribeme_aianfreetext	text	free_text		0				yes	Please specify.	
The Basics	Basics		asian_asianspecific	checkbox	multi_select		10				yes	Asian (Select all that apply)	AsianSpecific_AsianSpecificIndian=Asian Indian | AsianSpecific_Cambodian=Cambodian | AsianSpecific_Chinese=Chinese | AsianSpecific_Filipino=Filipino | AsianSpecific_Hmong=Hmong | AsianSpecific_Japanese=Japanese | AsianSpecific_Korean=Korean | AsianSpecific_Pakistani=Pakistani | AsianSpecific_Vietnamese=Vietnamese | AsianSpecific_NoneOfTheseDescribeMe=None of these fully describe me
The Basics	Basics		noneofthesedescribeme_asianfreetext	text	free_text		0				yes	Please specify.	
The Basics	Basics		black_blackspecific	checkbox	multi_select		12				yes	Black, African American or African (Select all that apply)	BlackSpecific_AfricanAmerican=African American | BlackSpecific_Barbadian=Barbadian | BlackSpecific_Caribbean=Caribbean | BlackSpecific_Ethiopian=Ethiopian | BlackSpecific_Ghanaian=Ghanaian | BlackSpecific_Haitian=Haitian | BlackSpecific_Jamaican=Jamaican | BlackSpecific_Liberian=Liberian | BlackSpecific_Nigerian=Nigerian | BlackSpecific_Somali=Somali | BlackSpecific_SouthAfrican=South African | BlackSpecific_BlackNoneOfTheseDescribeMe=None of these fully describe me
The Basics	Basics		blacknoneofthesedescribeme_blackfreetext	text	free_text		0				yes	Please specify.	
The Basics	Basics		hispanic_hispanicspecific	checkbox	multi_select		10				yes	Hispanic, Latino, or Spanish (Select all that apply)	HispanicSpecific_Colombian=Colombian | HispanicSpecific_Cuban=Cuban | HispanicSpecific_Dominican=Dominican | HispanicSpecific_Ecuadorian=Ecuadorian | HispanicSpecific_Honduran=Honduran | HispanicSpecific_Mexican=Mexican or Mexican American | HispanicSpecific_PuertoRican=Puerto Rican | HispanicSpecific_Salvadoran=Salvadoran | HispanicSpecific_Spanish=Spanish | HispanicSpecific_HispanicNoneOfTheseDescribeMe=None of these fully describe me
The Basics	Basics		hispanicnoneofthesedescribeme_hispanicfreetext	text	free_text		0				yes	Please specify.	
The Basics	Basics		mena_menaspecific	checkbox	multi_select		11				yes	Middle Eastern or North African (Select all that apply)	MENASpecific_Afghan=Afghan | MENASpecific_Algerian=Algerian | MENASpecific_Egypt=Egyptian | MENASpecific_Iranian=Iranian | MENASpecific_Iraqi=Iraqi | MENASpecific_Israeli=Israeli | MENASpecific_Lebanese=Lebanese | MENASpecific_Moroccan=Moroccan | MENASpecific_Syrian=Syrian | MENASpecific_Tunisian=Tunisian | MENASpecific_MENANoneOfTheseDescribeMe=None of these fully describe me
The Basics	Basics		menanoneofthesedescribeme_menafreetext	text	free_text		0				yes	Please specify.	
The Basics	Basics		nhpi_nhpispecific	checkbox	multi_select		10				yes	Native Hawaiian or other Pacific Islander (Select all that apply)	NHPISpecific_Chamorro=Chamorro | NHPISpecific_Chuukese=Chuukese | NHPISpecific_Fijian=Fijian | NHPISpecific_Marshallese=Marshallese | NHPISpecific_NativeHawaiian=Native Hawaiian | NHPISpecific_Palauan=Palauan | NHPISpecific_Samoan=Samoan | NHPISpecific_Tahitian=Tahitian | NHPISpecific_Tongan=Tongan | NHPISpecific_NHPINoneOfTheseDescribeMe=None of these fully describe me
The Basics	Basics		nhpinoneofthesedescribeme_nhpifreetext	text	free_text		0				yes	Please specify.	
The Basics	Basics		white_whitespecific	checkbox	multi_select		12				yes	White (Select all that apply)	WhiteSpecific_Dutch=Dutch | WhiteSpecific_English=English | WhiteSpecific_European=European | WhiteSpecific_French=French | WhiteSpecific_German=German | WhiteSpecific_Irish=Irish | WhiteSpecific_Italian=Italian | WhiteSpecific_Norwegian=Norwegian | WhiteSpecific_Polish=Polish | WhiteSpecific_Scottish=Scottish | WhiteSpecific_Spanish=Spanish | WhiteSpecific_WhiteNoneOfTheseDescribeMe=None of these fully describe me
The Basics	Basics		whitenoneofthesedescribeme_whitefreetext	text	free_text		0				yes	Please specify.	
The Basics	Basics		gender_genderidentity	checkbox	multi_select		6				no	What terms best express how you describe your gender identity? (Check all that apply)	GenderIdentity_Man=Man | GenderIdentity_Woman=Woman | GenderIdentity_NonBinary=Non-binary | GenderIdentity_Transgender=Transgender | GenderIdentity_AdditionalOptions=None of these describe me, and I'd like to consider additional options | PMI_PreferNotToAnswer=Prefer not to answer
The Basics	Basics		gender_closergenderdescription	checkbox	multi_select		8				yes	Are any of these a closer description to your gender identity? (Check all that apply)	CloserGenderDescription_TransMan=Trans man/Transgender Man/FTM | CloserGenderDescription_TransWoman=Trans woman/Transgender Woman/MTF | CloserGenderDescription_Genderqueer=Genderqueer | CloserGenderDescription_Genderfluid=Genderfluid | CloserGenderDescription_GenderVariant=Gender variant | SexualityCloserDescription_TwoSpirit=Two-spirit | CloserGenderDescription_Unsure=Questioning or unsure of your gender identity | CloserGenderDescription_SpecifiedGender=None of these describe me, and I want to specify
The Basics	Basics		specifiedgender_specifiedgendertextbox	text	free_text		0				yes	Please specify.	
The Basics	Basics		biologicalsexatbirth_sexatbirth	radio	single_select		5				no	What was your biological sex assigned at birth?	SexAtBirth_Male=Male | SexAtBirth_Female=Female | SexAtBirth_Intersex=Intersex | SexAtBirth_SexAtBirthNoneOfThese=None of these describe me | PMI_PreferNotToAnswer=Prefer not to answer
The Basics	Basics		sexatbirthnoneofthese_sexatbirthtextbox	text	free_text		0				yes	Please specify.	
The Basics	Basics		thebasics_sexualorientation	checkbox	multi_select		6				no	Which of the following best represents how you think of yourself? (Check all that apply)	SexualOrientation_Gay=Gay | SexualOrientation_Lesbian=Lesbian | SexualOrientation_Straight=Straight; that is, not gay or lesbian, etc. | SexualOrientation_Bisexual=Bisexual | SexualOrientation_None=None of these describe me and I'd like to see additional options | PMI_PreferNotToAnswer=Prefer not to answer
The Basics	Basics		genderidentity_sexualitycloserdescription	radio	single_select		10				yes	Are any of these a closer description of how you think of yourself?	SexualityCloserDescription_Queer=Queer | SexualityCloserDescription_PolyOmniSapioPansexual=Polysexual, omnisexual, sapiosexual or pansexual | SexualityCloserDescription_Asexual=Asexual | SexualityCloserDescription_TwoSpirit=Two-spirit | SexualityCloserDescription_NotFiguredOut=Have not figured out or are in the process of figuring our your sexuality | SexualityCloserDescription_MostlyStraight=Mostly straight, but sometimes attracted to people of your own sex | SexualityCloserDescription_NoSexuality=Do not think of yourself as having sexuality | SexualityCloserDescription_NoLabels=Do not use labels to identity yourself | SexualityCloserDescription_DontKnow=Don't know the answer | SexualityCloserDescription_SomethingElse=No, I mean something else
The Basics	Basics		somethingelse_sexualitysomethingelsetextbox	text	free_text		0				yes	Please specify.	
The Basics	Basics		educationlevel_highestgrade	radio	single_select		9				no	What is the highest grade or year of school you completed?	HighestGrade_NeverAttended=Never attended school or only attended kindergarten | HighestGrade_OneThroughFour=Grades 1 through 4 (Primary school) | HighestGrade_FiveThroughEight=Grades 5 through 8 (Middle school) | HighestGrade_NineThroughEleven=Grades 9 through 11 (Some high school) | HighestGrade_TwelveOrGED=Grade 12 or GED (High school graduate) | HighestGrade_CollegeOnetoThree=1 to 3 years after high school (Some college, Associate's Degree, or technical school) | HighestGrade_CollegeGraduate=College 4 years or more (College graduate) | HighestGrade_AdvancedDegree=Advanced degree (Master's, Doctorate, etc.) | PMI_PreferNotToAnswer=Prefer not to answer
The Basics	Basics		activeduty_activedutyservestatus	radio	single_select		3				no	Have you ever served on active duty in the United States Armed Forces, either in the regular military or in a National Guard or military reserve unit? Note: Active duty does not include training for the Reserves or National Guard, but DOES include activation, for example, for the Persian Gulf War.	AvtiveDutyServeStatus_Yes=Yes | AvtiveDutyServeStatus_No=No | PMI_PreferNotToAnswer=Prefer not to answer
The Basics	Basics		maritalstatus_currentmaritalstatus	radio	single_select	1332833	7				no	What is your current marital status?	CurrentMaritalStatus_Married=Married | CurrentMaritalStatus_Divorced=Divorced | CurrentMaritalStatus_Widowed=Widowed | CurrentMaritalStatus_Separated=Separated | CurrentMaritalStatus_NeverMarried=Never married | CurrentMaritalStatus_LivingWithPartner=Living with partner | PMI_PreferNotToAnswer=Prefer not to answer
The Basics	Basics		livingsituation_howmanypeople	text	numeric_text	1333015	0	integer	0.0	20.0	no	Not including yourself, how many other people live at home with you?	
The Basics	Basics		livingsituation_peopleunder18	text	numeric_text	1333023	0	integer	1.0	20.0	yes	Think of other people who live with you. How many are under the age of 18 years?	
The Basics	Basics		insurance_healthinsurance	radio	single_select	1332874	4				no	Are you covered by health insurance or some other kind of health care plan?	HealthInsurance_Yes=Yes | HealthInsurance_No=No | PMI_PreferNotToAnswer=Prefer not to answer | PMI_Dontknow=Don't know
The Basics	Basics		healthinsurance_insurancetypeupdate	checkbox	multi_select		9				yes	Are you currently covered by any of the following types of health insurance or health coverage plans? Select all that apply from one group.	InsuranceTypeUpdate_Purchased=Insurance purchased directly from an insurance company (by you or another family member) | InsuranceTypeUpdate_EmployerOrUnion=Insurance through a current or former employer or union (by you or another family member) | InsuranceTypeUpdate_Medicare=Medicare, for people 65 and older or people with certain disabilities | InsuranceTypeUpdate_Medicaid=Medicaid, Medical Assistance, or any kind of government-assistance plan for those with low incomes or disability | InsuranceTypeUpdate_Military=TRICARE or other military health care | InsuranceTypeUpdate_VA=Veterans Affairs (VA) (including those who have ever used or enrolled for VA health care) | InsuranceTypeUpdate_Indian=Indian Health Service | InsuranceTypeUpdate_OtherHealthPlan=Any other type of health insurance or health coverage plan | InsuranceTypeUpdate_None=I don't have health insurance, self-pay
The Basics	Basics		otherhealthplan_freetext	text	free_text		0				yes	Please specify.	
The Basics	Basics		disability_deaf	radio	single_select		3				no	Are you deaf or do you have serious difficulty hearing?	Deaf_Yes=Yes | Deaf_No=No | Deaf_PreferNotToAnswer=Prefer not to answer
The Basics	Basics		disability_blind	radio	single_select		3				no	Are you blind or do you have serious difficulty seeing, even when wearing glasses?	Blind_Yes=Yes | Blind_No=No | Blind_PreferNotToAnswer=Prefer not to answer
The Basics	Basics		disability_difficultyconcentrating	radio	single_select		3				no	Because of a physical, mental, or emotional condition, do you have serious difficulty concentrating, remembering or making decisions?	DifficultyConcentrating_Yes=Yes | DifficultyConcentrating_No=No | DifficultyConcentrating_PreferNotToAnswer=Prefer not to answer
The Basics	Basics		disability_walkingclimbing	radio	single_select		3				no	Do you have serious difficulty walking or climbing stairs?	WalkingClimbing_Yes=Yes | WalkingClimbing_No=No | WalkingClimbing_PreferNotToAnswer=Prefer not to answer
The Basics	Basics		disability_dressingbathing	radio	single_select		3				no	Do you have difficulty dressing or bathing?	DressingBathing_Yes=Yes | DressingBathing_No=No | DressingBathing_PreferNotToAnswer=Prefer not to answer
The Basics	Basics		disability_errandsalone	radio	single_select		3				no	Because of a physical, mental, or emotional condition, do you have difficulty doing errands alone such as visiting doctor's office or shopping?	ErrandsAlone_Yes=Yes | ErrandsAlone_No=No | ErrandsAlone_PreferNotToAnswer=Prefer not to answer
The Basics	Basics		employment_employmentstatus	checkbox	multi_select		9				no	What is your current employment status? Please select 1 or more of these categories.	EmploymentStatus_EmployedForWages=Employed for wages (part-time or full-time) | EmploymentStatus_SelfEmployed=Self-employed | EmploymentStatus_OutOfWorkOneOrMore=Out of work for 1 year or more | EmploymentStatus_OutOfWorkLessThanOne=Out of work for less than 1 year | EmploymentStatus_Homemaker=A homemaker | EmploymentStatus_Student=A student | EmploymentStatus_Retired=Retired | EmploymentStatus_UnableToWork=Unable to work (disabled) | PMI_PreferNotToAnswer=Prefer not to answer
The Basics	Basics		employment_employmentworkaddress	radio	single_select		2				yes	Sharing where you work may help us learn about how the environment affects health. Sharing your work address is your choice. You can say no and still take part in the program. What is your work street address?	employment_employmentworkaddress=Enter address | PMI_PreferNotToAnswer=Prefer not to answer
The Basics	Basics		employmentworkaddress_addresslineone	text	free_text		0				yes	Address 1	
The Basics	Basics		employmentworkaddress_addresslinetwo	text	free_text		0				yes	Address 2	
The Basics	Basics		employmentworkaddress_city	text	free_text		0				yes	City	
The Basics	Basics		employmentworkaddress_state	dropdown	single_select		51				yes	State	State_AL=Alabama | State_AK=Alaska | State_AZ=Arizona | State_AR=Arkansas | State_CA=California | State_CO=Colorado | State_CT=Connecticut | State_DE=Delaware | State_FL=Florida | State_GA=Georgia | State_HI=Hawaii | State_ID=Idaho | State_IL=Illinois | State_IN=Indiana | State_IA=Iowa | State_KS=Kansas | State_KY=Kentucky | State_LA=Louisiana | State_ME=Maine | State_MD=Maryland | State_MA=Massachusetts | State_MI=Michigan | State_MN=Minnesota | State_MS=Mississippi | State_MO=Missouri | State_MT=Montana | State_NE=Nebraska | State_NV=Nevada | State_NH=New Hampshire | State_NJ=New Jersey | State_NM=New Mexico | State_NY=New York | State_NC=North Carolina | State_ND=North Dakota | State_OH=Ohio | State_OK=Oklahoma | State_OR=Oregon | State_PA=Pennsylvania | State_RI=Rhode Island | State_SC=South Carolina | State_SD=South Dakota | State_TN=Tennessee | State_TX=Texas | State_UT=Utah | State_VT=Vermont | State_VA=Virginia | State_WA=Washington | State_WV=West Virginia | State_WI=Wisconsin | State_WY=Wyoming | State_DC=District of Columbia
The Basics	Basics		employmentworkaddress_zipcode	text	free_text		0	zipcode			yes	Zip Code	
The Basics	Basics		employmentworkaddress_country	text	free_text		0				yes	Country	
The Basics	Basics		income_annualincome	radio	single_select		10				no	One of the things we're trying to understand is how people's income may affect their use of health services. Household income includes your income plus the income of all family members in your household for the last calendar year. Include all wages and other sources of income. What is your annual household income from all sources?	AnnualIncome_less10k=Less than $10,000 | AnnualIncome_10k25k=$10,000- $24,999 | AnnualIncome_25k35k=$25,000- $34,999 | AnnualIncome_35k50k=$35,000- $49,999 | AnnualIncome_50k75k=$50,000- $74,999 | AnnualIncome_75k100k=$75,000-$99,999 | AnnualIncome_100k150k=$100,000- $149,999 | AnnualIncome_150k200k=$150,000- $199,999 | AnnualIncome_more200k=$200,000 or more | PMI_PreferNotToAnswer=Prefer not to answer
The Basics	Basics		homeown_currenthomeown	radio	single_select		4				no	Do you own or rent the place where you live?	CurrentHomeOwn_Own=Own | CurrentHomeOwn_Rent=Rent | CurrentHomeOwn_OtherArrangement=Other arrangement | PMI_PreferNotToAnswer=Prefer not to answer
The Basics	Basics		livingsituation_currentliving	radio	single_select		10				yes	Where are you currently living?	CurrentLiving_CollegeCamp=On a college campus | CurrentLiving_Friend=With a friend/roommate | CurrentLiving_Family=With family | CurrentLiving_MotelHotel=Motel/hotel | CurrentLiving_TemporaryInstitute=Hospital, rehabilitation center, drug treatment center, or other temporary institution | CurrentLiving_ResidentialFacility=In a group home, nursing home, or other residential facility | CurrentLiving_Transitional=Transitional housing | CurrentLiving_Shelter=Emergency shelter or homeless shelter | CurrentLiving_Outside=Anywhere outside (e.g., street, vehicle, abandoned building) | PMI_Other=Other
The Basics	Basics		livingsituation_livingsituationfreetext	text	free_text		0				yes	Please specify where you are currently living.	
The Basics	Basics		livingsituation_howmanylivingyears	radio	single_select		6				no	How many years have you lived at your current address?	HowManyLivingYears_less1=Less than 1 year | HowManyLivingYears_1to2=1-2 years | HowManyLivingYears_3to5=3-5 years | HowManyLivingYears_6to10=6-10 years | HowManyLivingYears_11to20=11-20 years | HowManyLivingYears_more20=More than 20 years
The Basics	Basics		livingsituation_stablehouseconcern	radio	single_select		2				no	In the past 6 months, have you been worried or concerned about NOT having a place to live?	StableHouseConcern_Yes=Yes | StableHouseConcern_No=No
The Basics	Basics		socialsecurity_socialsecuritynumber	radio	single_select		2				no	What is your Social Security Number?	socialsecurity_socialsecuritynumber=Enter Social Security Number | SocialSecurity_PreferNotToAnswer=Prefer not to answer
The Basics	Basics		socialsecurity_socialsecuritynumber_text	text	numeric_text		0	integer	9.0	9.0	yes	Social Security Number	
The Basics	Basics		secondarycontactinfo_firstcontactsinfo	descriptive	descriptive		0				no	The All of Us Research Program may contact you periodically to gather additional health related information. In case we cannot contact you, please provide the names, addresses, and telephone numbers of 2 relatives or friends who would know where you could be reached in case we have trouble reaching you. (Please give us the names of persons not currently living in the household)	
The Basics	Basics		secondarycontactinfo_persononefirstname	text	free_text		0				no	First Name	
The Basics	Basics		secondarycontactinfo_persononemiddleinitial	text	free_text		0				no	Middle Initial	
The Basics	Basics		secondarycontactinfo_persononelastname	text	free_text		0				no	Last Name	
The Basics	Basics		secondarycontactinfo_persononeaddressone	text	free_text		0				no	Address 1	
The Basics	Basics		secondarycontactinfo_persononeaddresstwo	text	free_text		0				no	Address 2	
The Basics	Basics		persononeaddress_persononeaddresscity	text	free_text		0				no	City	
The Basics	Basics		persononeaddress_persononeaddressstate	dropdown	single_select		51				no	State	PersonOneAddressState_AL=Alabama | PersonOneAddressState_AK=Alaska | PersonOneAddressState_AZ=Arizona | PersonOneAddressState_AR=Arkansas | PersonOneAddressState_CA=California | PersonOneAddressState_CO=Colorado | PersonOneAddressState_CT=Connecticut | PersonOneAddressState_DE=Delaware | PersonOneAddressState_FL=Florida | PersonOneAddressState_GA=Georgia | PersonOneAddressState_HI=Hawaii | PersonOneAddressState_ID=Idaho | PersonOneAddressState_IL=Illinois | PersonOneAddressState_IN=Indiana | PersonOneAddressState_IA=Iowa | PersonOneAddressState_KS=Kansas | PersonOneAddressState_KY=Kentucky | PersonOneAddressState_LA=Louisiana | PersonOneAddressState_ME=Maine | PersonOneAddressState_MD=Maryland | PersonOneAddressState_MA=Massachusetts | PersonOneAddressState_MI=Michigan | PersonOneAddressState_MN=Minnesota | PersonOneAddressState_MS=Mississippi | PersonOneAddressState_MO=Missouri | PersonOneAddressState_MT=Montana | PersonOneAddressState_NE=Nebraska | PersonOneAddressState_NV=Nevada | PersonOneAddressState_NH=New Hampshire | PersonOneAddressState_NJ=New Jersey | PersonOneAddressState_NM=New Mexico | PersonOneAddressState_NY=New York | PersonOneAddressState_NC=North Carolina | PersonOneAddressState_ND=North Dakota | PersonOneAddressState_OH=Ohio | PersonOneAddressState_OK=Oklahoma | PersonOneAddressState_OR=Oregon | PersonOneAddressState_PA=Pennsylvania | PersonOneAddressState_RI=Rhode Island | PersonOneAddressState_SC=South Carolina | PersonOneAddressState_SD=South Dakota | PersonOneAddressState_TN=Tennessee | PersonOneAddressState_TX=Texas | PersonOneAddressState_UT=Utah | PersonOneAddressState_VT=Vermont | PersonOneAddressState_VA=Virginia | PersonOneAddressState_WA=Washington | PersonOneAddressState_WV=West Virginia | PersonOneAddressState_WI=Wisconsin | PersonOneAddressState_WY=Wyoming | PersonOneAddressState_DC=District of Columbia
The Basics	Basics		persononeaddress_persononeaddresszipcode	text	free_text		0	zipcode			no	Zip Code	
The Basics	Basics		secondarycontactinfo_persononeemail	text	free_text		0	email			no	Email Address	
The Basics	Basics		secondarycontactinfo_persononetelephone	text	free_text		0	phone			no	Phone Number	
The Basics	Basics		secondarycontactinfo_persononerelationship	radio	single_select		5				no	Relationship to you:	PersonOneRelationship_Child=Child | PersonOneRelationship_Friend=Friend | PersonOneRelationship_ParentGuardian=Parent or Guardian | PersonOneRelationship_Relative=Relative | PersonOneRelationship_SpousePartner=Spouse or Partner
The Basics	Basics		secondarycontactinfo_secondcontactsfirstname	text	free_text		0				no	First Name	
The Basics	Basics		secondarycontactinfo_secondcontactsmiddleinitial	text	free_text		0				no	Middle Initial	
The Basics	Basics		secondarycontactinfo_secondcontactslastname	text	free_text		0				no	Last Name	
The Basics	Basics		secondarycontactinfo_secondcontactsaddressone	text	free_text		0				no	Address 1	
The Basics	Basics		secondarycontactinfo_secondcontactsaddresstwo	text	free_text		0				no	Address 2	
The Basics	Basics		secondcontactsaddress_secondcontactcity	text	free_text		0				no	City	
The Basics	Basics		secondcontactsaddress_secondcontactstate	dropdown	single_select		51				no	State	SecondContactState_Alabama=Alabama | SecondContactState_AK=Alaska | SecondContactState_AZ=Arizona | SecondContactState_AR=Arkansas | SecondContactState_CA=California | SecondContactState_CO=Colorado | SecondContactState_CT=Connecticut | SecondContactState_DE=Delaware | SecondContactState_FL=Florida | SecondContactState_GA=Georgia | SecondContactState_HI=Hawaii | SecondContactState_ID=Idaho | SecondContactState_IL=Illinois | SecondContactState_IN=Indiana | SecondContactState_IA=Iowa | SecondContactState_KS=Kansas | SecondContactState_KY=Kentucky | SecondContactState_LA=Louisiana | SecondContactState_ME=Maine | SecondContactState_MD=Maryland | SecondContactState_MA=Massachusetts | SecondContactState_MI=Michigan | SecondContactState_MN=Minnesota | SecondContactState_MS=Mississippi | SecondContactState_MO=Missouri | SecondContactState_MT=Montana | SecondContactState_NE=Nebraska | SecondContactState_NV=Nevada | SecondContactState_NH=New Hampshire | SecondContactState_NJ=New Jersey | SecondContactState_NM=New Mexico | SecondContactState_NY=New York | SecondContactState_NC=North Carolina | SecondContactState_ND=North Dakota | SecondContactState_OH=Ohio | SecondContactState_OK=Oklahoma | SecondContactState_OR=Oregon | SecondContactState_PA=Pennsylvania | SecondContactState_RI=Rhode Island | SecondContactState_SC=South Carolina | SecondContactState_SD=South Dakota | SecondContactState_TN=Tennessee | SecondContactState_TX=Texas | SecondContactState_UT=Utah | SecondContactState_VT=Vermont | SecondContactState_VA=Virginia | SecondContactState_WA=Washington | SecondContactState_WV=West Virginia | SecondContactState_WI=Wisconsin | SecondContactState_WY=Wyoming | SecondContactState_DC=District of Columbia
The Basics	Basics		secondcontactsaddress_secondcontactzipcode	text	free_text		0	zipcode			no	Zip Code	
The Basics	Basics		secondarycontactinfo_secondcontactsemail	text	free_text		0	email			no	Email Address	
The Basics	Basics		secondarycontactinfo_secondcontactsnumber	text	free_text		0	phone			no	Phone Number	
The Basics	Basics		secondarycontactinfo_secondcontactsrelationship	radio	single_select		5				no	Relationship to You	SecondContactsRelationship_Child=Child | SecondContactsRelationship_Friend=Friend | SecondContactsRelationship_ParentGuardian=Parent or Guardian | SecondContactsRelationship_Relative=Relative | SecondContactsRelationship_SpousePartner=Spouse or Partner
Lifestyle	Lifestyle		lifestyle	descriptive	descriptive		0				no	Lifestyle	
Lifestyle	Lifestyle		smoking_100cigslifetime	radio	single_select		4				no	Have you smoked at least 100 cigarettes in your entire life? (There are 20 cigarettes in a pack.)	100CigsLifetime_Yes=Yes | 100CigsLifetime_No=No | PMI_DontKnow=Don't know | PMI_PreferNotToAnswer=Prefer not to answer
Lifestyle	Lifestyle		smoking_smokefrequency	radio	single_select		5				yes	Do you now smoke cigarettes every day, some days, or not at all?	SmokeFrequency_EveryDay=Every day | SmokeFrequency_SomeDays=Some days | SmokeFrequency_NotAtAll=Not at all | PMI_DontKnow=Don't know | PMI_PreferNotToAnswer=Prefer not to answer
Lifestyle	Lifestyle		smoking_dailysmokestartingage	text	numeric_text	1585864	0	range	0	120	yes	How old were you when you first started regular cigarette smoking?	smoking_dailysmokestartingage_enterage=Enter response | Smoking_DailySmokeStartingAgeDontKnow=Don't know | Smoking_DailySmokeStartingAgePreferNotToAnswer=Prefer not to answer
Lifestyle	Lifestyle		smoking_dailysmokestartingagenumber	text	numeric_text		0	integer	1.0	99.0	yes	Age:	
Lifestyle	Lifestyle		smoking_seriousquitattempt	radio	single_select		4				yes	In the past, have you ever made a serious attempt to quit smoking? That is, have you stopped smoking for at least one day or longer because you were trying to quit?	SeriousQuitAttempt_AttemptQuitSmoking=Yes | SeriousQuitAttempt_NoAttemptQuitSmoking=No | PMI_DontKnow=Don't know | PMI_PreferNotToAnswer=Prefer not to answer
Lifestyle	Lifestyle		attemptquitsmoking_completelyquit	radio	single_select		3				yes	If you have completely stopped smoking cigarettes, how old were you when you stopped?	attemptquitsmoking_completelyquitage=Enter response | AttemptQuitSmoking_CompletelyQuitAgeDontKnow=Don't know | AttemptQuitSmoking_CompletelyQuitAgePreferNotToAnswer=Prefer not to answer
Lifestyle	Lifestyle		attemptquitsmoking_completelyquitage	text	numeric_text		0	integer	1.0	99.0	yes	Age when you stopped smoking:	
Lifestyle	Lifestyle		smoking_numberofyears	text	numeric_text	1585873	0	range	0	100	yes	How many years have you or did you smoke cigarettes?	smoking_numberofyears_enteryears=Enter response | Smoking_NumberOfYearsDontKnow=Don't know | Smoking_NumberOfYearsPreferNotToKnow=Prefer not to answer
Lifestyle	Lifestyle		smoking_numberofyearsnumber	text	numeric_text		0	integer	1.0	99.0	yes	Number of years:	
Lifestyle	Lifestyle		smoking_currentdailycigarette	text	numeric_text	1586159	0	range	0	200	yes	On average, how many cigarettes do you smoke per day now? (There are 20 cigarettes in a pack.)	smoking_currentdailycigarette_enternumber=Enter response | Smoking_CurrentDailyCigaretteNumberDontKnow=Don't know | Smoking_CurrentDailyCigaretteNumberPreferNotToAnswer=Prefer not to answer
Lifestyle	Lifestyle		smoking_currentdailycigarettenumber	text	numeric_text		0	integer	0.0	99.0	yes	Number of cigarettes per day:	
Lifestyle	Lifestyle		smoking_averagedailycigarette	text	numeric_text	1586162	0	range	0	200	yes	On average, over the entire time that you smoked, how many cigarettes did you smoke each day? (There are 20 cigarettes in a pack.)	smoking_averagedailycigarette_enternumber=Enter response | Smoking_AverageDailyCigaretteNumberDontKnow=Don't know | Smoking_AverageDailyCigaretteNumberPreferNotToAnswer=Prefer not to answer
Lifestyle	Lifestyle		smoking_averagedailycigarettenumber	text	numeric_text		0	integer	1.0	99.0	yes	Number of cigarettes per day:	
Lifestyle	Lifestyle		electronicsmoking_electricsmokeparticipant	radio	single_select		4				no	Have you ever used an electronic nicotine product, even one or two times? (Electronic nicotine products include e-cigarettes, vape pens, hookah pens, personal vaporizers and mods, e-cigars, e-pipes, and e-hookahs.)	ElectricSmokeParticipant_Yes=Yes | ElectricSmokeParticipant_No=No | PMI_DontKnow=Don't know | PMI_PreferNotToAnswer=Prefer not to answer
Lifestyle	Lifestyle		electronicsmoking_electricsmokefrequency	radio	single_select		5				yes	Do you now use electronic nicotine products...	ElectricSmokeFrequency_EveryDay=Every day | ElectricSmokeFrequency_SomeDays=Some days | ElectricSmokeFrequency_NotAtAll=Not at all | PMI_DontKnow=Don't know | PMI_PreferNotToAnswer=Prefer not to answer
Lifestyle	Lifestyle		cigarsmoking_cigarsmokeparticipant	radio	single_select		4				no	Have you ever smoked a traditional cigar, cigarillo, or filtered cigar, even one or two puffs?	CigarSmokeParticipant_Yes=Yes | CigarSmokeParticipant_No=No | PMI_DontKnow=Don't know | PMI_PreferNotToAnswer=Prefer not to answer
Lifestyle	Lifestyle		cigarsmoking_currentcigarfrequency	radio	single_select		5				yes	Do you now smoke a traditional cigar, cigarillo, or filtered cigar...	CurrentCigarFrequency_EveryDay=Every day | CurrentCigarFrequency_SomeDays=Some days | CurrentCigarFrequency_NotAtAll=Not at all | PMI_DontKnow=Don't know | PMI_PreferNotToAnswer=Prefer not to answer
Lifestyle	Lifestyle		hookahsmoking_hookahsmokeparticipant	radio	single_select		4				no	Have you ever smoked tobacco in a hookah, even one or two puffs?	HookahSmokeParticipant_Yes=Yes | HookahSmokeParticipant_No=No | PMI_DontKnow=Don't know | PMI_PreferNotToAnswer=Prefer not to answer
Lifestyle	Lifestyle		hookahsmoking_currenthookahfrequency	radio	single_select		5				yes	Do you now smoke hookah...	CurrentHookahFrequency_EveryDay=Every day | CurrentHookahFrequency_SomeDays=Some days | CurrentHookahFrequency_NotAtAll=Not at all | PMI_DontKnow=Don't know | PMI_PreferNotToAnswer=Prefer not to answer
Lifestyle	Lifestyle		smokelesstobacco_smokelesstobaccoparticipant	radio	single_select		4				no	Have you ever used smokeless tobacco products, even one or two times? (Smokeless tobacco products include snus pouches, Skoal Bandits, loose snus, moist snuff, dip, spit, and chewing tobacco.)	SmokelessTobaccoParticipant_Yes=Yes | SmokelessTobaccoParticipant_No=No | PMI_DontKnow=Don't know | PMI_PreferNotToAnswer=Prefer not to answer
Lifestyle	Lifestyle		smokelesstobacco_smokelesstobaccofrequency	radio	single_select		5				yes	Do you now use smokeless tobacco products...	SmokelessTobaccoFrequency_EveryDay=Every day | SmokelessTobaccoFrequency_SomeDays=Some days | SmokelessTobaccoFrequency_NotAtAll=Not at all | PMI_DontKnow=Don't know | PMI_PreferNotToAnswer=Prefer not to answer
Lifestyle	Lifestyle		alcohol_alcoholparticipant	radio	single_select		3				no	"In your entire life, have you had at least 1 drink of any kind of alcohol, not counting small tastes or sips? (By a ""drink,"" we mean a can or bottle of beer, a glass of wine or a wine cooler, a shot of liquor, or a mixed drink with liquor in it.)"	AlcoholParticipant_Yes=Yes | AlcoholParticipant_No=No | PMI_PreferNotToAnswer=Prefer not to answer
Lifestyle	Lifestyle		alcohol_drinkfrequencypastyear	radio	single_select		6				yes	How often did you have a drink containing alcohol in the past year?	DrinkFrequencyPastYear_Never=Never | DrinkFrequencyPastYear_MonthlyOrLess=Monthly or less | DrinkFrequencyPastYear_2to4PerMonth=Two to four times a month | DrinkFrequencyPastYear_2to3PerWeek=Two to three times a week | DrinkFrequencyPastYear_4orMorePerWeek=Four or more times a week | PMI_PreferNotToAnswer=Prefer not to answer
Lifestyle	Lifestyle		alcohol_averagedailydrinkcount	radio	single_select		6				yes	On a typical day when you drink, how many drinks do you have?	AverageDailyDrinkCount_1or2=1 or 2 | AverageDailyDrinkCount_3or4=3 or 4 | AverageDailyDrinkCount_5or6=5 or 6 | AverageDailyDrinkCount_7to9=7 to 9 | AverageDailyDrinkCount_10orMore=10 or more | PMI_PreferNotToAnswer=Prefer not to answer
Lifestyle	Lifestyle		alcohol_6ormoredrinksoccurence	radio	single_select		6				yes	How often did you have six or more drinks on one occasion in the past year?	6orMoreDrinksOccurence_LessThanMonthly=Less than monthly | 6orMoreDrinksOccurence_Monthly=Monthly | 6orMoreDrinksOccurence_Weekly=Weekly | 6orMoreDrinksOccurence_Daily=Daily or almost daily | 6orMoreDrinksOccurence_NeverInLastYear=Never in the last year | PMI_PreferNotToAnswer=Prefer not to answer
Lifestyle	Lifestyle		recreationaldruguse_whichdrugsused	checkbox	multi_select		12				no	In your LIFETIME, which of the following substances have you ever used?	WhichDrugsUsed_MarijuanaUse=Marijuana (cannabis, pot, grass, hash, weed, etc.) | WhichDrugsUsed_CocaineUse=Cocaine (coke, crack, etc.) | WhichDrugsUsed_PrescriptionStimulantsUse=Prescription stimulants for non-medical reasons (Ritalin, Concerta, Dexedrine, Adderall, diet pills, etc.) | WhichDrugsUsed_MethamphetamineUse=Other stimulants (methamphetamine, speed, crystal meth, ice, k2/spice, bath salts, etc.) | WhichDrugsUsed_InhalantsUse=Inhalants (nitrous oxide, glue, gas, paint thinner, etc.) | WhichDrugsUsed_SedativesUse=Sedatives or sleeping pills for non-medical reasons (Valium, Serepax, Ativan, Xanax, Librium, Rohypnol, GHB, etc.) | WhichDrugsUsed_HallucinogensUse=Hallucinogens (LSD, acid, mushrooms, PCP, Special K, ecstasy, etc.) | WhichDrugsUsed_StreetOpioidsUse=Street opioids (heroin, opium, etc.) | WhichDrugsUsed_PrescriptionOpioidsUse=Prescription opioids for non-medical reasons (fentanyl, oxycodone [OxyContin, Percocet], hydrocodone [Vicodin], methadone, buprenorphine, etc.) | WhichDrugsUsed_NoneOfTheseDrugs=None of these drugs | PMI_PreferNotToAnswer=Prefer not to answer | WhichDrugsUsed_OtherSpecify=Other (Specify)
Lifestyle	Lifestyle		otherspecify_otherdrugstextbox	text	free_text		0				yes	Please specify.	
Lifestyle	Lifestyle		past3monthusefrequency_marijuana3monthuse	radio	single_select		6				yes	In the PAST THREE MONTHS, how often have you used marijuana (cannabis, pot, grass, hash, etc.)?	Marijuana3MonthUse_Never=Never | Marijuana3MonthUse_OneOrTwice=Once or twice | Marijuana3MonthUse_Monthly=Monthly | Marijuana3MonthUse_Weekly=Weekly | Marijuana3MonthUse_Daily=Daily or almost daily | PMI_PreferNotToAnswer=Prefer not to answer
Lifestyle	Lifestyle		past3monthusefrequency_cocaine3monthuse	radio	single_select		6				yes	In the PAST THREE MONTHS, how often have you used cocaine (coke, crack, etc.)?	Cocaine3MonthUse_Never=Never | Cocaine3MonthUse_OnceOrTwice=Once or twice | Cocaine3MonthUse_Monthly=Monthly | Cocaine3MonthUse_Weekly=Weekly | Cocaine3MonthUse_Daily=Daily or almost daily | PMI_PreferNotToAnswer=Prefer not to answer
Lifestyle	Lifestyle		past3monthusefrequency_prescriptionstimulant3monthuse	radio	single_select		6				yes	In the PAST THREE MONTHS, how often have you used prescription stimulants for non-medical reasons (Vyvanse, Ritalin, Concerta, Dexedrine, Adderall, diet pills, etc.)	PrescriptionStimulant3MonthUse_Never=Never | PrescriptionStimulant3MonthUse_OnceOrTwice=Once or twice | PrescriptionStimulant3MonthUse_Monthly=Monthly | PrescriptionStimulant3MonthUse_Weekly=Weekly | PrescriptionStimulant3MonthUse_Daily=Daily or almost daily | PMI_PreferNotToAnswer=Prefer not to answer
Lifestyle	Lifestyle		past3monthusefrequency_otherstimulant3monthuse	radio	single_select		6				yes	In the PAST THREE MONTHS, how often have you used other stimulants (methamphetamine, speed, crystal meth, ice, k2/spice, bath salts, etc.)	OtherStimulant3MonthUse_Never=Never | OtherStimulant3MonthUse_OnceOrTwice=Once or twice | OtherStimulant3MonthUse_Monthly=Monthly | OtherStimulant3MonthUse_Weekly=Weekly | OtherStimulant3MonthUse_Daily=Daily or almost daily | PMI_PreferNotToAnswer=Prefer not to answer
Lifestyle	Lifestyle		past3monthusefrequency_inhalant3monthuse	radio	single_select		6				yes	In the PAST THREE MONTHS, how often have you used inhalants (nitrous oxide, glue, gas, paint thinner, etc.)?	Inhalant3MonthUse_Never=Never | Inhalant3MonthUse_OnceOrTwice=Once or twice | Inhalant3MonthUse_Monthly=Monthly | Inhalant3MonthUse_Weekly=Weekly | Inhalant3MonthUse_Daily=Daily or almost daily | PMI_PreferNotToAnswer=Prefer not to answer
Lifestyle	Lifestyle		past3monthusefrequency_sedative3monthuse	radio	single_select		6				yes	In the PAST THREE MONTHS, how often have you used sedatives or sleeping pills for non-medical reasons (Valium, Serepax, Ativan, Xanax, Librium, Rohypnol, GHB, etc.)?	Sedative3MonthUse_Never=Never | Sedative3MonthUse_OnceOrTwice=Once or twice | Sedative3MonthUse_Monthly=Monthly | Sedative3MonthUse_Weekly=Weekly | Sedative3MonthUse_Daily=Daily or almost daily | PMI_PreferNotToAnswer=Prefer not to answer
Lifestyle	Lifestyle		past3monthusefrequency_hallucinogen3monthuse	radio	single_select		6				yes	In the PAST THREE MONTHS, how often have you used hallucinogens (LSD, acid, mushrooms, PCP, Special K, ecstasy, etc.)?	Hallucinogen3MonthUse_Never=Never | Hallucinogen3MonthUse_OnceOrTwice=Once or twice | Hallucinogen3MonthUse_Monthly=Monthly | Hallucinogen3MonthUse_Weekly=Weekly | Hallucinogen3MonthUse_Daily=Daily or almost daily | PMI_PreferNotToAnswer=Prefer not to answer
Lifestyle	Lifestyle		past3monthusefrequency_streetopioid3monthuse	radio	single_select		6				yes	In the PAST THREE MONTHS, how often have you used street opioids (heroin, opium, etc.)?	StreetOpioid3MonthUse_Never=Never | StreetOpioid3MonthUse_OnceOrTwice=Once or twice | StreetOpioid3MonthUse_Monthly=Monthly | StreetOpioid3MonthUse_Weekly=Weekly | StreetOpioid3MonthUse_Daily=Daily or almost daily | PMI_PreferNotToAnswer=Prefer not to answer
Lifestyle	Lifestyle		past3monthusefrequency_prescriptionopioid3monthuse	radio	single_select	1585698	6				yes	In the PAST THREE MONTHS, how often have you used prescription opioids for non-medical reasons (obana, fentanyl, oxycodone [OxyContin, Percocet], hydrocodone [Vicodin], methadone, buprenorphine [Suboxone], etc.)	PrescriptionOpiod3MonthUse_Never=Never | PrescriptionOpiod3MonthUse_OnceOrTwice=Once or twice | PrescriptionOpiod3MonthUse_Monthly=Monthly | PrescriptionOpiod3MonthUse_Weekly=Weekly | PrescriptionOpiod3MonthUse_Daily=Daily or almost daily | PMI_PreferNotToAnswer=Prefer not to answer
Lifestyle	Lifestyle		past3monthusefrequency_other3monthuse	radio	single_select		6				yes	In the PAST THREE MONTHS, how often have you used other drugs?	Other3MonthUse_Never=Never | Other3MonthUse_OnceOrTwice=Once or twice | Other3MonthUse_Monthly=Monthly | Other3MonthUse_Weekly=Weekly | Other3MonthUse_Daily=Daily or almost daily | PMI_PreferNotToAnswer=Prefer not to answer
Overall Health	Overall Health		overallhealth	descriptive	descriptive		0				no	Overall Health	
Overall Health	Overall Health		overallhealth_medicalformconfidence	radio	single_select		5				no	How confident are you filling out medical forms by yourself?	MedicalFormConfidence_Extremely=Extremely | MedicalFormConfidence_QuiteABit=Quite a bit | MedicalFormConfidence_Somewhat=Somewhat | MedicalFormConfidence_ALittleBit=A little bit | MedicalFormConfidence_NotAtAll=Not at all
Overall Health	Overall Health		overallhealth_healthmaterialassistance	radio	single_select		5				no	How often do you have someone help you read health-related materials?	HealthMaterialAssistance_Always=Always | HealthMaterialAssistance_Often=Often | HealthMaterialAssistance_Sometimes=Sometimes | HealthMaterialAssistance_Occasionally=Occasionally | HealthMaterialAssistance_Never=Never
Overall Health	Overall Health		overallhealth_difficultunderstandinfo	radio	single_select		5				no	How often do you have problems learning about your medical condition because of difficulty understanding written information?	DifficultUnderstandInfo_Always=Always | DifficultUnderstandInfo_Often=Often | DifficultUnderstandInfo_Sometimes=Sometimes | DifficultUnderstandInfo_Occasionally=Occasionally | DifficultUnderstandInfo_Never=Never
Overall Health	Overall Health		overallhealth_generalhealth	radio	single_select		5				no	In general, would you say your health is:	GeneralHealth_Excellent=Excellent | GeneralHealth_VeryGood=Very Good | GeneralHealth_Good=Good | GeneralHealth_Fair=Fair | GeneralHealth_Poor=Poor
Overall Health	Overall Health		overallhealth_generalquality	radio	single_select		5				no	In general, would you say your quality of life is:	GeneralQuality_Excellent=Excellent | GeneralQuality_VeryGood=Very Good | GeneralQuality_Good=Good | GeneralQuality_Fair=Fair | GeneralQuality_Poor=Poor
Overall Health	Overall Health		overallhealth_generalphysicalhealth	radio	single_select		5				no	In general, how would you rate your physical health?	GeneralPhysicalHealth_Excellent=Excellent | GeneralPhysicalHealth_VeryGood=Very Good | GeneralPhysicalHealth_Good=Good | GeneralPhysicalHealth_Fair=Fair | GeneralPhysicalHealth_Poor=Poor
Overall Health	Overall Health		overallhealth_generalmentalhealth	radio	single_select		5				no	In general, how would you rate your mental health, including your mood and your ability to think?	GeneralMentalHealth_Excellent=Excellent | GeneralMentalHealth_VeryGood=Very Good | GeneralMentalHealth_Good=Good | GeneralMentalHealth_Fair=Fair | GeneralMentalHealth_Poor=Poor
Overall Health	Overall Health		overallhealth_socialsatisfaction	radio	single_select		5				no	In general, how would you rate your satisfaction with your social activities and relationships?	SocialSatisfaction_Excellent=Excellent | SocialSatisfaction_VeryGood=Very Good | SocialSatisfaction_Good=Good | SocialSatisfaction_Fair=Fair | SocialSatisfaction_Poor=Poor
Overall Health	Overall Health		overallhealth_everydayactivities	radio	single_select		5				no	To what extent are you able to carry out your everyday physical activities such as walking, climbing stairs, carrying groceries, or moving a chair?	EverydayActivities_Completely=Completely | EverydayActivities_Mostly=Mostly | EverydayActivities_Moderately=Moderately | EverydayActivities_ALittle=A little | EverydayActivities_NotAtAll=Not at all
Overall Health	Overall Health		overallhealth_averagepain7days	slider	slider		2	number			no	In the past 7 days, how would you rate your pain on average?	0 (No pain)= | 10 (Worst pain imaginable)=
Overall Health	Overall Health		overallhealth_averagefatigue7days	radio	single_select		5				no	In the past 7 days, how would you rate your fatigue?	AverageFatigue7Days_None=None | AverageFatigue7Days_Mild=Mild | AverageFatigue7Days_Moderate=Moderate | AverageFatigue7Days_Severe=Severe | AverageFatigue7Days_VerySevere=Very Severe
Overall Health	Overall Health		overallhealth_generalsocial	radio	single_select		5				no	In general, please rate how well you carry out your usual social roles. (This includes activities at home, at work and in your community, and responsibilities as a parent, child, spouse, employee, friend, etc.)	GeneralSocial_Excellent=Excellent | GeneralSocial_VeryGood=Very Good | GeneralSocial_Good=Good | GeneralSocial_Fair=Fair | GeneralSocial_Poor=Poor
Overall Health	Overall Health		overallhealth_emotionalproblem7days	radio	single_select		5				no	In the past 7 days, how often have you been bothered by emotional problems such as feeling anxious, depressed, or irritable?	EmotionalProblem7Days_Never=Never | EmotionalProblem7Days_Rarely=Rarely | EmotionalProblem7Days_Sometimes=Sometimes | EmotionalProblem7Days_Often=Often | EmotionalProblem7Days_Always=Always
Overall Health	Overall Health		overallhealth_menstrualstopped	radio	single_select		5				no	Have your menstrual periods stopped permanently?	MenstrualStopped_PeriodsHaventStopped=No | MenstrualStopped_YesNone=Yes, I have no menstrual periods | MenstrualStopped_YesButHormone=Yes, but I have periods induced by hormones | MenstrualStopped_NotSureMenstrualStopped=Not sure | PMI_PreferNotToAnswer=Prefer not to answer
Overall Health	Overall Health		pregnancy_1pregnancystatus	radio	single_select	1332792	4				yes	Are you currently pregnant?	1PregnancyStatus_No=No | 1PregnancyStatus_Yes=Yes | 1PregnancyStatus_DontKnow=Not sure | PMI_PreferNotToAnswer=Prefer not to answer
Overall Health	Overall Health		yesnone_menstrualstoppedreason	radio	single_select		7				yes	Why did your periods stop?	MenstrualStoppedReason_NaturalMenopause=Natural menopause (change of life) | MenstrualStoppedReason_Surgery=Surgery (a hysterectomy to remove your uterus and/or an oophorectomy to remove your ovaries) | MenstrualStoppedReason_EndometrialAblation=Endometrial ablation (removal of the lining of the uterus) | MenstrualStoppedReason_MedicationTherapy=Medication, chemotherapy, or radiation | PMI_Other=Other | PMI_NotSure=Not sure | PMI_PreferNotToAnswer=Prefer not to answer
Overall Health	Overall Health		overallhealth_hysterectomyhistory	radio	single_select		4				no	Have you ever had a hysterectomy (that is, surgery to remove your uterus or womb)?	HysterectomyHistory_No=No | HysterectomyHistory_Yes=Yes | HysterectomyHistory_NotSure=Not sure | PMI_PreferNotToAnswer=Prefer not to answer
Overall Health	Overall Health		overallhealth_hysterectomyhistoryage	text	numeric_text		0	integer	1.0	99.0	yes	Age of surgery:	
Overall Health	Overall Health		overallhealth_ovaryremovalhistory	radio	single_select		6				yes	Have you ever had an ovary removed?	OvaryRemovalHistory_No=No | OvaryRemovalHistory_YesSectioned=Yes, but only one ovary or part of one ovary | OvaryRemovalHistory_YesBoth=Yes, both ovaries | OvaryRemovalHistory_YesUnsure=Yes, but don't know whether one or both ovaries | OvaryRemovalHistory_NotSure=Not sure | PMI_PreferNotToAnswer=Prefer not to answer
Overall Health	Overall Health		overallhealthovaryremovalhistoryage	text	numeric_text		0	integer	1.0	99.0	yes	Age of surgery:	
Overall Health	Overall Health		overallhealth_organtransplant	radio	single_select		3				no	Have you had a transplant of any type?	OrganTransplant_Yes=Yes | OrganTransplant_No=No | PMI_DontKnow=Don't know
Overall Health	Overall Health		organtransplant_organtransplantdescription	checkbox	multi_select		13				yes	Please check all that apply.	OrganTransplantDescription_Heart=Heart | OrganTransplantDescription_Kidney=Kidney | OrganTransplantDescription_Liver=Liver | OrganTransplantDescription_Lung=Lung | OrganTransplantDescription_Pancreas=Pancreas | OrganTransplantDescription_Intestine=Intestine | OrganTransplantDescription_OtherOrgan=Other organ | OrganTransplantDescription_Cornea=Cornea | OrganTransplantDescription_Bone=Bone | OrganTransplantDescription_Valve=Valve | OrganTransplantDescription_Skin=Skin | OrganTransplantDescription_BloodVessels=Blood Vessels | OrganTransplantDescription_OtherTissue=Other Tissue
Overall Health	Overall Health		otherorgan_freetextbox	text	free_text		0				yes	Please specify organ.	
Overall Health	Overall Health		othertissue_freetextbox	text	free_text		0				yes	Please specify tissue.	
Overall Health	Overall Health		organtransplant_hearttransplantdate	text	date_text		0	date_mdy			yes	Date of heart transplant:	
Overall Health	Overall Health		organtransplant_kidneytransplantdate	text	date_text		0	date_mdy			yes	Date of kidney transplant:	
Overall Health	Overall Health		organtransplant_livertransplantdate	text	date_text		0	date_mdy			yes	Date of liver transplant:	
Overall Health	Overall Health		organtransplant_lungtransplantdate	text	date_text		0	date_mdy			yes	Date of lung transplant:	
Overall Health	Overall Health		organtransplant_pancreastransplantdate	text	date_text		0	date_mdy			yes	Date of pancreas transplant:	
Overall Health	Overall Health		organtransplant_intestinetransplantdate	text	date_text		0	date_mdy			yes	Date of intestine transplant:	
Overall Health	Overall Health		organtransplant_otherorgantransplantdate	text	date_text		0	date_mdy			yes	Date of other organ transplant:	
Overall Health	Overall Health		organtransplant_corneatransplantdate	text	date_text		0	date_mdy			yes	Date of cornea transplant:	
Overall Health	Overall Health		organtransplant_bonetransplantdate	text	date_text		0	date_mdy			yes	Date of bone transplant:	
Overall Health	Overall Health		organtransplant_valvetransplantdate	text	date_text		0	date_mdy			yes	Date of valve transplant:	
Overall Health	Overall Health		organtransplant_skintransplantdate	text	date_text		0	date_mdy			yes	Date of skin transplant:	
Overall Health	Overall Health		organtransplant_bloodvesseltransplantdate	text	date_text		0	date_mdy			yes	Date of blood vessel transplant:	
Overall Health	Overall Health		organtransplant_othertissuetransplantdate	text	date_text		0	date_mdy			yes	Date of other tissue transplant:	
Overall Health	Overall Health		overallhealth_outsidetravel6month	radio	single_select		3				no	Have you traveled outside of the country within the past 6 months?	OutsideTravel6Month_Yes=Yes | OutsideTravel6Month_No=No | OutsideTravel6Month_DontKnow=Don't Know
Overall Health	Overall Health		outsidetravel6month_outsidetravel6monthwheretraveled	text	free_text		0				yes	Where?	
Overall Health	Overall Health		outsidetravel6month_outsidetravel6monthhowlong	text	numeric_text		0	integer	1.0	255.0	yes	How long were you there? Enter number of days.	
Family Health History	Family Health History		familyhistory	descriptive	descriptive		0				no	Family Health History	
Family Health History	Family Health History		familyhistory_familymedicalhistoryaware	radio	single_select	43528652	3				no	How much do you know about illnesses or health problems for your parents, grandparents, brothers, sisters, and/or children?	FamilyMedicalHistoryAware_Alot=A lot | FamilyMedicalHistoryAware_Some=Some | FamilyMedicalHistoryAware_None=None at all
Family Health History	Family Health History		diagnosedhealthcondition_cancercondition	checkbox	multi_select		24				no	Has anyone in your family ever been diagnosed with the following cancer conditions? Think only of the people you are related to by blood. Select all that apply.	CancerCondition_BladderCancer=Bladder cancer | CancerCondition_BoneCancer=Bone cancer | CancerCondition_BloodCancer=Blood or soft tissue cancer | CancerCondition_BrainCancer=Brain cancer | CancerCondition_BreastCancer=Breast cancer | CancerCondition_CervicalCancer=Cervical cancer | CancerCondition_ColonRectalCancer=Colon cancer/Rectal cancer | CancerCondition_EndocrineCancer=Endocrine cancer | CancerCondition_EndometrialCancer=Endometrial cancer | CancerCondition_EsophagealCancer=Esophageal cancer | CancerCondition_EyeCancer=Eye cancer | CancerCondition_HeadNeckCancer=Head and neck cancer (This includes cancers of the mouth, sinuses, nose, or throat. This does not include brain cancer.) | CancerCondition_KidneyCancer=Kidney cancer | CancerCondition_LungCancer=Lung cancer | CancerCondition_OvarianCancer=Ovarian cancer | CancerCondition_PancreaticCancer=Pancreatic cancer | CancerCondition_ProstateCancer=Prostate cancer | CancerCondition_SkinCancer=Skin cancer | CancerCondition_StomachCancer=Stomach cancer | CancerCondition_ThyroidCancer=Thyroid cancer | CancerCondition_OtherCancer=Other cancer | PMI_None=None of the above | PMI_DontKnow=Don't know | PMI_PreferNotToAnswer=Prefer not to answer
Family Health History	Family Health History		cancercondition_bladdercancer_yes	checkbox	multi_select		6				yes	Who in your family has had bladder cancer? Select all that apply.	MotherCancerCondition_BladderCancer=Mother | FatherCancerCondition_BladderCancer=Father | SiblingCancerCondition_BladderCancer=Sibling | DaughterCancerCondition_BladderCancer=Daughter | SonCancerCondition_BladderCancer=Son | GrandparentCancerCondition_BladderCancer=Grandparent
Family Health History	Family Health History		cancercondition_bonecancer_yes	checkbox	multi_select		6				yes	Who in your family has had bone cancer? Select all that apply.	MotherCancerCondition_BoneCancer=Mother | FatherCancerCondition_BoneCancer=Father | SiblingCancerCondition_BoneCancer=Sibling | DaughterCancerCondition_BoneCancer=Daughter | SonCancerCondition_BoneCancer=Son | GrandparentCancerCondition_BoneCancer=Grandparent
Family Health History	Family Health History		cancercondition_bloodcancer_yes	checkbox	multi_select		6				yes	Who in your family has had blood or soft tissue cancer? Select all that apply.	MotherCancerCondition_BloodCancer=Mother | FatherCancerCondition_BloodCancer=Father | SiblingCancerCondition_BloodCancer=Sibling | DaughterCancerCondition_BloodCancer=Daughter | SonCancerCondition_BloodCancer=Son | GrandparentCancerCondition_BloodCancer=Grandparent
Family Health History	Family Health History		cancercondition_braincancer_yes	checkbox	multi_select		6				yes	Who in your family has had brain cancer? Select all that apply.	MotherCancerCondition_BrainCancer=Mother | FatherCancerCondition_BrainCancer=Father | SiblingCancerCondition_BrainCancer=Sibling | DaughterCancerCondition_BrainCancer=Daughter | SonCancerCondition_BrainCancer=Son | GrandparentCancerCondition_BrainCancer=Grandparent
Family Health History	Family Health History		cancercondition_breastcancer_yes	checkbox	multi_select		6				yes	Who in your family has had breast cancer? Select all that apply.	MotherCancerCondition_BreastCancer=Mother | FatherCancerCondition_BreastCancer=Father | SiblingCancerCondition_BreastCancer=Sibling | DaughterCancerCondition_BreastCancer=Daughter | SonCancerCondition_BreastCancer=Son | GrandparentCancerCondition_BreastCancer=Grandparent
Family Health History	Family Health History		cancercondition_cervicalcancer_yes	checkbox	multi_select		4				yes	Who in your family has had cervical cancer? Select all that apply.	MotherCancerCondition_CervicalCancer=Mother | SiblingCancerCondition_CervicalCancer=Sibling | DaughterCancerCondition_CervicalCancer=Daughter | GrandparentCancerCondition_CervicalCancer=Grandparent
Family Health History	Family Health History		cancercondition_colonrectalcancer_yes	checkbox	multi_select		6				yes	Who in your family has had colon cancer/rectal cancer? Select all that apply.	MotherCancerCondition_ColonRectalCancer=Mother | FatherCancerCondition_ColonRectalCancer=Father | SiblingCancerCondition_ColonRectalCancer=Sibling | DaughterCancerCondition_ColonRectalCancer=Daughter | SonCancerCondition_ColonRectalCancer=Son | GrandparentCancerCondition_ColonRectalCancer=Grandparent
Family Health History	Family Health History		cancercondition_endocrinecancer_yes	checkbox	multi_select		6				yes	Who in your family has had endocrine cancer? Select all that apply.	MotherCancerCondition_EndocrineCancer=Mother | FatherCancerCondition_EndocrineCancer=Father | SiblingCancerCondition_EndocrineCancer=Sibling | DaughterCancerCondition_EndocrineCancer=Daughter | SonCancerCondition_EndocrineCancer=Son | GrandparentCancerCondition_EndocrineCancer=Grandparent
Family Health History	Family Health History		cancercondition_endometrialcancer_yes	checkbox	multi_select		4				yes	Who in your family has had endometrial cancer? Select all that apply.	MotherCancerCondition_EndometrialCancer=Mother | SiblingCancerCondition_EndometrialCancer=Sibling | DaughterCancerCondition_EndometrialCancer=Daughter | GrandparentCancerCondition_EndometrialCancer=Grandparent
Family Health History	Family Health History		cancercondition_esophagealcancer_yes	checkbox	multi_select		6				yes	Who in your family has had esophageal cancer? Select all that apply.	MotherCancerCondition_EsophagealCancer=Mother | FatherCancerCondition_EsophagealCancer=Father | SiblingCancerCondition_EsophagealCancer=Sibling | DaughterCancerCondition_EsophagealCancer=Daughter | SonCancerCondition_EsophagealCancer=Son | GrandparentCancerCondition_EsophagealCancer=Grandparent
Family Health History	Family Health History		cancercondition_eyecancer_yes	checkbox	multi_select		6				yes	Who in your family has had eye cancer? Select all that apply.	MotherCancerCondition_EyeCancer=Mother | FatherCancerCondition_EyeCancer=Father | SiblingCancerCondition_EyeCancer=Sibling | DaughterCancerCondition_EyeCancer=Daughter | SonCancerCondition_EyeCancer=Son | GrandparentCancerCondition_EyeCancer=Grandparent
Family Health History	Family Health History		cancercondition_headneckcancer_yes	checkbox	multi_select		6				yes	Who in your family has had head and neck cancer? Select all that apply.	MotherCancerCondition_HeadNeckCancer=Mother | FatherCancerCondition_HeadNeckCancer=Father | SiblingCancerCondition_HeadNeckCancer=Sibling | DaughterCancerCondition_HeadNeckCancer=Daughter | SonCancerCondition_HeadNeckCancer=Son | GrandparentCancerCondition_HeadNeckCancer=Grandparent
Family Health History	Family Health History		cancercondition_kidneycancer_yes	checkbox	multi_select		6				yes	Who in your family has had kidney cancer? Select all that apply.	MotherCancerCondition_KidneyCancer=Mother | FatherCancerCondition_KidneyCancer=Father | SiblingCancerCondition_KidneyCancer=Sibling | DaughterCancerCondition_KidneyCancer=Daughter | SonCancerCondition_KidneyCancer=Son | GrandparentCancerCondition_KidneyCancer=Grandparent
Family Health History	Family Health History		cancercondition_lungcancer_yes	checkbox	multi_select		6				yes	Who in your family has had lung cancer? Select all that apply.	MotherCancerCondition_LungCancer=Mother | FatherCancerCondition_LungCancer=Father | SiblingCancerCondition_LungCancer=Sibling | DaughterCancerCondition_LungCancer=Daughter | SonCancerCondition_LungCancer=Son | GrandparentCancerCondition_LungCancer=Grandparent
Family Health History	Family Health History		cancercondition_ovariancancer_yes	checkbox	multi_select		4				yes	Who in your family has had ovarian cancer? Select all that apply.	MotherCancerCondition_OvarianCancer=Mother | SiblingCancerCondition_OvarianCancer=Sibling | DaughterCancerCondition_OvarianCancer=Daughter | GrandparentCancerCondition_OvarianCancer=Grandparent
Family Health History	Family Health History		cancercondition_pancreaticcancer_yes	checkbox	multi_select		6				yes	Who in your family has had pancreatic cancer? Select all that apply.	MotherCancerCondition_PancreaticCancer=Mother | FatherCancerCondition_PancreaticCancer=Father | SiblingCancerCondition_PancreaticCancer=Sibling | DaughterCancerCondition_PancreaticCancer=Daughter | SonCancerCondition_PancreaticCancer=Son | GrandparentCancerCondition_PancreaticCancer=Grandparent
Family Health History	Family Health History		cancercondition_prostatecancer_yes	checkbox	multi_select		4				yes	Who in your family has had prostate cancer? Select all that apply.	FatherCancerCondition_ProstateCancer=Father | SiblingCancerCondition_ProstateCancer=Sibling | SonCancerCondition_ProstateCancer=Son | GrandparentCancerCondition_ProstateCancer=Grandparent
Family Health History	Family Health History		cancercondition_skincancer_yes	checkbox	multi_select		6				yes	Who in your family has had skin cancer? Select all that apply.	MotherCancerCondition_SkinCancer=Mother | FatherCancerCondition_SkinCancer=Father | SiblingCancerCondition_SkinCancer=Sibling | DaughterCancerCondition_SkinCancer=Daughter | SonCancerCondition_SkinCancer=Son | GrandparentCancerCondition_SkinCancer=Grandparent
Family Health History	Family Health History		cancercondition_stomachcancer_yes	checkbox	multi_select		6				yes	Who in your family has had stomach cancer? Select all that apply.	MotherCancerCondition_StomachCancer=Mother | FatherCancerCondition_StomachCancer=Father | SiblingCancerCondition_StomachCancer=Sibling | DaughterCancerCondition_StomachCancer=Daughter | SonCancerCondition_StomachCancer=Son | GrandparentCancerCondition_StomachCancer=Grandparent
Family Health History	Family Health History		cancercondition_thyroidcancer_yes	checkbox	multi_select		6				yes	Who in your family has had thyroid cancer? Select all that apply.	MotherCancerCondition_ThyroidCancer=Mother | FatherCancerCondition_ThyroidCancer=Father | SiblingCancerCondition_ThyroidCancer=Sibling | DaughterCancerCondition_ThyroidCancer=Daughter | SonCancerCondition_ThyroidCancer=Son | GrandparentCancerCondition_ThyroidCancer=Grandparent
Family Health History	Family Health History		cancercondition_othercancer_yes	checkbox	multi_select		6				yes	Who in your family has had other cancer(s)? Select all that apply.	MotherCancerCondition_OtherCancer=Mother | FatherCancerCondition_OtherCancer=Father | SiblingCancerCondition_OtherCancer=Sibling | DaughterCancerCondition_OtherCancer=Daughter | SonCancerCondition_OtherCancer=Son | GrandparentCancerCondition_OtherCancer=Grandparent
Family Health History	Family Health History		othercancer_motherfreetextbox	text	free_text		0				yes	Please list other cancer(s) your mother has had.	
Family Health History	Family Health History		othercancer_fatherfreetextbox	text	free_text		0				yes	Please list other cancer(s) your father has had.	
Family Health History	Family Health History		othercancer_siblingfreetextbox	text	free_text		0				yes	Please list other cancer(s) your sibling(s) has had.	
Family Health History	Family Health History		othercancer_daughterfreetextbox	text	free_text		0				yes	Please list other cancer(s) your daughter(s) has had.	
Family Health History	Family Health History		othercancer_sonfreetextbox	text	free_text		0				yes	Please list other cancer(s) your son(s) has had.	
Family Health History	Family Health History		othercancer_grandparentfreetextbox	text	free_text		0				yes	Please list other cancer(s) your grandparent(s) has had.	
Family Health History	Family Health History		diagnosedhealthcondition_circulatorycondition	checkbox	multi_select		17				no	Has anyone in your family ever been diagnosed with the following heart and blood conditions? Think only of the people you are related to by blood. Select all that apply.	DiagnosedHealthCondition_Anemia=Anemia | CirculatoryCondition_AorticAneurysm=Aortic aneurysm | CirculatoryCondition_AtrialFibrilation=Atrial fibrillation (or a-fib) or atrial flutter (or a-flutter). | CirculatoryCondition_CongestiveHeartFailure=Congestive heart failure | CirculatoryCondition_CoronaryArteryHeartDisease=Coronary artery/coronary heart disease (includes angina) | CirculatoryCondition_HeartAttack=Heart attack | CirculatoryCondition_HeartValveDisease=Heart valve disease | CirculatoryCondition_HighBloodPressure=High blood pressure (Hypertension) | CirculatoryCondition_HighCholesterol=High cholesterol | CirculatoryCondition_PeripheralVascularDisease=Peripheral vascular disease | CirculatoryCondition_PulmonaryEmbolismThrombosis=Pulmonary embolism or deep vein thrombosis (DVT) | CirculatoryCondition_SickleCellDisease=Sickle cell disease | CirculatoryCondition_Stroke=Stroke | CirculatoryCondition_SuddenDeath=Sudden death | PMI_None=None of the above | PMI_DontKnow=Don't know | PMI_PreferNotToAnswer=Prefer not to answer
Family Health History	Family Health History		diagnosedhealthcondition_anemia_yes	checkbox	multi_select		6				yes	Who in your family has had anemia? Select all that apply.	MotherCirculatoryCondition_Anemia=Mother | FatherCirculatoryCondition_Anemia=Father | SiblingCirculatoryCondition_Anemia=Sibling | DaughterCirculatoryCondition_Anemia=Daughter | SonCirculatoryCondition_Anemia=Son | GrandparentCirculatoryCondition_Anemia=Grandparent
Family Health History	Family Health History		circulatorycondition_aorticaneurysm_yes	checkbox	multi_select		6				yes	Who in your family has had aortic aneurysm? Select all that apply.	MotherCirculatoryCondition_AorticAneurysm=Mother | FatherCirculatoryCondition_AorticAneurysm=Father | SiblingCirculatoryCondition_AorticAneurysm=Sibling | DaughterCirculatoryCondition_AorticAneurysm=Daughter | SonCirculatoryCondition_AorticAneurysm=Son | GrandparentCirculatoryCondition_AorticAneurysm=Grandparent
Family Health History	Family Health History		circulatorycondition_atrialfibrilation_yes	checkbox	multi_select		6				yes	Who in your family has had atrial fibrillation (or a-fib) or atrial flutter (or a-flutter)? Select all that apply.	MotherCirculatoryCondition_AtrialFibrilation=Mother | FatherCirculatoryCondition_AtrialFibrilation=Father | SiblingCirculatoryCondition_AtrialFibrilation=Sibling | DaughterCirculatoryCondition_AtrialFibrilation=Daughter | SonCirculatoryCondition_AtrialFibrilation=Son | GrandparentCirculatoryCondition_AtrialFibrilation=Grandparent
Family Health History	Family Health History		circulatorycondition_congestiveheartfailure_yes	checkbox	multi_select		6				yes	Who in your family has had congestive heart failure? Select all that apply.	MotherCirculatoryCondition_CongestiveHeartFailure=Mother | FatherCirculatoryCondition_CongestiveHeartFailure=Father | SiblingCirculatoryCondition_CongestiveHeartFailure=Sibling | DaughterCirculatoryCondition_CongestiveHeartFailure=Daughter | SonCirculatoryCondition_CongestiveHeartFailure=Son | GrandparentCirculatoryCondition_CongestiveHeartFailure=Grandparent
Family Health History	Family Health History		circulatorycondition_coronaryarteryheartdisease_yes	checkbox	multi_select		6				yes	Who in your family has had coronary artery/coronary heart disease (includes angina)? Select all that apply.	MotherCirculatoryCondition_CoronaryArteryHeartDisease=Mother | FatherCirculatoryCondition_CoronaryArteryHeartDisease=Father | SiblingCirculatoryCondition_CoronaryArteryHeartDisease=Sibling | DaughterCirculatoryCondition_CoronaryArteryHeartDisease=Daughter | SonCirculatoryCondition_CoronaryArteryHeartDisease=Son | GrandparentCirculatoryCondition_CoronaryArteryHeartDisease=Grandparent
Family Health History	Family Health History		circulatorycondition_heartattack_yes	checkbox	multi_select		6				yes	Who in your family has had a heart attack? Select all that apply.	MotherCirculatoryCondition_HeartAttack=Mother | FatherCirculatoryCondition_HeartAttack=Father | SiblingCirculatoryCondition_HeartAttack=Sibling | DaughterCirculatoryCondition_HeartAttack=Daughter | SonCirculatoryCondition_HeartAttack=Son | GrandparentCirculatoryCondition_HeartAttack=Grandparent
Family Health History	Family Health History		circulatorycondition_heartvalvedisease_yes	checkbox	multi_select		6				yes	Who in your family has had heart valve disease? Select all that apply.	MotherCirculatoryCondition_HeartValveDisease=Mother | FatherCirculatoryCondition_HeartValveDisease=Father | SiblingCirculatoryCondition_HeartValveDisease=Sibling | DaughterCirculatoryCondition_HeartValveDisease=Daughter | SonCirculatoryCondition_HeartValveDisease=Son | GrandparentCirculatoryCondition_HeartValveDisease=Grandparent
Family Health History	Family Health History		circulatorycondition_highbloodpressure_yes	checkbox	multi_select		6				yes	Who in your family has had high blood pressure (hypertension)? Select all that apply.	MotherCirculatoryCondition_HighBloodPressure=Mother | FatherCirculatoryCondition_HighBloodPressure=Father | SiblingCirculatoryCondition_HighBloodPressure=Sibling | DaughterCirculatoryCondition_HighBloodPressure=Daughter | SonCirculatoryCondition_HighBloodPressure=Son | GrandparentCirculatoryCondition_HighBloodPressure=Grandparent
Family Health History	Family Health History		circulatorycondition_highcholesterol_yes	checkbox	multi_select		6				yes	Who in your family has had high cholesterol? Select all that apply.	MotherCirculatoryCondition_HighCholesterol=Mother | FatherCirculatoryCondition_HighCholesterol=Father | SiblingCirculatoryCondition_HighCholesterol=Sibling | DaughterCirculatoryCondition_HighCholesterol=Daughter | SonCirculatoryCondition_HighCholesterol=Son | GrandparentCirculatoryCondition_HighCholesterol=Grandparent
Family Health History	Family Health History		circulatorycondition_peripheralvasculardisease_yes	checkbox	multi_select		6				yes	Who in your family has had peripheral vascular disease? Select all that apply.	MotherCirculatoryCondition_PeripheralVascularDisease=Mother | FatherCirculatoryCondition_PeripheralVascularDisease=Father | SiblingCirculatoryCondition_PeripheralVascularDisease=Sibling | DaughterCirculatoryCondition_PeripheralVascularDisease=Daughter | SonCirculatoryCondition_PeripheralVascularDisease=Son | GrandparentCirculatoryCondition_PeripheralVascularDisease=Grandparent
Family Health History	Family Health History		circulatorycondition_pulmonaryembolismthrombosis_yes	checkbox	multi_select		6				yes	Who in your family has had pulmonary embolism or deep vein thrombosis (DVT)? Select all that apply.	MotherCirculatoryCondition_PulmonaryEmbolismThrombosis=Mother | FatherCirculatoryCondition_PulmonaryEmbolismThrombosis=Father | SiblingCirculatoryCondition_PulmonaryEmbolismThrombosis=Sibling | DaughterCirculatoryCondition_PulmonaryEmbolismThrombosis=Daughter | SonCirculatoryCondition_PulmonaryEmbolismThrombosis=Son | GrandparentCirculatoryCondition_PulmonaryEmbolismThrombosis=Grandparent
Family Health History	Family Health History		circulatorycondition_sicklecelldisease_yes	checkbox	multi_select		6				yes	Who in your family has had sickle cell disease? Select all that apply.	MotherCirculatoryCondition_SickleCellDisease=Mother | FatherCirculatoryCondition_SickleCellDisease=Father | SiblingCirculatoryCondition_SickleCellDisease=Sibling | DaughterCirculatoryCondition_SickleCellDisease=Daughter | SonCirculatoryCondition_SickleCellDisease=Son | GrandparentCirculatoryCondition_SickleCellDisease=Grandparent
Family Health History	Family Health History		circulatorycondition_stroke_yes	checkbox	multi_select		6				yes	Who in your family has had a stroke? Select all that apply.	MotherCirculatoryCondition_Stroke=Mother | FatherCirculatoryCondition_Stroke=Father | SiblingCirculatoryCondition_Stroke=Sibling | DaughterCirculatoryCondition_Stroke=Daughter | SonCirculatoryCondition_Stroke=Son | GrandparentCirculatoryCondition_Stroke=Grandparent
Family Health History	Family Health History		circulatorycondition_suddendeath_yes	checkbox	multi_select		6				yes	Who in your family had sudden death? Select all that apply.	MotherCirculatoryCondition_SuddenDeath=Mother | FatherCirculatoryCondition_SuddenDeath=Father | SiblingCirculatoryCondition_SuddenDeath=Sibling | DaughterCirculatoryCondition_SuddenDeath=Daughter | SonCirculatoryCondition_SuddenDeath=Son | GrandparentCirculatoryCondition_SuddenDeath=Grandparent
Family Health History	Family Health History		diagnosedhealthcondition_digestivecondition	checkbox	multi_select		13				no	Has anyone in your family ever been diagnosed with the following digestive conditions? Think only of the people you are related to by blood. Select all that apply.	DigestiveCondition_AcidReflux=Acid reflux | DigestiveCondition_CeliacDisease=Celiac disease | DigestiveCondition_ColonPolyps=Colon polyps | DigestiveCondition_CrohnsDisease=Crohn's disease | DigestiveCondition_Diverticulitis=Diverticulitis/Diverticulosis | DigestiveCondition_GallStones=Gall stones | DigestiveCondition_IrritableBowelSyndrome=Irritable bowel syndrome (IBS) | DigestiveCondition_LiverCondition=Liver condition (e.g., cirrhosis) | DigestiveCondition_PepticUlcers=Peptic (stomach) ulcers | DigestiveCondition_UlcerativeColitis=Ulcerative colitis | PMI_None=None of the above | PMI_DontKnow=Don't know | PMI_PreferNotToAnswer=Prefer not to answer
Family Health History	Family Health History		digestivecondition_acidreflux_yes	checkbox	multi_select		6				yes	Who in your family has had acid reflux? Select all that apply.	MotherDigestiveCondition_AcidReflux=Mother | FatherDigestiveCondition_AcidReflux=Father | SiblingDigestiveCondition_AcidReflux=Sibling | DaughterDigestiveCondition_AcidReflux=Daughter | SonDigestiveCondition_AcidReflux=Son | GrandparentDigestiveCondition_AcidReflux=Grandparent
Family Health History	Family Health History		digestivecondition_celiacdisease_yes	checkbox	multi_select		6				yes	Who in your family has had celiac disease? Select all that apply.	MotherDigestiveCondition_CeliacDisease=Mother | FatherDigestiveCondition_CeliacDisease=Father | SiblingDigestiveCondition_CeliacDisease=Sibling | DaughterDigestiveCondition_CeliacDisease=Daughter | SonDigestiveCondition_CeliacDisease=Son | GrandparentDigestiveCondition_CeliacDisease=Grandparent
Family Health History	Family Health History		digestivecondition_colonpolyps_yes	checkbox	multi_select		6				yes	Who in your family has had colon polyps? Select all that apply.	MotherDigestiveCondition_ColonPolyps=Mother | FatherDigestiveCondition_ColonPolyps=Father | SiblingDigestiveCondition_ColonPolyps=Sibling | DaughterDigestiveCondition_ColonPolyps=Daughter | SonDigestiveCondition_ColonPolyps=Son | GrandparentDigestiveCondition_ColonPolyps=Grandparent
Family Health History	Family Health History		digestivecondition_crohnsdisease_yes	checkbox	multi_select		6				yes	Who in your family has had Crohn's disease? Select all that apply.	MotherDigestiveCondition_CrohnsDisease=Mother | FatherDigestiveCondition_CrohnsDisease=Father | SiblingDigestiveCondition_CrohnsDisease=Sibling | DaughterDigestiveCondition_CrohnsDisease=Daughter | SonDigestiveCondition_CrohnsDisease=Son | GrandparentDigestiveCondition_CrohnsDisease=Grandparent
Family Health History	Family Health History		digestivecondition_diverticulitis_yes	checkbox	multi_select		6				yes	Who in your family has had diverticulitis/diverticulosis? Select all that apply.	MotherDigestiveCondition_Diverticulitis=Mother | FatherDigestiveCondition_Diverticulitis=Father | SiblingDigestiveCondition_Diverticulitis=Sibling | DaughterDigestiveCondition_Diverticulitis=Daughter | SonDigestiveCondition_Diverticulitis=Son | GrandparentDigestiveCondition_Diverticulitis=Grandparent
Family Health History	Family Health History		digestivecondition_gallstones_yes	checkbox	multi_select		6				yes	Who in your family has had gall stones? Select all that apply.	MotherDigestiveCondition_GallStones=Mother | FatherDigestiveCondition_GallStones=Father | SiblingDigestiveCondition_GallStones=Sibling | DaughterDigestiveCondition_GallStones=Daughter | SonDigestiveCondition_GallStones=Son | GrandparentDigestiveCondition_GallStones=Grandparent
Family Health History	Family Health History		digestivecondition_irritablebowelsyndrome_yes	checkbox	multi_select		6				yes	Who in your family has had irritable bowel syndrome (IBS)? Select all that apply.	MotherDigestiveCondition_IrritableBowelSyndrome=Mother | FatherDigestiveCondition_IrritableBowelSyndrome=Father | SiblingDigestiveCondition_IrritableBowelSyndrome=Sibling | DaughterDigestiveCondition_IrritableBowelSyndrome=Daughter | SonDigestiveCondition_IrritableBowelSyndrome=Son | GrandparentDigestiveCondition_IrritableBowelSyndrome=Grandparent
Family Health History	Family Health History		diagnosedhealthcondition_livercondition_yes	checkbox	multi_select		6				yes	Who in your family has had a liver condition (e.g., cirrhosis)? Select all that apply.	MotherDigestiveCondition_LiverCondition=Mother | FatherDigestiveCondition_LiverCondition=Father | SiblingDigestiveCondition_LiverCondition=Sibling | DaughterDigestiveCondition_LiverCondition=Daughter | SonDigestiveCondition_LiverCondition=Son | GrandparentDigestiveCondition_LiverCondition=Grandparent
Family Health History	Family Health History		digestivecondition_pepticulcers_yes	checkbox	multi_select		6				yes	Who in your family has had peptic (stomach) ulcers? Select all that apply.	MotherDigestiveCondition_PepticUlcers=Mother | FatherDigestiveCondition_PepticUlcers=Father | SiblingDigestiveCondition_PepticUlcers=Sibling | DaughterDigestiveCondition_PepticUlcers=Daughter | SonDigestiveCondition_PepticUlcers=Son | GrandparentDigestiveCondition_PepticUlcers=Grandparent
Family Health History	Family Health History		digestivecondition_ulcerativecolitis_yes	checkbox	multi_select		6				yes	Who in your family has had ulcerative colitis? Select all that apply.	MotherDigestiveCondition_UlcerativeColitis=Mother | FatherDigestiveCondition_UlcerativeColitis=Father | SiblingDigestiveCondition_UlcerativeColitis=Sibling | DaughterDigestiveCondition_UlcerativeColitis=Daughter | SonDigestiveCondition_UlcerativeColitis=Son | GrandparentDigestiveCondition_UlcerativeColitis=Grandparent
Family Health History	Family Health History		diagnosedhealthcondition_endocrinecondition	checkbox	multi_select		8				no	Has anyone in your family ever been diagnosed with the following hormone and endocrine conditions? Think only of the people you are related to by blood. Select all that apply.	EndocrineCondition_Hyperthyroidism=Hyperthyroidism | EndocrineCondition_Hypothyroidism=Hypothyroidism | EndocrineCondition_Type1Diabetes=Type 1 diabetes | EndocrineCondition_Type2Diabetes=Type 2 diabetes | EndocrineCondition_OtherDiabetes=Other/unknown diabetes | PMI_None=None of the above | PMI_DontKnow=Don't know | PMI_PreferNotToAnswer=Prefer not to answer
Family Health History	Family Health History		endocrinecondition_hyperthyroidism_yes	checkbox	multi_select		6				yes	Who in your family has had hyperthyroidism? Select all that apply.	MotherEndocrineCondition_Hyperthyroidism=Mother | FatherEndocrineCondition_Hyperthyroidism=Father | SiblingEndocrineCondition_Hyperthyroidism=Sibling | DaughterEndocrineCondition_Hyperthyroidism=Daughter | SonEndocrineCondition_Hyperthyroidism=Son | GrandparentEndocrineCondition_Hyperthyroidism=Grandparent
Family Health History	Family Health History		endocrinecondition_hypothyroidism_yes	checkbox	multi_select		6				yes	Who in your family has had hypothyroidism? Select all that apply.	MotherEndocrineCondition_Hypothyroidism=Mother | FatherEndocrineCondition_Hypothyroidism=Father | SiblingEndocrineCondition_Hypothyroidism=Sibling | DaughterEndocrineCondition_Hypothyroidism=Daughter | SonEndocrineCondition_Hypothyroidism=Son | GrandparentEndocrineCondition_Hypothyroidism=Grandparent
Family Health History	Family Health History		endocrinecondition_type1diabetes_yes	checkbox	multi_select		6				yes	Who in your family has had type 1 diabetes? Select all that apply.	MotherEndocrineCondition_Type1Diabetes=Mother | FatherEndocrineCondition_Type1Diabetes=Father | SiblingEndocrineCondition_Type1Diabetes=Sibling | DaughterEndocrineCondition_Type1Diabetes=Daughter | SonEndocrineCondition_Type1Diabetes=Son | GrandparentEndocrineCondition_Type1Diabetes=Grandparent
Family Health History	Family Health History		endocrinecondition_type2diabetes_yes	checkbox	multi_select		6				yes	Who in your family has had type 2 diabetes? Select all that apply.	MotherEndocrineCondition_Type2Diabetes=Mother | FatherEndocrineCondition_Type2Diabetes=Father | SiblingEndocrineCondition_Type2Diabetes=Sibling | DaughterEndocrineCondition_Type2Diabetes=Daughter | SonEndocrineCondition_Type2Diabetes=Son | GrandparentEndocrineCondition_Type2Diabetes=Grandparent
Family Health History	Family Health History		endocrinecondition_otherdiabetes_yes	checkbox	multi_select		6				yes	Who in your family has had other/unknown diabetes? Select all that apply.	MotherEndocrineCondition_OtherDiabetes=Mother | FatherEndocrineCondition_OtherDiabetes=Father | SiblingEndocrineCondition_OtherDiabetes=Sibling | DaughterEndocrineCondition_OtherDiabetes=Daughter | SonEndocrineCondition_OtherDiabetes=Son | GrandparentEndocrineCondition_OtherDiabetes=Grandparent
Family Health History	Family Health History		diagnosedhealthcondition_kidneycondition	checkbox	multi_select		5				no	Has anyone in your family ever been diagnosed with the following kidney conditions? Think only of the people you are related to by blood. Select all that apply.	KidneyCondition_KidneyDisease=Kidney disease | KidneyCondition_KidneyStones=Kidney stones | PMI_None=None of the above | PMI_DontKnow=Don't know | PMI_PreferNotToAnswer=Prefer not to answer
Family Health History	Family Health History		diagnosedhealthcondition_kidneycondition_yes	checkbox	multi_select		6				yes	Who in your family has had kidney disease? Select all that apply.	MotherKidneyCondition_KidneyDisease=Mother | FatherKidneyCondition_KidneyDisease=Father | SiblingKidneyCondition_KidneyDisease=Sibling | DaughterKidneyCondition_KidneyDisease=Daughter | SonKidneyCondition_KidneyDisease=Son | GrandparentKidneyCondition_KidneyDisease=Grandparent
Family Health History	Family Health History		kidneycondition_kidneystones_yes	checkbox	multi_select		6				yes	Who in your family has had kidney stones? Select all that apply.	MotherKidneyCondition_KidneyStones=Mother | FatherKidneyCondition_KidneyStones=Father | SiblingKidneyCondition_KidneyStones=Sibling | DaughterKidneyCondition_KidneyStones=Daughter | SonKidneyCondition_KidneyStones=Son | GrandparentKidneyCondition_KidneyStones=Grandparent
Family Health History	Family Health History		diagnosedhealthcondition_respiratorycondition	checkbox	multi_select		6				no	Has anyone in your family ever been diagnosed with the following lung conditions? Think only of the people you are related to by blood. Select all that apply.	RespiratoryCondition_Asthma=Asthma | RespiratoryCondition_ChronicLungDisease=Chronic lung disease (COPD, emphysema, or bronchitis) | RespiratoryCondition_SleepApnea=Sleep apnea | PMI_None=None of the above | PMI_DontKnow=Don't know | PMI_PreferNotToAnswer=Prefer not to answer
Family Health History	Family Health History		respiratorycondition_asthma_yes	checkbox	multi_select		6				yes	Who in your family has had asthma? Select all that apply.	MotherRespiratoryCondition_Asthma=Mother | FatherRespiratoryCondition_Asthma=Father | SiblingRespiratoryCondition_Asthma=Sibling | DaughterRespiratoryCondition_Asthma=Daughter | SonRespiratoryCondition_Asthma=Son | GrandparentRespiratoryCondition_Asthma=Grandparent
Family Health History	Family Health History		respiratorycondition_chroniclungdisease_yes	checkbox	multi_select		6				yes	Who in your family has had chronic lung disease (COPD, emphysema, or bronchitis)? Select all that apply.	MotherRespiratoryCondition_ChronicLungDisease=Mother | FatherRespiratoryCondition_ChronicLungDisease=Father | SiblingRespiratoryCondition_ChronicLungDisease=Sibling | DaughterRespiratoryCondition_ChronicLungDisease=Daughter | SonRespiratoryCondition_ChronicLungDisease=Son | GrandparentRespiratoryCondition_ChronicLungDisease=Grandparent
Family Health History	Family Health History		respiratorycondition_sleepapnea_yes	checkbox	multi_select		6				yes	Who in your family has had sleep apnea? Select all that apply.	MotherRespiratoryCondition_SleepApnea=Mother | FatherRespiratoryCondition_SleepApnea=Father | SiblingRespiratoryCondition_SleepApnea=Sibling | DaughterRespiratoryCondition_SleepApnea=Daughter | SonRespiratoryCondition_SleepApnea=Son | GrandparentRespiratoryCondition_SleepApnea=Grandparent
Family Health History	Family Health History		diagnosedhealthcondition_nervouscondition	checkbox	multi_select		13				no	Has anyone in your family ever been diagnosed with the following brain and nervous system conditions? Think only of the people you are related to by blood. Select all that apply.	NervousCondition_Dementia=Dementia (includes Alzheimer's, vascular, etc.) | NervousCondition_EpilepsySeizure=Epilepsy or seizure | NervousCondition_AmyotrophicLateralSclerosis=Lou Gehrig's disease (Amyotrophic lateral sclerosis) | NervousCondition_MigraineHeadaches=Migraine headaches | NervousCondition_MultipleSclerosis=Multiple sclerosis (MS) | NervousCondition_MuscularDystrophy=Muscular dystrophy (MD) | NervousCondition_Narcolepsy=Narcolepsy | NervousCondition_Neuropathy=Neuropathy | NervousCondition_Parkinsons=Parkinson's disease | NervousCondition_RestlessLegsSyndrome=Restless leg syndrome | PMI_None=None of the above | PMI_DontKnow=Don't know | PMI_PreferNotToAnswer=Prefer not to answer
Family Health History	Family Health History		nervouscondition_dementia_yes	checkbox	multi_select		6				yes	Who in your family has had dementia (includes Alzheimer's, vascular, etc.)? Select all that apply.	MotherNervousCondition_Dementia=Mother | FatherNervousCondition_Dementia=Father | SiblingNervousCondition_Dementia=Sibling | DaughterNervousCondition_Dementia=Daughter | SonNervousCondition_Dementia=Son | GrandparentNervousCondition_Dementia=Grandparent
Family Health History	Family Health History		nervouscondition_epilepsyseizure_yes	checkbox	multi_select		6				yes	Who in your family has had epilepsy or seizure? Select all that apply.	MotherNervousCondition_EpilepsySeizure=Mother | FatherNervousCondition_EpilepsySeizure=Father | SiblingNervousCondition_EpilepsySeizure=Sibling | DaughterNervousCondition_EpilepsySeizure=Daughter | SonNervousCondition_EpilepsySeizure=Son | GrandparentNervousCondition_EpilepsySeizure=Grandparent
Family Health History	Family Health History		nervouscondition_amyotrophiclateralsclerosis_yes	checkbox	multi_select		6				yes	Who in your family has had Lou Gehrig's disease (amyotrophic lateral sclerosis)? Select all that apply.	MotherNervousCondition_AmyotrophicLateralSclerosis=Mother | FatherNervousCondition_AmyotrophicLateralSclerosis=Father | SiblingNervousCondition_AmyotrophicLateralSclerosis=Sibling | DaughterNervousCondition_AmyotrophicLateralSclerosis=Daughter | SonNervousCondition_AmyotrophicLateralSclerosis=Son | GrandparentNervousCondition_AmyotrophicLateralSclerosis=Grandparent
Family Health History	Family Health History		nervouscondition_migraineheadaches_yes	checkbox	multi_select		6				yes	Who in your family has had migraine headaches? Select all that apply.	MotherNervousCondition_MigraineHeadaches=Mother | FatherNervousCondition_MigraineHeadaches=Father | SiblingNervousCondition_MigraineHeadaches=Sibling | DaughterNervousCondition_MigraineHeadaches=Daughter | SonNervousCondition_MigraineHeadaches=Son | GrandparentNervousCondition_MigraineHeadaches=Grandparent
Family Health History	Family Health History		nervouscondition_multiplesclerosis_yes	checkbox	multi_select		6				yes	Who in your family has had multiple sclerosis (MS)? Select all that apply.	MotherNervousCondition_MultipleSclerosis=Mother | FatherNervousCondition_MultipleSclerosis=Father | SiblingNervousCondition_MultipleSclerosis=Sibling | DaughterNervousCondition_MultipleSclerosis=Daughter | SonNervousCondition_MultipleSclerosis=Son | GrandparentNervousCondition_MultipleSclerosis=Grandparent
Family Health History	Family Health History		nervouscondition_musculardystrophy_yes	checkbox	multi_select		6				yes	Who in your family has had muscular dystrophy (MD)? Select all that apply.	MotherNervousCondition_MuscularDystrophy=Mother | FatherNervousCondition_MuscularDystrophy=Father | SiblingNervousCondition_MuscularDystrophy=Sibling | DaughterNervousCondition_MuscularDystrophy=Daughter | SonNervousCondition_MuscularDystrophy=Son | GrandparentNervousCondition_MuscularDystrophy=Grandparent
Family Health History	Family Health History		nervouscondition_narcolepsy_yes	checkbox	multi_select		6				yes	Who in your family has had narcolepsy? Select all that apply.	MotherNervousCondition_Narcolepsy=Mother | FatherNervousCondition_Narcolepsy=Father | SiblingNervousCondition_Narcolepsy=Sibling | DaughterNervousCondition_Narcolepsy=Daughter | SonNervousCondition_Narcolepsy=Son | GrandparentNervousCondition_Narcolepsy=Grandparent
Family Health History	Family Health History		nervouscondition_neuropathy_yes	checkbox	multi_select		6				yes	Who in your family has had neuropathy? Select all that apply.	MotherNervousCondition_Neuropathy=Mother | FatherNervousCondition_Neuropathy=Father | SiblingNervousCondition_Neuropathy=Sibling | DaughterNervousCondition_Neuropathy=Daughter | SonNervousCondition_Neuropathy=Son | GrandparentNervousCondition_Neuropathy=Grandparent
Family Health History	Family Health History		nervouscondition_parkinsons_yes	checkbox	multi_select		6				yes	Who in your family has had Parkinson's disease? Select all that apply.	MotherNervousCondition_Parkinsons=Mother | FatherNervousCondition_Parkinsons=Father | SiblingNervousCondition_Parkinsons=Sibling | DaughterNervousCondition_Parkinsons=Daughter | SonNervousCondition_Parkinsons=Son | GrandparentNervousCondition_Parkinsons=Grandparent
Family Health History	Family Health History		nervouscondition_restlesslegssyndrome_yes	checkbox	multi_select		6				yes	Who in your family has had restless leg syndrome? Select all that apply.	MotherNervousCondition_RestlessLegSyndrome=Mother | FatherNervousCondition_RestlessLegsSyndrome=Father | SiblingNervousCondition_RestlessLegsSyndrome=Sibling | DaughterNervousCondition_RestlessLegsSyndrome=Daughter | SonNervousCondition_RestlessLegsSyndrome=Son | GrandparentNervousCondition_RestlessLegsSyndrome=Grandparent
Family Health History	Family Health History		diagnosedhealthcondition_mentalcondition	checkbox	multi_select		10				no	Has anyone in your family ever been diagnosed with the following mental health or substance use conditions? Think only of the people you are related to by blood. Select all that apply.	MentalCondition_AlcoholUse=Alcohol use disorder | MentalCondition_AnxietyPanic=Anxiety reaction/panic disorder | MentalCondition_Autism=Autism spectrum disorder | MentalCondition_Bipolar=Bipolar disorder | MentalCondition_Depression=Depression | MentalCondition_DrugUse=Drug use disorder | MentalCondition_Schizophrenia=Schizophrenia | PMI_None=None of the above | PMI_DontKnow=Don't know | PMI_PreferNotToAnswer=Prefer not to answer
Family Health History	Family Health History		mentalcondition_alcoholuse_yes	checkbox	multi_select		6				yes	Who in your family has had alcohol use disorder? Select all that apply.	MotherMentalCondition_AlcoholUse=Mother | FatherMentalCondition_AlcoholUse=Father | SiblingMentalCondition_AlcoholUse=Sibling | DaughterMentalCondition_AlcoholUse=Daughter | SonMentalCondition_AlcoholUse=Son | GrandparentMentalCondition_AlcoholUse=Grandparent
Family Health History	Family Health History		mentalcondition_anxietypanic_yes	checkbox	multi_select		6				yes	Who in your family has had anxiety reaction/panic disorder? Select all that apply.	MotherMentalCondition_AnxietyPanic=Mother | FatherMentalCondition_AnxietyPanic=Father | SiblingMentalCondition_AnxietyPanic=Sibling | DaughterMentalCondition_AnxietyPanic=Daughter | SonMentalCondition_AnxietyPanic=Son | GrandparentMentalCondition_AnxietyPanic=Grandparent
Family Health History	Family Health History		mentalcondition_autism_yes	checkbox	multi_select		6				yes	Who in your family has had autism spectrum disorder? Select all that apply.	MotherMentalCondition_Autism=Mother | FatherMentalCondition_Autism=Father | SiblingMentalCondition_Autism=Sibling | DaughterMentalCondition_Autism=Daughter | SonMentalCondition_Autism=Son | GrandparentMentalCondition_Autism=Grandparent
Family Health History	Family Health History		mentalcondition_bipolar_yes	checkbox	multi_select		6				yes	Who in your family has had bipolar disorder? Select all that apply.	MotherMentalCondition_Bipolar=Mother | FatherMentalCondition_Bipolar=Father | SiblingMentalCondition_Bipolar=Sibling | DaughterMentalCondition_Bipolar=Daughter | SonMentalCondition_Bipolar=Son | GrandparentMentalCondition_Bipolar=Grandparent
Family Health History	Family Health History		mentalcondition_depression_yes	checkbox	multi_select		6				yes	Who in your family has had depression? Select all that apply.	MotherMentalCondition_Depression=Mother | FatherMentalCondition_Depression=Father | SiblingMentalCondition_Depression=Sibling | DaughterMentalCondition_Depression=Daughter | SonMentalCondition_Depression=Son | GrandparentMentalCondition_Depression=Grandparent
Family Health History	Family Health History		mentalcondition_druguse_yes	checkbox	multi_select		6				yes	Who in your family has had drug use disorder? Select all that apply.	MotherMentalCondition_DrugUse=Mother | FatherMentalCondition_DrugUse=Father | SiblingMentalCondition_DrugUse=Sibling | DaughterMentalCondition_DrugUse=Daughter | SonMentalCondition_DrugUse=Son | GrandparentMentalCondition_DrugUse=Grandparent
Family Health History	Family Health History		mentalcondition_schizophrenia_yes	checkbox	multi_select		6				yes	Who in your family has had schizophrenia? Select all that apply.	MotherMentalCondition_Schizophrenia=Mother | FatherMentalCondition_Schizophrenia=Father | SiblingMentalCondition_Schizophrenia=Sibling | DaughterMentalCondition_Schizophrenia=Daughter | SonMentalCondition_Schizophrenia=Son | GrandparentMentalCondition_Schizophrenia=Grandparent
Family Health History	Family Health History		diagnosedhealthcondition_skeletalmuscularcondition	checkbox	multi_select		11				no	Has anyone in your family ever been diagnosed with the following bone, joint, and muscle conditions? Think only of the people you are related to by blood. Select all that apply.	SkeletalMuscularCondition_Fibromyalgia=Fibromyalgia | SkeletalMuscularCondition_Gout=Gout | SkeletalMuscularCondition_Osteoarthritis=Osteoarthritis | SkeletalMuscularCondition_Osteoporosis=Osteoporosis | SkeletalMuscularCondition_Pseudogout=Pseudogout (CPPD) | SkeletalMuscularCondition_RheumatoidArthritis=Rheumatoid arthritis (RA) | SkeletalMuscularCondition_SystemicLupus=Systemic lupus | SkeletalMuscularCondition_SpineMuscleBone=Spine, muscle, or bone disorders (non-cancer) | PMI_None=None of the above | PMI_DontKnow=Don't know | PMI_PreferNotToAnswer=Prefer not to answer
Family Health History	Family Health History		skeletalmuscularcondition_fibromyalgia_yes	checkbox	multi_select		6				yes	Who in your family has had fibromyalgia? Select all that apply.	MotherSkeletalMuscularCondition_Fibromyalgia=Mother | FatherSkeletalMuscularCondition_Fibromyalgia=Father | SiblingSkeletalMuscularCondition_Fibromyalgia=Sibling | DaughterSkeletalMuscularCondition_Fibromyalgia=Daughter | SonSkeletalMuscularCondition_Fibromyalgia=Son | GrandparentSkeletalMuscularCondition_Fibromyalgia=Grandparent
Family Health History	Family Health History		skeletalmuscularcondition_gout_yes	checkbox	multi_select		6				yes	Who in your family has had gout? Select all that apply.	MotherSkeletalMuscularCondition_Gout=Mother | FatherSkeletalMuscularCondition_Gout=Father | SiblingSkeletalMuscularCondition_Gout=Sibling | DaughterSkeletalMuscularCondition_Gout=Daughter | SonSkeletalMuscularCondition_Gout=Son | GrandparentSkeletalMuscularCondition_Gout=Grandparent
Family Health History	Family Health History		skeletalmuscularcondition_osteoarthritis_yes	checkbox	multi_select		6				yes	Who in your family has had osteoarthritis? Select all that apply.	MotherSkeletalMuscularCondition_Osteoarthritis=Mother | FatherSkeletalMuscularCondition_Osteoarthritis=Father | SiblingSkeletalMuscularCondition_Osteoarthritis=Sibling | DaughterSkeletalMuscularCondition_Osteoarthritis=Daughter | SonSkeletalMuscularCondition_Osteoarthritis=Son | GrandparentSkeletalMuscularCondition_Osteoarthritis=Grandparent
Family Health History	Family Health History		skeletalmuscularcondition_osteoporosis_yes	checkbox	multi_select		6				yes	Who in your family has had osteoporosis? Select all that apply.	MotherSkeletalMuscularCondition_Osteoporosis=Mother | FatherSkeletalMuscularCondition_Osteoporosis=Father | SiblingSkeletalMuscularCondition_Osteoporosis=Sibling | DaughterSkeletalMuscularCondition_Osteoporosis=Daughter | SonSkeletalMuscularCondition_Osteoporosis=Son | GrandparentSkeletalMuscularCondition_Osteoporosis=Grandparent
Family Health History	Family Health History		skeletalmuscularcondition_pseudogout_yes	checkbox	multi_select		6				yes	Who in your family has had pseudogout (CPPD)? Select all that apply.	MotherSkeletalMuscularCondition_Pseudogout=Mother | FatherSkeletalMuscularCondition_Pseudogout=Father | SiblingSkeletalMuscularCondition_Pseudogout=Sibling | DaughterSkeletalMuscularCondition_Pseudogout=Daughter | SonSkeletalMuscularCondition_Pseudogout=Son | GrandparentSkeletalMuscularCondition_Pseudogout=Grandparent
Family Health History	Family Health History		skeletalmuscularcondition_rheumatoidarthritis_yes	checkbox	multi_select		6				yes	Who in your family has had rheumatoid arthritis (RA)? Select all that apply.	MotherSkeletalMuscularCondition_RheumatoidArthritis=Mother | FatherSkeletalMuscularCondition_RheumatoidArthritis=Father | SiblingSkeletalMuscularCondition_RheumatoidArthritis=Sibling | DaughterSkeletalMuscularCondition_RheumatoidArthritis=Daughter | SonSkeletalMuscularCondition_RheumatoidArthritis=Son | GrandparentSkeletalMuscularCondition_RheumatoidArthritis=Grandparent
Family Health History	Family Health History		skeletalmuscularcondition_systemiclupus_yes	checkbox	multi_select		6				yes	Who in your family has had systemic lupus? Select all that apply.	MotherSkeletalMuscularCondition_SystemicLupus=Mother | FatherSkeletalMuscularCondition_SystemicLupus=Father | SiblingSkeletalMuscularCondition_SystemicLupus=Sibling | DaughterSkeletalMuscularCondition_SystemicLupus=Daughter | SonSkeletalMuscularCondition_SystemicLupus=Son | GrandparentSkeletalMuscularCondition_SystemicLupus=Grandparent
Family Health History	Family Health History		skeletalmuscularcondition_spinemusclebone_yes	checkbox	multi_select		6				yes	Who in your family has had spine, muscle, or bone disorders (non-cancer)? Select all that apply.	MotherSkeletalMuscularCondition_SpineMuscleBone=Mother | FatherSkeletalMuscularCondition_SpineMuscleBone=Father | SiblingSkeletalMuscularCondition_SpineMuscleBone=Sibling | DaughterSkeletalMuscularCondition_SpineMuscleBone=Daughter | SonSkeletalMuscularCondition_SpineMuscleBone=Son | GrandparentSkeletalMuscularCondition_SpineMuscleBone=Grandparent
Family Health History	Family Health History		diagnosedhealthcondition_visioncondition	checkbox	multi_select		7				no	Has anyone in your family ever been diagnosed with the following hearing or eye conditions? Think only of the people you are related to by blood. Select all that apply.	VisionCondition_Cataracts=Cataracts | VisionCondition_Glaucoma=Glaucoma | VisionCondition_MacularDegeneration=Macular degeneration | VisionCondition_HearingLoss=Severe hearing loss or partial deafness in one or both ears | PMI_None=None of the above | PMI_DontKnow=Don't know | PMI_PreferNotToAnswer=Prefer not to answer
Family Health History	Family Health History		visioncondition_cataracts_yes	checkbox	multi_select		6				yes	Who in your family has had cataracts? Select all that apply.	MotherVisionCondition_Cataracts=Mother | FatherVisionCondition_Cataracts=Father | SiblingVisionCondition_Cataracts=Sibling | DaughterVisionCondition_Cataracts=Daughter | SonVisionCondition_Cataracts=Son | GrandparentVisionCondition_Cataracts=Grandparent
Family Health History	Family Health History		visioncondition_glaucoma_yes	checkbox	multi_select		6				yes	Who in your family has had glaucoma? Select all that apply.	MotherVisionCondition_Glaucoma=Mother | FatherVisionCondition_Glaucoma=Father | SiblingVisionCondition_Glaucoma=Sibling | DaughterVisionCondition_Glaucoma=Daughter | SonVisionCondition_Glaucoma=Son | GrandparentVisionCondition_Glaucoma=Grandparent
Family Health History	Family Health History		visioncondition_maculardegeneration_yes	checkbox	multi_select		6				yes	Who in your family has had macular degeneration? Select all that apply.	MotherVisionCondition_MacularDegeneration=Mother | FatherVisionCondition_MacularDegeneration=Father | SiblingVisionCondition_MacularDegeneration=Sibling | DaughterVisionCondition_MacularDegeneration=Daughter | SonVisionCondition_MacularDegeneration=Son | GrandparentVisionCondition_MacularDegeneration=Grandparent
Family Health History	Family Health History		visioncondition_hearingloss_yes	checkbox	multi_select		6				yes	Who in your family has had severe hearing loss or partial deafness in one or both ears? Select all that apply.	MotherVisionCondition_HearingLoss=Mother | FatherVisionCondition_HearingLoss=Father | SiblingVisionCondition_HearingLoss=Sibling | DaughterVisionCondition_HearingLoss=Daughter | SonVisionCondition_HearingLoss=Son | GrandparentVisionCondition_HearingLoss=Grandparent
Family Health History	Family Health History		diagnosedhealthcondition_othercondition	checkbox	multi_select		11				no	Has anyone in your family ever been diagnosed with the following other conditions? Think only of the people you are related to by blood. Select all that apply.	DiagnosedHealthCondition_Allergies=Allergies or hay fever | OtherHealthCondition_Endometriosis=Endometriosis | OtherHealthCondition_Fibroids=Fibroids | DiagnosedHealthCondition_Obesity=Obesity | OtherHealthCondition_PolycysticOvarianSyndrome=Polycystic ovarian syndrome | OtherHealthCondition_ReactionsToAnesthesia=Reactions to anesthesia (such as hyperthermia) | DiagnosedHealthCondition_SkinCondition=Skin condition (e.g., eczema, psoriasis) | Otherhealthcondition_othercondition=Other | PMI_None=None of the above | PMI_DontKnow=Don't know | PMI_PreferNotToAnswer=Prefer not to answer
Family Health History	Family Health History		diagnosedhealthcondition_allergies_yes	checkbox	multi_select		6				yes	Who in your family has had allergies or hay fever? Select all that apply.	MotherOtherHealthCondition_Allergies=Mother | FatherOtherHealthCondition_Allergies=Father | SiblingOtherHealthCondition_Allergies=Sibling | DaughterOtherHealthCondition_Allergies=Daughter | SonOtherHealthCondition_Allergies=Son | GrandparentOtherHealthCondition_Allergies=Grandparent
Family Health History	Family Health History		otherhealthcondition_endometriosis_yes	checkbox	multi_select		4				yes	Who in your family has had endometriosis? Select all that apply.	MotherOtherHealthCondition_Endometriosis=Mother | SiblingOtherHealthCondition_Endometriosis=Sibling | DaughterOtherHealthCondition_Endometriosis=Daughter | GrandparentOtherHealthCondition_Endometriosis=Grandparent
Family Health History	Family Health History		otherhealthcondition_fibroids_yes	checkbox	multi_select		4				yes	Who in your family has had fibroids? Select all that apply.	MotherOtherHealthCondition_Fibroids=Mother | SiblingOtherHealthCondition_Fibroids=Sibling | DaughterOtherHealthCondition_Fibroids=Daughter | GrandparentOtherHealthCondition_Fibroids=Grandparent
Family Health History	Family Health History		diagnosedhealthcondition_obesity_yes	checkbox	multi_select		6				yes	Who in your family has had obesity? Select all that apply.	MotherOtherHealthCondition_Obesity=Mother | FatherOtherHealthCondition_Obesity=Father | SiblingOtherHealthCondition_Obesity=Sibling | DaughterOtherHealthCondition_Obesity=Daughter | SonOtherHealthCondition_Obesity=Son | GrandparentOtherHealthCondition_Obesity=Grandparent
Family Health History	Family Health History		otherhealthcondition_polycysticovariansyndrome_yes	checkbox	multi_select		4				yes	Who in your family has had polycystic ovarian syndrome? Select all that apply.	MotherOtherHealthCondition_PolycysticOvarianSyndrome=Mother | SiblingOtherHealthCondition_PolycysticOvarianSyndrome=Sibling | DaughterOtherHealthCondition_PolycysticOvarianSyndrome=Daughter | GrandparentOtherHealthCondition_PolycysticOvarianSyndrome=Grandparent
Family Health History	Family Health History		otherhealthcondition_reactionstoanesthesia_yes	checkbox	multi_select		6				yes	Who in your family has had reactions to anesthesia (such as hyperthermia)? Select all that apply.	MotherOtherHealthCondition_ReactionToAnesthesia=Mother | FatherOtherHealthCondition_ReactionsToAnesthesia=Father | SiblingOtherHealthCondition_ReactionsToAnesthesia=Sibling | DaughterOtherHealthCondition_ReactionsToAnesthesia=Daughter | SonOtherHealthCondition_ReactionsToAnesthesia=Son | GrandparentOtherHealthCondition_ReactionsToAnesthesia=Grandparent
Family Health History	Family Health History		diagnosedhealthcondition_skincondition_yes	checkbox	multi_select		6				yes	Who in your family has had skin condition(s) (e.g., eczema, psoriasis)? Select all that apply.	MotherOtherHealthCondition_SkinCondition=Mother | FatherOtherHealthCondition_SkinCondition=Father | SiblingOtherHealthCondition_SkinCondition=Sibling | DaughterOtherHealthCondition_SkinCondition=Daughter | SonOtherHealthCondition_SkinCondition=Son | GrandparentOtherHealthCondition_SkinCondition=Grandparent
Family Health History	Family Health History		otherhealthcondition_otherhealthcondition_yes	checkbox	multi_select		6				yes	Who in your family has had other condition(s)? Select all that apply.	MotherOtherHealthCondition_OtherCondition=Mother | FatherOtherHealthCondition_OtherCondition=Father | SiblingOtherHealthCondition_OtherCondition=Sibling | DaughterOtherHealthCondition_OtherCondition=Daughter | SonOtherHealthCondition_OtherCondition=Son | GrandparentOtherHealthCondition_OtherCondition=Grandparent
Family Health History	Family Health History		othercondition_motherfreetextbox	text	free_text		0				yes	Please list other condition(s) your mother has had.	
Family Health History	Family Health History		othercondition_fatherfreetextbox	text	free_text		0				yes	Please list other condition(s) your father has had.	
Family Health History	Family Health History		othercondition_siblingfreetextbox	text	free_text		0				yes	Please list other condition(s) your sibling(s) has had.	
Family Health History	Family Health History		othercondition_daughterfreetextbox	text	free_text		0				yes	Please list other condition(s) your daughter(s) has had.	
Family Health History	Family Health History		othercondition_sonfreetextbox	text	free_text		0				yes	Please list other condition(s) your son(s) has had.	
Family Health History	Family Health History		othercondition_grandparentfreetextbox	text	free_text		0				yes	Please list other condition(s) your grandparent(s) has had.	
Personal Medical History	Personal Medical History		personalmedicalhistory	descriptive	descriptive		0				no	Personal Medical History	
Personal Medical History	Personal Medical History		circulatory_circulatoryconditions	checkbox	multi_select		16				no	Has a doctor or health care provider ever told you that you have...? Select all that apply.	CirculatoryConditions_Anemia=Anemia | CirculatoryConditions_AtrialFibrillation=Atrial fibrillation (Afib) or Atrial flutter | CirculatoryConditions_BleedingDisorder=Bleeding disorder | CirculatoryConditions_CongestiveHeartFailure=Congestive heart failure | CirculatoryConditions_CoronaryArtery=Coronary artery/coronary heart disease | CirculatoryConditions_HeartAttack=Heart attack | CirculatoryConditions_HeartValveDisease=Heart valve disease | CirculatoryConditions_HighCholesterol=High cholesterol | CirculatoryConditions_Hypertension=Hypertension (high blood pressure) | CirculatoryConditions_PeripheralVascularDisease=Peripheral vascular disease | CirculatoryConditions_PulmonaryEmbolism=Pulmonary embolism or deep vein thrombosis | CirculatoryConditions_SickleCellDisease=Sickle cell disease | CirculatoryConditions_Stroke=Stroke | CirculatoryConditions_TransientIschemicAttack=Transient ischemic attacks (TIAs or mini-strokes) | CirculatoryConditions_OtherHeartorBloodCondition=Other heart or blood condition | CirculatoryConditions_NoHeartorBloodCondition=I have/have had no heart or blood condition
Personal Medical History	Personal Medical History		circulatory_anemiacurrently	radio	single_select	43530302	2				yes	Are you still seeing a doctor or health care provider for anemia?	AnemiaCurrently_Yes=Yes | AnemiaCurrently_No=No
Personal Medical History	Personal Medical History		circulatory_howoldwereyouanemia	radio	single_select	43530461	5				yes	About how old were you when you were first told you had anemia?	HowOldWereYouAnemia_Child=Child (0-11) | HowOldWereYouAnemia_Adolescent=Adolescent (12-17) | HowOldWereYouAnemia_Adult=Adult (18-64) | HowOldWereYouAnemia_OlderAdult=Older adult (65-74) | HowOldWereYouAnemia_Elderly=Elderly (75+)
Personal Medical History	Personal Medical History		circulatory_rxmedsforanemia	radio	single_select	43528786	2				yes	Are you currently prescribed medications and/or receiving treatment for anemia?	RxMedsforAnemia_Yes=Yes | RxMedsforAnemia_No=No
Personal Medical History	Personal Medical History		circulatory_atrialfibrillationcurrently	radio	single_select		2				yes	Are you still seeing a doctor or health care provider for atrial fibrillation (Afib) or atrial flutter?	AtrialFibrillationCurrently_Yes=Yes | AtrialFibrillationCurrently_No=No
Personal Medical History	Personal Medical History		circulatory_howoldwereyouatrialfibrillation	radio	single_select		5				yes	About how old were you when you were first told you had atrial fibrillation (Afib) or atrial flutter?	HowOldWereYouAtrialFibrillation_Child=Child (0-11) | HowOldWereYouAtrialFibrillation_Adolescent=Adolescent (12-17) | HowOldWereYouAtrialFibrillation_Adult=Adult (18-64) | HowOldWereYouAtrialFibrillation_OlderAdult=Older adult (65-74) | HowOldWereYouAtrialFibrillation_Elderly=Elderly (75+)
Personal Medical History	Personal Medical History		circulatory_rxmedsforatrialfibrillation	radio	single_select		2				yes	Are you currently prescribed medications and/or receiving treatment for atrial fibrillation (Afib) or atrial flutter?	RxMedsforAtrialFibrillation_Yes=Yes | RxMedsforAtrialFibrillation_No=No
Personal Medical History	Personal Medical History		circulatory_bleedingdisordercurrently	radio	single_select	43530304	2				yes	Are you still seeing a doctor or health care provider for a bleeding disorder?	BleedingDisorderCurrently_Yes=Yes | BleedingDisorderCurrently_No=No
Personal Medical History	Personal Medical History		circulatory_howoldwereyoubleedingdisorder	radio	single_select	43530462	5				yes	About how old were you when you were first told you had a bleeding disorder?	HowOldWereYouBleedingDisorder_Child=Child (0-11) | HowOldWereYouBleedingDisorder_Adolescent=Adolescent (12-17) | HowOldWereYouBleedingDisorder_Adult=Adult (18-64) | HowOldWereYouBleedingDisorder_OlderAdult=Older adult (65-74) | HowOldWereYouBleedingDisorder_Elderly=Elderly (75+)
Personal Medical History	Personal Medical History		circulatory_rxmedsforbleedingdisorder	radio	single_select	43528788	2				yes	Are you currently prescribed medications and/or receiving treatment for a bleeding disorder?	RxMedsforBleedingDisorder_Yes=Yes | RxMedsforBleedingDisorder_No=No
Personal Medical History	Personal Medical History		circulatory_congestiveheartfailurecurrently	radio	single_select	43530305	2				yes	Are you still seeing a doctor or health care provider for congestive heart failure?	CongestiveHeartFailureCurrently_Yes=Yes | CongestiveHeartFailureCurrently_No=No
Personal Medical History	Personal Medical History		circulatory_howoldwereyoucongestiveheartfailure	radio	single_select	43530463	5				yes	About how old were you when you were first told you had congestive heart failure?	HowOldWereYouCongestiveHeartFailure_Child=Child (0-11) | HowOldWereYouCongestiveHeartFailure_Adolescent=Adolescent (12-17) | HowOldWereYouCongestiveHeartFailure_Adult=Adult (18-64) | HowOldWereYouCongestiveHeartFailure_OlderAdult=Older adult (65-74) | HowOldWereYouCongestiveHeartFailure_Elderly=Elderly (75+)
Personal Medical History	Personal Medical History		circulatory_rxmedsforcongestiveheartfailure	radio	single_select	43528789	2				yes	Are you currently prescribed medications and/or receiving treatment for congestive heart failure?	RxMedsforCongestiveHeartFailure_Yes=Yes | RxMedsforCongestiveHeartFailure_No=No
Personal Medical History	Personal Medical History		circulatory_coronaryarterycurrently	radio	single_select	43530306	2				yes	Are you still seeing a doctor or health care provider for coronary artery/coronary heart disease?	CoronaryArteryCurrently_Yes=Yes | CoronaryArteryCurrently_No=No
Personal Medical History	Personal Medical History		circulatory_howoldwereyoucoronaryartery	radio	single_select	43530464	5				yes	About how old were you when you were first told you had coronary artery/coronary heart disease?	HowOldWereYouCoronaryArtery_Child=Child (0-11) | HowOldWereYouCoronaryArtery_Adolescent=Adolescent (12-17) | HowOldWereYouCoronaryArtery_Adult=Adult (18-64) | HowOldWereYouCoronaryArtery_OlderAdult=Older adult (65-74) | HowOldWereYouCoronaryArtery_Elderly=Elderly (75+)
Personal Medical History	Personal Medical History		circulatory_rxmedsforcoronaryartery	radio	single_select	43528790	2				yes	Are you currently prescribed medications and/or receiving treatment for coronary artery/coronary heart disease?	RxMedsforCoronaryArtery_Yes=Yes | RxMedsforCoronaryArtery_No=No
Personal Medical History	Personal Medical History		circulatory_heartattackcurrently	radio	single_select	43530307	2				yes	Are you still seeing a doctor or health care provider for a heart attack?	HeartAttackCurrently_Yes=Yes | HeartAttackCurrently_No=No
Personal Medical History	Personal Medical History		circulatory_howoldwereyouheartattack	radio	single_select	43530465	5				yes	About how old were you when you were first told you had a heart attack?	HowOldWereYouHeartAttack_Child=Child (0-11) | HowOldWereYouHeartAttack_Adolescent=Adolescent (12-17) | HowOldWereYouHeartAttack_Adult=Adult (18-64) | HowOldWereYouHeartAttack_OlderAdult=Older adult (65-74) | HowOldWereYouHeartAttack_Elderly=Elderly (75+)
Personal Medical History	Personal Medical History		circulatory_rxmedsforheartattack	radio	single_select	43528791	2				yes	Are you currently prescribed medications and/or receiving treatment for a heart attack?	RxMedsforHeartAttack_Yes=Yes | RxMedsforHeartAttack_No=No
Personal Medical History	Personal Medical History		circulatory_heartvalvediseasecurrently	radio	single_select	43530308	2				yes	Are you still seeing a doctor or health care provider for heart valve disease?	HeartValveDiseaseCurrently_Yes=Yes | HeartValveDiseaseCurrently_No=No
Personal Medical History	Personal Medical History		circulatory_howoldwereyouheartvalvedisease	radio	single_select	43530466	5				yes	About how old were you when you were first told you had heart valve disease?	HowOldWereYouHeartValveDisease_Child=Child (0-11) | HowOldWereYouHeartValveDisease_Adolescent=Adolescent (12-17) | HowOldWereYouHeartValveDisease_Adult=Adult (18-64) | HowOldWereYouHeartValveDisease_OlderAdult=Older adult (65-74) | HowOldWereYouHeartValveDisease_Elderly=Elderly (75+)
Personal Medical History	Personal Medical History		circulatory_rxmedsforheartvalvedisease	radio	single_select	43528792	2				yes	Are you currently prescribed medications and/or receiving treatment for heart valve disease?	RxMedsforHeartValveDisease_Yes=Yes | RxMedsforHeartValveDisease_No=No
Personal Medical History	Personal Medical History		circulatory_highcholesterolcurrently	radio	single_select	43530309	2				yes	Are you still seeing a doctor or health care provider for high cholesterol?	HighCholesterolCurrently_Yes=Yes | HighCholesterolCurrently_No=No
Personal Medical History	Personal Medical History		circulatory_howoldwereyouhighcholesterol	radio	single_select	43530467	5				yes	About how old were you when you were first told you had high cholesterol?	HowOldWereYouHighCholesterol_Child=Child (0-11) | HowOldWereYouHighCholesterol_Adolescent=Adolescent (12-17) | HowOldWereYouHighCholesterol_Adult=Adult (18-64) | HowOldWereYouHeartAttackHighCholesterol_OlderAdult=Older adult (65-74) | HowOldWereYouHighCholesterol_Elderly=Elderly (75+)
Personal Medical History	Personal Medical History		circulatory_rxmedsforhighcholesterol	radio	single_select	43528793	2				yes	Are you currently prescribed medications and/or receiving treatment for high cholesterol?	RxMedsforHighCholesterol_Yes=Yes | RxMedsforHighCholesterol_No=No
Personal Medical History	Personal Medical History		circulatory_hypertensioncurrently	radio	single_select		2				yes	Are you still seeing a doctor or health care provider for hypertension (high blood pressure)?	HypertensionCurrently_Yes=Yes | HypertensionCurrently_No=No
Personal Medical History	Personal Medical History		circulatory_howoldwereyouhypertension	radio	single_select		5				yes	About how old were you when you were first told you had hypertension (high blood pressure)?	HowOldWereYouHypertension_Child=Child (0-11) | HowOldWereYouHypertension_Adolescent=Adolescent (12-17) | HowOldWereYouHypertension_Adult=Adult (18-64) | HowOldWereYouHypertension_OlderAdult=Older adult (65-74) | HowOldWereYouHypertension_Elderly=Elderly (75+)
Personal Medical History	Personal Medical History		circulatory_prescribedmedsforhypertension	radio	single_select		2				yes	Are you currently prescribed medications and/or receiving treatment for hypertension (high blood pressure)?	PrescribedMedsforHypertension_Yes=Yes | PrescribedMedsforHypertension_No=No
Personal Medical History	Personal Medical History		circulatory_peripheralvasculardiseasecurrently	radio	single_select	43530311	2				yes	Are you still seeing a doctor or health care provider for peripheral vascular disease?	PeripheralVascularDiseaseCurrently_Yes=Yes | PeripheralVascularDiseaseCurrently_No=No
Personal Medical History	Personal Medical History		circulatory_howoldwereyouperipheralvasculardisease	radio	single_select	1384448	5				yes	About how old were you when you were first told you had peripheral vascular disease?	HowOldWereYouPeripheralVascularDisease_Child=Child (0-11) | HowOldWereYouPeripheralVascularDisease_Adolescent=Adolescent (12-17) | HowOldWereYouPeripheralVascularDisease_Adult=Adult (18-64) | HowOldWereYouPeripheralVascularDisease_OlderAdult=Older adult (65-74) | HowOldWereYouPeripheralVascularDisease_Elderly=Elderly (75+)
Personal Medical History	Personal Medical History		circulatory_rxmedsforperipheralvasculardisease	radio	single_select	43528795	2				yes	Are you currently prescribed medications and/or receiving treatment for peripheral vascular disease?	RxMedsforPeripheralVascularDisease_Yes=Yes | RxMedsforPeripheralVascularDisease_No=No
Personal Medical History	Personal Medical History		circulatory_pulmonaryembolismcurrently	radio	single_select		2				yes	Are you still seeing a doctor or health care provider for pulmonary embolism or deep vein thrombosis?	PulmonaryEmbolismCurrently_Yes=Yes | PulmonaryEmbolismCurrently_No=No
Personal Medical History	Personal Medical History		circulatory_howoldwereyoupulmonaryembolism	radio	single_select		5				yes	About how old were you when you were first told you had pulmonary embolism or deep vein thrombosis?	HowOldWereYouPulmonaryEmbolism_Child=Child (0-11) | HowOldWereYouPulmonaryEmbolism_Adolescent=Adolescent (12-17) | HowOldWereYouPulmonaryEmbolism_Adult=Adult (18-64) | HowOldWereYouPulmonaryEmbolism_OlderAdult=Older adult (65-74) | HowOldWereYouPulmonaryEmbolism_Elderly=Elderly (75+)
Personal Medical History	Personal Medical History		circulatory_rxmedsforpulmonaryembolism	radio	single_select		2				yes	Are you currently prescribed medications and/or receiving treatment for pulmonary embolism or deep vein thrombosis?	RxMedsforPulmonaryEmbolism_Yes=Yes | RxMedsforPulmonaryEmbolism_No=No
Personal Medical History	Personal Medical History		circulatory_sicklecelldiseasecurrently	radio	single_select	43530313	2				yes	Are you still seeing a doctor or health care provider for sickle cell disease?	SickleCellDiseaseCurrently_Yes=Yes | SickleCellDiseaseCurrently_No=No
Personal Medical History	Personal Medical History		circulatory_howoldwereyousicklecelldisease	radio	single_select	43530470	5				yes	About how old were you when you were first told you had sickle cell disease?	HowOldWereYouSickleCellDisease_Child=Child (0-11) | HowOldWereYouSickleCellDisease_Adolescent=Adolescent (12-17) | HowOldWereYouSickleCellDisease_Adult=Adult (18-64) | HowOldWereYouSickleCellDisease_OlderAdult=Older adult (65-74) | HowOldWereYouSickleCellDisease_Elderly=Elderly (75+)
Personal Medical History	Personal Medical History		circulatory_rxmedsforsicklecelldisease	radio	single_select	43528797	2				yes	Are you currently prescribed medications and/or receiving treatment for sickle cell disease?	RxMedsforSickleCellDisease_Yes=Yes | RxMedsforSickleCellDisease_No=No
Personal Medical History	Personal Medical History		circulatory_strokecurrently	radio	single_select	43530314	2				yes	Are you still seeing a doctor or health care provider for a stroke?	StrokeCurrently_Yes=Yes | StrokeCurrently_No=No
Personal Medical History	Personal Medical History		circulatory_howoldwereyoustroke	radio	single_select	43530471	5				yes	About how old were you when you were first told you had a stroke?	HowOldWereYouStroke_Child=Child (0-11) | HowOldWereYouStroke_Adolescent=Adolescent (12-17) | HowOldWereYouStroke_Adult=Adult (18-64) | HowOldWereYouStroke_OlderAdult=Older adult (65-74) | HowOldWereYouStroke_Elderly=Elderly (75+)
Personal Medical History	Personal Medical History		circulatory_rxmedsforstroke	radio	single_select	43528798	2				yes	Are you currently prescribed medications and/or receiving treatment for a stroke?	RxMedsforStroke_Yes=Yes | RxMedsforStroke_No=No
Personal Medical History	Personal Medical History		circulatory_transientischemicattackcurrently	radio	single_select	43530315	2				yes	Are you still seeing a doctor or health care provider for transient ischemic attacks (TIAs or mini-strokes)?	TransientIschemicAttackCurrently_Yes=Yes | TransientIschemicAttackCurrently_No=No
Personal Medical History	Personal Medical History		circulatory_howoldwereyoutransientischemicattack	radio	single_select	43530472	5				yes	About how old were you when you were first told you had transient ischemic attacks (TIAs or mini-strokes)?	HowOldWereYouTransientIschemicAttack_Child=Child (0-11) | HowOldWereYouTransientIschemicAttack_Adolescent=Adolescent (12-17) | HowOldWereYouTransientIschemicAttack_Adult=Adult (18-64) | HowOldWereYouTransientIschemicAttack_OlderAdult=Older adult (65-74) | HowOldWereYouTransientIschemicAttack_Elderly=Elderly (75+)
Personal Medical History	Personal Medical History		circulatory_rxmedsfortransientischemicattack	radio	single_select	43528799	2				yes	Are you currently prescribed medications and/or receiving treatment for transient ischemic attacks (TIAs or mini-strokes)?	RxMedsforTransientIschemicAttack_Yes=Yes | noRxMedsforTransientIschemicAttack_No=No
Personal Medical History	Personal Medical History		otherheartorbloodcondition_freetextbox	text	free_text		0				yes	Please specify the other heart or blood condition.	
Personal Medical History	Personal Medical History		circulatory_otherheartbloodcurrently	radio	single_select		2				yes	Are you still seeing a doctor or health care provider for this heart or blood condition?	OtherHeartBloodCurrently_Yes=Yes | OtherHeartBloodCurrently_No=No
Personal Medical History	Personal Medical History		circulatory_howoldwereyouotherheartblood	radio	single_select		5				yes	About how old were you when you were first told you had this heart or blood condition?	HowOldWereYouOtherHeartBlood_Child=Child (0-11) | HowOldWereYouOtherHeartBlood_Adolescent=Adolescent (12-17) | HowOldWereYouOtherHeartBlood_Adult=Adult (18-64) | HowOldWereYouOtherHeartBlood_OlderAdult=Older adult (65-74) | HowOldWereYouOtherHeartBlood_Elderly=Elderly (75+)
Personal Medical History	Personal Medical History		circulatory_rxmedsforotherheartblood	radio	single_select		2				yes	Are you currently prescribed medications and/or receiving treatment for this heart or blood condition?	RxMedsforOtherHeartBlood_Yes=Yes | noRxMedsforOtherHeartBlood_No=No
Personal Medical History	Personal Medical History		respiratory_respiratoryconditions	checkbox	multi_select		5				no	Has a doctor or health care provider ever told you that you have or had any of the following respiratory conditions? Select all that apply.	RespiratoryConditions_Asthma=Asthma | RespiratoryConditions_ChronicLung=Chronic lung disease | RespiratoryConditions_SleepApnea=Sleep apnea | RespiratoryConditions_OtherLungCondition=Other lung condition | RespiratoryConditions_NoLungCondition=I have/have had no lung condition
Personal Medical History	Personal Medical History		respiratory_asthmacurrently	radio	single_select	43530388	2				yes	Are you still seeing a doctor or health care provider for asthma?	AsthmaCurrently_Yes=Yes | AsthmaCurrently_No=No
Personal Medical History	Personal Medical History		respiratory_howoldwereyouasthma	radio	single_select	43530546	5				yes	About how old were you when you were first told you had asthma?	HowOldWereYouAsthma_Child=Child (0-11) | HowOldWereYouAsthma_Adolescent=Adolescent (12-17) | HowOldWereYouAsthma_Adult=Adult (18-64) | HowOldWereYouAsthma_OlderAdult=Older adult (65-74) | HowOldWereYouAsthma_Elderly=Elderly (75+)
Personal Medical History	Personal Medical History		respiratory_rxmedsforasthma	radio	single_select	43528873	2				yes	Are you currently prescribed medications and/or receiving treatment for asthma?	RxMedsforAsthma_Yes=Yes | RxMedsforAsthma_No=No
Personal Medical History	Personal Medical History		respiratory_chroniclungdiseasecurrently	radio	single_select		2				yes	Are you still seeing a doctor or health care provider for chronic lung disease?	ChronicLungDiseaseCurrently_Yes=Yes | ChronicLungDiseaseCurrently_No=No
Personal Medical History	Personal Medical History		respiratory_howoldwereyouchroniclungdisease	radio	single_select		5				yes	About how old were you when you were first told you had chronic lung disease?	HowOldWereYouChronicLungDisease_Child=Child (0-11) | HowOldWereYouChronicLungDisease_Adolescent=Adolescent (12-17) | HowOldWereYouChronicLungDisease_Adult=Adult (18-64) | HowOldWereYouChronicLungDisease_OlderAdult=Older adult (65-74) | HowOldWereYouChronicLungDisease_Elderly=Elderly (75+)
Personal Medical History	Personal Medical History		respiratory_rxmedsforchroniclungdisease	radio	single_select		2				yes	Are you currently prescribed medications and/or receiving treatment for chronic lung disease?	RxMedsforChronicLungDisease_Yes=Yes | RxMedsforChronicLungDisease_No=No
Personal Medical History	Personal Medical History		respiratory_sleepapneacurrently	radio	single_select	43530390	2				yes	Are you still seeing a doctor or health care provider for sleep apnea?	SleepApneaCurrently_Yes=Yes | SleepApneaCurrently_No=No
Personal Medical History	Personal Medical History		respiratory_howoldwereyousleepapnea	radio	single_select	43530548	5				yes	About how old were you when you were first told you had sleep apnea?	HowOldWereYouSleepApnea_Child=Child (0-11) | HowOldWereYouSleepApnea_Adolescent=Adolescent (12-17) | HowOldWereYouSleepApnea_Adult=Adult (18-64) | HowOldWereYouSleepApnea_OlderAdult=Older adult (65-74) | HowOldWereYouSleepApnea_Elderly=Elderly (75+)
Personal Medical History	Personal Medical History		respiratory_rxmedsforsleepapnea	radio	single_select	43528875	2				yes	Are you currently prescribed medications and/or receiving treatment for sleep apnea?	RxMedsforSleepApnea_Yes=Yes | RxMedsforSleepApnea_No=No
Personal Medical History	Personal Medical History		otherrespiratory_freetextbox	text	free_text		0				yes	Please specify the other lung condition.	
Personal Medical History	Personal Medical History		respiratory_otherlungconditioncurrently	radio	single_select		2				yes	Are you still seeing a doctor or health care provider for this lung condition?	OtherLungConditionCurrently_Yes=Yes | OtherLungConditionCurrently_No=No
Personal Medical History	Personal Medical History		respiratory_howoldwereyouotherlungcondition	radio	single_select		5				yes	About how old were you when you were first told you had this lung condition?	HowOldWereYouOtherLungCondition_Child=Child (0-11) | HowOldWereYouOtherLungCondition_Adolescent=Adolescent (12-17) | HowOldWereYouOtherLungCondition_Adult=Adult (18-64) | HowOldWereYouOtherLungCondition_OlderAdult=Older adult (65-74) | HowOldWereYouOtherLungCondition_Elderly=Elderly (75+)
Personal Medical History	Personal Medical History		respiratory_rxmedsforotherlungcondition	radio	single_select		2				yes	Are you currently prescribed medications and/or receiving treatment for this lung condition?	RxMedsforOtherLungCondition_Yes=Yes | RxMedsforOtherLungCondition_No=No
Personal Medical History	Personal Medical History		cancer_cancerconditions	checkbox	multi_select		22				no	Has a doctor or health care provider ever told you that you have or had any of the following cancers? Select all that apply.	CancerConditions_BladderCancer=Bladder cancer | CancerConditions_BloodCancer=Blood or soft tissue cancer | CancerConditions_BoneCancer=Bone cancer | CancerConditions_BrainCancer=Brain cancer | CancerConditions_BreastCancer=Breast cancer | CancerConditions_CervicalCancer=Cervical cancer | CancerConditions_ColonRectalCancer=Colon cancer/rectal cancer | CancerConditions_EndocrineCancer=Endocrine cancer | CancerConditions_EndometrialCancer=Endometrial cancer | CancerConditions_EsophagealCancer=Esophageal cancer | CancerConditions_EyeCancer=Eye cancer | CancerConditions_HeadNeckCancer=Head and neck cancer | CancerConditions_KidneyCancer=Kidney cancer | CancerConditions_LungCancer=Lung cancer | CancerConditions_OvarianCancer=Ovarian cancer | CancerConditions_PancreaticCancer=Pancreatic cancer | CancerConditions_ProstateCancer=Prostate cancer | CancerConditions_SkinCancer=Skin cancer | CancerConditions_StomachCancer=Stomach cancer | CancerConditions_ThyroidCancer=Thyroid cancer | CancerConditions_OtherCancer=Other cancer | CancerConditions_NoCancer=I do not have/did not previously have cancer
Personal Medical History	Personal Medical History		cancer_bladdercancercurrently	radio	single_select	43530282	2				yes	Are you still seeing a doctor or health care provider for bladder cancer?	BladderCancerCurrently_Yes=Yes | BladderCancerCurrently_No=No
Personal Medical History	Personal Medical History		cancer_howoldwereyoubladdercancer	radio	single_select	43530440	5				yes	About how old were you when you were first told you had bladder cancer?	HowOldWereYouBladderCancer_Child=Child (0-11) | HowOldWereYouBladderCancer_Adolescent=Adolescent (12-17) | HowOldWereYouBladderCancer_Adult=Adult (18-64) | HowOldWereYouBladderCancer_OlderAdult=Older adult (65-74) | HowOldWereYouBladderCancer_Elderly=Elderly (75+)
Personal Medical History	Personal Medical History		cancer_rxmedsforbladdercancer	radio	single_select	43528766	2				yes	Are you currently prescribed medications and/or receiving treatment for bladder cancer?	RxMedsforBladderCancer_Yes=Yes | RxMedsforBladderCancer_No=No
Personal Medical History	Personal Medical History		cancer_bloodcancercurrently	radio	single_select	43530283	2				yes	Are you still seeing a doctor or health care provider for blood or soft tissue cancer?	BloodCancerCurrently_Yes=Yes | BloodCancerCurrently_No=No
Personal Medical History	Personal Medical History		cancer_howoldwereyoubloodcancer	radio	single_select	43530441	5				yes	About how old were you when you were first told you had blood or soft tissue cancer?	HowOldWereYouBloodCancer_Child=Child (0-11) | HowOldWereYouBloodCancer_Adolescent=Adolescent (12-17) | HowOldWereYouBloodCancer_Adult=Adult (18-64) | HowOldWereYouBloodCancer_OlderAdult=Older adult (65-74) | HowOldWereYouBloodCancer_Elderly=Elderly (75+)
Personal Medical History	Personal Medical History		cancer_rxmedsforbloodcancer	radio	single_select	43528767	2				yes	Are you currently prescribed medications and/or receiving treatment for blood or soft tissue cancer?	RxMedsforBloodCancer_Yes=Yes | RxMedsforBloodCancer_No=No
Personal Medical History	Personal Medical History		cancer_bonecancercurrently	radio	single_select	43530284	2				yes	Are you still seeing a doctor or health care provider for bone cancer?	BoneCancerCurrently_Yes=Yes | BoneCancerCurrently_No=No
Personal Medical History	Personal Medical History		cancer_howoldwereyoubonecancer	radio	single_select	43530442	5				yes	About how old were you when you were first told you had bone cancer?	HowOldWereYouBoneCancer_Child=Child (0-11) | HowOldWereYouBoneCancer_Adolescent=Adolescent (12-17) | HowOldWereYouBoneCancer_Adult=Adult (18-64) | HowOldWereYouBoneCancer_OlderAdult=Older adult (65-74) | HowOldWereYouBoneCancer_Elderly=Elderly (75+)
Personal Medical History	Personal Medical History		cancer_rxmedsforbonecancer	radio	single_select	43528768	2				yes	Are you currently prescribed medications and/or receiving treatment for bone cancer?	RxMedsforBoneCancer_Yes=Yes | RxMedsforBoneCancer_No=No
Personal Medical History	Personal Medical History		cancer_braincancercurrently	radio	single_select	43530285	2				yes	Are you still seeing a doctor or health care provider for brain cancer?	BrainCancerCurrently_Yes=Yes | BrainCancerCurrently_No=No
Personal Medical History	Personal Medical History		cancer_howoldwereyoubraincancer	radio	single_select	43530443	5				yes	About how old were you when you were first told you had brain cancer?	HowOldWereYouBrainCancer_Child=Child (0-11) | HowOldWereYouBrainCancer_Adolescent=Adolescent (12-17) | HowOldWereYouBrainCancer_Adult=Adult (18-64) | HowOldWereYouBrainCancer_OlderAdult=Older adult (65-74) | HowOldWereYouBrainCancer_Elderly=Elderly (75+)
Personal Medical History	Personal Medical History		cancer_rxmedsforbraincancer	radio	single_select	43528769	2				yes	Are you currently prescribed medications and/or receiving treatment for brain cancer?	RxMedsforBrainCancer_Yes=Yes | RxMedsforBrainCancer_No=No
Personal Medical History	Personal Medical History		cancer_breastcancercurrently	radio	single_select	43530286	2				yes	Are you still seeing a doctor or health care provider for breast cancer?	BreastCancerCurrently_Yes=Yes | BreastCancerCurrently_No=No
Personal Medical History	Personal Medical History		cancer_howoldwereyoubreastcancer	radio	single_select	43530444	5				yes	About how old were you when you were first told you had breast cancer?	HowOldWereYouBreastCancer_Child=Child (0-11) | HowOldWereYouBreastCancer_Adolescent=Adolescent (12-17) | HowOldWereYouBreastCancer_Adult=Adult (18-64) | HowOldWereYouBreastCancer_OlderAdult=Older adult (65-74) | HowOldWereYouBreastCancer_Elderly=Elderly (75+)
Personal Medical History	Personal Medical History		cancer_rxmedsforbreastcancer	radio	single_select	43528770	2				yes	Are you currently prescribed medications and/or receiving treatment for breast cancer?	RxMedsforBreastCancer_Yes=Yes | RxMedsforBreastCancer_No=No
Personal Medical History	Personal Medical History		cancer_cervicalcancercurrently	radio	single_select	43530287	2				yes	Are you still seeing a doctor or health care provider for cervical cancer?	CervicalCancerCurrently_Yes=Yes | CervicalCancerCurrently_No=No
Personal Medical History	Personal Medical History		cancer_howoldwereyoucervicalcancer	radio	single_select	43530445	5				yes	About how old were you when you were first told you had cervical cancer?	HowOldWereYouCervicalCancer_Child=Child (0-11) | HowOldWereYouCervicalCancer_Adolescent=Adolescent (12-17) | HowOldWereYouCervicalCancer_Adult=Adult (18-64) | HowOldWereYouCervicalCancer_OlderAdult=Older adult (65-74) | HowOldWereYouCervicalCancer_Elderly=Elderly (75+)
Personal Medical History	Personal Medical History		cancer_rxmedsforcervicalcancer	radio	single_select	43528771	2				yes	Are you currently prescribed medications and/or receiving treatment for cervical cancer?	RxMedsforCervicalCancer_Yes=Yes | RxMedsforCervicalCancer_No=No
Personal Medical History	Personal Medical History		cancer_colonrectalcancercurrently	radio	single_select	43530288	2				yes	Are you still seeing a doctor or health care provider for colon cancer/rectal cancer?	ColonRectalCancerCurrently_Yes=Yes | ColonRectalCancerCurrently_No=No
Personal Medical History	Personal Medical History		cancer_howoldwereyoucolonrectalcancer	radio	single_select	43530446	5				yes	About how old were you when you were first told you had colon cancer/rectal cancer?	HowOldWereYouColonRectalCancer_Child=Child (0-11) | HowOldWereYouColonRectalCancer_Adolescent=Adolescent (12-17) | HowOldWereYouColonRectalCancer_Adult=Adult (18-64) | HowOldWereYouColonRectalCancer_OlderAdult=Older adult (65-74) | HowOldWereYouColonRectalCancer_Elderly=Elderly (75+)
Personal Medical History	Personal Medical History		cancer_rxmedsforcolonrectalcancer	radio	single_select	43528772	2				yes	Are you currently prescribed medications and/or receiving treatment for colon cancer/rectal cancer?	RxMedsforColonRectalCancer_Yes=Yes | RxMedsforColonRectalCancer_No=No
Personal Medical History	Personal Medical History		cancer_endocrinecancercurrently	radio	single_select	43530289	2				yes	Are you still seeing a doctor or health care provider for endocrine cancer?	EndocrineCancerCurrently_Yes=Yes | EndocrineCancerCurrently_No=No
Personal Medical History	Personal Medical History		cancer_howoldwereyouendocrinecancer	radio	single_select	43530447	5				yes	About how old were you when you were first told you had endocrine cancer?	HowOldWereYouEndocrineCancer_Child=Child (0-11) | HowOldWereYouEndocrineCancer_Adolescent=Adolescent (12-17) | HowOldWereYouEndocrineCancer_Adult=Adult (18-64) | HowOldWereYouEndocrineCancer_OlderAdult=Older adult (65-74) | HowOldWereYouEndocrineCancer_Elderly=Elderly (75+)
Personal Medical History	Personal Medical History		cancer_rxmedsforendocrinecancer	radio	single_select	43528773	2				yes	Are you currently prescribed medications and/or receiving treatment for endocrine cancer?	RxMedsforEndocrineCancer_Yes=Yes | RxMedsforEndocrineCancer_No=No
Personal Medical History	Personal Medical History		cancer_endometrialcancercurrently	radio	single_select	43530290	2				yes	Are you still seeing a doctor or health care provider for endometrial cancer?	EndometrialCancerCurrently_Yes=Yes | EndometrialCancerCurrently_No=No
Personal Medical History	Personal Medical History		cancer_howoldwereyouendometrialcancer	radio	single_select	43530448	5				yes	About how old were you when you were first told you had endometrial cancer?	HowOldWereYouEndometrialCancer_Child=Child (0-11) | HowOldWereYouEndometrialCancer_Adolescent=Adolescent (12-17) | HowOldWereYouEndometrialCancer_Adult=Adult (18-64) | HowOldWereYouEndometrialCancer_OlderAdult=Older adult (65-74) | HowOldWereYouEndometrialCancer_Elderly=Elderly (75+)
Personal Medical History	Personal Medical History		cancer_rxmedsforendometrialcancer	radio	single_select	43528774	2				yes	Are you currently prescribed medications and/or receiving treatment for endometrial cancer?	RxMedsforEndometrialCancer_Yes=Yes | RxMedsforEndometrialCancer_No=No
Personal Medical History	Personal Medical History		cancer_esophagealcancercurrently	radio	single_select	43530291	2				yes	Are you still seeing a doctor or health care provider for esophageal cancer?	EsophagealCancerCurrently_Yes=Yes | EsophagealCancerCurrently_No=No
Personal Medical History	Personal Medical History		cancer_howoldwereyouesophagealcancer	radio	single_select	43530449	5				yes	About how old were you when you were first told you had esophageal cancer?	HowOldWereYouEsophagealCancer_Child=Child (0-11) | HowOldWereYouEsophagealCancer_Adolescent=Adolescent (12-17) | HowOldWereYouEsophagealCancer_Adult=Adult (18-64) | HowOldWereYouEsophagealCancer_OlderAdult=Older adult (65-74) | HowOldWereYouEsophagealCancer_Elderly=Elderly (75+)
Personal Medical History	Personal Medical History		cancer_rxmedsforesophagealcancer	radio	single_select	43528775	2				yes	Are you currently prescribed medications and/or receiving treatment for esophageal cancer?	RxMedsforEsophagealCancer_Yes=Yes | RxMedsforEsophagealCancer_No=No
Personal Medical History	Personal Medical History		cancer_eyecancercurrently	radio	single_select	43530292	2				yes	Are you still seeing a doctor or health care provider for eye cancer?	EyeCancerCurrently_Yes=Yes | EyeCancerCurrently_No=No
Personal Medical History	Personal Medical History		cancer_howoldwereyoueyecancer	radio	single_select	43530450	5				yes	About how old were you when you were first told you had eye cancer?	HowOldWereYouEyeCancer_Child=Child (0-11) | HowOldWereYouEyeCancer_Adolescent=Adolescent(12-17) | HowOldWereYouEyeCancer_Adult=Adult (18-64) | HowOldWereYouEyeCancer_OlderAdult=Older adult (65-64) | HowOldWereYouEyeCancer_Elderly=Elderly (75+)
Personal Medical History	Personal Medical History		cancer_rxmedsforeyecancer	radio	single_select	43528776	2				yes	Are you currently prescribed medications and/or receiving treatment for eye cancer?	RxMedsforEyeCancer_Yes=Yes | RxMedsforEyeCancer_No=No
Personal Medical History	Personal Medical History		cancer_headneckcancercurrently	radio	single_select		2				yes	Are you still seeing a doctor or health care provider for head and neck cancer?	HeadNeckCancerCurrently_Yes=Yes | HeadNeckCancerCurrently_No=No
Personal Medical History	Personal Medical History		cancer_howoldwereyouheadneckcancer	radio	single_select		5				yes	About how old were you when you were first told you had head and neck cancer?	HowOldWereYouHeadNeckCancer_Child=Child (0-11) | HowOldWereYouHeadNeckCancer_Adolescent=Adolescent (12-17) | HowOldWereYouHeadNeckCancer_Adult=Adult (18-64) | HowOldWereYouHeadNeckCancer_OlderAdult=Older adult (65-74) | HowOldWereYouHeadNeckCancer_Elderly=Elderly (75+)
Personal Medical History	Personal Medical History		cancer_rxmedsforheadneckcancer	radio	single_select		2				yes	Are you currently prescribed medications and/or receiving treatment for head and neck cancer?	RxMedsforHeadNeckCancer_Yes=Yes | RxMedsforHeadNeckCancer_No=No
Personal Medical History	Personal Medical History		cancer_kidneycancercurrently	radio	single_select	43530294	2				yes	Are you still seeing a doctor or health care provider for kidney cancer?	KidneyCancerCurrently_Yes=Yes | KidneyCancerCurrently_No=No
Personal Medical History	Personal Medical History		cancer_howoldwereyoukidneycancer	radio	single_select	43530452	5				yes	About how old were you when you were first told you had kidney cancer?	HowOldWereYouKidneyCancer_Child=Child (0-11) | HowOldWereYouKidneyCancer_Adolescent=Adolescent (12-17) | HowOldWereYouKidneyCancer_Adult=Adult (18-64) | HowOldWereYouKidneyCancer_OlderAdult=Older adult (65-74) | HowOldWereYouKidneyCancer_Elderly=Elderly (75+)
Personal Medical History	Personal Medical History		cancer_rxmedsforkidneycancer	radio	single_select	43528778	2				yes	Are you currently prescribed medications and/or receiving treatment for kidney cancer?	RxMedsforKidneyCancer_Yes=Yes | RxMedsforKidneyCancer_No=No
Personal Medical History	Personal Medical History		cancer_lungcancercurrently	radio	single_select	43530295	2				yes	Are you still seeing a doctor or health care provider for lung cancer?	LungCancerCurrently_Yes=Yes | LungCancerCurrently_No=No
Personal Medical History	Personal Medical History		cancer_howoldwereyoulungcancer	radio	single_select	43530453	5				yes	About how old were you when you were first told you had lung cancer?	HowOldWereYouLungCancer_Child=Child (0-11) | HowOldWereYouLungCancer_Adolescent=Adolescent (12-17) | HowOldWereYouLungCancer_Adult=Adult (18-64) | HowOldWereYouLungCancer_OlderAdult=Older adult (65-74) | HowOldWereYouLungCancer_Elderly=Elderly (75+)
Personal Medical History	Personal Medical History		cancer_rxmedsforlungcancer	radio	single_select	43528779	2				yes	Are you currently prescribed medications and/or receiving treatment for lung cancer?	RxMedsforLungCancer_Yes=Yes | RxMedsforLungCancer_No=No
Personal Medical History	Personal Medical History		cancer_ovariancancercurrently	radio	single_select	1384483	2				yes	Are you still seeing a doctor or health care provider for ovarian cancer?	OvarianCancerCurrently_Yes=Yes | OvarianCancerCurrently_No=No
Personal Medical History	Personal Medical History		cancer_howoldwereyouovariancancer	radio	single_select	1384466	5				yes	About how old were you when you were first told you had ovarian cancer?	HowOldWereYouOvarianCancer_Child=Child (0-11) | HowOldWereYouOvarianCancer_Adolescent=Adolescent (12-17) | HowOldWereYouOvarianCancer_Adult=Adult (18-64) | HowOldWereYouOvarianCancer_OlderAdult=Older adult (65-74) | HowOldWereYouOvarianCancer_Elderly=Elderly (75+)
Personal Medical History	Personal Medical History		cancer_rxmedsforovariancancer	radio	single_select	1384529	2				yes	Are you currently prescribed medications and/or receiving treatment for ovarian cancer?	RxMedsforOvarianCancer_Yes=Yes | RxMedsforOvarianCancer_No=No
Personal Medical History	Personal Medical History		cancer_pancreaticcancercurrently	radio	single_select	43530297	2				yes	Are you still seeing a doctor or health care provider for pancreatic cancer?	PancreaticCancerCurrently_Yes=Yes | PancreaticCancerCurrently_No=No
Personal Medical History	Personal Medical History		cancer_howoldwereyoupancreaticcancer	radio	single_select	43530455	5				yes	About how old were you when you were first told you had pancreatic cancer?	HowOldWereYouPancreaticCancer_Child=Child (0-11) | HowOldWereYouPancreaticCancer_Adolescent=Adolescent (12-17) | HowOldWereYouPancreaticCancer_Adult=Adult (18-64) | HowOldWereYouPancreaticCancer_OlderAdult=Older adult (65-74) | HowOldWereYouPancreaticCancer_Elderly=Elderly (75+)
Personal Medical History	Personal Medical History		cancer_rxmedsforpancreaticcancer	radio	single_select	43528781	2				yes	Are you currently prescribed medications and/or receiving treatment for pancreatic cancer?	RxMedsforPancreaticCancer_Yes=Yes | RxMedsforPancreaticCancer_No=No
Personal Medical History	Personal Medical History		cancer_prostatecancercurrently	radio	single_select	43530298	2				yes	Are you still seeing a doctor or health care provider for prostate cancer?	ProstateCancerCurrently_Yes=Yes | ProstateCancerCurrently_No=No
Personal Medical History	Personal Medical History		cancer_howoldwereyouprostatecancer	radio	single_select	43530456	5				yes	About how old were you when you were first told you had prostate cancer?	HowOldWereYouProstateCancer_Child=Child (0-11) | HowOldWereYouProstateCancer_Adolescent=Adolescent (12-17) | HowOldWereYouProstateCancer_Adult=Adult (18-64) | HowOldWereYouProstateCancer_OlderAdult=Older adult (65-74) | HowOldWereYouProstateCancer_Elderly=Elderly (75+)
Personal Medical History	Personal Medical History		cancer_rxmedsforprostatecancer	radio	single_select	43528782	2				yes	Are you currently prescribed medications and/or receiving treatment for prostate cancer?	RxMedsforProstateCancer_Yes=Yes | RxMedsforProstateCancer_No=No
Personal Medical History	Personal Medical History		cancer_skincancercurrently	radio	single_select	43530299	2				yes	Are you still seeing a doctor or health care provider for skin cancer?	SkinCancerCurrently_Yes=Yes | SkinCancerCurrently_No=No
Personal Medical History	Personal Medical History		cancer_howoldwereyouskincancer	radio	single_select	43530457	5				yes	About how old were you when you were first told you had skin cancer?	HowOldWereYouSkinCancer_Child=Child (0-11) | HowOldWereYouSkinCancer_Adolescent=Adolescent (12-17) | HowOldWereYouSkinCancer_Adult=Adult (18-64) | HowOldWereYouSkinCancer_OlderAdult=Older adult (65-74) | HowOldWereYouSkinCancer_Elderly=Elderly (75+)
Personal Medical History	Personal Medical History		cancer_rxmedsforskincancer	radio	single_select	43528783	2				yes	Are you currently prescribed medications and/or receiving treatment for skin cancer?	RxMedsforSkinCancer_Yes=Yes | RxMedsforSkinCancer_No=No
Personal Medical History	Personal Medical History		cancer_stomachcancercurrently	radio	single_select	43530300	2				yes	Are you still seeing a doctor or health care provider for stomach cancer?	StomachCancerCurrently_Yes=Yes | StomachCancerCurrently_No=No
Personal Medical History	Personal Medical History		cancer_howoldwereyoustomachcancer	radio	single_select	43530458	5				yes	About how old were you when you were first told you had stomach cancer?	HowOldWereYouStomachCancer_Child=Child (0-11) | HowOldWereYouStomachCancer_Adolescent=Adolescent (12-17) | HowOldWereYouStomachCancer_Adult=Adult (18-64) | HowOldWereYouStomachCancer_OlderAdult=Older adult (65-74) | HowOldWereYouStomachCancer_Elderly=Elderly (75+)
Personal Medical History	Personal Medical History		cancer_rxmedsforstomachcancer	radio	single_select	43528784	2				yes	Are you currently prescribed medications and/or receiving treatment for stomach cancer?	RxMedsforStomachSkinCancer_Yes=Yes | RxMedsforStomachCancer_No=No
Personal Medical History	Personal Medical History		cancer_thyroidcancercurrently	radio	single_select	43530301	2				yes	Are you still seeing a doctor or health care provider for thyroid cancer?	ThyroidCancerCurrently_Yes=Yes | ThyroidCancerCurrently_No=No
Personal Medical History	Personal Medical History		cancer_howoldwereyouthyroidcancer	radio	single_select	43530459	5				yes	About how old were you when you were first told you had thyroid cancer?	HowOldWereYouThyroidCancer_Child=Child (0-11) | HowOldWereYouThyroidCancer_Adolescent=Adolescent (12-17) | HowOldWereYouThyroidCancer_Adult=Adult (18-64) | HowOldWereYouThyroidCancer_OlderAdult=Older adult (65-74) | HowOldWereYouThyroidCancer_Elderly=Elderly (75+)
Personal Medical History	Personal Medical History		cancer_rxmedsforthyroidcancer	radio	single_select	43528785	2				yes	Are you currently prescribed medications and/or receiving treatment for thyroid cancer?	RxMedsforThyroidSkinCancer_Yes=Yes | RxMedsforThyroidCancer_No=No
Personal Medical History	Personal Medical History		othercancer_freetextbox	text	free_text		0				yes	Please specify the other cancer.	
Personal Medical History	Personal Medical History		cancer_othercancercurrently	radio	single_select		2				yes	Are you still seeing a doctor or health care provider for this cancer?	OtherCancerCurrently_Yes=Yes | OtherCancerCurrently_No=No
Personal Medical History	Personal Medical History		cancer_howoldwereyouothercancer	radio	single_select		5				yes	About how old were you when you were first told you had this cancer?	HowOldWereYouOtherCancer_Child=Child (0-11) | HowOldWereYouOtherCancer_Adolescent=Adolescent (12-17) | HowOldWereYouOtherCancer_Adult=Adult (18-64) | HowOldWereYouOtherCancer_OlderAdult=Older adult (65-74) | HowOldWereYouOtherCancer_Elderly=Elderly (75+)
Personal Medical History	Personal Medical History		cancer_rxmedsforothercancer	radio	single_select		2				yes	Are you currently prescribed medications and/or receiving treatment for this cancer?	RxMedsforOtherSkinCancer_Yes=Yes | RxMedsforOtherCancer_No=No
Personal Medical History	Personal Medical History		digestive_digestivesystemconditions	checkbox	multi_select		16				no	Has a doctor or health care provider ever told you that you have...? Select all that apply.	DigestiveSystemConditions_AcidReflux=Acid reflux | DigestiveSystemConditions_BowelObstruction=Bowel obstruction | DigestiveSystemConditions_CeliacDisease=Celiac disease | DigestiveSystemConditions_ColonPolyps=Colon polyps | DigestiveSystemConditions_CrohnsDisease=Crohn's disease | DigestiveSystemConditions_Diverticulosis=Diverticulosis/diverticulitis | DigestiveSystemConditions_GallStones=Gall stones | DigestiveSystemConditions_Hemorrhoids=Hemorrhoids | DigestiveSystemConditions_Hernia=Hernia | DigestiveSystemConditions_IrritableBowel=Irritable bowel syndrome (IBS) | DigestiveSystemConditions_LiverCondition=Liver condition | DigestiveSystemConditions_Pancreatitis=Pancreatitis | DigestiveSystemConditions_PepticUlcers=Peptic ulcers | DigestiveSystemConditions_UlcerativeColitis=Ulcerative colitis | DigestiveSystemConditions_OtherDigestiveCondition=Other digestive condition | DigestiveSystemConditions_NoDigestiveCondition=I have/have had no digestive condition
Personal Medical History	Personal Medical History		digestive_acidrefluxcurrently	radio	single_select	43530316	2				yes	Are you still seeing a doctor or health care provider for acid reflux?	AcidRefluxCurrently_Yes=Yes | AcidRefluxCurrently_No=No
Personal Medical History	Personal Medical History		digestive_howoldwereyouacidreflux	radio	single_select	43530473	5				yes	About how old were you when you were first told you had acid reflux?	HowOldWereYouAcidReflux_Child=Child (0-11) | HowOldWereYouAcidReflux_Adolescent=Adolescent (12-17) | HowOldWereYouAcidReflux_Adult=Adult (18-64) | HowOldWereYouAcidReflux_OlderAdult=Older adult (65-74) | HowOldWereYouAcidReflux_Elderly=Elderly (75+)
Personal Medical History	Personal Medical History		digestive_rxmedsforacidreflux	radio	single_select	43528800	2				yes	Are you currently prescribed medications and/or receiving treatment for acid reflux?	RxMedsforAcidReflux_Yes=Yes | RxMedsforAcidReflux_No=No
Personal Medical History	Personal Medical History		digestive_bowelobstructioncurrently	radio	single_select	43530317	2				yes	Are you still seeing a doctor or health care provider for bowel obstruction?	BowelObstructionCurrently_Yes=Yes | BowelObstructionCurrently_No=No
Personal Medical History	Personal Medical History		digestive_howoldwereyoubowelobstruction	radio	single_select	43530474	5				yes	About how old were you when you were first told you had bowel obstruction?	HowOldWereYouBowelObstruction_Child=Child (0-11) | HowOldWereYouBowelObstruction_Adolescent=Adolescent (12-17) | HowOldWereYouBowelObstruction_Adult=Adult (18-64) | HowOldWereYouBowelObstruction_OlderAdult=Older adult (65-74) | HowOldWereYouBowelObstruction_Elderly=Elderly (75+)
Personal Medical History	Personal Medical History		digestive_rxmedsforbowelobstruction	radio	single_select	43528801	2				yes	Are you currently prescribed medications and/or receiving treatment for bowel obstruction?	RxMedsforBowelObstruction_Yes=Yes | RxMedsforBowelObstruction_No=No
Personal Medical History	Personal Medical History		digestive_celiacdiseasecurrently	radio	single_select	1384660	2				yes	Are you still seeing a doctor or health care provider for celiac disease?	CeliacDiseaseCurrently_Yes=Yes | CeliacDiseaseCurrently_No=No
Personal Medical History	Personal Medical History		digestive_howoldwereyouceliacdisease	radio	single_select	1384494	5				yes	About how old were you when you were first told you had celiac disease?	HowOldWereYouCeliacDisease_Child=Child (0-11) | HowOldWereYouCeliacDisease_Adolescent=Adolescent (12-17) | HowOldWereYouCeliacDisease_Adult=Adult (18-64) | HowOldWereYouCeliacDisease_OlderAdult=Older adult (65-74) | HowOldWereYouCeliacDisease_Elderly=Elderly (75+)
Personal Medical History	Personal Medical History		digestive_rxmedsforceliacdisease	radio	single_select	1384609	2				yes	Are you currently prescribed medications and/or receiving treatment for celiac disease?	RxMedsforCeliacDisease_Yes=Yes | RxMedsforCeliacDisease_No=No
Personal Medical History	Personal Medical History		digestive_colonpolypscurrently	radio	single_select	43530318	2				yes	Are you still seeing a doctor or health care provider for colon polyps?	ColonPolypsCurrently_Yes=Yes | ColonPolypsCurrently_No=No
Personal Medical History	Personal Medical History		digestive_howoldwereyoucolonpolyps	radio	single_select	43530475	5				yes	About how old were you when you were first told you had colon polyps?	HowOldWereYouColonPolyps_Child=Child (0-11) | HowOldWereYouColonPolyps_Adolescent=Adolescent (12-17) | HowOldWereYouColonPolyps_Adult=Adult (18-64) | HowOldWereYouColonPolyps_OlderAdult=Older adult (65-74) | HowOldWereYouColonPolyps_Elderly=Elderly (75+)
Personal Medical History	Personal Medical History		digestive_rxmedsforcolonpolyps	radio	single_select	43528802	2				yes	Are you currently prescribed medications and/or receiving treatment for colon polyps?	RxMedsforColonPolyps_Yes=Yes | RxMedsforColonPolyps_No=No
Personal Medical History	Personal Medical History		digestive_crohnsdiseasecurrently	radio	single_select	43530319	2				yes	Are you still seeing a doctor or health care provider for Crohn's disease?	CrohnsDiseaseCurrently_Yes=Yes | CrohnsDiseaseCurrently_No=No
Personal Medical History	Personal Medical History		digestive_howoldwereyoucrohnsdisease	radio	single_select	43530476	5				yes	About how old were you when you were first told you had Crohn's disease?	HowOldWereYouCrohnsDisease_Child=Child (0-11) | HowOldWereYouCrohnsDisease_Adolescent=Adolescent (12-17) | HowOldWereYouCrohnsDisease_Adult=Adult (18-64) | HowOldWereYouCrohnsDisease_OlderAdult=Older adult (65-74) | HowOldWereYouCrohnsDisease_Elderly=Elderly (75+)
Personal Medical History	Personal Medical History		digestive_rxmedsforcrohnsdisease	radio	single_select	43528804	2				yes	Are you currently prescribed medications and/or receiving treatment for Crohn's disease?	RxMedsforCrohnsDisease_Yes=Yes | RxMedsforCrohnsDisease_No=No
Personal Medical History	Personal Medical History		digestive_diverticulosiscurrently	radio	single_select		2				yes	Are you still seeing a doctor or health care provider for diverticulosis/diverticulitis?	DiverticulosisCurrently_Yes=Yes | DiverticulosisCurrently_No=No
Personal Medical History	Personal Medical History		digestive_howoldwereyoudiverticulosis	radio	single_select		5				yes	About how old were you when you were first told you had diverticulosis/diverticulitis?	HowOldWereYouDiverticulosis_Child=Child (0-11) | HowOldWereYouDiverticulosis_Adolescent=Adolescent (12-17) | HowOldWereYouDiverticulosis_Adult=Adult (18-64) | HowOldWereYouDiverticulosis_OlderAdult=Older adult (65-74) | HowOldWereYouDiverticulosis_Elderly=Elderly (75+)
Personal Medical History	Personal Medical History		digestive_rxmedsfordiverticulosis	radio	single_select		2				yes	Are you currently prescribed medications and/or receiving treatment for diverticulosis/diverticulitis?	RxMedsforDiverticulosis_Yes=Yes | RxMedsforDiverticulosis_No=No
Personal Medical History	Personal Medical History		digestive_gallstonescurrently	radio	single_select	43530321	2				yes	Are you still seeing a doctor or health care provider for gall stones?	GallStonesCurrently_Yes=Yes | GallStonesCurrently_No=No
Personal Medical History	Personal Medical History		digestive_howoldwereyougallstones	radio	single_select	43530478	5				yes	About how old were you when you were first told you had gall stones?	HowOldWereYouGallStones_Child=Child (0-11) | HowOldWereYouGallStones_Adolescent=Adolescent (12-17) | HowOldWereYouGallStones_Adult=Adult (18-64) | HowOldWereYouGallStones_OlderAdult=Older adult (65-74) | HowOldWereYouGallStones_Elderly=Elderly (75+)
Personal Medical History	Personal Medical History		digestive_rxmedsforgallstones	radio	single_select	43528806	2				yes	Are you currently prescribed medications and/or receiving treatment for gall stones?	RxMedsforGallStones_Yes=Yes | RxMedsforGallStones_No=No
Personal Medical History	Personal Medical History		digestive_hemorrhoidscurrently	radio	single_select	43530322	2				yes	Are you still seeing a doctor or health care provider for hemorrhoids?	HemorrhoidsCurrently_Yes=Yes | HemorrhoidsCurrently_No=No
Personal Medical History	Personal Medical History		digestive_howoldwereyouhemorrhoids	radio	single_select	43530479	5				yes	About how old were you when you were first told you had hemorrhoids?	HowOldWereYouHemorrhoids_Child=Child (0-11) | HowOldWereYouHemorrhoids_Adolescent=Adolescent (12-17) | HowOldWereYouHemorrhoids_Adult=Adult (18-64) | HowOldWereYouHemorrhoids_OlderAdult=Older adult (65-74) | HowOldWereYouHemorrhoids_Elderly=Elderly (75+)
Personal Medical History	Personal Medical History		digestive_rxmedsforhemorrhoids	radio	single_select	43528807	2				yes	Are you currently prescribed medications and/or receiving treatment for hemorrhoids?	RxMedsforHemorrhoids_Yes=Yes | RxMedsforHemorrhoids_No=No
Personal Medical History	Personal Medical History		digestive_herniacurrently	radio	single_select		2				yes	Are you still seeing a doctor or health care provider for hernia?	HerniaCurrently_Yes=Yes | HerniaCurrently_No=No
Personal Medical History	Personal Medical History		digestive_howoldwereyouhernia	radio	single_select	43530480	5				yes	About how old were you when you were first told you had a hernia?	HowOldWereYouHernia_Child=Child (0-11) | HowOldWereYouHernia_Adolescent=Adolescent (12-17) | HowOldWereYouHernia_Adult=Adult (18-64) | HowOldWereYouHernia_OlderAdult=Older adult (65-74) | HowOldWereYouHernia_Elderly=Elderly (75+)
Personal Medical History	Personal Medical History		digestive_rxmedsforhernia	radio	single_select		2				yes	Are you currently prescribed medications and/or receiving treatment for hernia?	RxMedsforHernia_Yes=Yes | RxMedsforHernia_No=No
Personal Medical History	Personal Medical History		digestive_irritablebowelcurrently	radio	single_select	43530324	2				yes	Are you still seeing a doctor or health care provider for irritable bowel syndrome (IBS)?	IrritableBowelCurrently_Yes=Yes | IrritableBowelCurrently_No=No
Personal Medical History	Personal Medical History		digestive_howoldwereyouirritablebowel	radio	single_select	43530481	5				yes	About how old were you when you were first told you had irritable bowel syndrome (IBS)?	HowOldWereYouIrritableBowel_Child=Child (0-11) | HowOldWereYouIrritableBowel_Adolescent=Adolescent (12-17) | HowOldWereYouIrritableBowel_Adult=Adult (18-64) | HowOldWereYouIrritableBowel_OlderAdult=Older adult (65-74) | HowOldWereYouIrritableBowel_Elderly=Elderly (75+)
Personal Medical History	Personal Medical History		digestive_rxmedsforirritablebowel	radio	single_select	43528809	2				yes	Are you currently prescribed medications and/or receiving treatment for irritable bowel syndrome (IBS)?	RxMedsforIrritableBowel_Yes=Yes | RxMedsforIrritableBowel_No=No
Personal Medical History	Personal Medical History		digestive_liverconditioncurrently	radio	single_select		2				yes	Are you still seeing a doctor or health care provider for a liver condition?	LiverConditionCurrently_Yes=Yes | LiverConditionCurrently_No=No
Personal Medical History	Personal Medical History		digestive_howoldwereyoulivercondition	radio	single_select		5				yes	About how old were you when you were first told you had a liver condition?	HowOldWereYouLiverCondition_Child=Child (0-11) | HowOldWereYouLiverCondition_Adolescent=Adolescent (12-17) | HowOldWereYouLiverCondition_Adult=Adult (18-64) | HowOldWereYouLiverCondition_OlderAdult=Older adult (65-74) | HowOldWereYouLiverCondition_Elderly=Elderly (75+)
Personal Medical History	Personal Medical History		digestive_rxmedsforlivercondition	radio	single_select		2				yes	Are you currently prescribed medications and/or receiving treatment for a liver condition?	RxMedsforLiverCondition_Yes=Yes | RxMedsforLiverCondition_No=No
Personal Medical History	Personal Medical History		digestive_pancreatitiscurrently	radio	single_select	43530326	2				yes	Are you still seeing a doctor or health care provider for pancreatitis?	PancreatitisCurrently_Yes=Yes | PancreatitisCurrently_No=No
Personal Medical History	Personal Medical History		digestive_howoldwereyoupancreatitis	radio	single_select	43530483	5				yes	About how old were you when you were first told you had pancreatitis?	HowOldWereYouPancreatitis_Child=Child (0-11) | HowOldWereYouPancreatitis_Adolescent=Adolescent (12-17) | HowOldWereYouPancreatitis_Adult=Adult (18-64) | HowOldWereYouPancreatitis_OlderAdult=Older adult (65-74) | HowOldWereYouPancreatitis_Elderly=Elderly (75+)
Personal Medical History	Personal Medical History		digestive_rxmedsforpancreatitis	radio	single_select	43528811	2				yes	Are you currently prescribed medications and/or receiving treatment for pancreatitis?	RxMedsforPancreatitis_Yes=Yes | RxMedsforPancreatitis_No=No
Personal Medical History	Personal Medical History		digestive_pepticulcerscurrently	radio	single_select		2				yes	Are you still seeing a doctor or health care provider for peptic ulcers?	PepticUlcersCurrently_Yes=Yes | PepticUlcersCurrently_No=No
Personal Medical History	Personal Medical History		digestive_howoldwereyoupepticulcers	radio	single_select		5				yes	About how old were you when you were first told you had peptic ulcers?	HowOldWereYouPepticUlcers_Child=Child (0-11) | HowOldWereYouPepticUlcers_Adolescent=Adolescent (12-17) | HowOldWereYouPepticUlcers_Adult=Adult (18-64) | HowOldWereYouPepticUlcers_OlderAdult=Older adult (65-74) | HowOldWereYouPepticUlcers_Elderly=Elderly (75+)
Personal Medical History	Personal Medical History		digestive_rxmedsforpepticulcers	radio	single_select		2				yes	Are you currently prescribed medications and/or receiving treatment for peptic ulcers?	RxMedsforPepticUlcers_Yes=Yes | RxMedsforPepticUlcers_No=No
Personal Medical History	Personal Medical History		digestive_ulcerativecolitiscurrently	radio	single_select	43530328	2				yes	Are you still seeing a doctor or health care provider for ulcerative colitis?	UlcerativeColitisCurrently_Yes=Yes | UlcerativeColitisCurrently_No=No
Personal Medical History	Personal Medical History		digestive_howoldwereyouulcerativecolitis	radio	single_select	43530485	5				yes	About how old were you when you were first told you had ulcerative colitis?	HowOldWereYouUlcerativeColitis_Child=Child (0-11) | HowOldWereYouUlcerativeColitis_Adolescent=Adolescent (12-17) | HowOldWereYouUlcerativeColitis_Adult=Adult (18-64) | HowOldWereYouUlcerativeColitis_OlderAdult=Older adult (65-74) | HowOldWereYouUlcerativeColitis_Elderly=Elderly (75+)
Personal Medical History	Personal Medical History		digestive_rxmedsforulcerativecolitis	radio	single_select	43528813	2				yes	Are you currently prescribed medications and/or receiving treatment for ulcerative colitis?	RxMedsforUlcerativeColitis_Yes=Yes | RxMedsforUlcerativeColitis_No=No
Personal Medical History	Personal Medical History		otherdigestivecondition_freetextbox	text	free_text		0				yes	Please specify the other digestive condition.	
Personal Medical History	Personal Medical History		digestive_otherdigestiveconditioncurrently	radio	single_select		2				yes	Are you still seeing a doctor or health care provider for this digestive condition?	OtherDigestiveConditionsCurrently_Yes=Yes | OtherDigestiveConditionsCurrently_No=No
Personal Medical History	Personal Medical History		digestive_howoldwereyouotherdigestivecondition	radio	single_select		5				yes	About how old were you when you were first told you had this digestive condition?	HowOldWereYouOtherDigestiveCondition_Child=Child (0-11) | HowOldWereYouOtherDigestiveCondition_Adolescent=Adolescent (12-17) | HowOldWereYouOtherDigestiveCondition_Adult=Adult (18-64) | HowOldWereYouOtherDigestiveCondition_OlderAdult=Older adult (65-74) | HowOldWereYouOtherDigestiveCondition_Elderly=Elderly (75+)
Personal Medical History	Personal Medical History		digestive_rxmedsforotherdigestivecondition	radio	single_select		2				yes	Are you currently prescribed medications and/or receiving treatment for this digestive condition?	RxMedsforOtherDigestiveCondition_Yes=Yes | RxMedsforOtherDigestiveCondition_No=No
Personal Medical History	Personal Medical History		endocrine_endocrineconditions	checkbox	multi_select		9				no	Has a doctor or health care provider ever told you that you have...? Select all that apply.	EndocrineConditions_Hyperthyroidism=Hyperthyroidism | EndocrineConditions_Hypothyroidism=Hypothyroidism | EndocrineConditions_PreDiabetes=Prediabetes | EndocrineConditions_Type1Diabetes=Type 1 diabetes | EndocrineConditions_Type2Diabetes=Type 2 diabetes | EndocrineConditions_OtherDiabetes=Other/unknown diabetes | EndocrineConditions_OtherThyroid=Other/unknown thyroid | EndocrineConditions_OtherHormoneEndocrine=Other hormone/endocrine condition | EndocrineConditions_NoHormoneEndocrine=I have/have had no hormone/endocrine condition
Personal Medical History	Personal Medical History		endocrine_hyperthyroidismcurrently	radio	single_select	43530329	2				yes	Are you still seeing a doctor or health care provider for hyperthyroidism?	HyperthyroidismCurrently_Yes=Yes | HyperthyroidismCurrently_No=No
Personal Medical History	Personal Medical History		endocrine_howoldwereyouhyperthyroidism	radio	single_select	43530486	5				yes	About how old were you when you were first told you had hyperthyroidism?	HowOldWereYouHyperthyroidism_Child=Child (0-11) | HowOldWereYouHyperthyroidism_Adolescent=Adolescent (12-17) | HowOldWereYouHyperthyroidism_Adult=Adult (18-64) | HowOldWereYouHyperthyroidism_OlderAdult=Older adult (65-74) | HowOldWereYouHyperthyroidism_Elderly=Elderly (75+)
Personal Medical History	Personal Medical History		endocrine_rxmedsforhyperthyroidism	radio	single_select	43528814	2				yes	Are you currently prescribed medications and/or receiving treatment for hyperthyroidism?	RxMedsforHyperthyroidism_Yes=Yes | RxMedsforHyperthyroidism_No=No
Personal Medical History	Personal Medical History		endocrine_hypothyroidismcurrently	radio	single_select	43530330	2				yes	Are you still seeing a doctor or health care provider for hypothyroidism?	HypothyroidismCurrently_Yes=Yes | HypothyroidismCurrently_No=No
Personal Medical History	Personal Medical History		endocrine_howoldwereyouhypothyroidism	radio	single_select	43530487	5				yes	About how old were you when you were first told you had hypothyroidism?	HowOldWereYouHypothyroidism_Child=Child (0-11) | HowOldWereYouHypothyroidism_Adolescent=Adolescent (12-17) | HowOldWereYouHypothyroidism_Adult=Adult (18-64) | HowOldWereYouHypothyroidism_OlderAdult=Older adult (65-74) | HowOldWereYouHypothyroidism_Elderly=Elderly (75+)
Personal Medical History	Personal Medical History		endocrine_rxmedsforhypothyroidism	radio	single_select	43528815	2				yes	Are you currently prescribed medications and/or receiving treatment for hypothyroidism?	RxMedsforHypothyroidism_Yes=Yes | RxMedsforHypothyroidism_No=No
Personal Medical History	Personal Medical History		endocrine_prediabetescurrently	radio	single_select	1384532	2				yes	Are you still seeing a doctor or health care provider for prediabetes?	PrediabetesCurrently_Yes=Yes | PrediabetesCurrently_No=No
Personal Medical History	Personal Medical History		endocrine_howoldwereyouprediabetes	radio	single_select	1384543	5				yes	About how old were you when you were first told you had prediabetes?	HowOldWereYouPrediabetes_Child=Child (0-11) | HowOldWereYouPrediabetes_Adolescent=Adolescent (12-17) | HowOldWereYouPrediabetes_Adult=Adult (18-64) | HowOldWereYouPrediabetes_OlderAdult=Older adult (65-74) | HowOldWereYouPrediabetes_Elderly=Elderly (75+)
Personal Medical History	Personal Medical History		endocrine_rxmedsforprediabetes	radio	single_select	1384566	2				yes	Are you currently prescribed medications and/or receiving treatment for prediabetes?	RxMedsforPrediabetes_Yes=Yes | RxMedsforPrediabetes_No=No
Personal Medical History	Personal Medical History		endocrine_type1diabetescurrently	radio	single_select	43530334	2				yes	Are you still seeing a doctor or health care provider for type 1 diabetes?	Type1DiabetesCurrently_Yes=Yes | Type1DiabetesCurrently_No=No
Personal Medical History	Personal Medical History		endocrine_howoldwereyoutype1diabetes	radio	single_select	43530491	5				yes	About how old were you when you were first told you had type 1 diabetes?	HowOldWereYouType1Diabetes_Child=Child (0-11) | HowOldWereYouType1Diabetes_Adolescent=Adolescent (12-17) | HowOldWereYouType1Diabetes_Adult=Adult (18-64) | HowOldWereYouType1Diabetes_OlderAdult=Older adult (65-74) | HowOldWereYouType1Diabetes_Elderly=Elderly (75+)
Personal Medical History	Personal Medical History		endocrine_rxmedsfortype1diabetes	radio	single_select	43528819	2				yes	Are you currently prescribed medications and/or receiving treatment for type 1 diabetes?	RxMedsforType1Diabetes_Yes=Yes | RxMedsforType1Diabetes_No=No
Personal Medical History	Personal Medical History		endocrine_type2diabetescurrently	radio	single_select	43530335	2				yes	Are you still seeing a doctor or health care provider for type 2 diabetes?	Type2DiabetesCurrently_Yes=Yes | Type2DiabetesCurrently_No=No
Personal Medical History	Personal Medical History		endocrine_howoldwereyoutype2diabetes	radio	single_select	43530492	5				yes	About how old were you when you were first told you had type 2 diabetes?	HowOldWereYouType2Diabetes_Child=Child (0-11) | HowOldWereYouType2Diabetes_Adolescent=Adolescent (12-17) | HowOldWereYouType2Diabetes_Adult=Adult (18-64) | HowOldWereYouType2Diabetes_OlderAdult=Older adult (65-74) | HowOldWereYouType2Diabetes_Elderly=Elderly (75+)
Personal Medical History	Personal Medical History		endocrine_rxmedsfortype2diabetes	radio	single_select	43528820	2				yes	Are you currently prescribed medications and/or receiving treatment for type 2 diabetes?	RxMedsforType2Diabetes_Yes=Yes | RxMedsforType2Diabetes_No=No
Personal Medical History	Personal Medical History		otherdiabetes_freetextbox	text	free_text		0				yes	Please specify other/unknown diabetes.	
Personal Medical History	Personal Medical History		endocrine_otherdiabetescurrently	radio	single_select	43530331	2				yes	Are you still seeing a doctor or health care provider for other/unknown diabetes?	OtherDiabetesCurrently_Yes=Yes | OtherDiabetesCurrently_No=No
Personal Medical History	Personal Medical History		endocrine_howoldwereyouotherdiabetes	radio	single_select	43530488	5				yes	About how old were you when you were first told you had other/unknown diabetes?	HowOldWereYouOtherDiabetes_Child=Child (0-11) | HowOldWereYouOtherDiabetes_Adolescent=Adolescent (12-17) | HowOldWereYouOtherDiabetes_Adult=Adult (18-64) | HowOldWereYouOtherDiabetes_OlderAdult=Older adult (65-74) | HowOldWereYouOtherDiabetes_Elderly=Elderly (75+)
Personal Medical History	Personal Medical History		endocrine_rxmedsforotherdiabetes	radio	single_select	43528816	2				yes	Are you currently prescribed medications and/or receiving treatment for other/unknown diabetes?	RxMedsforOtherDiabetes_Yes=Yes | RxMedsforOtherDiabetes_No=No
Personal Medical History	Personal Medical History		otherthyroid_freetextbox	text	free_text		0				yes	Please specify other/unknown thyroid condition.	
Personal Medical History	Personal Medical History		endocrine_otherthyroidcurrently	radio	single_select		2				yes	Are you still seeing a doctor or health care provider for other/unknown thyroid condition?	OtherThyroidCurrently_Yes=Yes | OtherThyroidCurrently_No=No
Personal Medical History	Personal Medical History		endocrine_howoldwereyouotherthyroid	radio	single_select		5				yes	About how old were you when you were first told you had other/unknown thyroid condition?	HowOldWereYouOtherThyroid_Child=Child (0-11) | HowOldWereYouOtherThyroid_Adolescent=Adolescent (12-17) | HowOldWereYouOtherThyroid_Adult=Adult (18-64) | HowOldWereYouOtherThyroid_OlderAdult=Older adult (65-74) | HowOldWereYouOtherThyroid_Elderly=Elderly (75+)
Personal Medical History	Personal Medical History		endocrine_rxmedsforotherthyroid	radio	single_select		2				yes	Are you currently prescribed medications and/or receiving treatment for other/unknown thyroid condition?	RxMedsforOtherThyroid_Yes=Yes | RxMedsforOtherThyroid_No=No
Personal Medical History	Personal Medical History		otherhormoneendocrine_freetextbox	text	free_text		0				yes	Please specify other hormone/endocrine condition.	
Personal Medical History	Personal Medical History		endocrine_otherhormone_endocrineconditioncurrently	radio	single_select		2				yes	Are you still seeing a doctor or health care provider for other hormone/endocrine condition?	OtherHormoneEndocrineConditionCurrently_Yes=Yes | OtherHormoneEndocrineConditionCurrently_No=No
Personal Medical History	Personal Medical History		endocrine_howoldwereyouotherhormoneedocrinecondition	radio	single_select		5				yes	About how old were you when you were first told you had other hormone/endocrine condition	HowOldWereYouOtherHormoneEndocrineCondition_Child=Child (0-11) | HowOldWereYouOtherHormoneEndocrineCondition_Adolescent=Adolescent (12-17) | HowOldWereYouOtherHormoneEndocrineCondition_Adult=Adult (18-64) | HowOldWereYouOtherHormoneEndocrineCondition_OlderAdult=Older adult (65-74) | HowOldWereYouOtherHormoneEndocrineCondition_Elderly=Elderly (75+)
Personal Medical History	Personal Medical History		endocrine_rxmedsforotherhormone_endocrinecondition	radio	single_select		2				yes	Are you currently prescribed medications and/or receiving treatment for other hormone/endocrine condition?	RxMedsforOtherHormoneEndocrineCondition_Yes=Yes | RxMedsforOtherHormoneEndocrineCondition_No=No
Personal Medical History	Personal Medical History		kidney_kidneyconditions	checkbox	multi_select		6				no	Has a doctor or health care provider ever told you that you have...? Select all that apply.	KidneyConditions_AcuteKidneyNoDialysis=Acute kidney disease with no current dialysis | KidneyConditions_KidneyWithDialysis=Kidney disease with dialysis | KidneyConditions_KidneyWithoutDialysis=Kidney disease without dialysis | KidneyConditions_KidneyStones=Kidney stones | KidneyConditions_OtherKidneyCondition=Other kidney condition | KidneyConditions_NoKidneyCondition=I have/have had no kidney condition
Personal Medical History	Personal Medical History		kidney_acutekidneynodialysiscurrently	radio	single_select		2				yes	Are you still seeing a doctor or health care provider for acute kidney disease (no current dialysis)?	AcuteKidneyNoDialysisCurrently_Yes=Yes | AcuteKidneyNoDialysisCurrently_No=No
Personal Medical History	Personal Medical History		kidney_howoldwereyouacutekidneynodialysis	radio	single_select		5				yes	About how old were you when you were first told you had acute kidney disease (no current dialysis)?	HowOldWereYouAcuteKidneyNoDialysis_Child=Child (0-11) | HowOldWereYouAcuteKidneyNoDialysis_Adolescent=Adolescent (12-17) | HowOldWereYouAcuteKidneyNoDialysis_Adult=Adult (18-64) | HowOldWereYouAcuteKidneyNoDialysis_OlderAdult=Older adult (65-74) | HowOldWereYouAcuteKidneyNoDialysis_Elderly=Elderly (75+)
Personal Medical History	Personal Medical History		kidney_rxmedsforacutekidneynodialysis	radio	single_select		2				yes	Are you currently prescribed medications and/or receiving treatment for acute kidney disease (no current dialysis)?	RxMedsforAcuteKidneyNoDialysis_Yes=Yes | RxMedsforAcuteKidneyNoDialysis_No=No
Personal Medical History	Personal Medical History		kidney_kidneywithdialysiscurrently	radio	single_select		2				yes	Are you still seeing a doctor or health care provider for kidney disease (with dialysis)?	KidneyWithDialysisCurrently_Yes=Yes | KidneyWithDialysisCurrently_No=No
Personal Medical History	Personal Medical History		kidney_howoldwereyoukidneywithdialysis	radio	single_select		5				yes	About how old were you when you were first told you had kidney disease (with dialysis)?	HowOldWereYouKidneyWithDialysis_Child=Child (0-11) | HowOldWereYouKidneyWithDialysis_Adolescent=Adolescent (12-17) | HowOldWereYouKidneyWithDialysis_Adult=Adult (18-64) | HowOldWereYouKidneyWithDialysis_OlderAdult=Older adult (65-74) | HowOldWereYouKidneyWithDialysis_Elderly=Elderly (75+)
Personal Medical History	Personal Medical History		kidney_rxmedsforkidneywithdialysis	radio	single_select		2				yes	Are you currently prescribed medications and/or receiving treatment for kidney disease (with dialysis)?	RxMedsforKidneyWithDialysis_Yes=Yes | RxMedsforKidneyWithDialysis_No=No
Personal Medical History	Personal Medical History		kidney_kidneywithoutdialysiscurrently	radio	single_select		2				yes	Are you still seeing a doctor or health care provider for kidney disease (without dialysis)?	KidneyWithoutDialysisCurrently_Yes=Yes | KidneyWithoutDialysisCurrently_No=No
Personal Medical History	Personal Medical History		kidney_howoldwereyoukidneywithoutdialysis	radio	single_select		5				yes	About how old were you when you were first told you had kidney disease (without dialysis)?	HowOldWereYouKidneyWithoutDialysis_Child=Child (0-11) | HowOldWereYouKidneyWithoutDialysis_Adolescent=Adolescent (12-17) | HowOldWereYouKidneyWithoutDialysis_Adult=Adult (18-64) | HowOldWereYouKidneyWithoutDialysis_OlderAdult=Older adult (65-74) | HowOldWereYouKidneyWithoutDialysis_Elderly=Elderly (75+)
Personal Medical History	Personal Medical History		kidney_rxmedsforkidneywithoutdialysis	radio	single_select		2				yes	Are you currently prescribed medications and/or receiving treatment for kidney disease (without dialysis)?	RxMedsforKidneyWithoutDialysis_Yes=Yes | RxMedsforKidneyWithoutDialysis_No=No
Personal Medical History	Personal Medical History		kidney_kidneystonescurrently	radio	single_select	43530351	2				yes	Are you still seeing a doctor or health care provider for kidney stones?	KidneyStonesCurrently_Yes=Yes | KidneyStonesCurrently_No=No
Personal Medical History	Personal Medical History		kidney_howoldwereyoukidneystones	radio	single_select	43530509	5				yes	About how old were you when you were first told you had kidney stones?	HowOldWereYouKidneyStones_Child=Child (0-11) | HowOldWereYouKidneyStones_Adolescent=Adolescent (12-17) | HowOldWereYouKidneyStones_Adult=Adult (18-64) | HowOldWereYouKidneyStones_OlderAdult=Older adult (65-74) | HowOldWereYouKidneyStones_Elderly=Elderly (75+)
Personal Medical History	Personal Medical History		kidney_rxmedsforkidneystones	radio	single_select	43528836	2				yes	Are you currently prescribed medications and/or receiving treatment for kidney stones?	RxMedsforKidneyStones_Yes=Yes | RxMedsforKidneyStones_No=No
Personal Medical History	Personal Medical History		otherkidneycondition_freetextbox	text	free_text		0				yes	Please specify other kidney condition.	
Personal Medical History	Personal Medical History		kidney_otherkidneyconditioncurrently	radio	single_select		2				yes	Are you still seeing a doctor or health care provider for other kidney condition?	OtherKidneyConditionCurrently_Yes=Yes | OtherKidneyConditionCurrently_No=No
Personal Medical History	Personal Medical History		kidney_howoldwereyouotherkidneycondition	radio	single_select		5				yes	About how old were you when you were first told you had other kidney condition?	HowOldWereYouOtherKidneyCondition_Child=Child (0-11) | HowOldWereYouOtherKidneyCondition_Adolescent=Adolescent (12-17) | HowOldWereYouOtherKidneyCondition_Adult=Adult (18-64) | HowOldWereYouOtherKidneyCondition_OlderAdult=Older adult (65-74) | HowOldWereYouOtherKidneyCondition_Elderly=Elderly (75+)
Personal Medical History	Personal Medical History		kidney_rxmedsforotherkidneycondition	radio	single_select		2				yes	Are you currently prescribed medications and/or receiving treatment for other kidney condition?	RxMedsforOtherKidneyCondition_Yes=Yes | RxMedsforOtherKidneyCondition_No=No
Personal Medical History	Personal Medical History		skeletalmuscular_skeletalmuscularconditions	checkbox	multi_select		13				no	Has a doctor or health care provider ever told you that you have...? Select all that apply.	SkeletalMuscularConditions_CarpalTunnel=Carpal tunnel syndrome | SkeletalMuscularConditions_Fibromyalgia=Fibromyalgia | SkeletalMuscularConditions_FracturedBrokenBone=Fractured/broken any bones in the last 5 years | SkeletalMuscularConditions_Gout=Gout | SkeletalMuscularConditions_Osteoarthritis=Osteoarthritis | SkeletalMuscularConditions_Osteoporosis=Osteoporosis | SkeletalMuscularConditions_Pseudogout=Pseudogout | SkeletalMuscularConditions_RheumatoidArthritis=Rheumatoid arthritis | SkeletalMuscularConditions_SpineMuscleBone=Spine, muscle, or bone disorders (non-cancer) | SkeletalMuscularConditions_SystemicLupus=Systemic lupus | SkeletalMuscularConditions_OtherArthritis=Other arthritis | SkeletalMuscularConditions_OtherBoneJointMuscle=Other bone, joint, or muscle condition | SkeletalMuscularConditions_NoBoneJointMuscle=I have/have had no bone, joint, or muscle condition
Personal Medical History	Personal Medical History		skeletalmuscular_carpaltunnelcurrently	radio	single_select	43530392	2				yes	Are you still seeing a doctor or health care provider for carpal tunnel syndrome?	CarpalTunnelCurrently_Yes=Yes | CarpalTunnelCurrently_No=No
Personal Medical History	Personal Medical History		skeletalmuscular_howoldwereyoucarpaltunnel	radio	single_select	43530550	5				yes	About how old were you when you were first told you had carpal tunnel syndrome?	HowOldWereYouCarpalTunnel_Child=Child (0-11) | HowOldWereYouCarpalTunnel_Adolescent=Adolescent (12-17) | HowOldWereYouCarpalTunnel_Adult=Adult (18-64) | HowOldWereYouCarpalTunnel_OlderAdult=Older adult (65-74) | HowOldWereYouCarpalTunnel_Elderly=Elderly (75+)
Personal Medical History	Personal Medical History		skeletalmuscular_rxmedsforcarpaltunnel	radio	single_select	43528877	2				yes	Are you currently prescribed medications and/or receiving treatment for carpal tunnel syndrome?	RxMedsforCarpalTunnel_Yes=Yes | RxMedsforCarpalTunnel_No=No
Personal Medical History	Personal Medical History		skeletalmuscular_fibromyalgiacurrently	radio	single_select	43530393	2				yes	Are you still seeing a doctor or health care provider for fibromyalgia?	FibromyalgiaCurrently_Yes=Yes | FibromyalgiaCurrently_No=No
Personal Medical History	Personal Medical History		skeletalmuscular_howoldwereyoufibromyalgia	radio	single_select	43530551	5				yes	About how old were you when you were first told you had fibromyalgia?	HowOldWereYouFibromyalgia_Child=Child (0-11) | HowOldWereYouFibromyalgia_Adolescent=Adolescent (12-17) | HowOldWereYouFibromyalgia_Adult=Adult (18-64) | HowOldWereYouFibromyalgia_OlderAdult=Older adult (65-74) | HowOldWereYouFibromyalgia_Elderly=Elderly (75+)
Personal Medical History	Personal Medical History		skeletalmuscular_rxmedsforfibromyalgia	radio	single_select	43528878	2				yes	Are you currently prescribed medications and/or receiving treatment for fibromyalgia?	RxMedsforFibromyalgia_Yes=Yes | RxMedsforFibromyalgia_No=No
Personal Medical History	Personal Medical History		skeletalmuscular_fracturedbrokenbonecurrently	radio	single_select		2				yes	Are you still seeing a doctor or health care provider for fractured/broken bones in the last five years?	FracturedBrokenBoneCurrently_Yes=Yes | FracturedBrokenBoneCurrently_No=No
Personal Medical History	Personal Medical History		skeletalmuscular_howoldwereyoufracturedbrokenbone	radio	single_select		5				yes	About how old were you when you were first told you had fractured/broken bones in the last five years?	HowOldWereYouFracturedBrokenBone_Child=Child (0-11) | HowOldWereYouFracturedBrokenBone_Adolescent=Adolescent (12-17) | HowOldWereYouFracturedBrokenBone_Adult=Adult (18-64) | HowOldWereYouFracturedBrokenBone_OlderAdult=Older adult (65-74) | HowOldWereYouFracturedBrokenBone_Elderly=Elderly (75+)
Personal Medical History	Personal Medical History		skeletalmuscular_rxmedsforfracturedbrokenbone	radio	single_select		2				yes	Are you currently prescribed medications and/or receiving treatment for fractured/broken bones in the last five years?	RxMedsforFracturedBrokenBone_Yes=Yes | RxMedsforFracturedBrokenBone_No=No
Personal Medical History	Personal Medical History		skeletalmuscular_goutcurrently	radio	single_select	43530395	2				yes	Are you still seeing a doctor or health care provider for gout?	GoutCurrently_Yes=Yes | GoutCurrently_No=No
Personal Medical History	Personal Medical History		skeletalmuscular_howoldwereyougout	radio	single_select	43530553	5				yes	About how old were you when you were first told you had gout?	HowOldWereYouGout_Child=Child (0-11) | HowOldWereYouGout_Adolescent=Adolescent (12-17) | HowOldWereYouGout_Adult=Adult (18-64) | HowOldWereYouGout_OlderAdult=Older adult (65-74) | HowOldWereYouGout_Elderly=Elderly (75+)
Personal Medical History	Personal Medical History		skeletalmuscular_rxmedsforgout	radio	single_select	43528880	2				yes	Are you currently prescribed medications and/or receiving treatment for gout?	RxMedsforGout_Yes=Yes | RxMedsforGout_No=No
Personal Medical History	Personal Medical History		skeletalmuscular_osteoarthritiscurrently	radio	single_select	1384617	2				yes	Are you still seeing a doctor or health care provider for osteoarthritis?	OsteoarthritisCurrently_Yes=Yes | OsteoarthritisCurrently_No=No
Personal Medical History	Personal Medical History		skeletalmuscular_howoldwereyouosteoarthritis	radio	single_select	1384611	5				yes	About how old were you when you were first told you had osteoarthritis?	HowOldWereYouOsteoarthritis_Child=Child (0-11) | HowOldWereYouOsteoarthritis_Adolescent=Adolescent (12-17) | HowOldWereYouOsteoarthritis_Adult=Adult (18-64) | HowOldWereYouOsteoarthritis_OlderAdult=Older adult (65-74) | HowOldWereYouOsteoarthritis_Elderly=Elderly (75+)
Personal Medical History	Personal Medical History		skeletalmuscular_rxmedsforosteoarthritis	radio	single_select	1384433	2				yes	Are you currently prescribed medications and/or receiving treatment for osteoarthritis?	RxMedsforOsteoarthritis_Yes=Yes | RxMedsforOsteoarthritis_No=No
Personal Medical History	Personal Medical History		skeletalmuscular_osteoporosiscurrently	radio	single_select	43530397	2				yes	Are you still seeing a doctor or health care provider for osteoporosis?	OsteoporosisCurrently_Yes=Yes | OsteoporosisCurrently_No=No
Personal Medical History	Personal Medical History		skeletalmuscular_howoldwereyouosteoporosis	radio	single_select	43530555	5				yes	About how old were you when you were first told you had osteoporosis?	HowOldWereYouOsteoporosis_Child=Child (0-11) | HowOldWereYouOsteoporosis_Adolescent=Adolescent (12-17) | HowOldWereYouOsteoporosis_Adult=Adult (18-64) | HowOldWereYouOsteoporosis_OlderAdult=Older adult (65-74) | HowOldWereYouOsteoporosis_Elderly=Elderly (75+)
Personal Medical History	Personal Medical History		skeletalmuscular_rxmedsforosteoporosis	radio	single_select	43528882	2				yes	Are you currently prescribed medications and/or receiving treatment for osteoporosis?	RxMedsforOsteoporosis_Yes=Yes | RxMedsforOsteoporosis_No=No
Personal Medical History	Personal Medical History		skeletalmuscular_pseudogoutcurrently	radio	single_select		2				yes	Are you still seeing a doctor or health care provider for pseudogout?	PseudogoutCurrently_Yes=Yes | PseudogoutCurrently_No=No
Personal Medical History	Personal Medical History		skeletalmuscular_howoldwereyoupseudogout	radio	single_select		5				yes	About how old were you when you were first told you had pseudogout?	HowOldWereYouPseudogout_Child=Child (0-11) | HowOldWereYouPseudogout_Adolescent=Adolescent (12-17) | HowOldWereYouPseudogout_Adult=Adult (18-64) | HowOldWereYouPseudogout_OlderAdult=Older adult (65-74) | HowOldWereYouPseudogout_Elderly=Elderly (75+)
Personal Medical History	Personal Medical History		skeletalmuscular_rxmedsforpseudogout	radio	single_select		2				yes	Are you currently prescribed medications and/or receiving treatment for pseudogout?	RxMedsforPseudogout_Yes=Yes | RxMedsforPseudogout_No=No
Personal Medical History	Personal Medical History		skeletalmuscular_rheumatoidarthritiscurrently	radio	single_select		2				yes	Are you still seeing a doctor or health care provider for rheumatoid arthritis?	RheumatoidArthritisCurrently_Yes=Yes | RheumatoidArthritistCurrently_No=No
Personal Medical History	Personal Medical History		skeletalmuscular_howoldwereyourheumatoidarthritis	radio	single_select		5				yes	About how old were you when you were first told you had rheumatoid arthritis?	HowOldWereYouRheumatoidArthritis_Child=Child (0-11) | HowOldWereYouRheumatoidArthritis_Adolescent=Adolescent (12-17) | HowOldWereYouRheumatoidArthritis_Adult=Adult (18-64) | HowOldWereYouRheumatoidArthritis_OlderAdult=Older adult (65-74) | HowOldWereYouRheumatoidArthritis_Elderly=Elderly (75+)
Personal Medical History	Personal Medical History		skeletalmuscular_rxmedsforrheumatoidarthritis	radio	single_select		2				yes	Are you currently prescribed medications and/or receiving treatment for rheumatoid arthritis?	RxMedsforRheumatoidArthritis_Yes=Yes | RxMedsforRheumatoidArthritis_No=No
Personal Medical History	Personal Medical History		skeletalmuscular_spinemusclebonecurrently	radio	single_select	43530398	2				yes	Are you still seeing a doctor or health care provider for spine, muscle, or bone disorders (non-cancer)?	SpineMuscleBoneCurrently_Yes=Yes | SpineMuscleBoneCurrently_No=No
Personal Medical History	Personal Medical History		skeletalmuscular_howoldwereyouspinemusclebone	radio	single_select	43530556	5				yes	About how old were you when you were first told you had spine, muscle, or bone disorders (non-cancer)?	HowOldWereYouSpineMuscleBone_Child=Child (0-11) | HowOldWereYouSpineMuscleBone_Adolescent=Adolescent (12-17) | HowOldWereYouSpineMuscleBone_Adult=Adult (18-64) | HowOldWereYouSpineMuscleBone_OlderAdult=Older adult (65-74) | HowOldWereYouSpineMuscleBone_Elderly=Elderly (75+)
Personal Medical History	Personal Medical History		skeletalmuscular_rxmedsforspinemusclebone	radio	single_select	43528883	2				yes	Are you currently prescribed medications and/or receiving treatment for spine, muscle, or bone disorders (non-cancer)?	RxMedsforSpineMuscleBone_Yes=Yes | RxMedsforSpineMuscleBone_No=No
Personal Medical History	Personal Medical History		skeletalmuscular_lupuscurrently	radio	single_select	43530396	2				yes	Are you still seeing a doctor or health care provider for systemic lupus?	LupusCurrently_Yes=Yes | LupusCurrently_No=No
Personal Medical History	Personal Medical History		skeletalmuscular_howoldwereyoulupus	radio	single_select	43530554	5				yes	About how old were you when you were first told you had systemic lupus?	HowOldWereYouLupus_Child=Child (0-11) | HowOldWereYouLupus_Adolescent=Adolescent (12-17) | HowOldWereYouLupus_Adult=Adult (18-64) | HowOldWereYouLupus_OlderAdult=Older adult (65-74) | HowOldWereYouLupus_Elderly=Elderly (75+)
Personal Medical History	Personal Medical History		skeletalmuscular_rxmedsforlupus	radio	single_select	43528881	2				yes	Are you currently prescribed medications and/or receiving treatment for systemic lupus?	RxMedsforLupus_Yes=Yes | RxMedsforLupus_No=No
Personal Medical History	Personal Medical History		otherarthritis_freetextbox	text	free_text		0				yes	Please specify.	
Personal Medical History	Personal Medical History		skeletalmuscular_otherarthritiscurrently	radio	single_select	1384576	2				yes	Are you still seeing a doctor or health care provider for other arthritis?	OtherArthritisCurrently_Yes=Yes | OtherArthritisCurrently_No=No
Personal Medical History	Personal Medical History		skeletalmuscular_howoldwereyouotherarthritis	radio	single_select	1384470	5				yes	About how old were you when you were first told you had other arthritis?	HowOldWereYouOtherArthritis_Child=Child (0-11) | HowOldWereYouOtherArthritis_Adolescent=Adolescent (12-17) | HowOldWereYouOtherArthritis_Adult=Adult (18-64) | HowOldWereYouOtherArthritis_OlderAdult=Older adult (65-74) | HowOldWereYouOtherArthritis_Elderly=Elderly (75+)
Personal Medical History	Personal Medical History		skeletalmuscular_rxmedsforotherarthritis	radio	single_select	1384478	2				yes	Are you currently prescribed medications and/or receiving treatment for other arthritis?	RxMedsforOtherArthritis_Yes=Yes | RxMedsforOtherArthritis_No=No
Personal Medical History	Personal Medical History		otherbonejointmuscle_freetextbox	text	free_text		0				yes	Please specify other bone, joint, or muscle condition.	
Personal Medical History	Personal Medical History		skeletalmuscular_otherbonejointmuscleconditioncurrently	radio	single_select		2				yes	Are you still seeing a doctor or health care provider for other bone, joint, or muscle condition?	OtherBoneJointMuscleConditionCurrently_Yes=Yes | OtherBoneJointMuscleConditionCurrently_No=No
Personal Medical History	Personal Medical History		skeletalmuscular_howoldwereyouotherbonejointmusclecondition	radio	single_select		5				yes	About how old were you when you were first told you had other bone, joint, or muscle condition?	HowOldWereYouOtherBoneJointMuscleCondition_Child=Child (0-11) | HowOldWereYouOtherBoneJointMuscleCondition_Adolescent=Adolescent (12-17) | HowOldWereYouOtherBoneJointMuscleCondition_Adult=Adult (18-64) | HowOldWereYouOtherBoneJointMuscleCondition_OlderAdult=Older adult (65-74) | HowOldWereYouOtherBoneJointMuscleCondition_Elderly=Elderly (75+)
Personal Medical History	Personal Medical History		skeletalmuscular_rxmedsforotherbonejointmusclecondition	radio	single_select		2				yes	Are you currently prescribed medications and/or receiving treatment for other bone, joint, or muscle condition?	RxMedsforOtherBoneJointMuscleCondition_Yes=Yes | RxMedsforOtherBoneJointMuscleCondition_No=No
Personal Medical History	Personal Medical History		hearingvision_hearingvisionconditions	checkbox	multi_select		12				no	Has a doctor or health care provider ever told you that you have any of the following hearing or vision problems? Select all that apply.	HearingVisionConditions_Blindness=Blindness, all causes | HearingVisionConditions_Cataracts=Cataracts | HearingVisionConditions_DryEyes=Dry eyes | HearingVisionConditions_FarSightedness=Farsighted | HearingVisionConditions_NearSightedness=Nearsighted | HearingVisionConditions_Astigmatism=Astigmatism | HearingVisionConditions_Glaucoma=Glaucoma | HearingVisionConditions_MacularDegeneration=Macular degeneration | HearingVisionConditions_Tinnitus=Tinnitus | HearingVisionConditions_HearingLoss=Severe hearing loss or partial deafness in one or both ears | HearingVisionConditions_OtherHearingEye=Other hearing or eye condition | HearingVisionConditions_NoHearingEye=I have/have had no hearing or eye condition
Personal Medical History	Personal Medical History		hearingvision_blindnesscurrently	radio	single_select	43530336	2				yes	Are you still seeing a doctor or health care provider for blindness, all causes?	BlindnessCurrently_Yes=Yes | BlindnessCurrently_No=No
Personal Medical History	Personal Medical History		hearingvision_howoldwereyoublindness	radio	single_select	43530493	5				yes	About how old were you when you were first told you had blindness, all causes?	HowOldWereYouBlindness_Child=Child (0-11) | HowOldWereYouBlindness_Adolescent=Adolescent (12-17) | HowOldWereYouBlindness_Adult=Adult (18-64) | HowOldWereYouBlindness_OlderAdult=Older adult (65-74) | HowOldWereYouBlindness_Elderly=Elderly (75+)
Personal Medical History	Personal Medical History		hearingvision_rxmedsforblindness	radio	single_select	43528821	2				yes	Are you currently prescribed medications and/or receiving treatment for blindness, all causes?	RxMedsforBlindness_Yes=Yes | RxMedsforBlindness_No=No
Personal Medical History	Personal Medical History		hearingvision_cataractscurrently	radio	single_select	43530337	2				yes	Are you still seeing a doctor or health care provider for cataracts?	CataractsCurrently_Yes=Yes | CataractsCurrently_No=No
Personal Medical History	Personal Medical History		hearingvision_howoldwereyoucataracts	radio	single_select	43530494	5				yes	About how old were you when you were first told you had cataracts?	HowOldWereYouCataracts_Child=Child (0-11) | HowOldWereYouCataracts_Adolescent=Adolescent (12-17) | HowOldWereYouCataracts_Adult=Adult (18-64) | HowOldWereYouCataracts_OlderAdult=Older adult (65-74) | HowOldWereYouCataracts_Elderly=Elderly (75+)
Personal Medical History	Personal Medical History		hearingvision_rxmedsforcataracts	radio	single_select	43528822	2				yes	Are you currently prescribed medications and/or receiving treatment for cataracts?	RxMedsforCataracts_Yes=Yes | RxMedsforCataracts_No=No
Personal Medical History	Personal Medical History		hearingvision_dryeyescurrently	radio	single_select	43530338	2				yes	Are you still seeing a doctor or health care provider for dry eyes?	DryEyesCurrently_Yes=Yes | DryEyesCurrently_No=No
Personal Medical History	Personal Medical History		hearingvision_howoldwereyoudryeyes	radio	single_select	43530495	5				yes	About how old were you when you were first told you had dry eyes?	HowOldWereYouDryEyes_Child=Child (0-11) | HowOldWereYouDryEyes_Adolescent=Adolescent (12-17) | HowOldWereYouDryEyes_Adult=Adult (18-64) | HowOldWereYouDryEyes_OlderAdult=Older adult (65-74) | HowOldWereYouDryEyes_Elderly=Elderly (75+)
Personal Medical History	Personal Medical History		hearingvision_rxmedsfordryeyes	radio	single_select	43528823	2				yes	Are you currently prescribed medications and/or receiving treatment for dry eyes?	RxMedsforDryEyes_Yes=Yes | RxMedsforDryEyes_No=No
Personal Medical History	Personal Medical History		hearingvision_farsightednesscurrently	radio	single_select	43530339	2				yes	Are you still seeing a doctor or health care provider for farsightedness?	FarSightednessCurrently_Yes=Yes | FarSightednessCurrently_No=No
Personal Medical History	Personal Medical History		hearingvision_howoldwereyoufarsightedness	radio	single_select	43530496	5				yes	About how old were you when you were first told you had farsightedness?	HowOldWereYouFarSightedness_Child=Child (0-11) | HowOldWereYouFarSightedness_Adolescent=Adolescent (12-17) | HowOldWereYouFarSightedness_Adult=Adult (18-64) | HowOldWereYouFarSightedness_OlderAdult=Older adult (65-74) | HowOldWereYouFarSightedness_Elderly=Elderly (75+)
Personal Medical History	Personal Medical History		hearingvision_rxmedsforfarsightedness	radio	single_select	43528824	2				yes	Are you currently prescribed medications and/or receiving treatment for farsightedness?	RxMedsforFarSightedness_Yes=Yes | RxMedsforFarSightedness_No=No
Personal Medical History	Personal Medical History		hearingvision_nearsightednesscurrently	radio	single_select	43530343	2				yes	Are you still seeing a doctor or health care provider for nearsightedness?	NearSightednessCurrently_Yes=Yes | NearSightednessCurrently_No=No
Personal Medical History	Personal Medical History		hearingvision_howoldwereyounearsightedness	radio	single_select	43530500	5				yes	About how old were you when you were first told you had nearsightedness?	HowOldWereYouNearSightedness_Child=Child (0-11) | HowOldWereYouNearSightedness_Adolescent=Adolescent (12-17) | HowOldWereYouNearSightedness_Adult=Adult (18-64) | HowOldWereYouNearSightedness_OlderAdult=Older adult (65-74) | HowOldWereYouNearSightedness_Elderly=Elderly (75+)
Personal Medical History	Personal Medical History		hearingvision_rxmedsfornearsightedness	radio	single_select	43528828	2				yes	Are you currently prescribed medications and/or receiving treatment for nearsightedness?	RxMedsforNearSightedness_Yes=Yes | RxMedsforNearSightedness_No=No
Personal Medical History	Personal Medical History		hearingvision_astigmatismcurrently	radio	single_select	1384570	2				yes	Are you still seeing a doctor or health care provider for astigmatism?	AstigmatismCurrently_Yes=Yes | AstigmatismCurrently_No=No
Personal Medical History	Personal Medical History		hearingvision_howoldwereyouastigmatism	radio	single_select	1384554	5				yes	About how old were you when you were first told you had astigmatism?	HowOldWereYouAstigmatism_Child=Child (0-11) | HowOldWereYouAstigmatism_Adolescent=Adolescent (12-17) | HowOldWereYouAstigmatism_Adult=Adult (18-64) | HowOldWereYouAstigmatism_OlderAdult=Older adult (65-74) | HowOldWereYouAstigmatism_Elderly=Elderly (75+)
Personal Medical History	Personal Medical History		hearingvision_rxmedsforastigmatism	radio	single_select	1384388	2				yes	Are you currently prescribed medications and/or receiving treatment for astigmatism?	RxMedsforAstigmatism_Yes=Yes | RxMedsforAstigmatism_No=No
Personal Medical History	Personal Medical History		hearingvision_glaucomacurrently	radio	single_select	43530340	2				yes	Are you still seeing a doctor or health care provider for glaucoma?	GlaucomaCurrently_Yes=Yes | GlaucomaCurrently_No=No
Personal Medical History	Personal Medical History		hearingvision_howoldwereyouglaucoma	radio	single_select	43530497	5				yes	About how old were you when you were first told you had glaucoma?	HowOldWereYouGlaucoma_Child=Child (0-11) | HowOldWereYouGlaucoma_Adolescent=Adolescent (12-17) | HowOldWereYouGlaucoma_Adult=Adult (18-64) | HowOldWereYouGlaucoma_OlderAdult=Older adult (65-74) | HowOldWereYouGlaucoma_Elderly=Elderly (75+)
Personal Medical History	Personal Medical History		hearingvision_rxmedsforglaucoma	radio	single_select	43528825	2				yes	Are you currently prescribed medications and/or receiving treatment for glaucoma?	RxMedsforGlaucoma_Yes=Yes | RxMedsforGlaucoma_No=No
Personal Medical History	Personal Medical History		hearingvision_maculardegenerationcurrently	radio	single_select	43530342	2				yes	Are you still seeing a doctor or health care provider for macular degeneration?	MacularDegenerationCurrently_Yes=Yes | MacularDegenerationCurrently_No=No
Personal Medical History	Personal Medical History		hearingvision_howoldwereyoumaculardegeneration	radio	single_select	43530499	5				yes	About how old were you when you were first told you had macular degeneration?	HowOldWereYouMacularDegeneration_Child=Child (0-11) | HowOldWereYouMacularDegeneration_Adolescent=Adolescent (12-17) | HowOldWereYouMacularDegeneration_Adult=Adult (18-64) | HowOldWereYouMacularDegeneration_OlderAdult=Older adult (65-74) | HowOldWereYouMacularDegeneration_Elderly=Elderly (75+)
Personal Medical History	Personal Medical History		hearingvision_rxmedsformaculardegeneration	radio	single_select	43528827	2				yes	Are you currently prescribed medications and/or receiving treatment for macular degeneration?	RxMedsforMacularDegeneration_Yes=Yes | RxMedsforMacularDegeneration_No=No
Personal Medical History	Personal Medical History		hearingvision_tinnituscurrently	radio	single_select	43530344	2				yes	Are you still seeing a doctor or health care provider for tinnitus?	TinnitusCurrently_Yes=Yes | TinnitusCurrently_No=No
Personal Medical History	Personal Medical History		hearingvision_howoldwereyoutinnitus	radio	single_select	43530501	5				yes	About how old were you when you were first told you had tinnitus?	HowOldWereYouTinnitus_Child=Child (0-11) | HowOldWereYouTinnitus_Adolescent=Adolescent (12-17) | HowOldWereYouTinnitus_Adult=Adult (18-64) | HowOldWereYouTinnitus_OlderAdult=Older adult (65-74) | HowOldWereYouTinnitus_Elderly=Elderly (75+)
Personal Medical History	Personal Medical History		hearingvision_rxmedsfortinnitus	radio	single_select	43528829	2				yes	Are you currently prescribed medications and/or receiving treatment for tinnitus?	RxMedsforNearTinnitus_Yes=Yes | RxMedsforTinnitus_No=No
Personal Medical History	Personal Medical History		hearingvision_hearinglosscurrently	radio	single_select	43530341	2				yes	Are you still seeing a doctor or health care provider for severe hearing loss or partial deafness in one or both ears?	HearingLossCurrently_Yes=Yes | HearingLossCurrently_No=No
Personal Medical History	Personal Medical History		hearingvision_howoldwereyouhearingloss	radio	single_select	43530498	5				yes	About how old were you when you were first told you had severe hearing loss or partial deafness in one or both ears?	HowOldWereYouHearingLoss_Child=Child (0-11) | HowOldWereYouHearingLoss_Adolescent=Adolescent (12-17) | HowOldWereYouHearingLoss_Adult=Adult (18-64) | HowOldWereYouHearingLoss_OlderAdult=Older adult (65-74) | HowOldWereYouHearingLoss_Elderly=Elderly (75+)
Personal Medical History	Personal Medical History		hearingvision_rxmedsforhearingloss	radio	single_select	43528826	2				yes	Are you currently prescribed medications and/or receiving treatment for severe hearing loss or partial deafness in one or both ears?	RxMedsforNearHearingLoss_Yes=Yes | RxMedsforHearingLoss_No=No
Personal Medical History	Personal Medical History		otherhearingeye_freetextbox	text	free_text		0				yes	Please specify other hearing or eye condition.	
Personal Medical History	Personal Medical History		hearingvision_otherhearingeyeconditioncurrently	radio	single_select		2				yes	Are you still seeing a doctor or health care provider for other hearing or eye condition?	OtherHearingEyeConditionCurrently_Yes=Yes | OtherHearingEyeConditionCurrently_No=No
Personal Medical History	Personal Medical History		hearingvision_howoldwereyouotherhearingeyecondition	radio	single_select		5				yes	About how old were you when you were first told you had other hearing or eye condition?	HowOldWereYouOtherHearingEyeCondition_Child=Child (0-11) | HowOldWereYouOtherHearingEyeCondition_Adolescent=Adolescent (12-17) | HowOldWereYouOtherHearingEyeCondition_Adult=Adult (18-64) | HowOldWereYouOtherHearingEyeCondition_OlderAdult=Older adult (65-74) | HowOldWereYouOtherHearingEyeCondition_Elderly=Elderly (75+)
Personal Medical History	Personal Medical History		hearingvision_rxmedsforotherhearingeyecondition	radio	single_select		2				yes	Are you currently prescribed medications and/or receiving treatment for other hearing or eye condition?	RxMedsforNearOtherHearingEyeCondition_Yes=Yes | RxMedsforOtherHearingEyeCondition_No=No
Personal Medical History	Personal Medical History		infectiousdiseases_infectiousdiseasecondition	checkbox	multi_select		18				no	Has a doctor or health care provider ever told you that you have...? Select all that apply.	InfectiousDiseaseCondition_Chickenpox=Chickenpox | InfectiousDiseaseCondition_ChronicSinusInfection=Chronic sinus infections | InfectiousDiseaseCondition_DengueFever=Dengue fever | InfectiousDiseaseCondition_HepatitisA=Hepatitis A | InfectiousDiseaseCondition_HepatitisB=Hepatitis B | InfectiousDiseaseCondition_HepatitisC=Hepatitis C | InfectiousDiseaseCondition_HIVAIDS=HIV/AIDS | InfectiousDiseaseCondition_LymeDisease=Lyme disease | InfectiousDiseaseCondition_UrinaryTractInfection=Recurrent urinary tract infections (UTI)/bladder infections | InfectiousDiseaseCondition_YeastInfection=Recurrent yeast infections | InfectiousDiseaseCondition_SARS=Severe acute respiratory syndrome (SARS) | InfectiousDiseaseCondition_SexuallyTransmittedInfections=Sexually transmitted infections (Gonorrhea, Syphilis, Chlamydia) | InfectiousDiseaseCondition_Shingles=Shingles | InfectiousDiseaseCondition_Tuberculosis=Tuberculosis | InfectiousDiseaseCondition_WestNileVirus=West Nile virus | InfectiousDiseaseCondition_ZikaVirus=Zika virus | InfectiousDiseaseCondition_OtherInfectiousDisease=Other infectious disease | InfectiousDiseaseCondition_NoInfectiousDisease=I have/have had no infectious disease
Personal Medical History	Personal Medical History		infectiousdiseases_chickenpoxcurrently	radio	single_select	1384553	2				yes	Are you still seeing a doctor or health care provider for chickenpox?	ChickenpoxCurrently_Yes=Yes | ChickenpoxCurrently_No=No
Personal Medical History	Personal Medical History		infectiousdiseases_howoldwereyouchickenpox	radio	single_select	1384637	5				yes	About how old were you when you were first told you had chickenpox?	HowOldWereYouChickenpox_Child=Child (0-11) | HowOldWereYouChickenpox_Adolescent=Adolescent (12-17) | HowOldWereYouChickenpox_Adult=Adult (18-64) | HowOldWereYouChickenpox_OlderAdult=Older adult (65-74) | HowOldWereYouChickenpox_Elderly=Elderly (75+)
Personal Medical History	Personal Medical History		infectiousdiseases_rxmedsforchickenpox	radio	single_select	1384442	2				yes	Are you currently prescribed medications and/or receiving treatment for chickenpox?	RxMedsforChickenpox_Yes=Yes | RxMedsforChickenpox_No=No
Personal Medical History	Personal Medical History		infectiousdiseases_chronicsinuscurrently	radio	single_select	43530345	2				yes	Are you still seeing a doctor or health care provider for chronic sinus infections?	ChronicSinusCurrently_Yes=Yes | ChronicSinusCurrently_No=No
Personal Medical History	Personal Medical History		infectiousdiseases_howoldwereyouchronicsinus	radio	single_select	43530502	5				yes	About how old were you when you were first told you had chronic sinus infections?	HowOldWereYouChronicSinus_Child=Child (0-11) | HowOldWereYouChronicSinus_Adolescent=Adolescent (12-17) | HowOldWereYouChronicSinus_Adult=Adult (18-64) | HowOldWereYouChronicSinus_OlderAdult=Older adult (65-74) | HowOldWereYouChronicSinus_Elderly=Elderly (75+)
Personal Medical History	Personal Medical History		infectiousdiseases_rxmedsforchronicsinus	radio	single_select	43528830	2				yes	Are you currently prescribed medications and/or receiving treatment for chronic sinus infections?	RxMedsforChronicSinus_Yes=Yes | RxMedsforChronicSinus_No=No
Personal Medical History	Personal Medical History		infectiousdiseases_denguefevercurrently	radio	single_select	1384418	2				yes	Are you still seeing a doctor or health care provider for dengue fever?	DengueFeverCurrently_Yes=Yes | DengueFeverCurrently_No=No
Personal Medical History	Personal Medical History		infectiousdiseases_howoldwereyoudenguefever	radio	single_select	1384552	5				yes	About how old were you when you were first told you had dengue fever?	HowOldWereYouDengueFever_Child=Child (0-11) | HowOldWereYouDengueFever_Adolescent=Adolescent (12-17) | HowOldWereYouDengueFever_Adult=Adult (18-64) | HowOldWereYouDengueFever_OlderAdult=Older adult (65-74) | HowOldWereYouDengueFever_Elderly=Elderly (75+)
Personal Medical History	Personal Medical History		infectiousdiseases_rxmedsfordenguefever	radio	single_select	1384627	2				yes	Are you currently prescribed medications and/or receiving treatment for dengue fever?	RxMedsforDengueFever_Yes=Yes | RxMedsforDengueFever_No=No
Personal Medical History	Personal Medical History		infectiousdiseases_hepatitisacurrently	radio	single_select	1384401	2				yes	Are you still seeing a doctor or health care provider for hepatitis A?	HepatitisACurrently_Yes=Yes | HepatitisACurrently_No=No
Personal Medical History	Personal Medical History		infectiousdiseases_howoldwereyouhepatitisa	radio	single_select	1384619	5				yes	About how old were you when you were first told you had hepatitis A?	HowOldWereYouHepatitisA_Child=Child (0-11) | HowOldWereYouHepatitisA_Adolescent=Adolescent (12-17) | HowOldWereYouHepatitisA_Adult=Adult (18-64) | HowOldWereYouHepatitisA_OlderAdult=Older adult (65-74) | HowOldWereYouHepatitisA_Elderly=Elderly (75+)
Personal Medical History	Personal Medical History		infectiousdiseases_rxmedsforhepatitisa	radio	single_select	1384535	2				yes	Are you currently prescribed medications and/or receiving treatment for hepatitis A?	RxMedsforHepatitisA_Yes=Yes | RxMedsforHepatitisA_No=No
Personal Medical History	Personal Medical History		infectiousdiseases_hepatitisbcurrently	radio	single_select	1384506	2				yes	Are you still seeing a doctor or health care provider for hepatitis B?	HepatitisBCurrently_Yes=Yes | HepatitisBCurrently_No=No
Personal Medical History	Personal Medical History		infectiousdiseases_howoldwereyouhepatitisb	radio	single_select	1384620	5				yes	About how old were you when you were first told you had hepatitis B?	HowOldWereYouHepatitisB_Child=Child (0-11) | HowOldWereYouHepatitisB_Adolescent=Adolescent (12-17) | HowOldWereYouHepatitisB_Adult=Adult (18-64) | HowOldWereYouHepatitisB_OlderAdult=Older adult (65-74) | HowOldWereYouHepatitisB_Elderly=Elderly (75+)
Personal Medical History	Personal Medical History		infectiousdiseases_rxmedsforhepatitisb	radio	single_select	1384447	2				yes	Are you currently prescribed medications and/or receiving treatment for hepatitis B?	RxMedsforHepatitisB_Yes=Yes | RxMedsforHepatitisB_No=No
Personal Medical History	Personal Medical History		infectiousdiseases_hepatitisccurrently	radio	single_select	43530346	2				yes	Are you still seeing a doctor or health care provider for hepatitis C?	HepatitisCCurrently_Yes=Yes | HepatitisCCurrently_No=No
Personal Medical History	Personal Medical History		infectiousdiseases_howoldwereyouhepatitisc	radio	single_select	43530503	5				yes	About how old were you when you were first told you had hepatitis C?	HowOldWereYouHepatitisC_Child=Child (0-11) | HowOldWereYouHepatitisC_Adolescent=Adolescent (12-17) | HowOldWereYouHepatitisC_Adult=Adult (18-64) | HowOldWereYouHepatitisC_OlderAdult=Older adult (65-74) | HowOldWereYouHepatitisC_Elderly=Elderly (75+)
Personal Medical History	Personal Medical History		infectiousdiseases_rxmedsforhepatitisc	radio	single_select	43528831	2				yes	Are you currently prescribed medications and/or receiving treatment for hepatitis C?	RxMedsforHepatitisC_Yes=Yes | RxMedsforHepatitisC_No=No
Personal Medical History	Personal Medical History		infectiousdiseases_hivaidscurrently	radio	single_select	43530347	2				yes	Are you still seeing a doctor or health care provider for HIV/AIDS?	HIVAIDSCurrently_Yes=Yes | HIVAIDSCurrently_No=No
Personal Medical History	Personal Medical History		infectiousdiseases_howoldwereyouhivaids	radio	single_select	43530505	5				yes	About how old were you when you were first told you had HIV/AIDS?	HowOldWereYouHIVAIDS_Child=Child (0-11) | HowOldWereYouHIVAIDS_Adolescent=Adolescent (12-17) | HowOldWereYouHIVAIDS_Adult=Adult (18-64) | HowOldWereYouHIVAIDS_OlderAdult=Older adult (65-74) | HowOldWereYouHIVAIDS_Elderly=Elderly (75+)
Personal Medical History	Personal Medical History		infectiousdiseases_rxmedsforhivaids	radio	single_select	43528832	2				yes	Are you currently prescribed medications and/or receiving treatment for HIV/AIDS?	RxMedsforHIVAIDS_Yes=Yes | RxMedsforHIVAIDS_No=No
Personal Medical History	Personal Medical History		infectiousdiseases_lymediseasecurrently	radio	single_select	1384431	2				yes	Are you still seeing a doctor or health care provider for Lyme disease?	LymeDiseaseCurrently_Yes=Yes | LymeDiseaseCurrently_No=No
Personal Medical History	Personal Medical History		infectiousdiseases_howoldwereyoulymedisease	radio	single_select	1384432	5				yes	About how old were you when you were first told you had Lyme disease?	HowOldWereYouLymeDisease_Child=Child (0-11) | HowOldWereYouLymeDisease_Adolescent=Adolescent (12-17) | HowOldWereYouLymeDisease_Adult=Adult (18-64) | HowOldWereYouLymeDisease_OlderAdult=Older adult (65-74) | HowOldWereYouLymeDisease_Elderly=Elderly (75+)
Personal Medical History	Personal Medical History		infectiousdiseases_rxmedsforlymedisease	radio	single_select	1384628	2				yes	Are you currently prescribed medications and/or receiving treatment for Lyme disease?	RxMedsforLymeDisease_Yes=Yes | RxMedsforLymeDisease_No=No
Personal Medical History	Personal Medical History		infectiousdiseases_urinarytractcurrently	radio	single_select	43530349	2				yes	Are you still seeing a doctor or health care provider for recurrent urinary tract infections (UTI)/bladder infections?	UrinaryTractCurrently_Yes=Yes | UrinaryTractCurrently_No=No
Personal Medical History	Personal Medical History		infectiousdiseases_howoldwereyouurinarytract	radio	single_select	43530507	5				yes	About how old were you when you were first told you had recurrent urinary tract infections (UTI)/bladder infections?	HowOldWereYouUrinaryTract_Child=Child (0-11) | HowOldWereYouUrinaryTract_Adolescent=Adolescent (12-17) | HowOldWereYouUrinaryTract_Adult=Adult (18-64) | HowOldWereYouUrinaryTract_OlderAdult=Older adult (65-74) | HowOldWereYouUrinaryTract_Elderly=Elderly (75+)
Personal Medical History	Personal Medical History		infectiousdiseases_rxmedsforurinarytract	radio	single_select	43528834	2				yes	Are you currently prescribed medications and/or receiving treatment for recurrent urinary tract infections (UTI)/bladder infections?	RxMedsforUrinaryTract_Yes=Yes | RxMedsforUrinaryTract_No=No
Personal Medical History	Personal Medical History		infectiousdiseases_yeastinfectioncurrently	radio	single_select	1384465	2				yes	Are you still seeing a doctor or health care provider for recurrent yeast infections?	YeastInfectionCurrently_Yes=Yes | YeastInfectionCurrently_No=No
Personal Medical History	Personal Medical History		infectiousdiseases_howoldwereyouyeastinfection	radio	single_select	1384621	5				yes	About how old were you when you were first told you had recurrent yeast infections?	HowOldWereYouYeastInfection_Child=Child (0-11) | HowOldWereYouYeastInfection_Adolescent=Adolescent (12-17) | HowOldWereYouYeastInfection_Adult=Adult (18-64) | HowOldWereYouYeastInfection_OlderAdult=Older adult (65-74) | HowOldWereYouYeastInfection_Elderly=Elderly (75+)
Personal Medical History	Personal Medical History		infectiousdiseases_rxmedsforyeastinfection	radio	single_select	1384398	2				yes	Are you currently prescribed medications and/or receiving treatment for recurrent yeast infections?	RxMedsforYeastInfection_Yes=Yes | RxMedsforYeastInfection_No=No
Personal Medical History	Personal Medical History		infectiousdiseases_sarscurrently	radio	single_select	1384537	2				yes	Are you still seeing a doctor or health care provider for severe acute respiratory syndrome (SARS)?	SARSCurrently_Yes=Yes | SARSCurrently_No=No
Personal Medical History	Personal Medical History		infectiousdiseases_howoldwereyousars	radio	single_select	1384438	5				yes	About how old were you when you were first told you had severe acute respiratory syndrome (SARS)?	HowOldWereYouSARS_Child=Child (0-11) | HowOldWereYouSARS_Adolescent=Adolescent (12-17) | HowOldWereYouSARS_Adult=Adult (18-64) | HowOldWereYouSARS_OlderAdult=Older adult (65-74) | HowOldWereYouSARS_Elderly=Elderly (75+)
Personal Medical History	Personal Medical History		infectiousdiseases_rxmedsforsars	radio	single_select	1384642	2				yes	Are you currently prescribed medications and/or receiving treatment for severe acute respiratory syndrome (SARS)?	RxMedsforSARS_Yes=Yes | RxMedsforSARS_No=No
Personal Medical History	Personal Medical History		infectiousdiseases_stiscurrently	radio	single_select	1384463	2				yes	Are you still seeing a doctor or health care provider for sexually transmitted infections (Gonorrhea, Syphilis, Chlamydia)?	STIsCurrently_Yes=Yes | STIsCurrently_No=No
Personal Medical History	Personal Medical History		infectiousdiseases_howoldwereyoustis	radio	single_select	1384573	5				yes	About how old were you when you were first told you had sexually transmitted infections (Gonorrhea, Syphilis, Chlamydia)?	HowOldWereYouSTIs_Child=Child (0-11) | HowOldWereYouSTIs_Adolescent=Adolescent (12-17) | HowOldWereYouSTIs_Adult=Adult (18-64) | HowOldWereYouSTIs_OlderAdult=Older adult (65-74) | HowOldWereYouSTIs_Elderly=Elderly (75+)
Personal Medical History	Personal Medical History		infectiousdiseases_rxmedsforstis	radio	single_select	1384664	2				yes	Are you currently prescribed medications and/or receiving treatment for sexually transmitted infections (Gonorrhea, Syphilis, Chlamydia)?	RxMedsforSTIs_Yes=Yes | RxMedsforSTIs_No=No
Personal Medical History	Personal Medical History		infectiousdiseases_shinglescurrently	radio	single_select	1384511	2				yes	Are you still seeing a doctor or health care provider for shingles?	ShinglesCurrently_Yes=Yes | ShinglesCurrently_No=No
Personal Medical History	Personal Medical History		infectiousdiseases_howoldwereyoushingles	radio	single_select	1384416	5				yes	About how old were you when you were first told you had shingles?	HowOldWereYouShingles_Child=Child (0-11) | HowOldWereYouShingles_Adolescent=Adolescent (12-17) | HowOldWereYouShingles_Adult=Adult (18-64) | HowOldWereYouShingles_OlderAdult=Older adult (65-74) | HowOldWereYouShingles_Elderly=Elderly (75+)
Personal Medical History	Personal Medical History		infectiousdiseases_rxmedsforshingles	radio	single_select	1384505	2				yes	Are you currently prescribed medications and/or receiving treatment for shingles?	RxMedsforShingles_Yes=Yes | RxMedsforShingles_No=No
Personal Medical History	Personal Medical History		infectiousdiseases_tuberculosiscurrently	radio	single_select	43530348	2				yes	Are you still seeing a doctor or health care provider for tuberculosis?	TuberculosisCurrently_Yes=Yes | TuberculosisCurrently_No=No
Personal Medical History	Personal Medical History		infectiousdiseases_howoldwereyoutuberculosis	radio	single_select	43530506	5				yes	About how old were you when you were first told you had tuberculosis?	HowOldWereYouTuberculosis_Child=Child (0-11) | HowOldWereYouTuberculosis_Adolescent=Adolescent (12-17) | HowOldWereYouTuberculosis_Adult=Adult (18-64) | HowOldWereYouTuberculosis_OlderAdult=Older adult (65-74) | HowOldWereYouTuberculosis_Elderly=Elderly (75+)
Personal Medical History	Personal Medical History		infectiousdiseases_rxmedsfortuberculosis	radio	single_select	43528833	2				yes	Are you currently prescribed medications and/or receiving treatment for tuberculosis?	RxMedsforTuberculosis_Yes=Yes | RxMedsforTuberculosis_No=No
Personal Medical History	Personal Medical History		infectiousdiseases_westnileviruscurrently	radio	single_select	1384596	2				yes	Are you still seeing a doctor or health care provider for West Nile virus?	WestNileVirusCurrently_Yes=Yes | WestNileVirusCurrently_No=No
Personal Medical History	Personal Medical History		infectiousdiseases_howoldwereyouwestnilevirus	radio	single_select	1384652	5				yes	About how old were you when you were first told you had West Nile virus?	HowOldWereYouWestNileVirus_Child=Child (0-11) | HowOldWereYouWestNileVirus_Adolescent=Adolescent (12-17) | HowOldWereYouWestNileVirus_Adult=Adult (18-64) | HowOldWereYouWestNileVirus_OlderAdult=Older adult (65-74) | HowOldWereYouWestNileVirus_Elderly=Elderly (75+)
Personal Medical History	Personal Medical History		infectiousdiseases_rxmedsforwestnilevirus	radio	single_select	1384602	2				yes	Are you currently prescribed medications and/or receiving treatment for West Nile virus?	RxMedsforWestNileVirus_Yes=Yes | RxMedsforWestNileVirus_No=No
Personal Medical History	Personal Medical History		infectiousdiseases_zikaviruscurrently	radio	single_select	1384459	2				yes	Are you still seeing a doctor or health care provider for Zika virus?	ZikaVirusCurrently_Yes=Yes | ZikaVirusCurrently_No=No
Personal Medical History	Personal Medical History		infectiousdiseases_howoldwereyouzikavirus	radio	single_select	1384492	5				yes	About how old were you when you were first told you had Zika virus?	HowOldWereYouZikaVirus_Child=Child (0-11) | HowOldWereYouZikaVirus_Adolescent=Adolescent (12-17) | HowOldWereYouZikaVirus_Adult=Adult (18-64) | HowOldWereYouZikaVirus_OlderAdult=Older adult (65-74) | HowOldWereYouZikaVirus_Elderly=Elderly (75+)
Personal Medical History	Personal Medical History		infectiousdiseases_rxmedsforzikavirus	radio	single_select	1384424	2				yes	Are you currently prescribed medications and/or receiving treatment for Zika virus?	RxMedsforZikaVirus_Yes=Yes | RxMedsforZikaVirus_No=No
Personal Medical History	Personal Medical History		otherinfectiousdisease_freetextbox	text	free_text		0				yes	Please specify other infectious disease.	
Personal Medical History	Personal Medical History		infectiousdiseases_otherinfectiousdiseasecurrently	radio	single_select		2				yes	Are you still seeing a doctor or health care provider for other infectious disease?	OtherInfectiousDiseaseCurrently_Yes=Yes | OtherInfectiousDiseaseCurrently_No=No
Personal Medical History	Personal Medical History		infectiousdiseases_howoldwereyouotherinfectiousdisease	radio	single_select		5				yes	About how old were you when you were first told you had other infectious disease?	HowOldWereYouOtherInfectiousDisease_Child=Child (0-11) | HowOldWereYouOtherInfectiousDisease_Adolescent=Adolescent (12-17) | HowOldWereYouOtherInfectiousDisease_Adult=Adult (18-64) | HowOldWereYouOtherInfectiousDisease_OlderAdult=Older adult (65-74) | HowOldWereYouOtherInfectiousDisease_Elderly=Elderly (75+)
Personal Medical History	Personal Medical History		infectiousdiseases_rxmedsforotherinfectiousdisease	radio	single_select		2				yes	Are you currently prescribed medications and/or receiving treatment for other infectious disease?	RxMedsforOtherInfectiousDisease_Yes=Yes | RxMedsforOtherInfectiousDisease_No=No
Personal Medical History	Personal Medical History		nervoussystem_nervoussystemcondition	checkbox	multi_select		19				no	Has a doctor or health care provider ever told you that you have...? Select all that apply.	NervousSystemCondition_CerebralPalsy=Cerebral palsy | NervousSystemCondition_ChronicFatigue=Chronic fatigue | NervousSystemCondition_Concussion=Concussion or loss of consciousness | NervousSystemCondition_Dementia=Dementia | NervousSystemCondition_Epilepsy=Epilepsy or seizure | NervousSystemCondition_Insomnia=Insomnia | NervousSystemCondition_LouGehrigs=Lou Gehrig's disease (Amyotrophic Lateral Sclerosis or ALS) | NervousSystemCondition_MemoryLoss=Memory loss or impairment | NervousSystemCondition_Migraine=Migraine headaches | NervousSystemCondition_MultipleSclerosis=Multiple sclerosis | NervousSystemCondition_MuscularDystrophy=Muscular Dystrophy (MD) | NervousSystemCondition_Narcolepsy=Narcolepsy | NervousSystemCondition_Neuropathy=Neuropathy | NervousSystemCondition_ParkinsonsDisease=Parkinson's disease | NervousSystemCondition_RestlessLegSyndrome=Restless leg syndrome | NervousSystemCondition_SpinalCordInjury=Spinal cord injury or impairment | NervousSystemCondition_TraumaticBrainInjury=Traumatic brain injury (TBI) | NervousSystemCondition_OtherBrainNervousSystem=Other brain or nervous system condition | NervousSystemCondition_NoBrainNervousSystem=I have/have had no brain or nervous system condition
Personal Medical History	Personal Medical History		nervoussystem_cerebralpalsycurrently	radio	single_select	1384597	2				yes	Are you still seeing a doctor or health care provider for cerebral palsy?	CerebralPalsyCurrently_Yes=Yes | CerebralPalsyCurrently_No=No
Personal Medical History	Personal Medical History		nervoussystem_howoldwereyoucerebralpalsy	radio	single_select	1384426	5				yes	About how old were you when you were first told you had cerebral palsy?	HowOldWereYouCerebralPalsy_Child=Child (0-11) | HowOldWereYouCerebralPalsy_Adolescent=Adolescent (12-17) | HowOldWereYouCerebralPalsy_Adult=Adult (18-64) | HowOldWereYouCerebralPalsy_OlderAdult=Older adult (65-74) | HowOldWereYouCerebralPalsy_Elderly=Elderly (75+)
Personal Medical History	Personal Medical History		nervoussystem_rxmedsforcerebralpalsy	radio	single_select	1384482	2				yes	Are you currently prescribed medications and/or receiving treatment for cerebral palsy?	RxMedsforCerebralPalsy_Yes=Yes | RxMedsforCerebralPalsy_No=No
Personal Medical History	Personal Medical History		nervoussystem_chronicfatiguecurrently	radio	single_select	43530365	2				yes	Are you still seeing a doctor or health care provider for chronic fatigue?	ChronicFatigueCurrently_Yes=Yes | ChronicFatigueCurrently_No=No
Personal Medical History	Personal Medical History		nervoussystem_howoldwereyouchronicfatigue	radio	single_select	43530523	5				yes	About how old were you when you were first told you had chronic fatigue?	HowOldWereYouChronicFatigue_Child=Child (0-11) | HowOldWereYouChronicFatigue_Adolescent=Adolescent (12-17) | HowOldWereYouChronicFatigue_Adult=Adult (18-64) | HowOldWereYouChronicFatigue_OlderAdult=Older adult (65-74) | HowOldWereYouChronicFatigue_Elderly=Elderly (75+)
Personal Medical History	Personal Medical History		nervoussystem_rxmedsforchronicfatigue	radio	single_select	43528850	2				yes	Are you currently prescribed medications and/or receiving treatment for chronic fatigue?	RxMedsforChronicFatigue_Yes=Yes | RxMedsforChronicFatigue_No=No
Personal Medical History	Personal Medical History		nervoussystem_concussioncurrently	radio	single_select	43530366	2				yes	Are you still seeing a doctor or health care provider for concussion or loss of consciousness?	ConcussionCurrently_Yes=Yes | ConcussionCurrently_No=No
Personal Medical History	Personal Medical History		nervoussystem_howoldwereyouconcussion	radio	single_select	43530524	5				yes	About how old were you when you were first told you had concussion or loss of consciousness?	HowOldWereYouConcussion_Child=Child (0-11) | HowOldWereYouConcussion_Adolescent=Adolescent (12-17) | HowOldWereYouConcussion_Adult=Adult (18-64) | HowOldWereYouConcussion_OlderAdult=Older adult (65-74) | HowOldWereYouConcussion_Elderly=Elderly (75+)
Personal Medical History	Personal Medical History		nervoussystem_rxmedsforconcussion	radio	single_select	43528851	2				yes	Are you currently prescribed medications and/or receiving treatment for concussion or loss of consciousness?	RxMedsforConcussion_Yes=Yes | RxMedsforConcussion_No=No
Personal Medical History	Personal Medical History		nervoussystem_dementiacurrently	radio	single_select		2				yes	Are you still seeing a doctor or health care provider for dementia?	DementiaCurrently_Yes=Yes | DementiaCurrently_No=No
Personal Medical History	Personal Medical History		nervoussystem_howoldwereyoudementia	radio	single_select		5				yes	About how old were you when you were first told you had dementia?	HowOldWereYouDementia_Child=Child (0-11) | HowOldWereYouDementia_Adolescent=Adolescent (12-17) | HowOldWereYouDementia_Adult=Adult (18-64) | HowOldWereYouDementia_OlderAdult=Older adult (65-74) | HowOldWereYouDementia_Elderly=Elderly (75+)
Personal Medical History	Personal Medical History		nervoussystem_rxmedsfordementia	radio	single_select		2				yes	Are you currently prescribed medications and/or receiving treatment for dementia?	RxMedsforDementia_Yes=Yes | RxMedsforDementia_No=No
Personal Medical History	Personal Medical History		nervoussystem_epilepsycurrently	radio	single_select	43530368	2				yes	Are you still seeing a doctor or health care provider for epilepsy or seizure?	EpilepsyCurrently_Yes=Yes | EpilepsyCurrently_No=No
Personal Medical History	Personal Medical History		nervoussystem_howoldwereyouepilepsy	radio	single_select	43530526	5				yes	About how old were you when you were first told you had epilepsy or seizure?	HowOldWereYouEpilepsy_Child=Child (0-11) | HowOldWereYouEpilepsy_Adolescent=Adolescent (12-17) | HowOldWereYouEpilepsy_Adult=Adult (18-64) | HowOldWereYouEpilepsy_OlderAdult=Older adult (65-74) | HowOldWereYouEpilepsy_Elderly=Elderly (75+)
Personal Medical History	Personal Medical History		nervoussystem_rxmedsforepilepsy	radio	single_select	43528853	2				yes	Are you currently prescribed medications and/or receiving treatment for epilepsy or seizure?	RxMedsforEpilepsy_Yes=Yes | RxMedsforEpilepsy_No=No
Personal Medical History	Personal Medical History		nervoussystem_insomniacurrently	radio	single_select	43530369	2				yes	Are you still seeing a doctor or health care provider for insomnia?	InsomniaCurrently_Yes=Yes | InsomniaCurrently_No=No
Personal Medical History	Personal Medical History		nervoussystem_howoldwereyouinsomnia	radio	single_select	43530527	5				yes	About how old were you when you were first told you had insomnia?	HowOldWereYouInsomnia_Child=Child (0-11) | HowOldWereYouInsomnia_Adolescent=Adolescent (12-17) | HowOldWereYouInsomnia_Adult=Adult (18-64) | HowOldWereYouInsomnia_OlderAdult=Older adult (65-74) | HowOldWereYouInsomnia_Elderly=Elderly (75+)
Personal Medical History	Personal Medical History		nervoussystem_rxmedsforinsomnia	radio	single_select	43528854	2				yes	Are you currently prescribed medications and/or receiving treatment for insomnia?	RxMedsforInsomnia_Yes=Yes | RxMedsforInsomnia_No=No
Personal Medical History	Personal Medical History		nervoussystem_lougehrigsdiseasecurrently	radio	single_select		2				yes	Are you still seeing a doctor or health care provider for Lou Gehrig's disease (Amyotrophic Lateral Sclerosis or ALS)?	LouGehrigsDisease_Yes=Yes | LouGehrigsDisease_No=No
Personal Medical History	Personal Medical History		nervoussystem_howoldwereyoulougehrigsdisease	radio	single_select		5				yes	About how old were you when you were first told you had Lou Gehrig's disease (Amyotrophic Lateral Sclerosis or ALS)?	HowOldWereYouLouGehrigsDisease_Child=Child (0-11) | HowOldWereYouLouGehrigsDisease_Adolescent=Adolescent (12-17) | HowOldWereYouLouGehrigsDisease_Adult=Adult (18-64) | HowOldWereYouLouGehrigsDisease_OlderAdult=Older adult (65-74) | HowOldWereYouLouGehrigsDisease_Elderly=Elderly (75+)
Personal Medical History	Personal Medical History		nervoussystem_rxmedsforlougehrigsdisease	radio	single_select		2				yes	Are you currently prescribed medications and/or receiving treatment for Lou Gehrig's disease (Amyotrophic Lateral Sclerosis or ALS)?	RxMedsforLouGehrigsDisease_Yes=Yes | RxMedsforLouGehrigsDisease_No=No
Personal Medical History	Personal Medical History		nervoussystem_memorylosscurrently	radio	single_select	43530370	2				yes	Are you still seeing a doctor or health care provider for memory loss or impairment?	MemoryLossCurrently_Yes=Yes | MemoryLossCurrently_No=No
Personal Medical History	Personal Medical History		nervoussystem_howoldwereyoumemoryloss	radio	single_select	43530528	5				yes	About how old were you when you were first told you had memory loss or impairment?	HowOldWereYouMemoryLoss_Child=Child (0-11) | HowOldWereYouMemoryLoss_Adolescent=Adolescent (12-17) | HowOldWereYouMemoryLoss_Adult=Adult (18-64) | HowOldWereYouMemoryLoss_OlderAdult=Older adult (65-74) | HowOldWereYouMemoryLoss_Elderly=Elderly (75+)
Personal Medical History	Personal Medical History		nervoussystem_rxmedsformemoryloss	radio	single_select	43528855	2				yes	Are you currently prescribed medications and/or receiving treatment for memory loss or impairment?	RxMedsforMemoryLoss_Yes=Yes | RxMedsforMemoryLoss_No=No
Personal Medical History	Personal Medical History		nervoussystem_migrainecurrently	radio	single_select	43530371	2				yes	Are you still seeing a doctor or health care provider for migraine headaches?	MigraineCurrently_Yes=Yes | MigraineCurrently_No=No
Personal Medical History	Personal Medical History		nervoussystem_howoldwereyoumigraine	radio	single_select	43530529	5				yes	About how old were you when you were first told you had migraine headaches?	HowOldWereYouMigraine_Child=Child (0-11) | HowOldWereYouMigraine_Adolescent=Adolescent (12-17) | HowOldWereYouMigraine_Adult=Adult (18-64) | HowOldWereYouMigraine_OlderAdult=Older adult (65-74) | HowOldWereYouMigraine_Elderly=Elderly (75+)
Personal Medical History	Personal Medical History		nervoussystem_rxmedsformigraine	radio	single_select	43528856	2				yes	Are you currently prescribed medications and/or receiving treatment for migraine headaches?	RxMedsforMigraine_Yes=Yes | RxMedsforMigraine_No=No
Personal Medical History	Personal Medical History		nervoussystem_multiplesclerosiscurrently	radio	single_select		2				yes	Are you still seeing a doctor or health care provider for multiple sclerosis?	MultipleSclerosisCurrently_Yes=Yes | MultipleSclerosisCurrently_No=No
Personal Medical History	Personal Medical History		nervoussystem_howoldwereyoumultiplesclerosis	radio	single_select		5				yes	About how old were you when you were first told you had multiple sclerosis?	HowOldWereYouMultipleSclerosis_Child=Child (0-11) | HowOldWereYouMultipleSclerosis_Adolescent=Adolescent (12-17) | HowOldWereYouMultipleSclerosis_Adult=Adult (18-64) | HowOldWereYouMultipleSclerosis_OlderAdult=Older adult (65-74) | HowOldWereYouMultipleSclerosis_Elderly=Elderly (75+)
Personal Medical History	Personal Medical History		nervoussystem_rxmedsformultiplesclerosis	radio	single_select		2				yes	Are you currently prescribed medications and/or receiving treatment for multiple sclerosis?	RxMedsforMultipleSclerosis_Yes=Yes | RxMedsforMultipleSclerosis_No=No
Personal Medical History	Personal Medical History		nervoussystem_musculardystrophycurrently	radio	single_select	43530373	2				yes	Are you still seeing a doctor or health care provider for Muscular Dystrophy (MD)?	MuscularDystrophyCurrently_Yes=Yes | MuscularDystrophyCurrently_No=No
Personal Medical History	Personal Medical History		nervoussystem_howoldwereyoumusculardystrophy	radio	single_select	43530531	5				yes	About how old were you when you were first told you had Muscular Dystrophy (MD)?	HowOldWereYouMuscularDystrophy_Child=Child (0-11) | HowOldWereYouMuscularDystrophy_Adolescent=Adolescent (12-17) | HowOldWereYouMuscularDystrophy_Adult=Adult (18-64) | HowOldWereYouMuscularDystrophy_OlderAdult=Older adult (65-74) | HowOldWereYouMuscularDystrophy_Elderly=Elderly (75+)
Personal Medical History	Personal Medical History		nervoussystem_rxmedsformusculardystrophy	radio	single_select	43528858	2				yes	Are you currently prescribed medications and/or receiving treatment for Muscular Dystrophy (MD)?	RxMedsforMuscularDystrophy_Yes=Yes | RxMedsforMuscularDystrophy_No=No
Personal Medical History	Personal Medical History		nervoussystem_narcolepsycurrently	radio	single_select	43530374	2				yes	Are you still seeing a doctor or health care provider for narcolepsy?	NarcolepsyCurrently_Yes=Yes | NarcolepsyCurrently_No=No
Personal Medical History	Personal Medical History		nervoussystem_howoldwereyounarcolepsy	radio	single_select	43530532	5				yes	About how old were you when you were first told you had narcolepsy?	HowOldWereYouNarcolepsy_Child=Child (0-11) | HowOldWereYouNarcolepsy_Adolescent=Adolescent (12-17) | HowOldWereYouNarcolepsy_Adult=Adult (18-64) | HowOldWereYouNarcolepsy_OlderAdult=Older adult (65-74) | HowOldWereYouNarcolepsy_Elderly=Elderly (75+)
Personal Medical History	Personal Medical History		nervoussystem_rxmedsfornarcolepsy	radio	single_select	43528859	2				yes	Are you currently prescribed medications and/or receiving treatment for narcolepsy?	RxMedsforNarcolepsy_Yes=Yes | RxMedsforNarcolepsy_No=No
Personal Medical History	Personal Medical History		nervoussystem_neuropathycurrently	radio	single_select	43530375	2				yes	Are you still seeing a doctor or health care provider for neuropathy?	NeuropathyCurrently_Yes=Yes | NeuropathyCurrently_No=No
Personal Medical History	Personal Medical History		nervoussystem_howoldwereyouneuropathy	radio	single_select	43530533	5				yes	About how old were you when you were first told you had neuropathy?	HowOldWereYouNeuropathy_Child=Child (0-11) | HowOldWereYouNeuropathy_Adolescent=Adolescent (12-17) | HowOldWereYouNeuropathy_Adult=Adult (18-64) | HowOldWereYouNeuropathy_OlderAdult=Older adult (65-74) | HowOldWereYouNeuropathy_Elderly=Elderly (75+)
Personal Medical History	Personal Medical History		nervoussystem_rxmedsforneuropathy	radio	single_select	43528860	2				yes	Are you currently prescribed medications and/or receiving treatment for neuropathy?	RxMedsforNeuropathy_Yes=Yes | RxMedsforNeuropathy_No=No
Personal Medical History	Personal Medical History		nervoussystem_parkinsonsdiseasecurrently	radio	single_select	43530377	2				yes	Are you still seeing a doctor or health care provider for Parkinson's disease?	ParkinsonsDiseaseCurrently_Yes=Yes | ParkinsonsDiseaseCurrently_No=No
Personal Medical History	Personal Medical History		nervoussystem_howoldwereyouparkinsonsdisease	radio	single_select	43530536	5				yes	About how old were you when you were first told you had Parkinson's disease?	HowOldWereYouParkinsonsDisease_Child=Child (0-11) | HowOldWereYouParkinsonsDisease_Adolescent=Adolescent (12-17) | HowOldWereYouParkinsonsDisease_Adult=Adult (18-64) | HowOldWereYouParkinsonsDisease_OlderAdult=Older adult (65-74) | HowOldWereYouParkinsonsDisease_Elderly=Elderly (75+)
Personal Medical History	Personal Medical History		nervoussystem_rxmedsforparkinsonsdisease	radio	single_select	43528862	2				yes	Are you currently prescribed medications and/or receiving treatment for Parkinson's disease?	RxMedsforParkinsonsDisease_Yes=Yes | RxMedsforParkinsonsDisease_No=No
Personal Medical History	Personal Medical History		nervoussystem_restlesslegcurrently	radio	single_select	43530378	2				yes	Are you still seeing a doctor or health care provider for restless leg syndrome?	RestlessLegCurrently_Yes=Yes | RestlessLegCurrently_No=No
Personal Medical History	Personal Medical History		nervoussystem_howoldwereyourestlessleg	radio	single_select	43530537	5				yes	About how old were you when you were first told you had restless leg syndrome?	HowOldWereYouRestlessLeg_Child=Child (0-11) | HowOldWereYouRestlessLeg_Adolescent=Adolescent (12-17) | HowOldWereYouRestlessLeg_Adult=Adult (18-64) | HowOldWereYouRestlessLeg_OlderAdult=Older adult (65-74) | HowOldWereYouRestlessLeg_Elderly=Elderly (75+)
Personal Medical History	Personal Medical History		nervoussystem_rxmedsforrestlessleg	radio	single_select	43528863	2				yes	Are you currently prescribed medications and/or receiving treatment for restless leg syndrome?	RxMedsforRestlessLeg_Yes=Yes | RxMedsforRestlessLeg_No=No
Personal Medical History	Personal Medical History		nervoussystem_spinalcordinjurycurrently	radio	single_select	43530379	2				yes	Are you still seeing a doctor or health care provider for spinal cord injury or impairment?	SpinalCordInjuryCurrently_Yes=Yes | SpinalCordInjuryCurrently_No=No
Personal Medical History	Personal Medical History		nervoussystem_howoldwereyouspinalcordinjury	radio	single_select	1384655	5				yes	About how old were you when you were first told you had spinal cord injury or impairment?	HowOldWereYouSpinalCordInjury_Child=Child (0-11) | HowOldWereYouSpinalCordInjury_Adolescent=Adolescent (12-17) | HowOldWereYouSpinalCordInjury_Adult=Adult (18-64) | HowOldWereYouSpinalCordInjury_OlderAdult=Older adult (65-74) | HowOldWereYouSpinalCordInjury_Elderly=Elderly (75+)
Personal Medical History	Personal Medical History		nervoussystem_rxmedsforspinalcordinjury	radio	single_select	43528864	2				yes	Are you currently prescribed medications and/or receiving treatment for spinal cord injury or impairment?	RxMedsforSpinalCordInjury_Yes=Yes | RxMedsforSpinalCordInjury_No=No
Personal Medical History	Personal Medical History		nervoussystem_traumaticbraininjurycurrently	radio	single_select	43530380	2				yes	Are you still seeing a doctor or health care provider for traumatic brain injury (TBI)?	TraumaBrainInjuryCurrently_Yes=Yes | TraumaBrainInjuryCurrently_No=No
Personal Medical History	Personal Medical History		nervoussystem_howoldwereyoutraumabraininjury	radio	single_select	43530538	5				yes	About how old were you when you were first told you had traumatic brain injury (TBI)?	HowOldWereYouTraumaBrainInjury_Child=Child (0-11) | HowOldWereYouTraumaBrainInjury_Adolescent=Adolescent (12-17) | HowOldWereYouTraumaBrainInjury_Adult=Adult (18-64) | HowOldWereYouTraumaBrainInjury_OlderAdult=Older adult (65-74) | HowOldWereYouTraumaBrainInjury_Elderly=Elderly (75+)
Personal Medical History	Personal Medical History		nervoussystem_rxmedsfortraumabraininjury	radio	single_select	43528865	2				yes	Are you currently prescribed medications and/or receiving treatment for traumatic brain injury (TBI)?	RxMedsforTraumaBrainInjury_Yes=Yes | RxMedsforTraumaBrainInjury_No=No
Personal Medical History	Personal Medical History		otherbrainnervoussystem_freetextbox	text	free_text		0				yes	Please specify other brain or nervous system condition.	
Personal Medical History	Personal Medical History		nervoussystem_otherbrainnervoussystemcurrently	radio	single_select		2				yes	Are you still seeing a doctor or health care provider for other brain or nervous system condition?	OtherBrainNervousSystemCurrently_Yes=Yes | OtherBrainNervousSystemCurrently_No=No
Personal Medical History	Personal Medical History		nervoussystem_howoldwereyouotherbrainnervoussystem	radio	single_select		5				yes	About how old were you when you were first told you had other brain or nervous system condition?	HowOldWereYouOtherBrainNervousSystem_Child=Child (0-11) | HowOldWereYouOtherBrainNervousSystem_Adolescent=Adolescent (12-17) | HowOldWereYouOtherBrainNervousSystem_Adult=Adult (18-64) | HowOldWereYouOtherBrainNervousSystem_OlderAdult=Older adult (65-74) | HowOldWereYouOtherBrainNervousSystem_Elderly=Elderly (75+)
Personal Medical History	Personal Medical History		nervoussystem_rxmedsforotherbrainnervoussystem	radio	single_select		2				yes	Are you currently prescribed medications and/or receiving treatment for other brain or nervous system condition?	RxMedsforOtherBrainNervousSystem_Yes=Yes | RxMedsforOtherBrainorNervousSystem_No=No
Personal Medical History	Personal Medical History		mentalhealth_mentalhealthcondition	checkbox	multi_select		14				no	Has a doctor or health care provider ever told you that you have...? Select all that apply.	MentalHealthCondition_AlcoholUse=Alcohol use disorder | MentalHealthCondition_Anxiety=Anxiety reaction/panic disorder | MentalHealthCondition_ADHD=Attention-deficit/hyperactivity disorder (ADHD) | MentalHealthCondition_AutismSpectrum=Autism spectrum disorder | MentalHealthCondition_Bipolar=Bipolar disorder | MentalHealthCondition_Depression=Depression | MentalHealthCondition_DrugUse=Drug use disorder | MentalHealthCondition_EatingDisorder=Eating disorder | MentalHealthCondition_PersonalityDisorder=Personality disorder | MentalHealthCondition_PTSD=Post-traumatic stress disorder (PTSD) | MentalHealthCondition_Schizophrenia=Schizophrenia | MentalHealthCondition_SocialPhobia=Social phobia | MentalHealthCondition_OtherMentalHealthSubstanceUse=Other mental health or substance use condition | MentalHealthCondition_NoMentalHealthSubstanceUse=I have/have had no mental health or substance use condition
Personal Medical History	Personal Medical History		mentalhealth_alcoholdisordercurrently	radio	single_select	1384490	2				yes	Are you still seeing a doctor or health care provider for alcohol use disorder?	AlcoholOrDrugCurrently_Yes=Yes | AlcoholOrDrugCurrently_No=No
Personal Medical History	Personal Medical History		mentalhealth_howoldwereyoualcoholdisorder	radio	single_select	1384625	5				yes	About how old were you when you were first told you had alcohol use disorder?	HowOldWereYouAlcoholDisorder_Child=Child (0-11) | HowOldWereYouAlcoholDisorder_Adolescent=Adolescent (12-17) | HowOldWereYouAlcoholDisorder_Adult=Adult (18-64) | HowOldWereYouAlcoholDisorder_OlderAdult=Older adult (65-74) | HowOldWereYouAlcoholDisorder_Elderly=Elderly (75+)
Personal Medical History	Personal Medical History		mentalhealth_rxmedsforalcoholdisorder	radio	single_select	1384518	2				yes	Are you currently prescribed medications and/or receiving treatment for alcohol use disorder?	RxMedsforAlcoholOrDrug_Yes=Yes | RxMedsforAlcoholOrDrug_No=No
Personal Medical History	Personal Medical History		mentalhealth_anxietycurrently	radio	single_select	43530356	2				yes	Are you still seeing a doctor or health care provider for anxiety reaction/panic disorder?	AnxietyCurrently_Yes=Yes | AnxietyCurrently_No=No
Personal Medical History	Personal Medical History		mentalhealth_howoldwereyouanxiety	radio	single_select	43530514	5				yes	About how old were you when you were first told you had anxiety reaction/panic disorder?	HowOldWereYouAnxiety_Child=Child (0-11) | HowOldWereYouAnxiety_Adolescent=Adolescent (12-17) | HowOldWereYouAnxiety_Adult=Adult (18-64) | HowOldWereYouAnxiety_OlderAdult=Older adult (65-74) | HowOldWereYouAnxiety_Elderly=Elderly (75+)
Personal Medical History	Personal Medical History		mentalhealth_rxmedsforanxiety	radio	single_select	43528841	2				yes	Are you currently prescribed medications and/or receiving treatment for anxiety reaction/panic disorder?	RxMedsforAnxiety_Yes=Yes | RxMedsforAnxiety_No=No
Personal Medical History	Personal Medical History		mentalhealth_adhdcurrently	radio	single_select	43530354	2				yes	Are you still seeing a doctor or health care provider for attention-deficit/hyperactivity disorder (ADHD)?	ADHDCurrently_Yes=Yes | ADHDCurrently_No=No
Personal Medical History	Personal Medical History		mentalhealth_howoldwereyouadhd	radio	single_select	43530512	5				yes	About how old were you when you were first told you had attention-deficit/hyperactivity disorder (ADHD)?	HowOldWereYouADHD_Child=Child (0-11) | HowOldWereYouADHD_Adolescent=Adolescent (12-17) | HowOldWereYouADHD_Adult=Adult (18-64) | HowOldWereYouADHD_OlderAdult=Older adult (65-74) | HowOldWereYouADHD_Elderly=Elderly (75+)
Personal Medical History	Personal Medical History		mentalhealth_rxmedsforadhd	radio	single_select	43528839	2				yes	Are you currently prescribed medications and/or receiving treatment for attention-deficit/hyperactivity disorder (ADHD)?	RxMedsforADHD_Yes=Yes | RxMedsforADHD_No=No
Personal Medical History	Personal Medical History		mentalhealth_autismcurrently	radio	single_select	1384630	2				yes	Are you still seeing a doctor or health care provider for autism spectrum disorder?	AutismCurrently_Yes=Yes | AutismCurrently_No=No
Personal Medical History	Personal Medical History		mentalhealth_howoldwereyouautism	radio	single_select	1384574	5				yes	About how old were you when you were first told you had autism spectrum disorder?	HowOldWereYouAutism_Child=Child (0-11) | HowOldWereYouAutism_Adolescent=Adolescent (12-17) | HowOldWereYouAutism_Adult=Adult (18-64) | HowOldWereYouAutism_OlderAdult=Older adult (65-74) | HowOldWereYouAutism_Elderly=Elderly (75+)
Personal Medical History	Personal Medical History		mentalhealth_rxmedsforautism	radio	single_select	1384486	2				yes	Are you currently prescribed medications and/or receiving treatment for autism spectrum disorder?	RxMedsforAutism_Yes=Yes | RxMedsforAutism_No=No
Personal Medical History	Personal Medical History		mentalhealth_bipolarcurrently	radio	single_select	43530357	2				yes	Are you still seeing a doctor or health care provider for bipolar disorder?	BipolarCurrently_Yes=Yes | BipolarCurrently_No=No
Personal Medical History	Personal Medical History		mentalhealth_howoldwereyoubipolar	radio	single_select	43530515	5				yes	About how old were you when you were first told you had bipolar disorder?	HowOldWereYouBipolar_Child=Child (0-11) | HowOldWereYouBipolar_Adolescent=Adolescent (12-17) | HowOldWereYouBipolar_Adult=Adult (18-64) | HowOldWereYouBipolar_OlderAdult=Older adult (65-74) | HowOldWereYouBipolar_Elderly=Elderly (75+)
Personal Medical History	Personal Medical History		mentalhealth_rxmedsforbipolar	radio	single_select	43528842	2				yes	Are you currently prescribed medications and/or receiving treatment for bipolar disorder?	RxMedsforBipolar_Yes=Yes | RxMedsforBipolar_No=No
Personal Medical History	Personal Medical History		mentalhealth_depressioncurrently	radio	single_select	43530358	2				yes	Are you still seeing a doctor or health care provider for depression?	DepressionCurrently_Yes=Yes | DepressionCurrently_No=No
Personal Medical History	Personal Medical History		mentalhealth_howoldwereyoudepression	radio	single_select	43530516	5				yes	About how old were you when you were first told you had depression?	HowOldWereYouDepression_Child=Child (0-11) | HowOldWereYouDepression_Adolescent=Adolescent (12-17) | HowOldWereYouDepression_Adult=Adult (18-64) | HowOldWereYouDepression_OlderAdult=Older adult (65-74) | HowOldWereYouDepression_Elderly=Elderly (75+)
Personal Medical History	Personal Medical History		mentalhealth_rxmedsfordepression	radio	single_select	43528843	2				yes	Are you currently prescribed medications and/or receiving treatment for depression?	RxMedsforDepression_Yes=Yes | RxMedsforDepression_No=No
Personal Medical History	Personal Medical History		mentalhealth_drugusedisordercurrently	radio	single_select	1384480	2				yes	Are you still seeing a doctor or health care provider for a drug use disorder?	DrugUseDisorderCurrently_Yes=Yes | DrugUseDisorderCurrently_No=No
Personal Medical History	Personal Medical History		mentalhealth_howoldwereyoudrugusedisorder	radio	single_select	1384514	5				yes	About how old were you when you were first told you had a drug use disorder?	HowOldWereYouDrugUseDisorder_Child=Child (0-11) | HowOldWereYouDrugUseDisorder_Adolescent=Adolescent (12-17) | HowOldWereYouDrugUseDisorder_Adult=Adult (18-64) | HowOldWereYouDrugUseDisorder_OlderAdult=Older adult (65-74) | HowOldWereYouDrugUseDisorder_Elderly=Elderly (75+)
Personal Medical History	Personal Medical History		mentalhealth_rxmedsfordrugusedisorder	radio	single_select	1384601	2				yes	Are you currently prescribed medications and/or receiving treatment for a drug use disorder?	RxMedsforDrugUseDisorder_Yes=Yes | RxMedsforDrugUseDisorder_No=No
Personal Medical History	Personal Medical History		mentalhealth_eatingdisordercurrently	radio	single_select	43530359	2				yes	Are you still seeing a doctor or health care provider for an eating disorder?	EatingDisorderCurrently_Yes=Yes | EatingDisorderCurrently_No=No
Personal Medical History	Personal Medical History		mentalhealth_howoldwereyoueatingdisorder	radio	single_select	43530517	5				yes	About how old were you when you were first told you had an eating disorder?	HowOldWereYouEatingDisorder_Child=Child (0-11) | HowOldWereYouEatingDisorder_Adolescent=Adolescent (12-17) | HowOldWereYouEatingDisorder_Adult=Adult (18-64) | HowOldWereYouEatingDisorder_OlderAdult=Older adult (65-74) | HowOldWereYouEatingDisorder_Elderly=Elderly (75+)
Personal Medical History	Personal Medical History		mentalhealth_rxmedsforeatingdisorder	radio	single_select	43528844	2				yes	Are you currently prescribed medications and/or receiving treatment for an eating disorder?	RxMedsforEatingDisorder_Yes=Yes | RxMedsforEatingDisorder_No=No
Personal Medical History	Personal Medical History		mentalhealth_personalitydisordercurrently	radio	single_select	43530360	2				yes	Are you still seeing a doctor or health care provider for a personality disorder?	PersonalityDisorderCurrently_Yes=Yes | PersonalityDisorderCurrently_No=No
Personal Medical History	Personal Medical History		mentalhealth_howoldwereyoupersonalitydisorder	radio	single_select	43530518	5				yes	About how old were you when you were first told you had a personality disorder?	HowOldWereYouPersonalityDisorder_Child=Child (0-11) | HowOldWereYouPersonalityDisorder_Adolescent=Adolescent (12-17) | HowOldWereYouPersonalityDisorder_Adult=Adult (18-64) | HowOldWereYouPersonalityDisorder_OlderAdult=Older adult (65-74) | HowOldWereYouPersonalityDisorder_Elderly=Elderly (75+)
Personal Medical History	Personal Medical History		mentalhealth_rxmedsforpersonalitydisorder	radio	single_select	43528845	2				yes	Are you currently prescribed medications and/or receiving treatment for a personality disorder?	RxMedsforPersonalityDisorder_Yes=Yes | RxMedsforPersonalityDisorder_No=No
Personal Medical History	Personal Medical History		mentalhealth_ptsdcurrently	radio	single_select	43530361	2				yes	Are you still seeing a doctor or health care provider for post-traumatic stress disorder (PTSD)?	PTSDCurrently_Yes=Yes | PTSDCurrently_No=No
Personal Medical History	Personal Medical History		mentalhealth_howoldwereyouptsd	radio	single_select	43530519	5				yes	About how old were you when you were first told you had post-traumatic stress disorder (PTSD)?	HowOldWereYouPTSD_Child=Child (0-11) | HowOldWereYouPTSD_Adolescent=Adolescent (12-17) | HowOldWereYouPTSD_Adult=Adult (18-64) | HowOldWereYouPTSD_OlderAdult=Older adult (65-74) | HowOldWereYouPTSD_Elderly=Elderly (75+)
Personal Medical History	Personal Medical History		mentalhealth_rxmedsforptsd	radio	single_select	43528846	2				yes	Are you currently prescribed medications and/or receiving treatment for post-traumatic stress disorder (PTSD)?	RxMedsforPTSD_Yes=Yes | RxMedsforPTSD_No=No
Personal Medical History	Personal Medical History		mentalhealth_schizophreniacurrently	radio	single_select	43530362	2				yes	Are you still seeing a doctor or health care provider for schizophrenia?	SchizophreniaCurrently_Yes=Yes | SchizophreniaCurrently_No=No
Personal Medical History	Personal Medical History		mentalhealth_howoldwereyouschizophrenia	radio	single_select	43530520	5				yes	About how old were you when you were first told you had schizophrenia?	HowOldWereYouSchizophrenia_Child=Child (0-11) | HowOldWereYouSchizophrenia_Adolescent=Adolescent (12-17) | HowOldWereYouSchizophrenia_Adult=Adult (18-64) | HowOldWereYouSchizophrenia_OlderAdult=Older adult (65-74) | HowOldWereYouSchizophrenia_Elderly=Elderly (75+)
Personal Medical History	Personal Medical History		mentalhealth_rxmedsforschizophrenia	radio	single_select	43528847	2				yes	Are you currently prescribed medications and/or receiving treatment for schizophrenia?	RxMedsforSchizophrenia_Yes=Yes | RxMedsforSchizophrenia_No=No
Personal Medical History	Personal Medical History		mentalhealth_socialphobiacurrently	radio	single_select	43530363	2				yes	Are you still seeing a doctor or health care provider for a social phobia?	SocialPhobiaCurrently_Yes=Yes | SocialPhobiaCurrently_No=No
Personal Medical History	Personal Medical History		mentalhealth_howoldwereyousocialphobia	radio	single_select	43530521	5				yes	About how old were you when you were first told you had a social phobia?	HowOldWereYouSocialPhobia_Child=Child (0-11) | HowOldWereYouSocialPhobia_Adolescent=Adolescent (12-17) | HowOldWereYouSocialPhobia_Adult=Adult (18-64) | HowOldWereYouSocialPhobia_OlderAdult=Older adult (65-74) | HowOldWereYouSocialPhobia_Elderly=Elderly (75+)
Personal Medical History	Personal Medical History		mentalhealth_rxmedsforsocialphobia	radio	single_select	43528848	2				yes	Are you currently prescribed medications and/or receiving treatment for a social phobia?	RxMedsforSocialPhobia_Yes=Yes | RxMedsforSocialPhobia_No=No
Personal Medical History	Personal Medical History		othermentalhealthsubstanceuse_freetextbox	text	free_text		0				yes	Please specify other mental health or substance use condition.	
Personal Medical History	Personal Medical History		mentalhealth_othermentalhealthsubstanceusecurrently	radio	single_select		2				yes	Are you still seeing a doctor or health care provider for other mental health or substance use condition?	OtherMentalHealthSubstanceUseCurrently_Yes=Yes | OtherMentalHealthSubstanceUseCurrently_No=No
Personal Medical History	Personal Medical History		mentalhealth_howoldwereyouothermentalhealthsubstanceuse	radio	single_select		5				yes	About how old were you when you were first told you had other mental health or substance use condition?	HowOldWereYouOtherMentalHealthSubstanceUse_Child=Child (0-11) | HowOldWereYouOtherMentalHealthSubstanceUse_Adolescent=Adolescent (12-17) | HowOldWereYouOtherMentalHealthSubstanceUse_Adult=Adult (18-64) | HowOldWereYouOtherMentalHealthSubstanceUse_OlderAdult=Older adult (65-74) | HowOldWereYouOtherMentalHealthSubstanceUse_Elderly=Elderly (75+)
Personal Medical History	Personal Medical History		mentalhealth_rxmedsforothermentalhealthsubstanceuse	radio	single_select		2				yes	Are you currently prescribed medications and/or receiving treatment for other mental health or substance use condition?	RxMedsforOtherMentalHealthSubstanceUse_Yes=Yes | RxMedsforOtherMentalHealthSubstanceUse_No=No
Personal Medical History	Personal Medical History		other_otherconditions	checkbox	multi_select		12				no	Has a doctor or health care provider ever told you that you have any of the following conditions? Select all that apply.	OtherConditions_Acne=Acne | OtherConditions_Allergies=Allergies | OtherConditions_Endometriosis=Endometriosis | OtherConditions_EnlargedProstate=Enlarged prostate | OtherConditions_Fibroids=Fibroids | OtherConditions_Obesity=Obesity | OtherConditions_PCOS=PCOS (polycystic ovarian syndrome) | OtherConditions_ReactionsAnesthesia=Reactions to anesthesia (such as hyperthermia) | OtherConditions_SkinCondition=Skin condition (e.g., eczema, psoriasis) | OtherConditions_VitaminBDeficiency=Vitamin B deficiency | OtherConditions_VitaminDDeficiency=Vitamin D deficiency | OtherConditions_OtherDiagnosis=Other diagnosis
Personal Medical History	Personal Medical History		other_acnecurrently	radio	single_select	43530381	2				yes	Are you still seeing a doctor or health care provider for acne?	AcneCurrently_Yes=Yes | AcneCurrently_No=No
Personal Medical History	Personal Medical History		other_howoldwereyouacne	radio	single_select	43530539	5				yes	About how old were you when you were first told you had acne?	HowOldWereYouAcne_Child=Child (0-11) | HowOldWereYouAcne_Adolescent=Adolescent (12-17) | HowOldWereYouAcne_Adult=Adult (18-64) | HowOldWereYouAcne_OlderAdult=Older adult (65-74) | HowOldWereYouAcne_Elderly=Elderly (75+)
Personal Medical History	Personal Medical History		other_rxmedsforacne	radio	single_select	43528866	2				yes	Are you currently prescribed medications and/or receiving treatment for acne?	RxMedsforAcne_Yes=Yes | RxMedsforAcne_No=No
Personal Medical History	Personal Medical History		other_allergiescurrently	radio	single_select	43530382	2				yes	Are you still seeing a doctor or health care provider for allergies?	AllergiesCurrently_Yes=Yes | AllergiesCurrently_No=No
Personal Medical History	Personal Medical History		other_howoldwereyouallergies	radio	single_select	43530540	5				yes	About how old were you when you were first told you had allergies?	HowOldWereYouAllergies_Child=Child (0-11) | HowOldWereYouAllergies_Adolescent=Adolescent (12-17) | HowOldWereYouAllergies_Adult=Adult (18-64) | HowOldWereYouAllergies_OlderAdult=Older adult (65-74) | HowOldWereYouAllergies_Elderly=Elderly (75+)
Personal Medical History	Personal Medical History		other_rxmedsforallergies	radio	single_select	43528867	2				yes	Are you currently prescribed medications and/or receiving treatment for allergies?	RxMedsforAllergies_Yes=Yes | RxMedsforAllergies_No=No
Personal Medical History	Personal Medical History		other_endometriosiscurrently	radio	single_select	1384474	2				yes	Are you still seeing a doctor or health care provider for endometriosis?	EndometriosisCurrently_Yes=Yes | EndometriosisCurrently_No=No
Personal Medical History	Personal Medical History		other_howoldwereyouendometriosis	radio	single_select	1384636	5				yes	About how old were you when you were first told you had endometriosis?	HowOldWereYouEndometriosis_Child=Child (0-11) | HowOldWereYouEndometriosis_Adolescent=Adolescent (12-17) | HowOldWereYouEndometriosis_Adult=Adult (18-64) | HowOldWereYouEndometriosis_OlderAdult=Older adult (65-74) | HowOldWereYouEndometriosis_Elderly=Elderly (75+)
Personal Medical History	Personal Medical History		other_rxmedsforendometriosis	radio	single_select	1384624	2				yes	Are you currently prescribed medications and/or receiving treatment for endometriosis?	RxMedsforEndometriosis_Yes=Yes | RxMedsforEndometriosis_No=No
Personal Medical History	Personal Medical History		other_enlargedprostatecurrently	radio	single_select		2				yes	Are you still seeing a doctor or health care provider for enlarged prostate?	EnlargedProstateCurrently_Yes=Yes | EnlargedProstateCurrently_No=No
Personal Medical History	Personal Medical History		other_howoldwereyouenlargedprostate	radio	single_select		5				yes	About how old were you when you were first told you had enlarged prostate?	HowOldWereYouEnlargedProstate_Child=Child (0-11) | HowOldWereYouEnlargedProstate_Adolescent=Adolescent (12-17) | HowOldWereYouEnlargedProstate_Adult=Adult (18-64) | HowOldWereYouEnlargedProstate_OlderAdult=Older adult (65-74) | HowOldWereYouEnlargedProstate_Elderly=Elderly (75+)
Personal Medical History	Personal Medical History		other_rxmedsforenlargedprostate	radio	single_select		2				yes	Are you currently prescribed medications and/or receiving treatment for enlarged prostate?	RxMedsforEnlargedProstate_Yes=Yes | RxMedsforEnlargedProstate_No=No
Personal Medical History	Personal Medical History		other_fibroidscurrently	radio	single_select	1384605	2				yes	Are you still seeing a doctor or health care provider for fibroids?	FibroidsCurrently_Yes=Yes | FibroidsCurrently_No=No
Personal Medical History	Personal Medical History		other_howoldwereyoufibroids	radio	single_select	1384542	5				yes	About how old were you when you were first told you had fibroids?	HowOldWereYouFibroids_Child=Child (0-11) | HowOldWereYouFibroids_Adolescent=Adolescent (12-17) | HowOldWereYouFibroids_Adult=Adult (18-64) | HowOldWereYouFibroids_OlderAdult=Older adult (65-74) | HowOldWereYouFibroids_Elderly=Elderly (75+)
Personal Medical History	Personal Medical History		other_rxmedsforfibroids	radio	single_select	1384668	2				yes	Are you currently prescribed medications and/or receiving treatment for fibroids?	RxMedsforFibroids_Yes=Yes | RxMedsforFibroids_No=No
Personal Medical History	Personal Medical History		other_obesitycurrently	radio	single_select	43530384	2				yes	Are you still seeing a doctor or health care provider for obesity?	ObesityCurrently_Yes=Yes | ObesityCurrently_No=No
Personal Medical History	Personal Medical History		other_howoldwereyouobesity	radio	single_select	43530542	5				yes	About how old were you when you were first told you had obesity?	HowOldWereYouObesity_Child=Child (0-11) | HowOldWereYouObesity_Adolescent=Adolescent (12-17) | HowOldWereYouObesity_Adult=Adult (18-64) | HowOldWereYouObesity_OlderAdult=Older adult (65-74) | HowOldWereYouObesity_Elderly=Elderly (75+)
Personal Medical History	Personal Medical History		other_rxmedsforobesity	radio	single_select	43528869	2				yes	Are you currently prescribed medications and/or receiving treatment for obesity?	RxMedsforObesity_Yes=Yes | RxMedsforObesity_No=No
Personal Medical History	Personal Medical History		other_pcoscurrently	radio	single_select		2				yes	Are you still seeing a doctor or health care provider for PCOS (polycystic ovarian syndrome)?	PCOSCurrently_Yes=Yes | PCOSCurrently_No=No
Personal Medical History	Personal Medical History		other_howoldwereyoupcos	radio	single_select		5				yes	About how old were you when you were first told you had PCOS (polycystic ovarian syndrome)?	HowOldWereYouPCOS_Child=Child (0-11) | HowOldWereYouPCOS_Adolescent=Adolescent (12-17) | HowOldWereYouPCOS_Adult=Adult (18-64) | HowOldWereYouPCOS_OlderAdult=Older adult (65-74) | HowOldWereYouPCOS_Elderly=Elderly (75+)
Personal Medical History	Personal Medical History		other_rxmedsforpcos	radio	single_select		2				yes	Are you currently prescribed medications and/or receiving treatment for PCOS (polycystic ovarian syndrome)?	RxMedsforPCOS_Yes=Yes | RxMedsforPCOS_No=No
Personal Medical History	Personal Medical History		other_reactionsanesthesiacurrently	radio	single_select	1384530	2				yes	Are you still seeing a doctor or health care provider for reactions to anesthesia (such as hyperthermia)?	ReactionsAnesthesiaCurrently_Yes=Yes | ReactionsAnesthesiaCurrently_No=No
Personal Medical History	Personal Medical History		other_howoldwereyoureactionsanesthesia	radio	single_select	1384569	5				yes	About how old were you when you were first told you had reactions to anesthesia (such as hyperthermia)?	HowOldWereYouReactionsAnesthesia_Child=Child (0-11) | HowOldWereYouReactionsAnesthesia_Adolescent=Adolescent (12-17) | HowOldWereYouReactionsAnesthesia_Adult=Adult (18-64) | HowOldWereYouReactionsAnesthesia_OlderAdult=Older adult (65-74) | HowOldWereYouReactionsAnesthesia_Elderly=Elderly (75+)
Personal Medical History	Personal Medical History		other_rxmedsforreactionsanesthesia	radio	single_select	1384572	2				yes	Are you currently prescribed medications and/or receiving treatment for reactions to anesthesia (such as hyperthermia)?	RxMedsforReactionsAnesthesia_Yes=Yes | RxMedsforReactionsAnesthesia_No=No
Personal Medical History	Personal Medical History		other_skinconditioncurrently	radio	single_select		2				yes	Are you still seeing a doctor or health care provider for a skin condition (e.g., eczema, psoriasis)?	SkinConditionCurrently_Yes=Yes | SkinConditionCurrently_No=No
Personal Medical History	Personal Medical History		other_howoldwereyouskincondition	radio	single_select		5				yes	About how old were you when you were first told you had a skin condition (e.g., eczema, psoriasis)?	HowOldWereYouSkinCondition_Child=Child (0-11) | HowOldWereYouSkinCondition_Adolescent=Adolescent (12-17) | HowOldWereYouSkinCondition_Adult=Adult (18-64) | HowOldWereYouSkinCondition_OlderAdult=Older adult (65-74) | HowOldWereYouSkinCondition_Elderly=Elderly (75+)
Personal Medical History	Personal Medical History		other_rxmedsforskincondition	radio	single_select		2				yes	Are you currently prescribed medications and/or receiving treatment for a skin condition (e.g., eczema, psoriasis)?	RxMedsforSkinCondition_Yes=Yes | RxMedsforSkinCondition_No=No
Personal Medical History	Personal Medical History		other_vitaminbdeficiencycurrently	radio	single_select	43530386	2				yes	Are you still seeing a doctor or health care provider for vitamin B deficiency?	VitaminBDeficiencyCurrently_Yes=Yes | VitaminBDeficiencyCurrently_No=No
Personal Medical History	Personal Medical History		other_howoldwereyouvitaminbdeficiency	radio	single_select	43530544	5				yes	About how old were you when you were first told you had vitamin B deficiency?	HowOldWereYouVitaminBDeficiency_Child=Child (0-11) | HowOldWereYouVitaminBDeficiency_Adolescent=Adolescent (12-17) | HowOldWereYouVitaminBDeficiency_Adult=Adult (18-64) | HowOldWereYouVitaminBDeficiency_OlderAdult=Older adult (65-74) | HowOldWereYouVitaminBDeficiency_Elderly=Elderly (75+)
Personal Medical History	Personal Medical History		other_rxmedsforvitaminbdeficiency	radio	single_select	43528871	2				yes	Are you currently prescribed medications and/or receiving treatment for vitamin B deficiency?	RxMedsforVitaminBDeficiency_Yes=Yes | RxMedsforVitaminBDeficiency_No=No
Personal Medical History	Personal Medical History		other_vitaminddeficiencycurrently	radio	single_select	43530387	2				yes	Are you still seeing a doctor or health care provider for vitamin D deficiency?	VitaminDDeficiencyCurrently_Yes=Yes | VitaminDDeficiencyCurrently_No=No
Personal Medical History	Personal Medical History		other_howoldwereyouvitaminddeficiency	radio	single_select	43530545	5				yes	About how old were you when you were first told you had vitamin D deficiency?	HowOldWereYouVitaminDDeficiency_Child=Child (0-11) | HowOldWereYouVitaminDDeficiency_Adolescent=Adolescent (12-17) | HowOldWereYouVitaminDDeficiency_Adult=Adult (18-64) | HowOldWereYouVitaminDDeficiency_OlderAdult=Older adult (65-74) | HowOldWereYouVitaminDDeficiency_Elderly=Elderly (75+)
Personal Medical History	Personal Medical History		other_rxmedsforvitaminddeficiency	radio	single_select	43528872	2				yes	Are you currently prescribed medications and/or receiving treatment for vitamin D deficiency?	RxMedsforVitaminDDeficiency_Yes=Yes | RxMedsforVitaminDDeficiency_No=No
Personal Medical History	Personal Medical History		otherdiagnosis_freetextbox	text	free_text		0				yes	Please specify other diagnosis.	
Personal Medical History	Personal Medical History		other_otherdiagnosiscurrently	radio	single_select		2				yes	Are you still seeing a doctor or health care provider for other diagnosis?	OtherDiagnosisCurrently_Yes=Yes | OtherDiagnosisCurrentlyCurrently_No=No
Personal Medical History	Personal Medical History		other_howoldwereyouotherdiagnosis	radio	single_select		5				yes	About how old were you when you were first told you had other diagnosis?	HowOldWereYouOtherDiagnosis_Child=Child (0-11) | HowOldWereYouOtherDiagnosis_Adolescent=Adolescent (12-17) | HowOldWereYouOtherDiagnosis_Adult=Adult (18-64) | HowOldWereYouOtherDiagnosis_OlderAdult=Older adult (65-74) | HowOldWereYouOtherDiagnosis_Elderly=Elderly (75+)
Personal Medical History	Personal Medical History		other_rxmedsforotherdiagnosis	radio	single_select		2				yes	Are you currently prescribed medications and/or receiving treatment for other diagnosis?	RxMedsforOtherDiagnosis_Yes=Yes | RxMedsforOtherDiagnosis_No=No
Personal and Family Health History	Personal and Family Health Hist		personalfamilyhistory	descriptive	descriptive		0				no	Personal and Family Health History	
Personal and Family Health History	Personal and Family Health Hist		familyhistory_familymedicalhistoryaware	radio	single_select	43528652	3				no	How much do you know about illnesses or health problems for your parents, grandparents, brothers, sisters, and/or children?	FamilyMedicalHistoryAware_Alot=A lot | FamilyMedicalHistoryAware_Some=Some | FamilyMedicalHistoryAware_None=None at all
Personal and Family Health History	Personal and Family Health Hist		diagnosedhealthcondition_cancercondition	checkbox	multi_select	43528515	24				no	Have you or anyone in your family ever been diagnosed with the following cancer conditions? Think only of the people you are related to by blood. Select all that apply.	CancerCondition_BladderCancer=Bladder cancer | CancerCondition_BloodCancer=Blood or soft tissue cancer | CancerCondition_BoneCancer=Bone cancer | CancerCondition_BrainCancer=Brain cancer | CancerCondition_BreastCancer=Breast cancer | CancerCondition_CervicalCancer=Cervical cancer | CancerCondition_ColonRectalCancer=Colon cancer/Rectal cancer | CancerCondition_EndocrineCancer=Endocrine cancer | CancerCondition_EndometrialCancer=Endometrial cancer | CancerCondition_EsophagealCancer=Esophageal cancer | CancerCondition_EyeCancer=Eye cancer | CancerCondition_HeadNeckCancer=Head and neck cancer (This includes cancers of the mouth, sinuses, nose, or throat. This does not include brain cancer.) | CancerCondition_KidneyCancer=Kidney cancer | CancerCondition_LungCancer=Lung cancer | CancerCondition_OvarianCancer=Ovarian cancer | CancerCondition_PancreaticCancer=Pancreatic cancer | CancerCondition_ProstateCancer=Prostate cancer | CancerCondition_SkinCancer=Skin cancer | CancerCondition_StomachCancer=Stomach cancer | CancerCondition_ThyroidCancer=Thyroid cancer | CancerCondition_OtherCancer=Other cancer | PMI_None=None of the above | PMI_DontKnow=Don't know | PMI_PreferNotToAnswer=Prefer not to answer
Personal and Family Health History	Personal and Family Health Hist		cancercondition_bladdercancer_yes	checkbox	multi_select	836768	7				yes	Including yourself, who in your family has had bladder cancer? Select all that apply.	CancerConditions_BladderCancer=Self | MotherCancerCondition_BladderCancer=Mother | FatherCancerCondition_BladderCancer=Father | SiblingCancerCondition_BladderCancer=Sibling | DaughterCancerCondition_BladderCancer=Daughter | SonCancerCondition_BladderCancer=Son | GrandparentCancerCondition_BladderCancer=Grandparent
Personal and Family Health History	Personal and Family Health Hist		cancer_bladdercancercurrently	radio	single_select	43530282	2				yes	Are you still seeing a doctor or health care provider for bladder cancer?	BladderCancerCurrently_Yes=Yes | BladderCancerCurrently_No=No
Personal and Family Health History	Personal and Family Health Hist		cancer_howoldwereyoubladdercancer	radio	single_select	43530440	5				yes	About how old were you when you were first told you had bladder cancer?	HowOldWereYouBladderCancer_Child=Child (0-11) | HowOldWereYouBladderCancer_Adolescent=Adolescent (12-17) | HowOldWereYouBladderCancer_Adult=Adult (18-64) | HowOldWereYouBladderCancer_OlderAdult=Older adult (65-74) | HowOldWereYouBladderCancer_Elderly=Elderly (75+)
Personal and Family Health History	Personal and Family Health Hist		cancer_rxmedsforbladdercancer	radio	single_select	43528766	2				yes	Are you currently prescribed medications and/or receiving treatment for bladder cancer?	RxMedsforBladderCancer_Yes=Yes | RxMedsforBladderCancer_No=No
Personal and Family Health History	Personal and Family Health Hist		cancercondition_bloodcancer_yes	checkbox	multi_select	836769	7				yes	Including yourself, who in your family has had blood or soft tissue cancer? Select all that apply.	CancerConditions_BloodCancer=Self | MotherCancerCondition_BloodCancer=Mother | FatherCancerCondition_BloodCancer=Father | SiblingCancerCondition_BloodCancer=Sibling | DaughterCancerCondition_BloodCancer=Daughter | SonCancerCondition_BloodCancer=Son | GrandparentCancerCondition_BloodCancer=Grandparent
Personal and Family Health History	Personal and Family Health Hist		cancer_bloodcancercurrently	radio	single_select	43530283	2				yes	Are you still seeing a doctor or health care provider for blood or soft tissue cancer?	BloodCancerCurrently_Yes=Yes | BloodCancerCurrently_No=No
Personal and Family Health History	Personal and Family Health Hist		cancer_howoldwereyoubloodcancer	radio	single_select	43530441	5				yes	About how old were you when you were first told you had blood or soft tissue cancer?	HowOldWereYouBloodCancer_Child=Child (0-11) | HowOldWereYouBloodCancer_Adolescent=Adolescent (12-17) | HowOldWereYouBloodCancer_Adult=Adult (18-64) | HowOldWereYouBloodCancer_OlderAdult=Older adult (65-74) | HowOldWereYouBloodCancer_Elderly=Elderly (75+)
Personal and Family Health History	Personal and Family Health Hist		cancer_rxmedsforbloodcancer	radio	single_select	43528767	2				yes	Are you currently prescribed medications and/or receiving treatment for blood or soft tissue cancer?	RxMedsforBloodCancer_Yes=Yes | RxMedsforBloodCancer_No=No
Personal and Family Health History	Personal and Family Health Hist		cancercondition_bonecancer_yes	checkbox	multi_select	836770	7				yes	Including yourself, who in your family has had bone cancer? Select all that apply.	CancerConditions_BoneCancer=Self | MotherCancerCondition_BoneCancer=Mother | FatherCancerCondition_BoneCancer=Father | SiblingCancerCondition_BoneCancer=Sibling | DaughterCancerCondition_BoneCancer=Daughter | SonCancerCondition_BoneCancer=Son | GrandparentCancerCondition_BoneCancer=Grandparent
Personal and Family Health History	Personal and Family Health Hist		cancer_bonecancercurrently	radio	single_select	43530284	2				yes	Are you still seeing a doctor or health care provider for bone cancer?	BoneCancerCurrently_Yes=Yes | BoneCancerCurrently_No=No
Personal and Family Health History	Personal and Family Health Hist		cancer_howoldwereyoubonecancer	radio	single_select	43530442	5				yes	About how old were you when you were first told you had bone cancer?	HowOldWereYouBoneCancer_Child=Child (0-11) | HowOldWereYouBoneCancer_Adolescent=Adolescent (12-17) | HowOldWereYouBoneCancer_Adult=Adult (18-64) | HowOldWereYouBoneCancer_OlderAdult=Older adult (65-74) | HowOldWereYouBoneCancer_Elderly=Elderly (75+)
Personal and Family Health History	Personal and Family Health Hist		cancer_rxmedsforbonecancer	radio	single_select	43528768	2				yes	Are you currently prescribed medications and/or receiving treatment for bone cancer?	RxMedsforBoneCancer_Yes=Yes | RxMedsforBoneCancer_No=No
Personal and Family Health History	Personal and Family Health Hist		cancercondition_braincancer_yes	checkbox	multi_select	836771	7				yes	Including yourself, who in your family has had brain cancer? Select all that apply.	CancerConditions_BrainCancer=Self | MotherCancerCondition_BrainCancer=Mother | FatherCancerCondition_BrainCancer=Father | SiblingCancerCondition_BrainCancer=Sibling | DaughterCancerCondition_BrainCancer=Daughter | SonCancerCondition_BrainCancer=Son | GrandparentCancerCondition_BrainCancer=Grandparent
Personal and Family Health History	Personal and Family Health Hist		cancer_braincancercurrently	radio	single_select	43530285	2				yes	Are you still seeing a doctor or health care provider for brain cancer?	BrainCancerCurrently_Yes=Yes | BrainCancerCurrently_No=No
Personal and Family Health History	Personal and Family Health Hist		cancer_howoldwereyoubraincancer	radio	single_select	43530443	5				yes	About how old were you when you were first told you had brain cancer?	HowOldWereYouBrainCancer_Child=Child (0-11) | HowOldWereYouBrainCancer_Adolescent=Adolescent (12-17) | HowOldWereYouBrainCancer_Adult=Adult (18-64) | HowOldWereYouBrainCancer_OlderAdult=Older adult (65-74) | HowOldWereYouBrainCancer_Elderly=Elderly (75+)
Personal and Family Health History	Personal and Family Health Hist		cancer_rxmedsforbraincancer	radio	single_select	43528769	2				yes	Are you currently prescribed medications and/or receiving treatment for brain cancer?	RxMedsforBrainCancer_Yes=Yes | RxMedsforBrainCancer_No=No
Personal and Family Health History	Personal and Family Health Hist		cancercondition_breastcancer_yes	checkbox	multi_select	836772	7				yes	Including yourself, who in your family has had breast cancer? Select all that apply.	CancerConditions_BreastCancer=Self | MotherCancerCondition_BreastCancer=Mother | FatherCancerCondition_BreastCancer=Father | SiblingCancerCondition_BreastCancer=Sibling | DaughterCancerCondition_BreastCancer=Daughter | SonCancerCondition_BreastCancer=Son | GrandparentCancerCondition_BreastCancer=Grandparent
Personal and Family Health History	Personal and Family Health Hist		cancer_breastcancercurrently	radio	single_select	43530286	2				yes	Are you still seeing a doctor or health care provider for breast cancer?	BreastCancerCurrently_Yes=Yes | BreastCancerCurrently_No=No
Personal and Family Health History	Personal and Family Health Hist		cancer_howoldwereyoubreastcancer	radio	single_select	43530444	5				yes	About how old were you when you were first told you had breast cancer?	HowOldWereYouBreastCancer_Child=Child (0-11) | HowOldWereYouBreastCancer_Adolescent=Adolescent (12-17) | HowOldWereYouBreastCancer_Adult=Adult (18-64) | HowOldWereYouBreastCancer_OlderAdult=Older adult (65-74) | HowOldWereYouBreastCancer_Elderly=Elderly (75+)
Personal and Family Health History	Personal and Family Health Hist		cancer_rxmedsforbreastcancer	radio	single_select	43528770	2				yes	Are you currently prescribed medications and/or receiving treatment for breast cancer?	RxMedsforBreastCancer_Yes=Yes | RxMedsforBreastCancer_No=No
Personal and Family Health History	Personal and Family Health Hist		cancercondition_cervicalcancer_yes	checkbox	multi_select	836773	5				yes	Including yourself, who in your family has had cervical cancer? Select all that apply.	CancerConditions_CervicalCancer=Self | MotherCancerCondition_CervicalCancer=Mother | SiblingCancerCondition_CervicalCancer=Sibling | DaughterCancerCondition_CervicalCancer=Daughter | GrandparentCancerCondition_CervicalCancer=Grandparent
Personal and Family Health History	Personal and Family Health Hist		cancer_cervicalcancercurrently	radio	single_select	43530287	2				yes	Are you still seeing a doctor or health care provider for cervical cancer?	CervicalCancerCurrently_Yes=Yes | CervicalCancerCurrently_No=No
Personal and Family Health History	Personal and Family Health Hist		cancer_howoldwereyoucervicalcancer	radio	single_select	43530445	5				yes	About how old were you when you were first told you had cervical cancer?	HowOldWereYouCervicalCancer_Child=Child (0-11) | HowOldWereYouCervicalCancer_Adolescent=Adolescent (12-17) | HowOldWereYouCervicalCancer_Adult=Adult (18-64) | HowOldWereYouCervicalCancer_OlderAdult=Older adult (65-74) | HowOldWereYouCervicalCancer_Elderly=Elderly (75+)
Personal and Family Health History	Personal and Family Health Hist		cancer_rxmedsforcervicalcancer	radio	single_select	43528771	2				yes	Are you currently prescribed medications and/or receiving treatment for cervical cancer?	RxMedsforCervicalCancer_Yes=Yes | RxMedsforCervicalCancer_No=No
Personal and Family Health History	Personal and Family Health Hist		cancercondition_colonrectalcancer_yes	checkbox	multi_select	836831	7				yes	Including yourself, who in your family has had colon cancer/rectal cancer? Select all that apply.	CancerConditions_ColonRectalCancer=Self | MotherCancerCondition_ColonRectalCancer=Mother | FatherCancerCondition_ColonRectalCancer=Father | SiblingCancerCondition_ColonRectalCancer=Sibling | DaughterCancerCondition_ColonRectalCancer=Daughter | SonCancerCondition_ColonRectalCancer=Son | GrandparentCancerCondition_ColonRectalCancer=Grandparent
Personal and Family Health History	Personal and Family Health Hist		cancer_colonrectalcancercurrently	radio	single_select	43530288	2				yes	Are you still seeing a doctor or health care provider for colon cancer/rectal cancer?	ColonRectalCancerCurrently_Yes=Yes | ColonRectalCancerCurrently_No=No
Personal and Family Health History	Personal and Family Health Hist		cancer_howoldwereyoucolonrectalcancer	radio	single_select	43530446	5				yes	About how old were you when you were first told you had colon cancer/rectal cancer?	HowOldWereYouColonRectalCancer_Child=Child (0-11) | HowOldWereYouColonRectalCancer_Adolescent=Adolescent (12-17) | HowOldWereYouColonRectalCancer_Adult=Adult (18-64) | HowOldWereYouColonRectalCancer_OlderAdult=Older adult (65-74) | HowOldWereYouColonRectalCancer_Elderly=Elderly (75+)
Personal and Family Health History	Personal and Family Health Hist		cancer_rxmedsforcolonrectalcancer	radio	single_select	43528772	2				yes	Are you currently prescribed medications and/or receiving treatment for colon cancer/rectal cancer?	RxMedsforColonRectalCancer_Yes=Yes | RxMedsforColonRectalCancer_No=No
Personal and Family Health History	Personal and Family Health Hist		cancercondition_endocrinecancer_yes	checkbox	multi_select	836832	7				yes	Including yourself, who in your family has had endocrine cancer? Select all that apply.	CancerConditions_EndocrineCancer=Self | MotherCancerCondition_EndocrineCancer=Mother | FatherCancerCondition_EndocrineCancer=Father | SiblingCancerCondition_EndocrineCancer=Sibling | DaughterCancerCondition_EndocrineCancer=Daughter | SonCancerCondition_EndocrineCancer=Son | GrandparentCancerCondition_EndocrineCancer=Grandparent
Personal and Family Health History	Personal and Family Health Hist		cancer_endocrinecancercurrently	radio	single_select	43530289	2				yes	Are you still seeing a doctor or health care provider for endocrine cancer?	EndocrineCancerCurrently_Yes=Yes | EndocrineCancerCurrently_No=No
Personal and Family Health History	Personal and Family Health Hist		cancer_howoldwereyouendocrinecancer	radio	single_select	43530447	5				yes	About how old were you when you were first told you had endocrine cancer?	HowOldWereYouEndocrineCancer_Child=Child (0-11) | HowOldWereYouEndocrineCancer_Adolescent=Adolescent (12-17) | HowOldWereYouEndocrineCancer_Adult=Adult (18-64) | HowOldWereYouEndocrineCancer_OlderAdult=Older adult (65-74) | HowOldWereYouEndocrineCancer_Elderly=Elderly (75+)
Personal and Family Health History	Personal and Family Health Hist		cancer_rxmedsforendocrinecancer	radio	single_select	43528773	2				yes	Are you currently prescribed medications and/or receiving treatment for endocrine cancer?	RxMedsforEndocrineCancer_Yes=Yes | RxMedsforEndocrineCancer_No=No
Personal and Family Health History	Personal and Family Health Hist		cancercondition_endometrialcancer_yes	checkbox	multi_select	836833	5				yes	Including yourself, who in your family has had endometrial cancer? Select all that apply.	CancerConditions_EndometrialCancer=Self | MotherCancerCondition_EndometrialCancer=Mother | SiblingCancerCondition_EndometrialCancer=Sibling | DaughterCancerCondition_EndometrialCancer=Daughter | GrandparentCancerCondition_EndometrialCancer=Grandparent
Personal and Family Health History	Personal and Family Health Hist		cancer_endometrialcancercurrently	radio	single_select	43530290	2				yes	Are you still seeing a doctor or health care provider for endometrial cancer?	EndometrialCancerCurrently_Yes=Yes | EndometrialCancerCurrently_No=No
Personal and Family Health History	Personal and Family Health Hist		cancer_howoldwereyouendometrialcancer	radio	single_select	43530448	5				yes	About how old were you when you were first told you had endometrial cancer?	HowOldWereYouEndometrialCancer_Child=Child (0-11) | HowOldWereYouEndometrialCancer_Adolescent=Adolescent (12-17) | HowOldWereYouEndometrialCancer_Adult=Adult (18-64) | HowOldWereYouEndometrialCancer_OlderAdult=Older adult (65-74) | HowOldWereYouEndometrialCancer_Elderly=Elderly (75+)
Personal and Family Health History	Personal and Family Health Hist		cancer_rxmedsforendometrialcancer	radio	single_select	43528774	2				yes	Are you currently prescribed medications and/or receiving treatment for endometrial cancer?	RxMedsforEndometrialCancer_Yes=Yes | RxMedsforEndometrialCancer_No=No
Personal and Family Health History	Personal and Family Health Hist		cancercondition_esophagealcancer_yes	checkbox	multi_select	836774	7				yes	Including yourself, who in your family has had esophageal cancer? Select all that apply.	CancerConditions_EsophagealCancer=Self | MotherCancerCondition_EsophagealCancer=Mother | FatherCancerCondition_EsophagealCancer=Father | SiblingCancerCondition_EsophagealCancer=Sibling | DaughterCancerCondition_EsophagealCancer=Daughter | SonCancerCondition_EsophagealCancer=Son | GrandparentCancerCondition_EsophagealCancer=Grandparent
Personal and Family Health History	Personal and Family Health Hist		cancer_esophagealcancercurrently	radio	single_select	43530291	2				yes	Are you still seeing a doctor or health care provider for esophageal cancer?	EsophagealCancerCurrently_Yes=Yes | EsophagealCancerCurrently_No=No
Personal and Family Health History	Personal and Family Health Hist		cancer_howoldwereyouesophagealcancer	radio	single_select	43530449	5				yes	About how old were you when you were first told you had esophageal cancer?	HowOldWereYouEsophagealCancer_Child=Child (0-11) | HowOldWereYouEsophagealCancer_Adolescent=Adolescent (12-17) | HowOldWereYouEsophagealCancer_Adult=Adult (18-64) | HowOldWereYouEsophagealCancer_OlderAdult=Older adult (65-74) | HowOldWereYouEsophagealCancer_Elderly=Elderly (75+)
Personal and Family Health History	Personal and Family Health Hist		cancer_rxmedsforesophagealcancer	radio	single_select	43528775	2				yes	Are you currently prescribed medications and/or receiving treatment for esophageal cancer?	RxMedsforEsophagealCancer_Yes=Yes | RxMedsforEsophagealCancer_No=No
Personal and Family Health History	Personal and Family Health Hist		cancercondition_eyecancer_yes	checkbox	multi_select	836775	7				yes	Including yourself, who in your family has had eye cancer? Select all that apply.	CancerConditions_EyeCancer=Self | MotherCancerCondition_EyeCancer=Mother | FatherCancerCondition_EyeCancer=Father | SiblingCancerCondition_EyeCancer=Sibling | DaughterCancerCondition_EyeCancer=Daughter | SonCancerCondition_EyeCancer=Son | GrandparentCancerCondition_EyeCancer=Grandparent
Personal and Family Health History	Personal and Family Health Hist		cancer_eyecancercurrently	radio	single_select	43530292	2				yes	Are you still seeing a doctor or health care provider for eye cancer?	EyeCancerCurrently_Yes=Yes | EyeCancerCurrently_No=No
Personal and Family Health History	Personal and Family Health Hist		cancer_howoldwereyoueyecancer	radio	single_select	43530450	5				yes	About how old were you when you were first told you had eye cancer?	HowOldWereYouEyeCancer_Child=Child (0-11) | HowOldWereYouEyeCancer_Adolescent=Adolescent(12-17) | HowOldWereYouEyeCancer_Adult=Adult (18-64) | HowOldWereYouEyeCancer_OlderAdult=Older adult (65-74) | HowOldWereYouEyeCancer_Elderly=Elderly (75+)
Personal and Family Health History	Personal and Family Health Hist		cancer_rxmedsforeyecancer	radio	single_select	43528776	2				yes	Are you currently prescribed medications and/or receiving treatment for eye cancer?	RxMedsforEyeCancer_Yes=Yes | RxMedsforEyeCancer_No=No
Personal and Family Health History	Personal and Family Health Hist		cancercondition_headneckcancer_yes	checkbox	multi_select	836834	7				yes	Including yourself, who in your family has had head and neck cancer? (This includes cancers of the mouth, sinuses, nose, or throat. This does not include brain cancer.) Select all that apply.	CancerConditions_HeadNeckCancer=Self | MotherCancerCondition_HeadNeckCancer=Mother | FatherCancerCondition_HeadNeckCancer=Father | SiblingCancerCondition_HeadNeckCancer=Sibling | DaughterCancerCondition_HeadNeckCancer=Daughter | SonCancerCondition_HeadNeckCancer=Son | GrandparentCancerCondition_HeadNeckCancer=Grandparent
Personal and Family Health History	Personal and Family Health Hist		cancer_headneckcancercurrently	radio	single_select	43530293	2				yes	Are you still seeing a doctor or health care provider for head and neck cancer? (This includes cancers of the mouth, sinuses, nose, or throat. This does not include brain cancer.)	HeadNeckCancerCurrently_Yes=Yes | HeadNeckCancerCurrently_No=No
Personal and Family Health History	Personal and Family Health Hist		cancer_howoldwereyouheadneckcancer	radio	single_select	43530451	5				yes	About how old were you when you were first told you had head and neck cancer? (This includes cancers of the mouth, sinuses, nose, or throat. This does not include brain cancer.)	HowOldWereYouHeadNeckCancer_Child=Child (0-11) | HowOldWereYouHeadNeckCancer_Adolescent=Adolescent (12-17) | HowOldWereYouHeadNeckCancer_Adult=Adult (18-64) | HowOldWereYouHeadNeckCancer_OlderAdult=Older adult (65-74) | HowOldWereYouHeadNeckCancer_Elderly=Elderly (75+)
Personal and Family Health History	Personal and Family Health Hist		cancer_rxmedsforheadneckcancer	radio	single_select	43528777	2				yes	Are you currently prescribed medications and/or receiving treatment for head and neck cancer? (This includes cancers of the mouth, sinuses, nose, or throat. This does not include brain cancer.)	RxMedsforHeadNeckCancer_Yes=Yes | RxMedsforHeadNeckCancer_No=No
Personal and Family Health History	Personal and Family Health Hist		cancercondition_kidneycancer_yes	checkbox	multi_select	836776	7				yes	Including yourself, who in your family has had kidney cancer? Select all that apply.	CancerConditions_KidneyCancer=Self | MotherCancerCondition_KidneyCancer=Mother | FatherCancerCondition_KidneyCancer=Father | SiblingCancerCondition_KidneyCancer=Sibling | DaughterCancerCondition_KidneyCancer=Daughter | SonCancerCondition_KidneyCancer=Son | GrandparentCancerCondition_KidneyCancer=Grandparent
Personal and Family Health History	Personal and Family Health Hist		cancer_kidneycancercurrently	radio	single_select	43530294	2				yes	Are you still seeing a doctor or health care provider for kidney cancer?	KidneyCancerCurrently_Yes=Yes | KidneyCancerCurrently_No=No
Personal and Family Health History	Personal and Family Health Hist		cancer_howoldwereyoukidneycancer	radio	single_select	43530452	5				yes	About how old were you when you were first told you had kidney cancer?	HowOldWereYouKidneyCancer_Child=Child (0-11) | HowOldWereYouKidneyCancer_Adolescent=Adolescent (12-17) | HowOldWereYouKidneyCancer_Adult=Adult (18-64) | HowOldWereYouKidneyCancer_OlderAdult=Older adult (65-74) | HowOldWereYouKidneyCancer_Elderly=Elderly (75+)
Personal and Family Health History	Personal and Family Health Hist		cancer_rxmedsforkidneycancer	radio	single_select	43528778	2				yes	Are you currently prescribed medications and/or receiving treatment for kidney cancer?	RxMedsforKidneyCancer_Yes=Yes | RxMedsforKidneyCancer_No=No
Personal and Family Health History	Personal and Family Health Hist		cancercondition_lungcancer_yes	checkbox	multi_select	836777	7				yes	Including yourself, who in your family has had lung cancer? Select all that apply.	CancerConditions_LungCancer=Self | MotherCancerCondition_LungCancer=Mother | FatherCancerCondition_LungCancer=Father | SiblingCancerCondition_LungCancer=Sibling | DaughterCancerCondition_LungCancer=Daughter | SonCancerCondition_LungCancer=Son | GrandparentCancerCondition_LungCancer=Grandparent
Personal and Family Health History	Personal and Family Health Hist		cancer_lungcancercurrently	radio	single_select	43530295	2				yes	Are you still seeing a doctor or health care provider for lung cancer?	LungCancerCurrently_Yes=Yes | LungCancerCurrently_No=No
Personal and Family Health History	Personal and Family Health Hist		cancer_howoldwereyoulungcancer	radio	single_select	43530453	5				yes	About how old were you when you were first told you had lung cancer?	HowOldWereYouLungCancer_Child=Child (0-11) | HowOldWereYouLungCancer_Adolescent=Adolescent (12-17) | HowOldWereYouLungCancer_Adult=Adult (18-64) | HowOldWereYouLungCancer_OlderAdult=Older adult (65-74) | HowOldWereYouLungCancer_Elderly=Elderly (75+)
Personal and Family Health History	Personal and Family Health Hist		cancer_rxmedsforlungcancer	radio	single_select	43528779	2				yes	Are you currently prescribed medications and/or receiving treatment for lung cancer?	RxMedsforLungCancer_Yes=Yes | RxMedsforLungCancer_No=No
Personal and Family Health History	Personal and Family Health Hist		cancercondition_ovariancancer_yes	checkbox	multi_select	836778	5				yes	Including yourself, who in your family has had ovarian cancer? Select all that apply.	CancerConditions_OvarianCancer=Self | MotherCancerCondition_OvarianCancer=Mother | SiblingCancerCondition_OvarianCancer=Sibling | DaughterCancerCondition_OvarianCancer=Daughter | GrandparentCancerCondition_OvarianCancer=Grandparent
Personal and Family Health History	Personal and Family Health Hist		cancer_ovariancancercurrently	radio	single_select	1384483	2				yes	Are you still seeing a doctor or health care provider for ovarian cancer?	OvarianCancerCurrently_Yes=Yes | OvarianCancerCurrently_No=No
Personal and Family Health History	Personal and Family Health Hist		cancer_howoldwereyouovariancancer	radio	single_select	1384466	5				yes	About how old were you when you were first told you had ovarian cancer?	HowOldWereYouOvarianCancer_Child=Child (0-11) | HowOldWereYouOvarianCancer_Adolescent=Adolescent (12-17) | HowOldWereYouOvarianCancer_Adult=Adult (18-64) | HowOldWereYouOvarianCancer_OlderAdult=Older adult (65-74) | HowOldWereYouOvarianCancer_Elderly=Elderly (75+)
Personal and Family Health History	Personal and Family Health Hist		cancer_rxmedsforovariancancer	radio	single_select	1384529	2				yes	Are you currently prescribed medications and/or receiving treatment for ovarian cancer?	RxMedsforOvarianCancer_Yes=Yes | RxMedsforOvarianCancer_No=No
Personal and Family Health History	Personal and Family Health Hist		cancercondition_pancreaticcancer_yes	checkbox	multi_select	836779	7				yes	Including yourself, who in your family has had pancreatic cancer? Select all that apply.	CancerConditions_PancreaticCancer=Self | MotherCancerCondition_PancreaticCancer=Mother | FatherCancerCondition_PancreaticCancer=Father | SiblingCancerCondition_PancreaticCancer=Sibling | DaughterCancerCondition_PancreaticCancer=Daughter | SonCancerCondition_PancreaticCancer=Son | GrandparentCancerCondition_PancreaticCancer=Grandparent
Personal and Family Health History	Personal and Family Health Hist		cancer_pancreaticcancercurrently	radio	single_select	43530297	2				yes	Are you still seeing a doctor or health care provider for pancreatic cancer?	PancreaticCancerCurrently_Yes=Yes | PancreaticCancerCurrently_No=No
Personal and Family Health History	Personal and Family Health Hist		cancer_howoldwereyoupancreaticcancer	radio	single_select	43530455	5				yes	About how old were you when you were first told you had pancreatic cancer?	HowOldWereYouPancreaticCancer_Child=Child (0-11) | HowOldWereYouPancreaticCancer_Adolescent=Adolescent (12-17) | HowOldWereYouPancreaticCancer_Adult=Adult (18-64) | HowOldWereYouPancreaticCancer_OlderAdult=Older adult (65-74) | HowOldWereYouPancreaticCancer_Elderly=Elderly (75+)
Personal and Family Health History	Personal and Family Health Hist		cancer_rxmedsforpancreaticcancer	radio	single_select	43528781	2				yes	Are you currently prescribed medications and/or receiving treatment for pancreatic cancer?	RxMedsforPancreaticCancer_Yes=Yes | RxMedsforPancreaticCancer_No=No
Personal and Family Health History	Personal and Family Health Hist		cancercondition_prostatecancer_yes	checkbox	multi_select	836780	5				yes	Including yourself, who in your family has had prostate cancer? Select all that apply.	CancerConditions_ProstateCancer=Self | FatherCancerCondition_ProstateCancer=Father | SiblingCancerCondition_ProstateCancer=Sibling | SonCancerCondition_ProstateCancer=Son | GrandparentCancerCondition_ProstateCancer=Grandparent
Personal and Family Health History	Personal and Family Health Hist		cancer_prostatecancercurrently	radio	single_select	43530298	2				yes	Are you still seeing a doctor or health care provider for prostate cancer?	ProstateCancerCurrently_Yes=Yes | ProstateCancerCurrently_No=No
Personal and Family Health History	Personal and Family Health Hist		cancer_howoldwereyouprostatecancer	radio	single_select	43530456	5				yes	About how old were you when you were first told you had prostate cancer?	HowOldWereYouProstateCancer_Child=Child (0-11) | HowOldWereYouProstateCancer_Adolescent=Adolescent (12-17) | HowOldWereYouProstateCancer_Adult=Adult (18-64) | HowOldWereYouProstateCancer_OlderAdult=Older adult (65-74) | HowOldWereYouProstateCancer_Elderly=Elderly (75+)
Personal and Family Health History	Personal and Family Health Hist		cancer_rxmedsforprostatecancer	radio	single_select	43528782	2				yes	Are you currently prescribed medications and/or receiving treatment for prostate cancer?	RxMedsforProstateCancer_Yes=Yes | RxMedsforProstateCancer_No=No
Personal and Family Health History	Personal and Family Health Hist		cancercondition_skincancer_yes	checkbox	multi_select	836781	7				yes	Including yourself, who in your family has had skin cancer? Select all that apply.	CancerConditions_SkinCancer=Self | MotherCancerCondition_SkinCancer=Mother | FatherCancerCondition_SkinCancer=Father | SiblingCancerCondition_SkinCancer=Sibling | DaughterCancerCondition_SkinCancer=Daughter | SonCancerCondition_SkinCancer=Son | GrandparentCancerCondition_SkinCancer=Grandparent
Personal and Family Health History	Personal and Family Health Hist		cancer_skincancercurrently	radio	single_select	43530299	2				yes	Are you still seeing a doctor or health care provider for skin cancer?	SkinCancerCurrently_Yes=Yes | SkinCancerCurrently_No=No
Personal and Family Health History	Personal and Family Health Hist		cancer_howoldwereyouskincancer	radio	single_select	43530457	5				yes	About how old were you when you were first told you had skin cancer?	HowOldWereYouSkinCancer_Child=Child (0-11) | HowOldWereYouSkinCancer_Adolescent=Adolescent (12-17) | HowOldWereYouSkinCancer_Adult=Adult (18-64) | HowOldWereYouSkinCancer_OlderAdult=Older adult (65-74) | HowOldWereYouSkinCancer_Elderly=Elderly (75+)
Personal and Family Health History	Personal and Family Health Hist		cancer_rxmedsforskincancer	radio	single_select	43528783	2				yes	Are you currently prescribed medications and/or receiving treatment for skin cancer?	RxMedsforSkinCancer_Yes=Yes | RxMedsforSkinCancer_No=No
Personal and Family Health History	Personal and Family Health Hist		cancercondition_stomachcancer_yes	checkbox	multi_select	836782	7				yes	Including yourself, who in your family has had stomach cancer? Select all that apply.	CancerConditions_StomachCancer=Self | MotherCancerCondition_StomachCancer=Mother | FatherCancerCondition_StomachCancer=Father | SiblingCancerCondition_StomachCancer=Sibling | DaughterCancerCondition_StomachCancer=Daughter | SonCancerCondition_StomachCancer=Son | GrandparentCancerCondition_StomachCancer=Grandparent
Personal and Family Health History	Personal and Family Health Hist		cancer_stomachcancercurrently	radio	single_select	43530300	2				yes	Are you still seeing a doctor or health care provider for stomach cancer?	StomachCancerCurrently_Yes=Yes | StomachCancerCurrently_No=No
Personal and Family Health History	Personal and Family Health Hist		cancer_howoldwereyoustomachcancer	radio	single_select	43530458	5				yes	About how old were you when you were first told you had stomach cancer?	HowOldWereYouStomachCancer_Child=Child (0-11) | HowOldWereYouStomachCancer_Adolescent=Adolescent (12-17) | HowOldWereYouStomachCancer_Adult=Adult (18-64) | HowOldWereYouStomachCancer_OlderAdult=Older adult (65-74) | HowOldWereYouStomachCancer_Elderly=Elderly (75+)
Personal and Family Health History	Personal and Family Health Hist		cancer_rxmedsforstomachcancer	radio	single_select	43528784	2				yes	Are you currently prescribed medications and/or receiving treatment for stomach cancer?	RxMedsforStomachSkinCancer_Yes=Yes | RxMedsforStomachCancer_No=No
Personal and Family Health History	Personal and Family Health Hist		cancercondition_thyroidcancer_yes	checkbox	multi_select	836783	7				yes	Including yourself, who in your family has had thyroid cancer? Select all that apply.	CancerConditions_ThyroidCancer=Self | MotherCancerCondition_ThyroidCancer=Mother | FatherCancerCondition_ThyroidCancer=Father | SiblingCancerCondition_ThyroidCancer=Sibling | DaughterCancerCondition_ThyroidCancer=Daughter | SonCancerCondition_ThyroidCancer=Son | GrandparentCancerCondition_ThyroidCancer=Grandparent
Personal and Family Health History	Personal and Family Health Hist		cancer_thyroidcancercurrently	radio	single_select	43530301	2				yes	Are you still seeing a doctor or health care provider for thyroid cancer?	ThyroidCancerCurrently_Yes=Yes | ThyroidCancerCurrently_No=No
Personal and Family Health History	Personal and Family Health Hist		cancer_howoldwereyouthyroidcancer	radio	single_select	43530459	5				yes	About how old were you when you were first told you had thyroid cancer?	HowOldWereYouThyroidCancer_Child=Child (0-11) | HowOldWereYouThyroidCancer_Adolescent=Adolescent (12-17) | HowOldWereYouThyroidCancer_Adult=Adult (18-64) | HowOldWereYouThyroidCancer_OlderAdult=Older adult (65-74) | HowOldWereYouThyroidCancer_Elderly=Elderly (75+)
Personal and Family Health History	Personal and Family Health Hist		cancer_rxmedsforthyroidcancer	radio	single_select	43528785	2				yes	Are you currently prescribed medications and/or receiving treatment for thyroid cancer?	RxMedsforThyroidSkinCancer_Yes=Yes | RxMedsforThyroidCancer_No=No
Personal and Family Health History	Personal and Family Health Hist		cancercondition_othercancer_yes	checkbox	multi_select	836835	7				yes	Including yourself, who in your family has had other cancer(s)? Select all that apply.	CancerConditions_OtherCancer=Self | MotherCancerCondition_OtherCancer=Mother | FatherCancerCondition_OtherCancer=Father | SiblingCancerCondition_OtherCancer=Sibling | DaughterCancerCondition_OtherCancer=Daughter | SonCancerCondition_OtherCancer=Son | GrandparentCancerCondition_OtherCancer=Grandparent
Personal and Family Health History	Personal and Family Health Hist		othercancer_freetextbox	text	free_text		0				yes	Please specify the other cancer(s) you have had.	
Personal and Family Health History	Personal and Family Health Hist		othercancer_motherfreetextbox	text	free_text		0				yes	Please specify the other cancer(s) your mother has had.	
Personal and Family Health History	Personal and Family Health Hist		othercancer_fatherfreetextbox	text	free_text		0				yes	Please specify the other cancer(s) your father has had.	
Personal and Family Health History	Personal and Family Health Hist		othercancer_siblingfreetextbox	text	free_text		0				yes	Please specify the other cancer(s) your sibling(s) has had.	
Personal and Family Health History	Personal and Family Health Hist		othercancer_daughterfreetextbox	text	free_text		0				yes	Please specify the other cancer(s) your daughter(s) has had.	
Personal and Family Health History	Personal and Family Health Hist		othercancer_sonfreetextbox	text	free_text		0				yes	Please specify the other cancer(s) your son(s) has had.	
Personal and Family Health History	Personal and Family Health Hist		othercancer_grandparentfreetextbox	text	free_text		0				yes	Please specify the other cancer(s) your grandparent(s) has had.	
Personal and Family Health History	Personal and Family Health Hist		cancer_othercancercurrently	radio	single_select	43530296	2				yes	Are you still seeing a doctor or health care provider for other cancer(s)?	OtherCancerCurrently_Yes=Yes | OtherCancerCurrently_No=No
Personal and Family Health History	Personal and Family Health Hist		cancer_howoldwereyouothercancer	radio	single_select	43530454	5				yes	About how old were you when you were first told you had other cancer(s)?	HowOldWereYouOtherCancer_Child=Child (0-11) | HowOldWereYouOtherCancer_Adolescent=Adolescent (12-17) | HowOldWereYouOtherCancer_Adult=Adult (18-64) | HowOldWereYouOtherCancer_OlderAdult=Older adult (65-74) | HowOldWereYouOtherCancer_Elderly=Elderly (75+)
Personal and Family Health History	Personal and Family Health Hist		cancer_rxmedsforothercancer	radio	single_select	43528780	2				yes	Are you currently prescribed medications and/or receiving treatment for other cancer(s)?	RxMedsforOtherSkinCancer_Yes=Yes | RxMedsforOtherCancer_No=No
Personal and Family Health History	Personal and Family Health Hist		diagnosedhealthcondition_circulatorycondition	checkbox	multi_select	43528563	20				no	Have you or anyone in your family ever been diagnosed with the following heart and blood conditions? Think only of the people you are related to by blood. Select all that apply.	DiagnosedHealthCondition_Anemia=Anemia | CirculatoryCondition_AorticAneurysm=Aortic aneurysm | CirculatoryCondition_AtrialFibrilation=Atrial fibrillation (or a-fib) or atrial flutter (or a-flutter). | CirculatoryCondition_BleedingDisorder=Bleeding disorder | CirculatoryCondition_CongestiveHeartFailure=Congestive heart failure | CirculatoryCondition_CoronaryArteryHeartDisease=Coronary artery/coronary heart disease (includes angina) | CirculatoryCondition_HeartAttack=Heart attack | CirculatoryCondition_HeartValveDisease=Heart valve disease | CirculatoryCondition_HighBloodPressure=High blood pressure (Hypertension) | CirculatoryCondition_HighCholesterol=High cholesterol | CirculatoryCondition_PeripheralVascularDisease=Peripheral vascular disease | CirculatoryCondition_PulmonaryEmbolismThrombosis=Pulmonary embolism or deep vein thrombosis (DVT) | CirculatoryCondition_SickleCellDisease=Sickle cell disease | CirculatoryCondition_Stroke=Stroke | CirculatoryCondition_SuddenDeath=Sudden death | CirculatoryCondition_TransientIschemicAttack=Transient ischemic attacks (TIAs or mini-strokes) | CirculatoryCondition_OtherHeartorBloodCondition=Other heart or blood condition | PMI_None=None of the above | PMI_DontKnow=Don't know | PMI_PreferNotToAnswer=Prefer not to answer
Personal and Family Health History	Personal and Family Health Hist		diagnosedhealthcondition_anemia_yes	checkbox	multi_select	836792	7				yes	Including yourself, who in your family has had anemia? Select all that apply.	CirculatoryConditions_Anemia=Self | MotherCirculatoryCondition_Anemia=Mother | FatherCirculatoryCondition_Anemia=Father | SiblingCirculatoryCondition_Anemia=Sibling | DaughterCirculatoryCondition_Anemia=Daughter | SonCirculatoryCondition_Anemia=Son | GrandparentCirculatoryCondition_Anemia=Grandparent
Personal and Family Health History	Personal and Family Health Hist		circulatory_anemiacurrently	radio	single_select	43530302	2				yes	Are you still seeing a doctor or health care provider for anemia?	AnemiaCurrently_Yes=Yes | AnemiaCurrently_No=No
Personal and Family Health History	Personal and Family Health Hist		circulatory_howoldwereyouanemia	radio	single_select	43530461	5				yes	About how old were you when you were first told you had anemia?	HowOldWereYouAnemia_Child=Child (0-11) | HowOldWereYouAnemia_Adolescent=Adolescent (12-17) | HowOldWereYouAnemia_Adult=Adult (18-64) | HowOldWereYouAnemia_OlderAdult=Older adult (65-74) | HowOldWereYouAnemia_Elderly=Elderly (75+)
Personal and Family Health History	Personal and Family Health Hist		circulatory_rxmedsforanemia	radio	single_select	43528786	2				yes	Are you currently prescribed medications and/or receiving treatment for anemia?	RxMedsforAnemia_Yes=Yes | RxMedsforAnemia_No=No
Personal and Family Health History	Personal and Family Health Hist		circulatorycondition_aorticaneurysm_yes	checkbox	multi_select	836784	7				yes	Including yourself, who in your family has had aortic aneurysm? Select all that apply.	CirculatoryConditions_AorticAneurysm=Self | MotherCirculatoryCondition_AorticAneurysm=Mother | FatherCirculatoryCondition_AorticAneurysm=Father | SiblingCirculatoryCondition_AorticAneurysm=Sibling | DaughterCirculatoryCondition_AorticAneurysm=Daughter | SonCirculatoryCondition_AorticAneurysm=Son | GrandparentCirculatoryCondition_AorticAneurysm=Grandparent
Personal and Family Health History	Personal and Family Health Hist		circulatory_aorticaneurysmcurrently	radio	single_select	1740662	2				yes	Are you still seeing a doctor or health care provider for aortic aneurysm?	AorticAneurysmCurrently_Yes=Yes | AorticAneurysmCurrently_No=No
Personal and Family Health History	Personal and Family Health Hist		circulatory_howoldwereyouaorticaneurysm	radio	single_select	1740673	5				yes	About how old were you when you were first told you had aortic aneurysm?	HowOldWereYouAorticAneurysm_Child=Child (0-11) | HowOldWereYouAorticAneurysm_Adolescent=Adolescent (12-17) | HowOldWereYouAorticAneurysm_Adult=Adult (18-64) | HowOldWereYouAorticAneurysm_OlderAdult=Older adult (65-74) | HowOldWereYouAorticAneurysm_Elderly=Elderly (75+)
Personal and Family Health History	Personal and Family Health Hist		circulatory_rxmedsforaorticaneurysm	radio	single_select	1740595	2				yes	Are you currently prescribed medications and/or receiving treatment for aortic aneurysm?	RxMedsforAorticAneurysm_Yes=Yes | RxMedsforAorticAneurysm_No=No
Personal and Family Health History	Personal and Family Health Hist		circulatorycondition_atrialfibrilation_yes	checkbox	multi_select	836828	7				yes	Including yourself, who in your family has had atrial fibrillation (or a-fib) or atrial flutter (or a-flutter)? Select all that apply.	CirculatoryConditions_AtrialFibrillation=Self | MotherCirculatoryCondition_AtrialFibrilation=Mother | FatherCirculatoryCondition_AtrialFibrilation=Father | SiblingCirculatoryCondition_AtrialFibrilation=Sibling | DaughterCirculatoryCondition_AtrialFibrilation=Daughter | SonCirculatoryCondition_AtrialFibrilation=Son | GrandparentCirculatoryCondition_AtrialFibrilation=Grandparent
Personal and Family Health History	Personal and Family Health Hist		circulatory_atrialfibrillationcurrently	radio	single_select	43530303	2				yes	Are you still seeing a doctor or health care provider for atrial fibrillation (a-fib) or atrial flutter (or a-flutter)?	AtrialFibrillationCurrently_Yes=Yes | AtrialFibrillationCurrently_No=No
Personal and Family Health History	Personal and Family Health Hist		circulatory_howoldwereyouatrialfibrillation	radio	single_select	43530414	5				yes	About how old were you when you were first told you had atrial fibrillation (a-fib) or atrial flutter (or a-flutter)?	HowOldWereYouAtrialFibrillation_Child=Child (0-11) | HowOldWereYouAtrialFibrillation_Adolescent=Adolescent (12-17) | HowOldWereYouAtrialFibrillation_Adult=Adult (18-64) | HowOldWereYouAtrialFibrillation_OlderAdult=Older adult (65-74) | HowOldWereYouAtrialFibrillation_Elderly=Elderly (75+)
Personal and Family Health History	Personal and Family Health Hist		circulatory_rxmedsforatrialfibrillation	radio	single_select	43528787	2				yes	Are you currently prescribed medications and/or receiving treatment for atrial fibrillation (a-fib) or atrial flutter (or a-flutter)?	RxMedsforAtrialFibrillation_Yes=Yes | RxMedsforAtrialFibrillation_No=No
Personal and Family Health History	Personal and Family Health Hist		circulatorycondition_bleedingdisorder_yes	checkbox	multi_select	1740600	7				yes	Including yourself, who in your family has had a bleeding disorder? Select all that apply.	CirculatoryConditions_BleedingDisorder=Self | MotherCirculatoryCondition_BleedingDisorder=Mother | FatherCirculatoryCondition_BleedingDisorder=Father | SiblingCirculatoryCondition_BleedingDisorder=Sibling | DaughterCirculatoryCondition_BleedingDisorder=Daughter | SonCirculatoryCondition_BleedingDisorder=Son | GrandparentCirculatoryCondition_BleedingDisorder=Grandparent
Personal and Family Health History	Personal and Family Health Hist		circulatory_bleedingdisordercurrently	radio	single_select	43530304	2				yes	Are you still seeing a doctor or health care provider for a bleeding disorder?	BleedingDisorderCurrently_Yes=Yes | BleedingDisorderCurrently_No=No
Personal and Family Health History	Personal and Family Health Hist		circulatory_howoldwereyoubleedingdisorder	radio	single_select	43530462	5				yes	About how old were you when you were first told you had a bleeding disorder?	HowOldWereYouBleedingDisorder_Child=Child (0-11) | HowOldWereYouBleedingDisorder_Adolescent=Adolescent (12-17) | HowOldWereYouBleedingDisorder_Adult=Adult (18-64) | HowOldWereYouBleedingDisorder_OlderAdult=Older adult (65-74) | HowOldWereYouBleedingDisorder_Elderly=Elderly (75+)
Personal and Family Health History	Personal and Family Health Hist		circulatory_rxmedsforbleedingdisorder	radio	single_select	43528788	2				yes	Are you currently prescribed medications and/or receiving treatment for a bleeding disorder?	RxMedsforBleedingDisorder_Yes=Yes | RxMedsforBleedingDisorder_No=No
Personal and Family Health History	Personal and Family Health Hist		circulatorycondition_congestiveheartfailure_yes	checkbox	multi_select	836785	7				yes	Including yourself, who in your family has had congestive heart failure? Select all that apply.	CirculatoryConditions_CongestiveHeartFailure=Self | MotherCirculatoryCondition_CongestiveHeartFailure=Mother | FatherCirculatoryCondition_CongestiveHeartFailure=Father | SiblingCirculatoryCondition_CongestiveHeartFailure=Sibling | DaughterCirculatoryCondition_CongestiveHeartFailure=Daughter | SonCirculatoryCondition_CongestiveHeartFailure=Son | GrandparentCirculatoryCondition_CongestiveHeartFailure=Grandparent
Personal and Family Health History	Personal and Family Health Hist		circulatory_congestiveheartfailurecurrently	radio	single_select	43530305	2				yes	Are you still seeing a doctor or health care provider for congestive heart failure?	CongestiveHeartFailureCurrently_Yes=Yes | CongestiveHeartFailureCurrently_No=No
Personal and Family Health History	Personal and Family Health Hist		circulatory_howoldwereyoucongestiveheartfailure	radio	single_select	43530463	5				yes	About how old were you when you were first told you had congestive heart failure?	HowOldWereYouCongestiveHeartFailure_Child=Child (0-11) | HowOldWereYouCongestiveHeartFailure_Adolescent=Adolescent (12-17) | HowOldWereYouCongestiveHeartFailure_Adult=Adult (18-64) | HowOldWereYouCongestiveHeartFailure_OlderAdult=Older adult (65-74) | HowOldWereYouCongestiveHeartFailure_Elderly=Elderly (75+)
Personal and Family Health History	Personal and Family Health Hist		circulatory_rxmedsforcongestiveheartfailure	radio	single_select	43528789	2				yes	Are you currently prescribed medications and/or receiving treatment for congestive heart failure?	RxMedsforCongestiveHeartFailure_Yes=Yes | RxMedsforCongestiveHeartFailure_No=No
Personal and Family Health History	Personal and Family Health Hist		circulatorycondition_coronaryarteryheartdisease_yes	checkbox	multi_select	836876	7				yes	Including yourself, who in your family has had coronary artery/coronary heart disease? Select all that apply.	CirculatoryConditions_CoronaryArtery=Self | MotherCirculatoryCondition_CoronaryArteryHeartDisease=Mother | FatherCirculatoryCondition_CoronaryArteryHeartDisease=Father | SiblingCirculatoryCondition_CoronaryArteryHeartDisease=Sibling | DaughterCirculatoryCondition_CoronaryArteryHeartDisease=Daughter | SonCirculatoryCondition_CoronaryArteryHeartDisease=Son | GrandparentCirculatoryCondition_CoronaryArteryHeartDisease=Grandparent
Personal and Family Health History	Personal and Family Health Hist		circulatory_coronaryarterycurrently	radio	single_select	43530306	2				yes	Are you still seeing a doctor or health care provider for coronary artery/coronary heart disease?	CoronaryArteryCurrently_Yes=Yes | CoronaryArteryCurrently_No=No
Personal and Family Health History	Personal and Family Health Hist		circulatory_howoldwereyoucoronaryartery	radio	single_select	43530464	5				yes	About how old were you when you were first told you had coronary artery/coronary heart disease?	HowOldWereYouCoronaryArtery_Child=Child (0-11) | HowOldWereYouCoronaryArtery_Adolescent=Adolescent (12-17) | HowOldWereYouCoronaryArtery_Adult=Adult (18-64) | HowOldWereYouCoronaryArtery_OlderAdult=Older adult (65-74) | HowOldWereYouCoronaryArtery_Elderly=Elderly (75+)
Personal and Family Health History	Personal and Family Health Hist		circulatory_rxmedsforcoronaryartery	radio	single_select	43528790	2				yes	Are you currently prescribed medications and/or receiving treatment for coronary artery/coronary heart disease?	RxMedsforCoronaryArtery_Yes=Yes | RxMedsforCoronaryArtery_No=No
Personal and Family Health History	Personal and Family Health Hist		circulatorycondition_heartattack_yes	checkbox	multi_select	836786	7				yes	Including yourself, who in your family has had a heart attack? Select all that apply.	CirculatoryConditions_HeartAttack=Self | MotherCirculatoryCondition_HeartAttack=Mother | FatherCirculatoryCondition_HeartAttack=Father | SiblingCirculatoryCondition_HeartAttack=Sibling | DaughterCirculatoryCondition_HeartAttack=Daughter | SonCirculatoryCondition_HeartAttack=Son | GrandparentCirculatoryCondition_HeartAttack=Grandparent
Personal and Family Health History	Personal and Family Health Hist		circulatory_heartattackcurrently	radio	single_select	43530307	2				yes	Are you still seeing a doctor or health care provider for a heart attack?	HeartAttackCurrently_Yes=Yes | HeartAttackCurrently_No=No
Personal and Family Health History	Personal and Family Health Hist		circulatory_howoldwereyouheartattack	radio	single_select	43530465	5				yes	About how old were you when you were first told you had a heart attack?	HowOldWereYouHeartAttack_Child=Child (0-11) | HowOldWereYouHeartAttack_Adolescent=Adolescent (12-17) | HowOldWereYouHeartAttack_Adult=Adult (18-64) | HowOldWereYouHeartAttack_OlderAdult=Older adult (65-74) | HowOldWereYouHeartAttack_Elderly=Elderly (75+)
Personal and Family Health History	Personal and Family Health Hist		circulatory_rxmedsforheartattack	radio	single_select	43528791	2				yes	Are you currently prescribed medications and/or receiving treatment for a heart attack?	RxMedsforHeartAttack_Yes=Yes | RxMedsforHeartAttack_No=No
Personal and Family Health History	Personal and Family Health Hist		circulatorycondition_heartvalvedisease_yes	checkbox	multi_select	836829	7				yes	Including yourself, who in your family has had heart valve disease? Select all that apply.	CirculatoryConditions_HeartValveDisease=Self | MotherCirculatoryCondition_HeartValveDisease=Mother | FatherCirculatoryCondition_HeartValveDisease=Father | SiblingCirculatoryCondition_HeartValveDisease=Sibling | DaughterCirculatoryCondition_HeartValveDisease=Daughter | SonCirculatoryCondition_HeartValveDisease=Son | GrandparentCirculatoryCondition_HeartValveDisease=Grandparent
Personal and Family Health History	Personal and Family Health Hist		circulatory_heartvalvediseasecurrently	radio	single_select	43530308	2				yes	Are you still seeing a doctor or health care provider for heart valve disease?	HeartValveDiseaseCurrently_Yes=Yes | HeartValveDiseaseCurrently_No=No
Personal and Family Health History	Personal and Family Health Hist		circulatory_howoldwereyouheartvalvedisease	radio	single_select	43530466	5				yes	About how old were you when you were first told you had heart valve disease?	HowOldWereYouHeartValveDisease_Child=Child (0-11) | HowOldWereYouHeartValveDisease_Adolescent=Adolescent (12-17) | HowOldWereYouHeartValveDisease_Adult=Adult (18-64) | HowOldWereYouHeartValveDisease_OlderAdult=Older adult (65-74) | HowOldWereYouHeartValveDisease_Elderly=Elderly (75+)
Personal and Family Health History	Personal and Family Health Hist		circulatory_rxmedsforheartvalvedisease	radio	single_select	43528792	2				yes	Are you currently prescribed medications and/or receiving treatment for heart valve disease?	RxMedsforHeartValveDisease_Yes=Yes | RxMedsforHeartValveDisease_No=No
Personal and Family Health History	Personal and Family Health Hist		circulatorycondition_highbloodpressure_yes	checkbox	multi_select	836787	7				yes	Including yourself, who in your family has had high blood pressure (hypertension)? Select all that apply.	CirculatoryConditions_Hypertension=Self | MotherCirculatoryCondition_HighBloodPressure=Mother | FatherCirculatoryCondition_HighBloodPressure=Father | SiblingCirculatoryCondition_HighBloodPressure=Sibling | DaughterCirculatoryCondition_HighBloodPressure=Daughter | SonCirculatoryCondition_HighBloodPressure=Son | GrandparentCirculatoryCondition_HighBloodPressure=Grandparent
Personal and Family Health History	Personal and Family Health Hist		circulatory_hypertensioncurrently	radio	single_select	43530310	2				yes	Are you still seeing a doctor or health care provider for high blood pressure (hypertension)?	HypertensionCurrently_Yes=Yes | HypertensionCurrently_No=No
Personal and Family Health History	Personal and Family Health Hist		circulatory_howoldwereyouhypertension	radio	single_select	43530468	5				yes	About how old were you when you were first told you had high blood pressure (hypertension)?	HowOldWereYouHypertension_Child=Child (0-11) | HowOldWereYouHypertension_Adolescent=Adolescent (12-17) | HowOldWereYouHypertension_Adult=Adult (18-64) | HowOldWereYouHypertension_OlderAdult=Older adult (65-74) | HowOldWereYouHypertension_Elderly=Elderly (75+)
Personal and Family Health History	Personal and Family Health Hist		circulatory_prescribedmedsforhypertension	radio	single_select	1384437	2				yes	Are you currently prescribed medications and/or receiving treatment for high blood pressure (hypertension)?	PrescribedMedsforHypertension_Yes=Yes | PrescribedMedsforHypertension_No=No
Personal and Family Health History	Personal and Family Health Hist		circulatorycondition_highcholesterol_yes	checkbox	multi_select	836836	7				yes	Including yourself, who in your family has had high cholesterol? Select all that apply.	CirculatoryConditions_HighCholesterol=Self | MotherCirculatoryCondition_HighCholesterol=Mother | FatherCirculatoryCondition_HighCholesterol=Father | SiblingCirculatoryCondition_HighCholesterol=Sibling | DaughterCirculatoryCondition_HighCholesterol=Daughter | SonCirculatoryCondition_HighCholesterol=Son | GrandparentCirculatoryCondition_HighCholesterol=Grandparent
Personal and Family Health History	Personal and Family Health Hist		circulatory_highcholesterolcurrently	radio	single_select	43530309	2				yes	Are you still seeing a doctor or health care provider for high cholesterol?	HighCholesterolCurrently_Yes=Yes | HighCholesterolCurrently_No=No
Personal and Family Health History	Personal and Family Health Hist		circulatory_howoldwereyouhighcholesterol	radio	single_select	43530467	5				yes	About how old were you when you were first told you had high cholesterol?	HowOldWereYouHighCholesterol_Child=Child (0-11) | HowOldWereYouHighCholesterol_Adolescent=Adolescent (12-17) | HowOldWereYouHighCholesterol_Adult=Adult (18-64) | HowOldWereYouHeartAttackHighCholesterol_OlderAdult=Older adult (65-74) | HowOldWereYouHighCholesterol_Elderly=Elderly (75+)
Personal and Family Health History	Personal and Family Health Hist		circulatory_rxmedsforhighcholesterol	radio	single_select	43528793	2				yes	Are you currently prescribed medications and/or receiving treatment for high cholesterol?	RxMedsforHighCholesterol_Yes=Yes | RxMedsforHighCholesterol_No=No
Personal and Family Health History	Personal and Family Health Hist		circulatorycondition_peripheralvasculardisease_yes	checkbox	multi_select	836837	7				yes	Including yourself, who in your family has had peripheral vascular disease? Select all that apply.	CirculatoryConditions_PeripheralVascularDisease=Self | MotherCirculatoryCondition_PeripheralVascularDisease=Mother | FatherCirculatoryCondition_PeripheralVascularDisease=Father | SiblingCirculatoryCondition_PeripheralVascularDisease=Sibling | DaughterCirculatoryCondition_PeripheralVascularDisease=Daughter | SonCirculatoryCondition_PeripheralVascularDisease=Son | GrandparentCirculatoryCondition_PeripheralVascularDisease=Grandparent
Personal and Family Health History	Personal and Family Health Hist		circulatory_peripheralvasculardiseasecurrently	radio	single_select	43530311	2				yes	Are you still seeing a doctor or health care provider for peripheral vascular disease?	PeripheralVascularDiseaseCurrently_Yes=Yes | PeripheralVascularDiseaseCurrently_No=No
Personal and Family Health History	Personal and Family Health Hist		circulatory_howoldwereyouperipheralvasculardisease	radio	single_select	1384448	5				yes	About how old were you when you were first told you had peripheral vascular disease?	HowOldWereYouPeripheralVascularDisease_Child=Child (0-11) | HowOldWereYouPeripheralVascularDisease_Adolescent=Adolescent (12-17) | HowOldWereYouPeripheralVascularDisease_Adult=Adult (18-64) | HowOldWereYouPeripheralVascularDisease_OlderAdult=Older adult (65-74) | HowOldWereYouPeripheralVascularDisease_Elderly=Elderly (75+)
Personal and Family Health History	Personal and Family Health Hist		circulatory_rxmedsforperipheralvasculardisease	radio	single_select	43528795	2				yes	Are you currently prescribed medications and/or receiving treatment for peripheral vascular disease?	RxMedsforPeripheralVascularDisease_Yes=Yes | RxMedsforPeripheralVascularDisease_No=No
Personal and Family Health History	Personal and Family Health Hist		circulatorycondition_pulmonaryembolismthrombosis_yes	checkbox	multi_select	836849	7				yes	Including yourself, who in your family has had pulmonary embolism or deep vein thrombosis (DVT)? Select all that apply.	CirculatoryConditions_PulmonaryEmbolism=Self | MotherCirculatoryCondition_PulmonaryEmbolismThrombosis=Mother | FatherCirculatoryCondition_PulmonaryEmbolismThrombosis=Father | SiblingCirculatoryCondition_PulmonaryEmbolismThrombosis=Sibling | DaughterCirculatoryCondition_PulmonaryEmbolismThrombosis=Daughter | SonCirculatoryCondition_PulmonaryEmbolismThrombosis=Son | GrandparentCirculatoryCondition_PulmonaryEmbolismThrombosis=Grandparent
Personal and Family Health History	Personal and Family Health Hist		circulatory_pulmonaryembolismcurrently	radio	single_select	43530312	2				yes	Are you still seeing a doctor or health care provider for pulmonary embolism or deep vein thrombosis (DVT)?	PulmonaryEmbolismCurrently_Yes=Yes | PulmonaryEmbolismCurrently_No=No
Personal and Family Health History	Personal and Family Health Hist		circulatory_howoldwereyoupulmonaryembolism	radio	single_select	43530469	5				yes	About how old were you when you were first told you had pulmonary embolism or deep vein thrombosis (DVT)?	HowOldWereYouPulmonaryEmbolism_Child=Child (0-11) | HowOldWereYouPulmonaryEmbolism_Adolescent=Adolescent (12-17) | HowOldWereYouPulmonaryEmbolism_Adult=Adult (18-64) | HowOldWereYouPulmonaryEmbolism_OlderAdult=Older adult (65-74) | HowOldWereYouPulmonaryEmbolism_Elderly=Elderly (75+)
Personal and Family Health History	Personal and Family Health Hist		circulatory_rxmedsforpulmonaryembolism	radio	single_select	43528796	2				yes	Are you currently prescribed medications and/or receiving treatment for pulmonary embolism or deep vein thrombosis (DVT)?	RxMedsforPulmonaryEmbolism_Yes=Yes | RxMedsforPulmonaryEmbolism_No=No
Personal and Family Health History	Personal and Family Health Hist		circulatorycondition_sicklecelldisease_yes	checkbox	multi_select	836788	7				yes	Including yourself, who in your family has had sickle cell disease? Select all that apply.	CirculatoryConditions_SickleCellDisease=Self | MotherCirculatoryCondition_SickleCellDisease=Mother | FatherCirculatoryCondition_SickleCellDisease=Father | SiblingCirculatoryCondition_SickleCellDisease=Sibling | DaughterCirculatoryCondition_SickleCellDisease=Daughter | SonCirculatoryCondition_SickleCellDisease=Son | GrandparentCirculatoryCondition_SickleCellDisease=Grandparent
Personal and Family Health History	Personal and Family Health Hist		circulatory_sicklecelldiseasecurrently	radio	single_select	43530313	2				yes	Are you still seeing a doctor or health care provider for sickle cell disease?	SickleCellDiseaseCurrently_Yes=Yes | SickleCellDiseaseCurrently_No=No
Personal and Family Health History	Personal and Family Health Hist		circulatory_howoldwereyousicklecelldisease	radio	single_select	43530470	5				yes	About how old were you when you were first told you had sickle cell disease?	HowOldWereYouSickleCellDisease_Child=Child (0-11) | HowOldWereYouSickleCellDisease_Adolescent=Adolescent (12-17) | HowOldWereYouSickleCellDisease_Adult=Adult (18-64) | HowOldWereYouSickleCellDisease_OlderAdult=Older adult (65-74) | HowOldWereYouSickleCellDisease_Elderly=Elderly (75+)
Personal and Family Health History	Personal and Family Health Hist		circulatory_rxmedsforsicklecelldisease	radio	single_select	43528797	2				yes	Are you currently prescribed medications and/or receiving treatment for sickle cell disease?	RxMedsforSickleCellDisease_Yes=Yes | RxMedsforSickleCellDisease_No=No
Personal and Family Health History	Personal and Family Health Hist		circulatorycondition_stroke_yes	checkbox	multi_select	836789	7				yes	Including yourself, who in your family has had a stroke? Select all that apply.	CirculatoryConditions_Stroke=Self | MotherCirculatoryCondition_Stroke=Mother | FatherCirculatoryCondition_Stroke=Father | SiblingCirculatoryCondition_Stroke=Sibling | DaughterCirculatoryCondition_Stroke=Daughter | SonCirculatoryCondition_Stroke=Son | GrandparentCirculatoryCondition_Stroke=Grandparent
Personal and Family Health History	Personal and Family Health Hist		circulatory_strokecurrently	radio	single_select	43530314	2				yes	Are you still seeing a doctor or health care provider for a stroke?	StrokeCurrently_Yes=Yes | StrokeCurrently_No=No
Personal and Family Health History	Personal and Family Health Hist		circulatory_howoldwereyoustroke	radio	single_select	43530471	5				yes	About how old were you when you were first told you had a stroke?	HowOldWereYouStroke_Child=Child (0-11) | HowOldWereYouStroke_Adolescent=Adolescent (12-17) | HowOldWereYouStroke_Adult=Adult (18-64) | HowOldWereYouStroke_OlderAdult=Older adult (65-74) | HowOldWereYouStroke_Elderly=Elderly (75+)
Personal and Family Health History	Personal and Family Health Hist		circulatory_rxmedsforstroke	radio	single_select	43528798	2				yes	Are you currently prescribed medications and/or receiving treatment for a stroke?	RxMedsforStroke_Yes=Yes | RxMedsforStroke_No=No
Personal and Family Health History	Personal and Family Health Hist		circulatorycondition_suddendeath_yes	checkbox	multi_select	836790	6				yes	Who in your family has had sudden death? Select all that apply.	MotherCirculatoryCondition_SuddenDeath=Mother | FatherCirculatoryCondition_SuddenDeath=Father | SiblingCirculatoryCondition_SuddenDeath=Sibling | DaughterCirculatoryCondition_SuddenDeath=Daughter | SonCirculatoryCondition_SuddenDeath=Son | GrandparentCirculatoryCondition_SuddenDeath=Grandparent
Personal and Family Health History	Personal and Family Health Hist		circulatorycondition_transientischemicattack_yes	checkbox	multi_select	1740677	7				yes	Including yourself, who in your family has had transient ischemic attacks (TIAs or mini-strokes)? Select all that apply.	CirculatoryConditions_TransientIschemicAttack=Self | MotherCirculatoryCondition_TransientIschemicAttack=Mother | FatherCirculatoryCondition_TransientIschemicAttack=Father | siblingcirculatorycondition_transientischemicattac=Sibling | daughtercirculatorycondition_transientischemicatta=Daughter | SonCirculatoryCondition_TransientIschemicAttack=Son | grandparentcirculatorycondition_transientischemica=Grandparent
Personal and Family Health History	Personal and Family Health Hist		circulatory_transientischemicattackcurrently	radio	single_select	43530315	2				yes	Are you still seeing a doctor or health care provider for transient ischemic attacks (TIAs or mini-strokes)?	TransientIschemicAttackCurrently_Yes=Yes | TransientIschemicAttackCurrently_No=No
Personal and Family Health History	Personal and Family Health Hist		circulatory_howoldwereyoutransientischemicattack	radio	single_select	43530472	5				yes	About how old were you when you were first told you had transient ischemic attacks (TIAs or mini-strokes)?	HowOldWereYouTransientIschemicAttack_Child=Child (0-11) | HowOldWereYouTransientIschemicAttack_Adolescent=Adolescent (12-17) | HowOldWereYouTransientIschemicAttack_Adult=Adult (18-64) | HowOldWereYouTransientIschemicAttack_OlderAdult=Older adult (65-74) | HowOldWereYouTransientIschemicAttack_Elderly=Elderly (75+)
Personal and Family Health History	Personal and Family Health Hist		circulatory_rxmedsfortransientischemicattack	radio	single_select	43528799	2				yes	Are you currently prescribed medications and/or receiving treatment for transient ischemic attacks (TIAs or mini-strokes)?	RxMedsforTransientIschemicAttack_Yes=Yes | RxMedsforTransientIschemicAttack_No=No
Personal and Family Health History	Personal and Family Health Hist		circulatorycondition_otherheartorbloodcondition_ye	checkbox	multi_select	1740555	7				yes	Including yourself, who in your family has had other heart or blood condition? Select all that apply.	CirculatoryConditions_OtherHeartorBloodCondition=Self | mothercirculatorycondition_otherheartorbloodcondit=Mother | fathercirculatorycondition_otherheartorbloodcondit=Father | siblingcirculatorycondition_otherheartorbloodcondi=Sibling | daughtercirculatorycondition_otherheartorbloodcond=Daughter | SonCirculatoryCondition_OtherHeartorBloodCondition=Son | grandparentcirculatorycondition_otherheartorbloodc=Grandparent
Personal and Family Health History	Personal and Family Health Hist		otherheartorbloodcondition_freetextbox	text	free_text		0				yes	Please specify the other heart or blood condition(s) you have had.	
Personal and Family Health History	Personal and Family Health Hist		otherheartorbloodcondition_motherfreetextbox	text	free_text		0				yes	Please specify the other heart or blood condition(s) your mother has had.	
Personal and Family Health History	Personal and Family Health Hist		otherheartorbloodcondition_fatherfreetextbox	text	free_text		0				yes	Please specify the other heart or blood condition(s) your father has had.	
Personal and Family Health History	Personal and Family Health Hist		otherheartorbloodcondition_siblingfreetextbox	text	free_text		0				yes	Please specify the other heart or blood condition(s) your sibling(s) has had.	
Personal and Family Health History	Personal and Family Health Hist		otherheartorbloodcondition_daughterfreetextbox	text	free_text		0				yes	Please specify the other heart or blood condition(s) your daughter(s) has had.	
Personal and Family Health History	Personal and Family Health Hist		otherheartorbloodcondition_sonfreetextbox	text	free_text		0				yes	Please specify the other heart or blood condition(s) your son(s) has had.	
Personal and Family Health History	Personal and Family Health Hist		otherheartorbloodcondition_grandparentfreetextbox	text	free_text		0				yes	Please specify the other heart or blood condition(s) your grandparent(s) has had.	
Personal and Family Health History	Personal and Family Health Hist		circulatory_otherheartbloodcurrently	radio	single_select	1384423	2				yes	Are you still seeing a doctor or health care provider for other heart or blood condition(s)?	OtherHeartBloodCurrently_Yes=Yes | OtherHeartBloodCurrently_No=No
Personal and Family Health History	Personal and Family Health Hist		circulatory_howoldwereyouotherheartblood	radio	single_select	1384462	5				yes	About how old were you when you were first told you had other heart or blood condition(s)?	HowOldWereYouOtherHeartBlood_Child=Child (0-11) | HowOldWereYouOtherHeartBlood_Adolescent=Adolescent (12-17) | HowOldWereYouOtherHeartBlood_Adult=Adult (18-64) | HowOldWereYouOtherHeartBlood_OlderAdult=Older adult (65-74) | HowOldWereYouOtherHeartBlood_Elderly=Elderly (75+)
Personal and Family Health History	Personal and Family Health Hist		circulatory_rxmedsforotherheartblood	radio	single_select	1384420	2				yes	Are you currently prescribed medications and/or receiving treatment for other heart or blood condition(s)?	RxMedsforOtherHeartBlood_Yes=Yes | noRxMedsforOtherHeartBlood_No=No
Personal and Family Health History	Personal and Family Health Hist		diagnosedhealthcondition_digestivecondition	checkbox	multi_select	43528634	18				no	Have you or anyone in your family ever been diagnosed with the following digestive conditions? Think only of the people you are related to by blood. Select all that apply.	DigestiveCondition_AcidReflux=Acid reflux | DigestiveCondition_BowelObstruction=Bowel obstruction | DigestiveCondition_CeliacDisease=Celiac disease | DigestiveCondition_ColonPolyps=Colon polyps | DigestiveCondition_CrohnsDisease=Crohn's disease | DigestiveCondition_Diverticulitis=Diverticulitis/Diverticulosis | DigestiveCondition_GallStones=Gall stones | DigestiveCondition_Hemorrhoids=Hemorrhoids | DigestiveCondition_Hernia=Hernia | DigestiveCondition_IrritableBowelSyndrome=Irritable bowel syndrome (IBS) | DigestiveCondition_LiverCondition=Liver condition (e.g., cirrhosis) | DigestiveCondition_Pancreatitis=Pancreatitis | DigestiveCondition_PepticUlcers=Peptic (stomach) ulcers | DigestiveCondition_UlcerativeColitis=Ulcerative colitis | DigestiveCondition_OtherDigestiveCondition=Other digestive condition | PMI_None=None of the above | PMI_DontKnow=Don't know | PMI_PreferNotToAnswer=Prefer not to answer
Personal and Family Health History	Personal and Family Health Hist		digestivecondition_acidreflux_yes	checkbox	multi_select	836843	7				yes	Including yourself, who in your family has had acid reflux? Select all that apply.	DigestiveSystemConditions_AcidReflux=Self | MotherDigestiveCondition_AcidReflux=Mother | FatherDigestiveCondition_AcidReflux=Father | SiblingDigestiveCondition_AcidReflux=Sibling | DaughterDigestiveCondition_AcidReflux=Daughter | SonDigestiveCondition_AcidReflux=Son | GrandparentDigestiveCondition_AcidReflux=Grandparent
Personal and Family Health History	Personal and Family Health Hist		digestive_acidrefluxcurrently	radio	single_select	43530316	2				yes	Are you still seeing a doctor or health care provider for acid reflux?	AcidRefluxCurrently_Yes=Yes | AcidRefluxCurrently_No=No
Personal and Family Health History	Personal and Family Health Hist		digestive_howoldwereyouacidreflux	radio	single_select	43530473	5				yes	About how old were you when you were first told you had acid reflux?	HowOldWereYouAcidReflux_Child=Child (0-11) | HowOldWereYouAcidReflux_Adolescent=Adolescent (12-17) | HowOldWereYouAcidReflux_Adult=Adult (18-64) | HowOldWereYouAcidReflux_OlderAdult=Older adult (65-74) | HowOldWereYouAcidReflux_Elderly=Elderly (75+)
Personal and Family Health History	Personal and Family Health Hist		digestive_rxmedsforacidreflux	radio	single_select	43528800	2				yes	Are you currently prescribed medications and/or receiving treatment for acid reflux?	RxMedsforAcidReflux_Yes=Yes | RxMedsforAcidReflux_No=No
Personal and Family Health History	Personal and Family Health Hist		digestivecondition_bowelobstruction_yes	checkbox	multi_select	1740663	7				yes	Including yourself, who in your family has had bowel obstruction? Select all that apply.	DigestiveSystemConditions_BowelObstruction=Self | MotherDigestiveCondition_BowelObstruction=Mother | FatherDigestiveCondition_BowelObstruction=Father | SiblingDigestiveCondition_BowelObstruction=Sibling | DaughterDigestiveCondition_BowelObstruction=Daughter | SonDigestiveCondition_BowelObstruction=Son | GrandparentDigestiveCondition_BowelObstruction=Grandparent
Personal and Family Health History	Personal and Family Health Hist		digestive_bowelobstructioncurrently	radio	single_select	43530317	2				yes	Are you still seeing a doctor or health care provider for bowel obstruction?	BowelObstructionCurrently_Yes=Yes | BowelObstructionCurrently_No=No
Personal and Family Health History	Personal and Family Health Hist		digestive_howoldwereyoubowelobstruction	radio	single_select	43530474	5				yes	About how old were you when you were first told you had bowel obstruction?	HowOldWereYouBowelObstruction_Child=Child (0-11) | HowOldWereYouBowelObstruction_Adolescent=Adolescent (12-17) | HowOldWereYouBowelObstruction_Adult=Adult (18-64) | HowOldWereYouBowelObstruction_OlderAdult=Older adult (65-74) | HowOldWereYouBowelObstruction_Elderly=Elderly (75+)
Personal and Family Health History	Personal and Family Health Hist		digestive_rxmedsforbowelobstruction	radio	single_select	43528801	2				yes	Are you currently prescribed medications and/or receiving treatment for bowel obstruction?	RxMedsforBowelObstruction_Yes=Yes | RxMedsforBowelObstruction_No=No
Personal and Family Health History	Personal and Family Health Hist		digestivecondition_celiacdisease_yes	checkbox	multi_select	836793	7				yes	Including yourself, who in your family has had celiac disease? Select all that apply.	DigestiveSystemConditions_CeliacDisease=Self | MotherDigestiveCondition_CeliacDisease=Mother | FatherDigestiveCondition_CeliacDisease=Father | SiblingDigestiveCondition_CeliacDisease=Sibling | DaughterDigestiveCondition_CeliacDisease=Daughter | SonDigestiveCondition_CeliacDisease=Son | GrandparentDigestiveCondition_CeliacDisease=Grandparent
Personal and Family Health History	Personal and Family Health Hist		digestive_celiacdiseasecurrently	radio	single_select	1384660	2				yes	Are you still seeing a doctor or health care provider for celiac disease?	CeliacDiseaseCurrently_Yes=Yes | CeliacDiseaseCurrently_No=No
Personal and Family Health History	Personal and Family Health Hist		digestive_howoldwereyouceliacdisease	radio	single_select	1384494	5				yes	About how old were you when you were first told you had celiac disease?	HowOldWereYouCeliacDisease_Child=Child (0-11) | HowOldWereYouCeliacDisease_Adolescent=Adolescent (12-17) | HowOldWereYouCeliacDisease_Adult=Adult (18-64) | HowOldWereYouCeliacDisease_OlderAdult=Older adult (65-74) | HowOldWereYouCeliacDisease_Elderly=Elderly (75+)
Personal and Family Health History	Personal and Family Health Hist		digestive_rxmedsforceliacdisease	radio	single_select	1384609	2				yes	Are you currently prescribed medications and/or receiving treatment for celiac disease?	RxMedsforCeliacDisease_Yes=Yes | RxMedsforCeliacDisease_No=No
Personal and Family Health History	Personal and Family Health Hist		digestivecondition_colonpolyps_yes	checkbox	multi_select	836844	7				yes	Including yourself, who in your family has had colon polyps? Select all that apply.	DigestiveSystemConditions_ColonPolyps=Self | MotherDigestiveCondition_ColonPolyps=Mother | FatherDigestiveCondition_ColonPolyps=Father | SiblingDigestiveCondition_ColonPolyps=Sibling | DaughterDigestiveCondition_ColonPolyps=Daughter | SonDigestiveCondition_ColonPolyps=Son | GrandparentDigestiveCondition_ColonPolyps=Grandparent
Personal and Family Health History	Personal and Family Health Hist		digestive_colonpolypscurrently	radio	single_select	43530318	2				yes	Are you still seeing a doctor or health care provider for colon polyps?	ColonPolypsCurrently_Yes=Yes | ColonPolypsCurrently_No=No
Personal and Family Health History	Personal and Family Health Hist		digestive_howoldwereyoucolonpolyps	radio	single_select	43530475	5				yes	About how old were you when you were first told you had colon polyps?	HowOldWereYouColonPolyps_Child=Child (0-11) | HowOldWereYouColonPolyps_Adolescent=Adolescent (12-17) | HowOldWereYouColonPolyps_Adult=Adult (18-64) | HowOldWereYouColonPolyps_OlderAdult=Older adult (65-74) | HowOldWereYouColonPolyps_Elderly=Elderly (75+)
Personal and Family Health History	Personal and Family Health Hist		digestive_rxmedsforcolonpolyps	radio	single_select	43528802	2				yes	Are you currently prescribed medications and/or receiving treatment for colon polyps?	RxMedsforColonPolyps_Yes=Yes | RxMedsforColonPolyps_No=No
Personal and Family Health History	Personal and Family Health Hist		digestivecondition_crohnsdisease_yes	checkbox	multi_select	836794	7				yes	Including yourself, who in your family has had Crohn's disease? Select all that apply.	DigestiveSystemConditions_CrohnsDisease=Self | MotherDigestiveCondition_CrohnsDisease=Mother | FatherDigestiveCondition_CrohnsDisease=Father | SiblingDigestiveCondition_CrohnsDisease=Sibling | DaughterDigestiveCondition_CrohnsDisease=Daughter | SonDigestiveCondition_CrohnsDisease=Son | GrandparentDigestiveCondition_CrohnsDisease=Grandparent
Personal and Family Health History	Personal and Family Health Hist		digestive_crohnsdiseasecurrently	radio	single_select	43530319	2				yes	Are you still seeing a doctor or health care provider for Crohn's disease?	CrohnsDiseaseCurrently_Yes=Yes | CrohnsDiseaseCurrently_No=No
Personal and Family Health History	Personal and Family Health Hist		digestive_howoldwereyoucrohnsdisease	radio	single_select	43530476	5				yes	About how old were you when you were first told you had Crohn's disease?	HowOldWereYouCrohnsDisease_Child=Child (0-11) | HowOldWereYouCrohnsDisease_Adolescent=Adolescent (12-17) | HowOldWereYouCrohnsDisease_Adult=Adult (18-64) | HowOldWereYouCrohnsDisease_OlderAdult=Older adult (65-74) | HowOldWereYouCrohnsDisease_Elderly=Elderly (75+)
Personal and Family Health History	Personal and Family Health Hist		digestive_rxmedsforcrohnsdisease	radio	single_select	43528804	2				yes	Are you currently prescribed medications and/or receiving treatment for Crohn's disease?	RxMedsforCrohnsDisease_Yes=Yes | RxMedsforCrohnsDisease_No=No
Personal and Family Health History	Personal and Family Health Hist		digestivecondition_diverticulitis_yes	checkbox	multi_select	836845	7				yes	Including yourself, who in your family has had diverticulitis/diverticulosis? Select all that apply.	DigestiveSystemConditions_Diverticulosis=Self | MotherDigestiveCondition_Diverticulitis=Mother | FatherDigestiveCondition_Diverticulitis=Father | SiblingDigestiveCondition_Diverticulitis=Sibling | DaughterDigestiveCondition_Diverticulitis=Daughter | SonDigestiveCondition_Diverticulitis=Son | GrandparentDigestiveCondition_Diverticulitis=Grandparent
Personal and Family Health History	Personal and Family Health Hist		digestive_diverticulosiscurrently	radio	single_select	43530320	2				yes	Are you still seeing a doctor or health care provider for diverticulitis/diverticulosis?	DiverticulosisCurrently_Yes=Yes | DiverticulosisCurrently_No=No
Personal and Family Health History	Personal and Family Health Hist		digestive_howoldwereyoudiverticulosis	radio	single_select	43530477	5				yes	About how old were you when you were first told you had diverticulitis/diverticulosis?	HowOldWereYouDiverticulosis_Child=Child (0-11) | HowOldWereYouDiverticulosis_Adolescent=Adolescent (12-17) | HowOldWereYouDiverticulosis_Adult=Adult (18-64) | HowOldWereYouDiverticulosis_OlderAdult=Older adult (65-74) | HowOldWereYouDiverticulosis_Elderly=Elderly (75+)
Personal and Family Health History	Personal and Family Health Hist		digestive_rxmedsfordiverticulosis	radio	single_select	43528805	2				yes	Are you currently prescribed medications and/or receiving treatment for diverticulitis/diverticulosis?	RxMedsforDiverticulosis_Yes=Yes | RxMedsforDiverticulosis_No=No
Personal and Family Health History	Personal and Family Health Hist		digestivecondition_gallstones_yes	checkbox	multi_select	836846	7				yes	Including yourself, who in your family has had gall stones? Select all that apply.	DigestiveSystemConditions_GallStones=Self | MotherDigestiveCondition_GallStones=Mother | FatherDigestiveCondition_GallStones=Father | SiblingDigestiveCondition_GallStones=Sibling | DaughterDigestiveCondition_GallStones=Daughter | SonDigestiveCondition_GallStones=Son | GrandparentDigestiveCondition_GallStones=Grandparent
Personal and Family Health History	Personal and Family Health Hist		digestive_gallstonescurrently	radio	single_select	43530321	2				yes	Are you still seeing a doctor or health care provider for gall stones?	GallStonesCurrently_Yes=Yes | GallStonesCurrently_No=No
Personal and Family Health History	Personal and Family Health Hist		digestive_howoldwereyougallstones	radio	single_select	43530478	5				yes	About how old were you when you were first told you had gall stones?	HowOldWereYouGallStones_Child=Child (0-11) | HowOldWereYouGallStones_Adolescent=Adolescent (12-17) | HowOldWereYouGallStones_Adult=Adult (18-64) | HowOldWereYouGallStones_OlderAdult=Older adult (65-74) | HowOldWereYouGallStones_Elderly=Elderly (75+)
Personal and Family Health History	Personal and Family Health Hist		digestive_rxmedsforgallstones	radio	single_select	43528806	2				yes	Are you currently prescribed medications and/or receiving treatment for gall stones?	RxMedsforGallStones_Yes=Yes | RxMedsforGallStones_No=No
Personal and Family Health History	Personal and Family Health Hist		digestivecondition_hemorrhoids_yes	checkbox	multi_select	1740578	7				yes	Including yourself, who in your family has had hemorrhoids? Select all that apply.	DigestiveSystemConditions_Hemorrhoids=Self | MotherDigestiveCondition_Hemorrhoids=Mother | FatherDigestiveCondition_Hemorrhoids=Father | SiblingDigestiveCondition_Hemorrhoids=Sibling | DaughterDigestiveCondition_Hemorrhoids=Daughter | SonDigestiveCondition_Hemorrhoids=Son | GrandparentDigestiveCondition_Hemorrhoids=Grandparent
Personal and Family Health History	Personal and Family Health Hist		digestive_hemorrhoidscurrently	radio	single_select	43530322	2				yes	Are you still seeing a doctor or health care provider for hemorrhoids?	HemorrhoidsCurrently_Yes=Yes | HemorrhoidsCurrently_No=No
Personal and Family Health History	Personal and Family Health Hist		digestive_howoldwereyouhemorrhoids	radio	single_select	43530479	5				yes	About how old were you when you were first told you had hemorrhoids?	HowOldWereYouHemorrhoids_Child=Child (0-11) | HowOldWereYouHemorrhoids_Adolescent=Adolescent (12-17) | HowOldWereYouHemorrhoids_Adult=Adult (18-64) | HowOldWereYouHemorrhoids_OlderAdult=Older adult (65-74) | HowOldWereYouHemorrhoids_Elderly=Elderly (75+)
Personal and Family Health History	Personal and Family Health Hist		digestive_rxmedsforhemorrhoids	radio	single_select	43528807	2				yes	Are you currently prescribed medications and/or receiving treatment for hemorrhoids?	RxMedsforHemorrhoids_Yes=Yes | RxMedsforHemorrhoids_No=No
Personal and Family Health History	Personal and Family Health Hist		digestivecondition_hernia_yes	checkbox	multi_select	1740681	7				yes	Including yourself, who in your family has had a hernia? Select all that apply.	DigestiveSystemConditions_Hernia=Self | MotherDigestiveCondition_Hernia=Mother | FatherDigestiveCondition_Hernia=Father | SiblingDigestiveCondition_Hernia=Sibling | DaughterDigestiveCondition_Hernia=Daughter | SonDigestiveCondition_Hernia=Son | GrandparentDigestiveCondition_Hernia=Grandparent
Personal and Family Health History	Personal and Family Health Hist		digestive_herniacurrently	radio	single_select	43530323	2				yes	Are you still seeing a doctor or health care provider for a hernia?	HerniaCurrently_Yes=Yes | HerniaCurrently_No=No
Personal and Family Health History	Personal and Family Health Hist		digestive_howoldwereyouhernia	radio	single_select	43530480	5				yes	About how old were you when you were first told you had a hernia?	HowOldWereYouHernia_Child=Child (0-11) | HowOldWereYouHernia_Adolescent=Adolescent (12-17) | HowOldWereYouHernia_Adult=Adult (18-64) | HowOldWereYouHernia_OlderAdult=Older adult (65-74) | HowOldWereYouHernia_Elderly=Elderly (75+)
Personal and Family Health History	Personal and Family Health Hist		digestive_rxmedsforhernia	radio	single_select	43528808	2				yes	Are you currently prescribed medications and/or receiving treatment for a hernia?	RxMedsforHernia_Yes=Yes | RxMedsforHernia_No=No
Personal and Family Health History	Personal and Family Health Hist		digestivecondition_irritablebowelsyndrome_yes	checkbox	multi_select	836847	7				yes	Including yourself, who in your family has had irritable bowel syndrome (IBS)? Select all that apply.	DigestiveSystemConditions_IrritableBowel=Self | MotherDigestiveCondition_IrritableBowelSyndrome=Mother | FatherDigestiveCondition_IrritableBowelSyndrome=Father | SiblingDigestiveCondition_IrritableBowelSyndrome=Sibling | DaughterDigestiveCondition_IrritableBowelSyndrome=Daughter | SonDigestiveCondition_IrritableBowelSyndrome=Son | GrandparentDigestiveCondition_IrritableBowelSyndrome=Grandparent
Personal and Family Health History	Personal and Family Health Hist		digestive_irritablebowelcurrently	radio	single_select	43530324	2				yes	Are you still seeing a doctor or health care provider for irritable bowel syndrome (IBS)?	IrritableBowelCurrently_Yes=Yes | IrritableBowelCurrently_No=No
Personal and Family Health History	Personal and Family Health Hist		digestive_howoldwereyouirritablebowel	radio	single_select	43530481	5				yes	About how old were you when you were first told you had irritable bowel syndrome (IBS)?	HowOldWereYouIrritableBowel_Child=Child (0-11) | HowOldWereYouIrritableBowel_Adolescent=Adolescent (12-17) | HowOldWereYouIrritableBowel_Adult=Adult (18-64) | HowOldWereYouIrritableBowel_OlderAdult=Older adult (65-74) | HowOldWereYouIrritableBowel_Elderly=Elderly (75+)
Personal and Family Health History	Personal and Family Health Hist		digestive_rxmedsforirritablebowel	radio	single_select	43528809	2				yes	Are you currently prescribed medications and/or receiving treatment for irritable bowel syndrome (IBS)?	RxMedsforIrritableBowel_Yes=Yes | RxMedsforIrritableBowel_No=No
Personal and Family Health History	Personal and Family Health Hist		diagnosedhealthcondition_livercondition_yes	checkbox	multi_select	836839	7				yes	Including yourself, who in your family has had a liver condition (e.g., cirrhosis)? Select all that apply.	DigestiveSystemConditions_LiverCondition=Self | MotherDigestiveCondition_LiverCondition=Mother | FatherDigestiveCondition_LiverCondition=Father | SiblingDigestiveCondition_LiverCondition=Sibling | DaughterDigestiveCondition_LiverCondition=Daughter | SonDigestiveCondition_LiverCondition=Son | GrandparentDigestiveCondition_LiverCondition=Grandparent
Personal and Family Health History	Personal and Family Health Hist		digestive_liverconditioncurrently	radio	single_select	43530325	2				yes	Are you still seeing a doctor or health care provider for a liver condition (e.g., cirrhosis)?	LiverConditionCurrently_Yes=Yes | LiverConditionCurrently_No=No
Personal and Family Health History	Personal and Family Health Hist		digestive_howoldwereyoulivercondition	radio	single_select	43530482	5				yes	About how old were you when you were first told you had a liver condition (e.g., cirrhosis)?	HowOldWereYouLiverCondition_Child=Child (0-11) | HowOldWereYouLiverCondition_Adolescent=Adolescent (12-17) | HowOldWereYouLiverCondition_Adult=Adult (18-64) | HowOldWereYouLiverCondition_OlderAdult=Older adult (65-74) | HowOldWereYouLiverCondition_Elderly=Elderly (75+)
Personal and Family Health History	Personal and Family Health Hist		digestive_rxmedsforlivercondition	radio	single_select	43528810	2				yes	Are you currently prescribed medications and/or receiving treatment for a liver condition (e.g., cirrhosis)?	RxMedsforLiverCondition_Yes=Yes | RxMedsforLiverCondition_No=No
Personal and Family Health History	Personal and Family Health Hist		digestivecondition_pancreatitis_yes	checkbox	multi_select	1740590	7				yes	Including yourself, who in your family has had a pancreatitis? Select all that apply.	DigestiveSystemConditions_Pancreatitis=Self | MotherDigestiveCondition_Pancreatitis=Mother | FatherDigestiveCondition_Pancreatitis=Father | SiblingDigestiveCondition_Pancreatitis=Sibling | DaughterDigestiveCondition_Pancreatitis=Daughter | SonDigestiveCondition_Pancreatitis=Son | GrandparentDigestiveCondition_Pancreatitis=Grandparent
Personal and Family Health History	Personal and Family Health Hist		digestive_pancreatitiscurrently	radio	single_select	43530326	2				yes	Are you still seeing a doctor or health care provider for pancreatitis?	PancreatitisCurrently_Yes=Yes | PancreatitisCurrently_No=No
Personal and Family Health History	Personal and Family Health Hist		digestive_howoldwereyoupancreatitis	radio	single_select	43530483	5				yes	About how old were you when you were first told you had pancreatitis?	HowOldWereYouPancreatitis_Child=Child (0-11) | HowOldWereYouPancreatitis_Adolescent=Adolescent (12-17) | HowOldWereYouPancreatitis_Adult=Adult (18-64) | HowOldWereYouPancreatitis_OlderAdult=Older adult (65-74) | HowOldWereYouPancreatitis_Elderly=Elderly (75+)
Personal and Family Health History	Personal and Family Health Hist		digestive_rxmedsforpancreatitis	radio	single_select	43528811	2				yes	Are you currently prescribed medications and/or receiving treatment for pancreatitis?	RxMedsforPancreatitis_Yes=Yes | RxMedsforPancreatitis_No=No
Personal and Family Health History	Personal and Family Health Hist		digestivecondition_pepticulcers_yes	checkbox	multi_select	836795	7				yes	Including yourself, who in your family has had peptic (stomach) ulcers? Select all that apply.	DigestiveSystemConditions_PepticUlcers=Self | MotherDigestiveCondition_PepticUlcers=Mother | FatherDigestiveCondition_PepticUlcers=Father | SiblingDigestiveCondition_PepticUlcers=Sibling | DaughterDigestiveCondition_PepticUlcers=Daughter | SonDigestiveCondition_PepticUlcers=Son | GrandparentDigestiveCondition_PepticUlcers=Grandparent
Personal and Family Health History	Personal and Family Health Hist		digestive_pepticulcerscurrently	radio	single_select	43530327	2				yes	Are you still seeing a doctor or health care provider for peptic (stomach) ulcers?	PepticUlcersCurrently_Yes=Yes | PepticUlcersCurrently_No=No
Personal and Family Health History	Personal and Family Health Hist		digestive_howoldwereyoupepticulcers	radio	single_select	43530484	5				yes	About how old were you when you were first told you had peptic (stomach) ulcers?	HowOldWereYouPepticUlcers_Child=Child (0-11) | HowOldWereYouPepticUlcers_Adolescent=Adolescent (12-17) | HowOldWereYouPepticUlcers_Adult=Adult (18-64) | HowOldWereYouPepticUlcers_OlderAdult=Older adult (65-74) | HowOldWereYouPepticUlcers_Elderly=Elderly (75+)
Personal and Family Health History	Personal and Family Health Hist		digestive_rxmedsforpepticulcers	radio	single_select	43528812	2				yes	Are you currently prescribed medications and/or receiving treatment for peptic (stomach) ulcers?	RxMedsforPepticUlcers_Yes=Yes | RxMedsforPepticUlcers_No=No
Personal and Family Health History	Personal and Family Health Hist		digestivecondition_ulcerativecolitis_yes	checkbox	multi_select	836796	7				yes	Including yourself, who in your family has had ulcerative colitis? Select all that apply.	DigestiveSystemConditions_UlcerativeColitis=Self | MotherDigestiveCondition_UlcerativeColitis=Mother | FatherDigestiveCondition_UlcerativeColitis=Father | SiblingDigestiveCondition_UlcerativeColitis=Sibling | DaughterDigestiveCondition_UlcerativeColitis=Daughter | SonDigestiveCondition_UlcerativeColitis=Son | GrandparentDigestiveCondition_UlcerativeColitis=Grandparent
Personal and Family Health History	Personal and Family Health Hist		digestive_ulcerativecolitiscurrently	radio	single_select	43530328	2				yes	Are you still seeing a doctor or health care provider for ulcerative colitis?	UlcerativeColitisCurrently_Yes=Yes | UlcerativeColitisCurrently_No=No
Personal and Family Health History	Personal and Family Health Hist		digestive_howoldwereyouulcerativecolitis	radio	single_select	43530485	5				yes	About how old were you when you were first told you had ulcerative colitis?	HowOldWereYouUlcerativeColitis_Child=Child (0-11) | HowOldWereYouUlcerativeColitis_Adolescent=Adolescent (12-17) | HowOldWereYouUlcerativeColitis_Adult=Adult (18-64) | HowOldWereYouUlcerativeColitis_OlderAdult=Older adult (65-74) | HowOldWereYouUlcerativeColitis_Elderly=Elderly (75+)
Personal and Family Health History	Personal and Family Health Hist		digestive_rxmedsforulcerativecolitis	radio	single_select	43528813	2				yes	Are you currently prescribed medications and/or receiving treatment for ulcerative colitis?	RxMedsforUlcerativeColitis_Yes=Yes | RxMedsforUlcerativeColitis_No=No
Personal and Family Health History	Personal and Family Health Hist		digestivecondition_otherdigestivecondition_yes	checkbox	multi_select	1740630	7				yes	Including yourself, who in your family has had other digestive condition? Select all that apply.	DigestiveSystemConditions_OtherDigestiveCondition=Self | MotherDigestiveCondition_OtherDigestiveCondition=Mother | FatherDigestiveCondition_OtherDigestiveCondition=Father | SiblingDigestiveCondition_OtherDigestiveCondition=Sibling | DaughterDigestiveCondition_OtherDigestiveCondition=Daughter | SonDigestiveCondition_OtherDigestiveCondition=Son | grandparentdigestivecondition_otherdigestivecondit=Grandparent
Personal and Family Health History	Personal and Family Health Hist		otherdigestivecondition_freetextbox	text	free_text		0				yes	Please specify the other digestive condition(s) you have had.	
Personal and Family Health History	Personal and Family Health Hist		otherdigestivecondition_motherfreetextbox	text	free_text		0				yes	Please specify the other digestive condition(s) your mother has had.	
Personal and Family Health History	Personal and Family Health Hist		otherdigestivecondition_fatherfreetextbox	text	free_text		0				yes	Please specify the other digestive condition(s) your father has had.	
Personal and Family Health History	Personal and Family Health Hist		otherdigestivecondition_siblingfreetextbox	text	free_text		0				yes	Please specify the other digestive condition(s) your sibling(s) has had.	
Personal and Family Health History	Personal and Family Health Hist		otherdigestivecondition_daughterfreetextbox	text	free_text		0				yes	Please specify the other digestive condition(s) your daughter(s) has had.	
Personal and Family Health History	Personal and Family Health Hist		otherdigestivecondition_sonfreetextbox	text	free_text		0				yes	Please specify the other digestive condition(s) your son(s) has had.	
Personal and Family Health History	Personal and Family Health Hist		otherdigestivecondition_grandparentfreetextbox	text	free_text		0				yes	Please specify the other digestive condition(s) your grandparent(s) has had.	
Personal and Family Health History	Personal and Family Health Hist		digestive_otherdigestiveconditioncurrently	radio	single_select	1384460	2				yes	Are you still seeing a doctor or health care provider for other digestive condition(s)?	OtherDigestiveConditionsCurrently_Yes=Yes | OtherDigestiveConditionsCurrently_No=No
Personal and Family Health History	Personal and Family Health Hist		digestive_howoldwereyouotherdigestivecondition	radio	single_select	1384649	5				yes	About how old were you when you were first told you had other digestive condition(s)?	HowOldWereYouOtherDigestiveCondition_Child=Child (0-11) | HowOldWereYouOtherDigestiveCondition_Adolescent=Adolescent (12-17) | HowOldWereYouOtherDigestiveCondition_Adult=Adult (18-64) | HowOldWereYouOtherDigestiveCondition_OlderAdult=Older adult (65-74) | HowOldWereYouOtherDigestiveCondition_Elderly=Elderly (75+)
Personal and Family Health History	Personal and Family Health Hist		digestive_rxmedsforotherdigestivecondition	radio	single_select	1384468	2				yes	Are you currently prescribed medications and/or receiving treatment for other digestive condition(s)?	RxMedsforOtherDigestiveCondition_Yes=Yes | RxMedsforOtherDigestiveCondition_No=No
Personal and Family Health History	Personal and Family Health Hist		diagnosedhealthcondition_endocrinecondition	checkbox	multi_select	43528678	11				no	Have you or anyone in your family ever been diagnosed with the following hormone and endocrine conditions? Think only of the people you are related to by blood. Select all that apply.	EndocrineCondition_Hyperthyroidism=Hyperthyroidism | EndocrineCondition_Hypothyroidism=Hypothyroidism | EndocrineCondition_PreDiabetes=Prediabetes | EndocrineCondition_Type1Diabetes=Type 1 diabetes | EndocrineCondition_Type2Diabetes=Type 2 diabetes | EndocrineCondition_OtherDiabetes=Other/unknown diabetes | EndocrineCondition_OtherThyroid=Other/unknown thyroid condition | EndocrineCondition_OtherHormoneEndocrine=Other hormone/endocrine condition | PMI_None=None of the above | PMI_DontKnow=Don't know | PMI_PreferNotToAnswer=Prefer not to answer
Personal and Family Health History	Personal and Family Health Hist		endocrinecondition_hyperthyroidism_yes	checkbox	multi_select	836797	7				yes	Including yourself, who in your family has had hyperthyroidism? Select all that apply.	EndocrineConditions_Hyperthyroidism=Self | MotherEndocrineCondition_Hyperthyroidism=Mother | FatherEndocrineCondition_Hyperthyroidism=Father | SiblingEndocrineCondition_Hyperthyroidism=Sibling | DaughterEndocrineCondition_Hyperthyroidism=Daughter | SonEndocrineCondition_Hyperthyroidism=Son | GrandparentEndocrineCondition_Hyperthyroidism=Grandparent
Personal and Family Health History	Personal and Family Health Hist		endocrine_hyperthyroidismcurrently	radio	single_select	43530329	2				yes	Are you still seeing a doctor or health care provider for hyperthyroidism?	HyperthyroidismCurrently_Yes=Yes | HyperthyroidismCurrently_No=No
Personal and Family Health History	Personal and Family Health Hist		endocrine_howoldwereyouhyperthyroidism	radio	single_select	43530486	5				yes	About how old were you when you were first told you had hyperthyroidism?	HowOldWereYouHyperthyroidism_Child=Child (0-11) | HowOldWereYouHyperthyroidism_Adolescent=Adolescent (12-17) | HowOldWereYouHyperthyroidism_Adult=Adult (18-64) | HowOldWereYouHyperthyroidism_OlderAdult=Older adult (65-74) | HowOldWereYouHyperthyroidism_Elderly=Elderly (75+)
Personal and Family Health History	Personal and Family Health Hist		endocrine_rxmedsforhyperthyroidism	radio	single_select	43528814	2				yes	Are you currently prescribed medications and/or receiving treatment for hyperthyroidism?	RxMedsforHyperthyroidism_Yes=Yes | RxMedsforHyperthyroidism_No=No
Personal and Family Health History	Personal and Family Health Hist		endocrinecondition_hypothyroidism_yes	checkbox	multi_select	836798	7				yes	Including yourself, who in your family has had hypothyroidism? Select all that apply.	EndocrineConditions_Hypothyroidism=Self | MotherEndocrineCondition_Hypothyroidism=Mother | FatherEndocrineCondition_Hypothyroidism=Father | SiblingEndocrineCondition_Hypothyroidism=Sibling | DaughterEndocrineCondition_Hypothyroidism=Daughter | SonEndocrineCondition_Hypothyroidism=Son | GrandparentEndocrineCondition_Hypothyroidism=Grandparent
Personal and Family Health History	Personal and Family Health Hist		endocrine_hypothyroidismcurrently	radio	single_select	43530330	2				yes	Are you still seeing a doctor or health care provider for hypothyroidism?	HypothyroidismCurrently_Yes=Yes | HypothyroidismCurrently_No=No
Personal and Family Health History	Personal and Family Health Hist		endocrine_howoldwereyouhypothyroidism	radio	single_select	43530487	5				yes	About how old were you when you were first told you had hypothyroidism?	HowOldWereYouHypothyroidism_Child=Child (0-11) | HowOldWereYouHypothyroidism_Adolescent=Adolescent (12-17) | HowOldWereYouHypothyroidism_Adult=Adult (18-64) | HowOldWereYouHypothyroidism_OlderAdult=Older adult (65-74) | HowOldWereYouHypothyroidism_Elderly=Elderly (75+)
Personal and Family Health History	Personal and Family Health Hist		endocrine_rxmedsforhypothyroidism	radio	single_select	43528815	2				yes	Are you currently prescribed medications and/or receiving treatment for hypothyroidism?	RxMedsforHypothyroidism_Yes=Yes | RxMedsforHypothyroidism_No=No
Personal and Family Health History	Personal and Family Health Hist		endocrinecondition_prediabetes_yes	checkbox	multi_select	1740613	7				yes	Including yourself, who in your family has had prediabetes? Select all that apply.	EndocrineConditions_PreDiabetes=Self | MotherEndocrineCondition_Prediabetes=Mother | FatherEndocrineCondition_Prediabetes=Father | SiblingEndocrineCondition_Prediabetes=Sibling | DaughterEndocrineCondition_Prediabetes=Daughter | SonEndocrineCondition_Prediabetes=Son | GrandparentEndocrineCondition_Prediabetes=Grandparent
Personal and Family Health History	Personal and Family Health Hist		endocrine_prediabetescurrently	radio	single_select	1384532	2				yes	Are you still seeing a doctor or health care provider for prediabetes?	PrediabetesCurrently_Yes=Yes | PrediabetesCurrently_No=No
Personal and Family Health History	Personal and Family Health Hist		endocrine_howoldwereyouprediabetes	radio	single_select	1384543	5				yes	About how old were you when you were first told you had prediabetes?	HowOldWereYouPrediabetes_Child=Child (0-11) | HowOldWereYouPrediabetes_Adolescent=Adolescent (12-17) | HowOldWereYouPrediabetes_Adult=Adult (18-64) | HowOldWereYouPrediabetes_OlderAdult=Older adult (65-74) | HowOldWereYouPrediabetes_Elderly=Elderly (75+)
Personal and Family Health History	Personal and Family Health Hist		endocrine_rxmedsforprediabetes	radio	single_select	1384566	2				yes	Are you currently prescribed medications and/or receiving treatment for prediabetes?	RxMedsforPrediabetes_Yes=Yes | RxMedsforPrediabetes_No=No
Personal and Family Health History	Personal and Family Health Hist		endocrinecondition_type1diabetes_yes	checkbox	multi_select	836799	7				yes	Including yourself, who in your family has had type 1 diabetes? Select all that apply.	EndocrineConditions_Type1Diabetes=Self | MotherEndocrineCondition_Type1Diabetes=Mother | FatherEndocrineCondition_Type1Diabetes=Father | SiblingEndocrineCondition_Type1Diabetes=Sibling | DaughterEndocrineCondition_Type1Diabetes=Daughter | SonEndocrineCondition_Type1Diabetes=Son | GrandparentEndocrineCondition_Type1Diabetes=Grandparent
Personal and Family Health History	Personal and Family Health Hist		endocrine_type1diabetescurrently	radio	single_select	43530334	2				yes	Are you still seeing a doctor or health care provider for type 1 diabetes?	Type1DiabetesCurrently_Yes=Yes | Type1DiabetesCurrently_No=No
Personal and Family Health History	Personal and Family Health Hist		endocrine_howoldwereyoutype1diabetes	radio	single_select	43530491	5				yes	About how old were you when you were first told you had type 1 diabetes?	HowOldWereYouType1Diabetes_Child=Child (0-11) | HowOldWereYouType1Diabetes_Adolescent=Adolescent (12-17) | HowOldWereYouType1Diabetes_Adult=Adult (18-64) | HowOldWereYouType1Diabetes_OlderAdult=Older adult (65-74) | HowOldWereYouType1Diabetes_Elderly=Elderly (75+)
Personal and Family Health History	Personal and Family Health Hist		endocrine_rxmedsfortype1diabetes	radio	single_select	43528819	2				yes	Are you currently prescribed medications and/or receiving treatment for type 1 diabetes?	RxMedsforType1Diabetes_Yes=Yes | RxMedsforType1Diabetes_No=No
Personal and Family Health History	Personal and Family Health Hist		endocrinecondition_type2diabetes_yes	checkbox	multi_select	836800	7				yes	Including yourself, who in your family has had type 2 diabetes? Select all that apply.	EndocrineConditions_Type2Diabetes=Self | MotherEndocrineCondition_Type2Diabetes=Mother | FatherEndocrineCondition_Type2Diabetes=Father | SiblingEndocrineCondition_Type2Diabetes=Sibling | DaughterEndocrineCondition_Type2Diabetes=Daughter | SonEndocrineCondition_Type2Diabetes=Son | GrandparentEndocrineCondition_Type2Diabetes=Grandparent
Personal and Family Health History	Personal and Family Health Hist		endocrine_type2diabetescurrently	radio	single_select	43530335	2				yes	Are you still seeing a doctor or health care provider for type 2 diabetes?	Type2DiabetesCurrently_Yes=Yes | Type2DiabetesCurrently_No=No
Personal and Family Health History	Personal and Family Health Hist		endocrine_howoldwereyoutype2diabetes	radio	single_select	43530492	5				yes	About how old were you when you were first told you had type 2 diabetes?	HowOldWereYouType2Diabetes_Child=Child (0-11) | HowOldWereYouType2Diabetes_Adolescent=Adolescent (12-17) | HowOldWereYouType2Diabetes_Adult=Adult (18-64) | HowOldWereYouType2Diabetes_OlderAdult=Older adult (65-74) | HowOldWereYouType2Diabetes_Elderly=Elderly (75+)
Personal and Family Health History	Personal and Family Health Hist		endocrine_rxmedsfortype2diabetes	radio	single_select	43528820	2				yes	Are you currently prescribed medications and/or receiving treatment for type 2 diabetes?	RxMedsforType2Diabetes_Yes=Yes | RxMedsforType2Diabetes_No=No
Personal and Family Health History	Personal and Family Health Hist		endocrinecondition_otherdiabetes_yes	checkbox	multi_select	836848	7				yes	Including yourself, who in your family has had other/unknown diabetes? Select all that apply.	EndocrineConditions_OtherDiabetes=Self | MotherEndocrineCondition_OtherDiabetes=Mother | FatherEndocrineCondition_OtherDiabetes=Father | SiblingEndocrineCondition_OtherDiabetes=Sibling | DaughterEndocrineCondition_OtherDiabetes=Daughter | SonEndocrineCondition_OtherDiabetes=Son | GrandparentEndocrineCondition_OtherDiabetes=Grandparent
Personal and Family Health History	Personal and Family Health Hist		otherdiabetes_freetextbox	text	free_text		0				yes	Please specify the other/unknown diabetes you have had.	
Personal and Family Health History	Personal and Family Health Hist		otherdiabetes_motherfreetextbox	text	free_text		0				yes	Please specify the other/unknown diabetes your mother has had.	
Personal and Family Health History	Personal and Family Health Hist		otherdiabetes_fatherfreetextbox	text	free_text		0				yes	Please specify the other/unknown diabetes your father has had.	
Personal and Family Health History	Personal and Family Health Hist		otherdiabetes_siblingfreetextbox	text	free_text		0				yes	Please specify the other/unknown diabetes your sibling(s) has had.	
Personal and Family Health History	Personal and Family Health Hist		otherdiabetes_daughterfreetextbox	text	free_text		0				yes	Please specify the other/unknown diabetes your daughter(s) has had.	
Personal and Family Health History	Personal and Family Health Hist		otherdiabetes_sonfreetextbox	text	free_text		0				yes	Please specify the other/unknown diabetes your son(s) has had.	
Personal and Family Health History	Personal and Family Health Hist		otherdiabetes_grandparentfreetextbox	text	free_text		0				yes	Please specify the other/unknown the diabetes your grandparent(s) has had.	
Personal and Family Health History	Personal and Family Health Hist		endocrine_otherdiabetescurrently	radio	single_select	43530331	2				yes	Are you still seeing a doctor or health care provider for other/unknown diabetes?	OtherDiabetesCurrently_Yes=Yes | OtherDiabetesCurrently_No=No
Personal and Family Health History	Personal and Family Health Hist		endocrine_howoldwereyouotherdiabetes	radio	single_select	43530488	5				yes	About how old were you when you were first told you had other/unknown diabetes?	HowOldWereYouOtherDiabetes_Child=Child (0-11) | HowOldWereYouOtherDiabetes_Adolescent=Adolescent (12-17) | HowOldWereYouOtherDiabetes_Adult=Adult (18-64) | HowOldWereYouOtherDiabetes_OlderAdult=Older adult (65-74) | HowOldWereYouOtherDiabetes_Elderly=Elderly (75+)
Personal and Family Health History	Personal and Family Health Hist		endocrine_rxmedsforotherdiabetes	radio	single_select	43528816	2				yes	Are you currently prescribed medications and/or receiving treatment for other/unknown diabetes?	RxMedsforOtherDiabetes_Yes=Yes | RxMedsforOtherDiabetes_No=No
Personal and Family Health History	Personal and Family Health Hist		endocrinecondition_otherthyroid_yes	checkbox	multi_select	1740588	7				yes	Including yourself, who in your family has had other/unknown thyroid condition? Select all that apply.	EndocrineConditions_OtherThyroid=Self | MotherEndocrineCondition_OtherThyroid=Mother | FatherEndocrineCondition_OtherThyroid=Father | SiblingEndocrineCondition_OtherThyroid=Sibling | DaughterEndocrineCondition_OtherThyroid=Daughter | SonEndocrineCondition_OtherThyroid=Son | GrandparentEndocrineCondition_OtherThyroid=Grandparent
Personal and Family Health History	Personal and Family Health Hist		otherthyroid_freetextbox	text	free_text		0				yes	Please specify the other/unknown thyroid condition(s) you have had.	
Personal and Family Health History	Personal and Family Health Hist		otherthyroid_motherfreetextbox	text	free_text		0				yes	Please specify the other/unknown thyroid condition(s) your mother has had.	
Personal and Family Health History	Personal and Family Health Hist		otherthyroid_fatherfreetextbox	text	free_text		0				yes	Please specify the other/unknown thyroid condition(s) your father has had.	
Personal and Family Health History	Personal and Family Health Hist		otherthyroid_siblingfreetextbox	text	free_text		0				yes	Please specify the other/unknown thyroid condition(s) your sibling(s) has had.	
Personal and Family Health History	Personal and Family Health Hist		otherthyroid_daughterfreetextbox	text	free_text		0				yes	Please specify the other/unknown thyroid condition(s) your daughter(s) has had.	
Personal and Family Health History	Personal and Family Health Hist		otherthyroid_sonfreetextbox	text	free_text		0				yes	Please specify the other/unknown thyroid condition(s) your son(s) has had.	
Personal and Family Health History	Personal and Family Health Hist		otherthyroid_grandparentfreetextbox	text	free_text		0				yes	Please specify the other/unknown thyroid condition(s) your grandparent(s) has had.	
Personal and Family Health History	Personal and Family Health Hist		endocrine_otherthyroidcurrently	radio	single_select	43530332	2				yes	Are you still seeing a doctor or health care provider for other/unknown thyroid condition(s)?	OtherThyroidCurrently_Yes=Yes | OtherThyroidCurrently_No=No
Personal and Family Health History	Personal and Family Health Hist		endocrine_howoldwereyouotherthyroid	radio	single_select	43530489	5				yes	About how old were you when you were first told you had other/unknown thyroid condition(s)?	HowOldWereYouOtherThyroid_Child=Child (0-11) | HowOldWereYouOtherThyroid_Adolescent=Adolescent (12-17) | HowOldWereYouOtherThyroid_Adult=Adult (18-64) | HowOldWereYouOtherThyroid_OlderAdult=Older adult (65-74) | HowOldWereYouOtherThyroid_Elderly=Elderly (75+)
Personal and Family Health History	Personal and Family Health Hist		endocrine_rxmedsforotherthyroid	radio	single_select	43528817	2				yes	Are you currently prescribed medications and/or receiving treatment for other/unknown thyroid condition(s)?	RxMedsforOtherThyroid_Yes=Yes | RxMedsforOtherThyroid_No=No
Personal and Family Health History	Personal and Family Health Hist		endocrinecondition_otherhormoneendocrine_yes	checkbox	multi_select	1740585	7				yes	Including yourself, who in your family has had other hormone/endocrine condition? Select all that apply.	EndocrineConditions_OtherHormoneEndocrine=Self | MotherEndocrineCondition_OtherHormoneEndocrine=Mother | FatherEndocrineCondition_OtherHormoneEndocrine=Father | SiblingEndocrineCondition_OtherHormoneEndocrine=Sibling | DaughterEndocrineCondition_OtherHormoneEndocrine=Daughter | SonEndocrineCondition_OtherHormoneEndocrine=Son | grandparentendocrinecondition_otherhormoneendocrin=Grandparent
Personal and Family Health History	Personal and Family Health Hist		otherhormoneendocrine_freetextbox	text	free_text		0				yes	Please specify the other hormone/endocrine condition(s) you have had.	
Personal and Family Health History	Personal and Family Health Hist		otherhormoneendocrine_motherfreetextbox	text	free_text		0				yes	Please specify the other hormone/endocrine condition(s) your mother has had.	
Personal and Family Health History	Personal and Family Health Hist		otherhormoneendocrine_fatherfreetextbox	text	free_text		0				yes	Please specify the other hormone/endocrine condition(s) your father has had.	
Personal and Family Health History	Personal and Family Health Hist		otherhormoneendocrine_siblingfreetextbox	text	free_text		0				yes	Please specify the other hormone/endocrine condition(s) your sibling(s) has had.	
Personal and Family Health History	Personal and Family Health Hist		otherhormoneendocrine_daughterfreetextbox	text	free_text		0				yes	Please specify the other hormone/endocrine condition(s) your daughter(s) has had.	
Personal and Family Health History	Personal and Family Health Hist		otherhormoneendocrine_sonfreetextbox	text	free_text		0				yes	Please specify the other hormone/endocrine condition(s) your son(s) has had.	
Personal and Family Health History	Personal and Family Health Hist		otherhormoneendocrine_grandparentfreetextbox	text	free_text		0				yes	Please specify the other hormone/endocrine condition(s) your grandparent(s) has had.	
Personal and Family Health History	Personal and Family Health Hist		endocrine_otherhormone_endocrineconditioncurrently	radio	single_select	1384538	2				yes	Are you still seeing a doctor or health care provider for other hormone/endocrine condition(s)?	OtherHormoneEndocrineConditionCurrently_Yes=Yes | OtherHormoneEndocrineConditionCurrently_No=No
Personal and Family Health History	Personal and Family Health Hist		endocrine_howoldwereyouotherhormoneedocrinecondition	radio	single_select	1384672	5				yes	About how old were you when you were first told you had other hormone/endocrine condition(s)?	HowOldWereYouOtherHormoneEndocrineCondition_Child=Child (0-11) | HowOldWereYouOtherHormoneEndocrineCondition_Adolescent=Adolescent (12-17) | HowOldWereYouOtherHormoneEndocrineCondition_Adult=Adult (18-64) | HowOldWereYouOtherHormoneEndocrineCondition_OlderAdult=Older adult (65-74) | HowOldWereYouOtherHormoneEndocrineCondition_Elderly=Elderly (75+)
Personal and Family Health History	Personal and Family Health Hist		rxmedsforotherhormone_endocrinecondition_no	radio	single_select	1384641	2				yes	Are you currently prescribed medications and/or receiving treatment for other hormone/endocrine condition(s)?	RxMedsforOtherHormoneEndocrineCondition_Yes=Yes | RxMedsforOtherHormoneEndocrineCondition_No=No
Personal and Family Health History	Personal and Family Health Hist		diagnosedhealthcondition_kidneycondition	checkbox	multi_select	43529158	8				no	Have you or anyone in your family ever been diagnosed with the following kidney conditions? Think only of the people you are related to by blood. Select all that apply.	KidneyCondition_AcuteKidneyNoDialysis=Acute kidney disease with no current dialysis | KidneyCondition_KidneyWithDialysis=Kidney disease with dialysis | KidneyCondition_KidneyWithoutDialysis=Kidney disease without dialysis | KidneyCondition_KidneyStones=Kidney stones | KidneyCondition_OtherKidneyCondition=Other kidney condition | PMI_None=None of the above | PMI_DontKnow=Don't know | PMI_PreferNotToAnswer=Prefer not to answer
Personal and Family Health History	Personal and Family Health Hist		kidneycondition_acutekidneynodialysis_yes	checkbox	multi_select	1740620	7				yes	Including yourself, who in your family has had acute kidney disease with no current dialysis? Select all that apply.	KidneyConditions_AcuteKidneyNoDialysis=Self | MotherKidneyCondition_AcuteKidneyNoDialysis=Mother | FatherKidneyCondition_AcuteKidneyNoDialysis=Father | SiblingKidneyCondition_AcuteKidneyNoDialysis=Sibling | DaughterKidneyCondition_AcuteKidneyNoDialysis=Daughter | SonKidneyCondition_AcuteKidneyNoDialysis=Son | GrandparentKidneyCondition_AcuteKidneyNoDialysis=Grandparent
Personal and Family Health History	Personal and Family Health Hist		kidney_acutekidneynodialysiscurrently	radio	single_select	43530350	2				yes	Are you still seeing a doctor or health care provider for acute kidney disease with no current dialysis?	AcuteKidneyNoDialysisCurrently_Yes=Yes | AcuteKidneyNoDialysisCurrently_No=No
Personal and Family Health History	Personal and Family Health Hist		kidney_howoldwereyouacutekidneynodialysis	radio	single_select	43530508	5				yes	About how old were you when you were first told you had acute kidney disease with no current dialysis?	HowOldWereYouAcuteKidneyNoDialysis_Child=Child (0-11) | HowOldWereYouAcuteKidneyNoDialysis_Adolescent=Adolescent (12-17) | HowOldWereYouAcuteKidneyNoDialysis_Adult=Adult (18-64) | HowOldWereYouAcuteKidneyNoDialysis_OlderAdult=Older adult (65-74) | HowOldWereYouAcuteKidneyNoDialysis_Elderly=Elderly (75+)
Personal and Family Health History	Personal and Family Health Hist		kidney_rxmedsforacutekidneynodialysis	radio	single_select	43528835	2				yes	Are you currently prescribed medications and/or receiving treatment for acute kidney disease with no current dialysis?	RxMedsforAcuteKidneyNoDialysis_Yes=Yes | RxMedsforAcuteKidneyNoDialysis_No=No
Personal and Family Health History	Personal and Family Health Hist		kidneycondition_kidneywithdialysis_yes	checkbox	multi_select	1740650	7				yes	Including yourself, who in your family has had kidney disease with dialysis? Select all that apply.	KidneyConditions_KidneyWithDialysis=Self | MotherKidneyCondition_KidneyWithDialysis=Mother | FatherKidneyCondition_KidneyWithDialysis=Father | SiblingKidneyCondition_KidneyWithDialysis=Sibling | DaughterKidneyCondition_KidneyWithDialysis=Daughter | SonKidneyCondition_KidneyWithDialysis=Son | GrandparentKidneyCondition_KidneyWithDialysis=Grandparent
Personal and Family Health History	Personal and Family Health Hist		kidney_kidneywithdialysiscurrently	radio	single_select	43530352	2				yes	Are you still seeing a doctor or health care provider for kidney disease with dialysis?	KidneyWithDialysisCurrently_Yes=Yes | KidneyWithDialysisCurrently_No=No
Personal and Family Health History	Personal and Family Health Hist		kidney_howoldwereyoukidneywithdialysis	radio	single_select	43530510	5				yes	About how old were you when you were first told you had kidney disease with dialysis?	HowOldWereYouKidneyWithDialysis_Child=Child (0-11) | HowOldWereYouKidneyWithDialysis_Adolescent=Adolescent (12-17) | HowOldWereYouKidneyWithDialysis_Adult=Adult (18-64) | HowOldWereYouKidneyWithDialysis_OlderAdult=Older adult (65-74) | HowOldWereYouKidneyWithDialysis_Elderly=Elderly (75+)
Personal and Family Health History	Personal and Family Health Hist		kidney_rxmedsforkidneywithdialysis	radio	single_select	43528837	2				yes	Are you currently prescribed medications and/or receiving treatment for kidney disease with dialysis?	RxMedsforKidneyWithDialysis_Yes=Yes | RxMedsforKidneyWithDialysis_No=No
Personal and Family Health History	Personal and Family Health Hist		kidneycondition_kidneywithoutdialysis_yes	checkbox	multi_select	1740676	7				yes	Including yourself, who in your family has had kidney disease without dialysis? Select all that apply.	KidneyConditions_KidneyWithoutDialysis=Self | MotherKidneyCondition_KidneyWithoutDialysis=Mother | FatherKidneyCondition_KidneyWithoutDialysis=Father | SiblingKidneyCondition_KidneyWithoutDialysis=Sibling | DaughterKidneyCondition_KidneyWithoutDialysis=Daughter | SonKidneyCondition_KidneyWithoutDialysis=Son | GrandparentKidneyCondition_KidneyWithoutDialysis=Grandparent
Personal and Family Health History	Personal and Family Health Hist		kidney_kidneywithoutdialysiscurrently	radio	single_select	43530353	2				yes	Are you still seeing a doctor or health care provider for kidney disease without dialysis?	KidneyWithoutDialysisCurrently_Yes=Yes | KidneyWithoutDialysisCurrently_No=No
Personal and Family Health History	Personal and Family Health Hist		kidney_howoldwereyoukidneywithoutdialysis	radio	single_select	43530511	5				yes	About how old were you when you were first told you had kidney disease without dialysis?	HowOldWereYouKidneyWithoutDialysis_Child=Child (0-11) | HowOldWereYouKidneyWithoutDialysis_Adolescent=Adolescent (12-17) | HowOldWereYouKidneyWithoutDialysis_Adult=Adult (18-64) | HowOldWereYouKidneyWithoutDialysis_OlderAdult=Older adult (65-74) | HowOldWereYouKidneyWithoutDialysis_Elderly=Elderly (75+)
Personal and Family Health History	Personal and Family Health Hist		kidney_rxmedsforkidneywithoutdialysis	radio	single_select	43528838	2				yes	Are you currently prescribed medications and/or receiving treatment for kidney disease without dialysis?	RxMedsforKidneyWithoutDialysis_Yes=Yes | RxMedsforKidneyWithoutDialysis_No=No
Personal and Family Health History	Personal and Family Health Hist		kidneycondition_kidneystones_yes	checkbox	multi_select	836801	7				yes	Including yourself, who in your family has had kidney stones? Select all that apply.	KidneyConditions_KidneyStones=Self | MotherKidneyCondition_KidneyStones=Mother | FatherKidneyCondition_KidneyStones=Father | SiblingKidneyCondition_KidneyStones=Sibling | DaughterKidneyCondition_KidneyStones=Daughter | SonKidneyCondition_KidneyStones=Son | GrandparentKidneyCondition_KidneyStones=Grandparent
Personal and Family Health History	Personal and Family Health Hist		kidney_kidneystonescurrently	radio	single_select	43530351	2				yes	Are you still seeing a doctor or health care provider for kidney stones?	KidneyStonesCurrently_Yes=Yes | KidneyStonesCurrently_No=No
Personal and Family Health History	Personal and Family Health Hist		kidney_howoldwereyoukidneystones	radio	single_select	43530509	5				yes	About how old were you when you were first told you had kidney stones?	HowOldWereYouKidneyStones_Child=Child (0-11) | HowOldWereYouKidneyStones_Adolescent=Adolescent (12-17) | HowOldWereYouKidneyStones_Adult=Adult (18-64) | HowOldWereYouKidneyStones_OlderAdult=Older adult (65-74) | HowOldWereYouKidneyStones_Elderly=Elderly (75+)
Personal and Family Health History	Personal and Family Health Hist		kidney_rxmedsforkidneystones	radio	single_select	43528836	2				yes	Are you currently prescribed medications and/or receiving treatment for kidney stones?	RxMedsforKidneyStones_Yes=Yes | RxMedsforKidneyStones_No=No
Personal and Family Health History	Personal and Family Health Hist		kidneycondition_otherkidneycondition_yes	checkbox	multi_select	1740599	7				yes	Including yourself, who in your family has had other kidney condition(s)? Select all that apply.	KidneyConditions_OtherKidneyCondition=Self | MotherKidneyCondition_OtherKidneyCondition=Mother | FatherKidneyCondition_OtherKidneyCondition=Father | SiblingKidneyCondition_OtherKidneyCondition=Sibling | DaughterKidneyCondition_OtherKidneyCondition=Daughter | SonKidneyCondition_OtherKidneyCondition=Son | GrandparentKidneyCondition_OtherKidneyCondition=Grandparent
Personal and Family Health History	Personal and Family Health Hist		otherkidneycondition_freetextbox	text	free_text		0				yes	Please specify the other kidney condition(s) you have had.	
Personal and Family Health History	Personal and Family Health Hist		otherkidneycondition_motherfreetextbox	text	free_text		0				yes	Please specify the other kidney condition(s) your mother has had.	
Personal and Family Health History	Personal and Family Health Hist		otherkidneycondition_fatherfreetextbox	text	free_text		0				yes	Please specify the other kidney condition(s) your father has had.	
Personal and Family Health History	Personal and Family Health Hist		otherkidneycondition_siblingfreetextbox	text	free_text		0				yes	Please specify the other kidney condition(s) your sibling(s) has had.	
Personal and Family Health History	Personal and Family Health Hist		otherkidneycondition_daughterfreetextbox	text	free_text		0				yes	Please specify the other kidney condition(s) your daughter(s) has had.	
Personal and Family Health History	Personal and Family Health Hist		otherkidneycondition_sonfreetextbox	text	free_text		0				yes	Please specify the other kidney condition(s) your son(s) has had.	
Personal and Family Health History	Personal and Family Health Hist		otherkidneycondition_grandparentfreetextbox	text	free_text		0				yes	Please specify the other kidney condition(s) your grandparent(s) has had.	
Personal and Family Health History	Personal and Family Health Hist		kidney_otherkidneyconditioncurrently	radio	single_select	1384493	2				yes	Are you still seeing a doctor or health care provider for other kidney condition(s)?	OtherKidneyConditionCurrently_Yes=Yes | OtherKidneyConditionCurrently_No=No
Personal and Family Health History	Personal and Family Health Hist		kidney_howoldwereyouotherkidneycondition	radio	single_select	1384661	5				yes	About how old were you when you were first told you had other kidney condition(s)?	HowOldWereYouOtherKidneyCondition_Child=Child (0-11) | HowOldWereYouOtherKidneyCondition_Adolescent=Adolescent (12-17) | HowOldWereYouOtherKidneyCondition_Adult=Adult (18-64) | HowOldWereYouOtherKidneyCondition_OlderAdult=Older adult (65-74) | HowOldWereYouOtherKidneyCondition_Elderly=Elderly (75+)
Personal and Family Health History	Personal and Family Health Hist		kidney_rxmedsforotherkidneycondition	radio	single_select	1384612	2				yes	Are you currently prescribed medications and/or receiving treatment for other kidney condition(s)?	RxMedsforOtherKidneyCondition_Yes=Yes | RxMedsforOtherKidneyCondition_No=No
Personal and Family Health History	Personal and Family Health Hist		diagnosedhealthcondition_respiratorycondition	checkbox	multi_select	43529767	7				no	Have you or anyone in your family ever been diagnosed with the following lung conditions? Think only of the people you are related to by blood. Select all that apply.	RespiratoryCondition_Asthma=Asthma | RespiratoryCondition_ChronicLungDisease=Chronic lung disease (COPD, emphysema, or bronchitis) | RespiratoryCondition_SleepApnea=Sleep apnea | RespiratoryCondition_OtherLungCondition=Other lung condition | PMI_None=None of the above | PMI_DontKnow=Don't know | PMI_PreferNotToAnswer=Prefer not to answer
Personal and Family Health History	Personal and Family Health Hist		respiratorycondition_asthma_yes	checkbox	multi_select	836815	7				yes	Including yourself, who in your family has had asthma? Select all that apply.	RespiratoryConditions_Asthma=Self | MotherRespiratoryCondition_Asthma=Mother | FatherRespiratoryCondition_Asthma=Father | SiblingRespiratoryCondition_Asthma=Sibling | DaughterRespiratoryCondition_Asthma=Daughter | SonRespiratoryCondition_Asthma=Son | GrandparentRespiratoryCondition_Asthma=Grandparent
Personal and Family Health History	Personal and Family Health Hist		respiratory_asthmacurrently	radio	single_select	43530388	2				yes	Are you still seeing a doctor or health care provider for asthma?	AsthmaCurrently_Yes=Yes | AsthmaCurrently_No=No
Personal and Family Health History	Personal and Family Health Hist		respiratory_howoldwereyouasthma	radio	single_select	43530546	5				yes	About how old were you when you were first told you had asthma?	HowOldWereYouAsthma_Child=Child (0-11) | HowOldWereYouAsthma_Adolescent=Adolescent (12-17) | HowOldWereYouAsthma_Adult=Adult (18-64) | HowOldWereYouAsthma_OlderAdult=Older adult (65-74) | HowOldWereYouAsthma_Elderly=Elderly (75+)
Personal and Family Health History	Personal and Family Health Hist		respiratory_rxmedsforasthma	radio	single_select	43528873	2				yes	Are you currently prescribed medications and/or receiving treatment for asthma?	RxMedsforAsthma_Yes=Yes | RxMedsforAsthma_No=No
Personal and Family Health History	Personal and Family Health Hist		respiratorycondition_chroniclungdisease_yes	checkbox	multi_select	836858	7				yes	Including yourself, who in your family has had chronic lung disease (COPD, emphysema, or bronchitis)? Select all that apply.	RespiratoryConditions_ChronicLung=Self | MotherRespiratoryCondition_ChronicLungDisease=Mother | FatherRespiratoryCondition_ChronicLungDisease=Father | SiblingRespiratoryCondition_ChronicLungDisease=Sibling | DaughterRespiratoryCondition_ChronicLungDisease=Daughter | SonRespiratoryCondition_ChronicLungDisease=Son | GrandparentRespiratoryCondition_ChronicLungDisease=Grandparent
Personal and Family Health History	Personal and Family Health Hist		respiratory_chroniclungdiseasecurrently	radio	single_select	1384608	2				yes	Are you still seeing a doctor or health care provider for chronic lung disease (COPD, emphysema, or bronchitis)?	ChronicLungDiseaseCurrently_Yes=Yes | ChronicLungDiseaseCurrently_No=No
Personal and Family Health History	Personal and Family Health Hist		respiratory_howoldwereyouchroniclungdisease	radio	single_select	1384393	5				yes	About how old were you when you were first told you had chronic lung disease (COPD, emphysema, or bronchitis)?	HowOldWereYouChronicLungDisease_Child=Child (0-11) | HowOldWereYouChronicLungDisease_Adolescent=Adolescent (12-17) | HowOldWereYouChronicLungDisease_Adult=Adult (18-64) | HowOldWereYouChronicLungDisease_OlderAdult=Older adult (65-74) | HowOldWereYouChronicLungDisease_Elderly=Elderly (75+)
Personal and Family Health History	Personal and Family Health Hist		respiratory_rxmedsforchroniclungdisease	radio	single_select	1384587	2				yes	Are you currently prescribed medications and/or receiving treatment for chronic lung disease (COPD, emphysema, or bronchitis)?	RxMedsforChronicLungDisease_Yes=Yes | RxMedsforChronicLungDisease_No=No
Personal and Family Health History	Personal and Family Health Hist		respiratorycondition_sleepapnea_yes	checkbox	multi_select	836816	7				yes	Including yourself, who in your family has had sleep apnea? Select all that apply.	RespiratoryConditions_SleepApnea=Self | MotherRespiratoryCondition_SleepApnea=Mother | FatherRespiratoryCondition_SleepApnea=Father | SiblingRespiratoryCondition_SleepApnea=Sibling | DaughterRespiratoryCondition_SleepApnea=Daughter | SonRespiratoryCondition_SleepApnea=Son | GrandparentRespiratoryCondition_SleepApnea=Grandparent
Personal and Family Health History	Personal and Family Health Hist		respiratory_sleepapneacurrently	radio	single_select	43530390	2				yes	Are you still seeing a doctor or health care provider for sleep apnea?	SleepApneaCurrently_Yes=Yes | SleepApneaCurrently_No=No
Personal and Family Health History	Personal and Family Health Hist		respiratory_howoldwereyousleepapnea	radio	single_select	43530548	5				yes	About how old were you when you were first told you had sleep apnea?	HowOldWereYouSleepApnea_Child=Child (0-11) | HowOldWereYouSleepApnea_Adolescent=Adolescent (12-17) | HowOldWereYouSleepApnea_Adult=Adult (18-64) | HowOldWereYouSleepApnea_OlderAdult=Older adult (65-74) | HowOldWereYouSleepApnea_Elderly=Elderly (75+)
Personal and Family Health History	Personal and Family Health Hist		respiratory_rxmedsforsleepapnea	radio	single_select	43528875	2				yes	Are you currently prescribed medications and/or receiving treatment for sleep apnea?	RxMedsforSleepApnea_Yes=Yes | RxMedsforSleepApnea_No=No
Personal and Family Health History	Personal and Family Health Hist		respiratorycondition_otherlungcondition_yes	checkbox	multi_select	1740623	7				yes	Including yourself, who in your family has had other lung condition(s)? Select all that apply.	RespiratoryConditions_OtherLungCondition=Self | MotherRespiratoryCondition_OtherLungCondition=Mother | FatherRespiratoryCondition_OtherLungCondition=Father | SiblingRespiratoryCondition_OtherLungCondition=Sibling | DaughterRespiratoryCondition_OtherLungCondition=Daughter | SonRespiratoryCondition_OtherLungCondition=Son | GrandparentRespiratoryCondition_OtherLungCondition=Grandparent
Personal and Family Health History	Personal and Family Health Hist		otherrespiratory_freetextbox	text	free_text		0				yes	Please specify the other lung condition(s) you have had.	
Personal and Family Health History	Personal and Family Health Hist		otherrespiratory_motherfreetextbox	text	free_text		0				yes	Please specify the other lung condition(s) your mother has had.	
Personal and Family Health History	Personal and Family Health Hist		otherrespiratory_fatherfreetextbox	text	free_text		0				yes	Please specify the other lung condition(s) your father has had.	
Personal and Family Health History	Personal and Family Health Hist		otherrespiratory_siblingfreetextbox	text	free_text		0				yes	Please specify the other lung condition(s) your sibling(s) has had.	
Personal and Family Health History	Personal and Family Health Hist		otherrespiratory_daughterfreetextbox	text	free_text		0				yes	Please specify the other lung condition(s) your daughter(s) has had.	
Personal and Family Health History	Personal and Family Health Hist		otherrespiratory_sonfreetextbox	text	free_text		0				yes	Please specify the other lung condition(s) your son(s) has had.	
Personal and Family Health History	Personal and Family Health Hist		otherrespiratory_grandparentfreetextbox	text	free_text		0				yes	Please specify the other lung condition(s) your grandparent(s) has had.	
Personal and Family Health History	Personal and Family Health Hist		respiratory_otherlungconditioncurrently	radio	single_select	1384651	2				yes	Are you still seeing a doctor or health care provider for other lung condition(s)?	OtherLungConditionCurrently_Yes=Yes | OtherLungConditionCurrently_No=No
Personal and Family Health History	Personal and Family Health Hist		respiratory_howoldwereyouotherlungcondition	radio	single_select	1384635	5				yes	About how old were you when you were first told you had other lung condition(s)?	HowOldWereYouOtherLungCondition_Child=Child (0-11) | HowOldWereYouOtherLungCondition_Adolescent=Adolescent (12-17) | HowOldWereYouOtherLungCondition_Adult=Adult (18-64) | HowOldWereYouOtherLungCondition_OlderAdult=Older adult (65-74) | HowOldWereYouOtherLungCondition_Elderly=Elderly (75+)
Personal and Family Health History	Personal and Family Health Hist		respiratory_rxmedsforotherlungcondition	radio	single_select	1384476	2				yes	Are you currently prescribed medications and/or receiving treatment for other lung condition(s)?	RxMedsforOtherLungCondition_Yes=Yes | RxMedsforOtherLungCondition_No=No
Personal and Family Health History	Personal and Family Health Hist		diagnosedhealthcondition_nervouscondition	checkbox	multi_select	43529272	21				no	Have you or anyone in your family ever been diagnosed with the following brain and nervous system conditions? Think only of the people you are related to by blood. Select all that apply.	NervousCondition_CerebralPalsy=Cerebral palsy | NervousCondition_ChronicFatigue=Chronic fatigue | NervousCondition_Concussion=Concussion or loss of consciousness | NervousCondition_Dementia=Dementia (includes Alzheimer's, vascular, etc.) | NervousCondition_EpilepsySeizure=Epilepsy or seizure | NervousCondition_Insomnia=Insomnia | NervousCondition_AmyotrophicLateralSclerosis=Lou Gehrig's disease (amyotrophic lateral sclerosis or ALS) | NervousCondition_MemoryLoss=Memory loss or impairment | NervousCondition_MigraineHeadaches=Migraine headaches | NervousCondition_MultipleSclerosis=Multiple sclerosis (MS) | NervousCondition_MuscularDystrophy=Muscular dystrophy (MD) | NervousCondition_Narcolepsy=Narcolepsy | NervousCondition_Neuropathy=Neuropathy | NervousCondition_Parkinsons=Parkinson's disease | NervousCondition_RestlessLegsSyndrome=Restless leg syndrome | NervousCondition_SpinalCordInjury=Spinal cord injury or impairment | NervousCondition_TraumaticBrainInjury=Traumatic brain injury (TBI) | NervousCondition_OtherBrainNervousSystem=Other brain or nervous system condition | PMI_None=None of the above | PMI_DontKnow=Don't know | PMI_PreferNotToAnswer=Prefer not to answer
Personal and Family Health History	Personal and Family Health Hist		nervouscondition_cerebralpalsy_yes	checkbox	multi_select	1740628	7				yes	Including yourself, who in your family has had cerebral palsy? Select all that apply.	NervousSystemCondition_CerebralPalsy=Self | MotherNervousCondition_CerebralPalsy=Mother | FatherNervousCondition_CerebralPalsy=Father | SiblingNervousCondition_CerebralPalsy=Sibling | DaughterNervousCondition_CerebralPalsy=Daughter | SonNervousCondition_CerebralPalsy=Son | GrandparentNervousCondition_CerebralPalsy=Grandparent
Personal and Family Health History	Personal and Family Health Hist		nervoussystem_cerebralpalsycurrently	radio	single_select	1384597	2				yes	Are you still seeing a doctor or health care provider for cerebral palsy?	CerebralPalsyCurrently_Yes=Yes | CerebralPalsyCurrently_No=No
Personal and Family Health History	Personal and Family Health Hist		nervoussystem_howoldwereyoucerebralpalsy	radio	single_select	1384426	5				yes	About how old were you when you were first told you had cerebral palsy?	HowOldWereYouCerebralPalsy_Child=Child (0-11) | HowOldWereYouCerebralPalsy_Adolescent=Adolescent (12-17) | HowOldWereYouCerebralPalsy_Adult=Adult (18-64) | HowOldWereYouCerebralPalsy_OlderAdult=Older adult (65-74) | HowOldWereYouCerebralPalsy_Elderly=Elderly (75+)
Personal and Family Health History	Personal and Family Health Hist		nervoussystem_rxmedsforcerebralpalsy	radio	single_select	1384482	2				yes	Are you currently prescribed medications and/or receiving treatment for cerebral palsy?	RxMedsforCerebralPalsy_Yes=Yes | RxMedsforCerebralPalsy_No=No
Personal and Family Health History	Personal and Family Health Hist		nervouscondition_chronicfatigue_yes	checkbox	multi_select	1740586	7				yes	Including yourself, who in your family has had chronic fatigue? Select all that apply.	NervousSystemCondition_ChronicFatigue=Self | MotherNervousCondition_ChronicFatigue=Mother | FatherNervousCondition_ChronicFatigue=Father | SiblingNervousCondition_ChronicFatigue=Sibling | DaughterNervousCondition_ChronicFatigue=Daughter | SonNervousCondition_ChronicFatigue=Son | GrandparentNervousCondition_ChronicFatigue=Grandparent
Personal and Family Health History	Personal and Family Health Hist		nervoussystem_chronicfatiguecurrently	radio	single_select	43530365	2				yes	Are you still seeing a doctor or health care provider for chronic fatigue?	ChronicFatigueCurrently_Yes=Yes | ChronicFatigueCurrently_No=No
Personal and Family Health History	Personal and Family Health Hist		nervoussystem_howoldwereyouchronicfatigue	radio	single_select	43530523	5				yes	About how old were you when you were first told you had chronic fatigue?	HowOldWereYouChronicFatigue_Child=Child (0-11) | HowOldWereYouChronicFatigue_Adolescent=Adolescent (12-17) | HowOldWereYouChronicFatigue_Adult=Adult (18-64) | HowOldWereYouChronicFatigue_OlderAdult=Older adult (65-74) | HowOldWereYouChronicFatigue_Elderly=Elderly (75+)
Personal and Family Health History	Personal and Family Health Hist		nervoussystem_rxmedsforchronicfatigue	radio	single_select	43528850	2				yes	Are you currently prescribed medications and/or receiving treatment for chronic fatigue?	RxMedsforChronicFatigue_Yes=Yes | RxMedsforChronicFatigue_No=No
Personal and Family Health History	Personal and Family Health Hist		nervouscondition_concussion_yes	checkbox	multi_select	1740671	7				yes	Including yourself, who in your family has had concussion or loss of consciousness? Select all that apply.	NervousSystemCondition_Concussion=Self | MotherNervousCondition_Concussion=Mother | FatherNervousCondition_Concussion=Father | SiblingNervousCondition_Concussion=Sibling | DaughterNervousCondition_Concussion=Daughter | SonNervousCondition_Concussion=Son | GrandparentNervousCondition_Concussion=Grandparent
Personal and Family Health History	Personal and Family Health Hist		nervoussystem_concussioncurrently	radio	single_select	43530366	2				yes	Are you still seeing a doctor or health care provider for concussion or loss of consciousness?	ConcussionCurrently_Yes=Yes | ConcussionCurrently_No=No
Personal and Family Health History	Personal and Family Health Hist		nervoussystem_howoldwereyouconcussion	radio	single_select	43530524	5				yes	About how old were you when you were first told you had concussion or loss of consciousness?	HowOldWereYouConcussion_Child=Child (0-11) | HowOldWereYouConcussion_Adolescent=Adolescent (12-17) | HowOldWereYouConcussion_Adult=Adult (18-64) | HowOldWereYouConcussion_OlderAdult=Older adult (65-74) | HowOldWereYouConcussion_Elderly=Elderly (75+)
Personal and Family Health History	Personal and Family Health Hist		nervoussystem_rxmedsforconcussion	radio	single_select	43528851	2				yes	Are you currently prescribed medications and/or receiving treatment for concussion or loss of consciousness?	RxMedsforConcussion_Yes=Yes | RxMedsforConcussion_No=No
Personal and Family Health History	Personal and Family Health Hist		nervouscondition_dementia_yes	checkbox	multi_select	836807	7				yes	Including yourself, who in your family has had dementia (includes Alzheimer's, vascular, etc.)? Select all that apply.	NervousSystemCondition_Dementia=Self | MotherNervousCondition_Dementia=Mother | FatherNervousCondition_Dementia=Father | SiblingNervousCondition_Dementia=Sibling | DaughterNervousCondition_Dementia=Daughter | SonNervousCondition_Dementia=Son | GrandparentNervousCondition_Dementia=Grandparent
Personal and Family Health History	Personal and Family Health Hist		nervoussystem_dementiacurrently	radio	single_select	43530367	2				yes	Are you still seeing a doctor or health care provider for dementia (includes Alzheimer's, vascular, etc.)?	DementiaCurrently_Yes=Yes | DementiaCurrently_No=No
Personal and Family Health History	Personal and Family Health Hist		nervoussystem_howoldwereyoudementia	radio	single_select	43530525	5				yes	About how old were you when you were first told you had dementia (includes Alzheimer's, vascular, etc.)?	HowOldWereYouDementia_Child=Child (0-11) | HowOldWereYouDementia_Adolescent=Adolescent (12-17) | HowOldWereYouDementia_Adult=Adult (18-64) | HowOldWereYouDementia_OlderAdult=Older adult (65-74) | HowOldWereYouDementia_Elderly=Elderly (75+)
Personal and Family Health History	Personal and Family Health Hist		nervoussystem_rxmedsfordementia	radio	single_select	43528852	2				yes	Are you currently prescribed medications and/or receiving treatment for dementia (includes Alzheimer's, vascular, etc.)?	RxMedsforDementia_Yes=Yes | RxMedsforDementia_No=No
Personal and Family Health History	Personal and Family Health Hist		nervouscondition_epilepsyseizure_yes	checkbox	multi_select	836852	7				yes	Including yourself, who in your family has had epilepsy or seizure? Select all that apply.	NervousSystemCondition_Epilepsy=Self | MotherNervousCondition_EpilepsySeizure=Mother | FatherNervousCondition_EpilepsySeizure=Father | SiblingNervousCondition_EpilepsySeizure=Sibling | DaughterNervousCondition_EpilepsySeizure=Daughter | SonNervousCondition_EpilepsySeizure=Son | GrandparentNervousCondition_EpilepsySeizure=Grandparent
Personal and Family Health History	Personal and Family Health Hist		nervoussystem_epilepsycurrently	radio	single_select	43530368	2				yes	Are you still seeing a doctor or health care provider for epilepsy or seizure?	EpilepsyCurrently_Yes=Yes | EpilepsyCurrently_No=No
Personal and Family Health History	Personal and Family Health Hist		nervoussystem_howoldwereyouepilepsy	radio	single_select	43530526	5				yes	About how old were you when you were first told you had epilepsy or seizure?	HowOldWereYouEpilepsy_Child=Child (0-11) | HowOldWereYouEpilepsy_Adolescent=Adolescent (12-17) | HowOldWereYouEpilepsy_Adult=Adult (18-64) | HowOldWereYouEpilepsy_OlderAdult=Older adult (65-74) | HowOldWereYouEpilepsy_Elderly=Elderly (75+)
Personal and Family Health History	Personal and Family Health Hist		nervoussystem_rxmedsforepilepsy	radio	single_select	43528853	2				yes	Are you currently prescribed medications and/or receiving treatment for epilepsy or seizure?	RxMedsforEpilepsy_Yes=Yes | RxMedsforEpilepsy_No=No
Personal and Family Health History	Personal and Family Health Hist		nervouscondition_insomnia_yes	checkbox	multi_select	1740559	7				yes	Including yourself, who in your family has had insomnia? Select all that apply.	NervousSystemCondition_Insomnia=Self | MotherNervousCondition_Insomnia=Mother | FatherNervousCondition_Insomnia=Father | SiblingNervousCondition_Insomnia=Sibling | DaughterNervousCondition_Insomnia=Daughter | SonNervousCondition_Insomnia=Son | GrandparentNervousCondition_Insomnia=Grandparent
Personal and Family Health History	Personal and Family Health Hist		nervoussystem_insomniacurrently	radio	single_select	43530369	2				yes	Are you still seeing a doctor or health care provider for insomnia?	InsomniaCurrently_Yes=Yes | InsomniaCurrently_No=No
Personal and Family Health History	Personal and Family Health Hist		nervoussystem_howoldwereyouinsomnia	radio	single_select	43530527	5				yes	About how old were you when you were first told you had insomnia?	HowOldWereYouInsomnia_Child=Child (0-11) | HowOldWereYouInsomnia_Adolescent=Adolescent (12-17) | HowOldWereYouInsomnia_Adult=Adult (18-64) | HowOldWereYouInsomnia_OlderAdult=Older adult (65-74) | HowOldWereYouInsomnia_Elderly=Elderly (75+)
Personal and Family Health History	Personal and Family Health Hist		nervoussystem_rxmedsforinsomnia	radio	single_select	43528854	2				yes	Are you currently prescribed medications and/or receiving treatment for insomnia?	RxMedsforInsomnia_Yes=Yes | RxMedsforInsomnia_No=No
Personal and Family Health History	Personal and Family Health Hist		nervouscondition_amyotrophiclateralsclerosis_yes	checkbox	multi_select	836806	7				yes	Including yourself, who in your family has had Lou Gehrig's disease (amyotrophic lateral sclerosis)? Select all that apply.	NervousSystemCondition_LouGehrigs=Self | MotherNervousCondition_AmyotrophicLateralSclerosis=Mother | FatherNervousCondition_AmyotrophicLateralSclerosis=Father | SiblingNervousCondition_AmyotrophicLateralSclerosis=Sibling | DaughterNervousCondition_AmyotrophicLateralSclerosis=Daughter | SonNervousCondition_AmyotrophicLateralSclerosis=Son | GrandparentNervousCondition_AmyotrophicLateralSclerosis=Grandparent
Personal and Family Health History	Personal and Family Health Hist		nervoussystem_lougehrigsdiseasecurrently	radio	single_select	1384633	2				yes	Are you still seeing a doctor or health care provider for Lou Gehrig's disease (amyotrophic lateral sclerosis)?	LouGehrigsDisease_Yes=Yes | LouGehrigsDisease_No=No
Personal and Family Health History	Personal and Family Health Hist		nervoussystem_howoldwereyoulougehrigsdisease	radio	single_select	1384670	5				yes	About how old were you when you were first told you had Lou Gehrig's disease (amyotrophic lateral sclerosis)?	HowOldWereYouLouGehrigsDisease_Child=Child (0-11) | HowOldWereYouLouGehrigsDisease_Adolescent=Adolescent (12-17) | HowOldWereYouLouGehrigsDisease_Adult=Adult (18-64) | HowOldWereYouLouGehrigsDisease_OlderAdult=Older adult (65-74) | HowOldWereYouLouGehrigsDisease_Elderly=Elderly (75+)
Personal and Family Health History	Personal and Family Health Hist		nervoussystem_rxmedsforlougehrigsdisease	radio	single_select	1384451	2				yes	Are you currently prescribed medications and/or receiving treatment for Lou Gehrig's disease (amyotrophic lateral sclerosis)?	RxMedsforLouGehrigsDisease_Yes=Yes | RxMedsforLouGehrigsDisease_No=No
Personal and Family Health History	Personal and Family Health Hist		nervouscondition_memoryloss_yes	checkbox	multi_select	1740566	7				yes	Including yourself, who in your family has had memory loss or impairment? Select all that apply.	NervousSystemCondition_MemoryLoss=Self | MotherNervousCondition_MemoryLoss=Mother | FatherNervousCondition_MemoryLoss=Father | SiblingNervousCondition_MemoryLoss=Sibling | DaughterNervousCondition_MemoryLoss=Daughter | SonNervousCondition_MemoryLoss=Son | GrandparentNervousCondition_MemoryLoss=Grandparent
Personal and Family Health History	Personal and Family Health Hist		nervoussystem_memorylosscurrently	radio	single_select	43530370	2				yes	Are you still seeing a doctor or health care provider for memory loss or impairment?	MemoryLossCurrently_Yes=Yes | MemoryLossCurrently_No=No
Personal and Family Health History	Personal and Family Health Hist		nervoussystem_howoldwereyoumemoryloss	radio	single_select	43530528	5				yes	About how old were you when you were first told you had memory loss or impairment?	HowOldWereYouMemoryLoss_Child=Child (0-11) | HowOldWereYouMemoryLoss_Adolescent=Adolescent (12-17) | HowOldWereYouMemoryLoss_Adult=Adult (18-64) | HowOldWereYouMemoryLoss_OlderAdult=Older adult (65-74) | HowOldWereYouMemoryLoss_Elderly=Elderly (75+)
Personal and Family Health History	Personal and Family Health Hist		nervoussystem_rxmedsformemoryloss	radio	single_select	43528855	2				yes	Are you currently prescribed medications and/or receiving treatment for memory loss or impairment?	RxMedsforMemoryLoss_Yes=Yes | RxMedsforMemoryLoss_No=No
Personal and Family Health History	Personal and Family Health Hist		nervouscondition_migraineheadaches_yes	checkbox	multi_select	836808	7				yes	Including yourself, who in your family has had migraine headaches? Select all that apply.	NervousSystemCondition_Migraine=Self | MotherNervousCondition_MigraineHeadaches=Mother | FatherNervousCondition_MigraineHeadaches=Father | SiblingNervousCondition_MigraineHeadaches=Sibling | DaughterNervousCondition_MigraineHeadaches=Daughter | SonNervousCondition_MigraineHeadaches=Son | GrandparentNervousCondition_MigraineHeadaches=Grandparent
Personal and Family Health History	Personal and Family Health Hist		nervoussystem_migrainecurrently	radio	single_select	43530371	2				yes	Are you still seeing a doctor or health care provider for migraine headaches?	MigraineCurrently_Yes=Yes | MigraineCurrently_No=No
Personal and Family Health History	Personal and Family Health Hist		nervoussystem_howoldwereyoumigraine	radio	single_select	43530529	5				yes	About how old were you when you were first told you had migraine headaches?	HowOldWereYouMigraine_Child=Child (0-11) | HowOldWereYouMigraine_Adolescent=Adolescent (12-17) | HowOldWereYouMigraine_Adult=Adult (18-64) | HowOldWereYouMigraine_OlderAdult=Older adult (65-74) | HowOldWereYouMigraine_Elderly=Elderly (75+)
Personal and Family Health History	Personal and Family Health Hist		nervoussystem_rxmedsformigraine	radio	single_select	43528856	2				yes	Are you currently prescribed medications and/or receiving treatment for migraine headaches?	RxMedsforMigraine_Yes=Yes | RxMedsforMigraine_No=No
Personal and Family Health History	Personal and Family Health Hist		nervouscondition_multiplesclerosis_yes	checkbox	multi_select	836809	7				yes	Including yourself, who in your family has had multiple sclerosis (MS)? Select all that apply.	NervousSystemCondition_MultipleSclerosis=Self | MotherNervousCondition_MultipleSclerosis=Mother | FatherNervousCondition_MultipleSclerosis=Father | SiblingNervousCondition_MultipleSclerosis=Sibling | DaughterNervousCondition_MultipleSclerosis=Daughter | SonNervousCondition_MultipleSclerosis=Son | GrandparentNervousCondition_MultipleSclerosis=Grandparent
Personal and Family Health History	Personal and Family Health Hist		nervoussystem_multiplesclerosiscurrently	radio	single_select	43530372	2				yes	Are you still seeing a doctor or health care provider for multiple sclerosis (MS)?	MultipleSclerosisCurrently_Yes=Yes | MultipleSclerosisCurrently_No=No
Personal and Family Health History	Personal and Family Health Hist		nervoussystem_howoldwereyoumultiplesclerosis	radio	single_select	43530530	5				yes	About how old were you when you were first told you had multiple sclerosis (MS)?	HowOldWereYouMultipleSclerosis_Child=Child (0-11) | HowOldWereYouMultipleSclerosis_Adolescent=Adolescent (12-17) | HowOldWereYouMultipleSclerosis_Adult=Adult (18-64) | HowOldWereYouMultipleSclerosis_OlderAdult=Older adult (65-74) | HowOldWereYouMultipleSclerosis_Elderly=Elderly (75+)
Personal and Family Health History	Personal and Family Health Hist		nervoussystem_rxmedsformultiplesclerosis	radio	single_select	43528857	2				yes	Are you currently prescribed medications and/or receiving treatment for multiple sclerosis (MS)?	RxMedsforMultipleSclerosis_Yes=Yes | RxMedsforMultipleSclerosis_No=No
Personal and Family Health History	Personal and Family Health Hist		nervouscondition_musculardystrophy_yes	checkbox	multi_select	836810	7				yes	Including yourself, who in your family has had muscular dystrophy (MD)? Select all that apply.	NervousSystemCondition_MuscularDystrophy=Self | MotherNervousCondition_MuscularDystrophy=Mother | FatherNervousCondition_MuscularDystrophy=Father | SiblingNervousCondition_MuscularDystrophy=Sibling | DaughterNervousCondition_MuscularDystrophy=Daughter | SonNervousCondition_MuscularDystrophy=Son | GrandparentNervousCondition_MuscularDystrophy=Grandparent
Personal and Family Health History	Personal and Family Health Hist		nervoussystem_musculardystrophycurrently	radio	single_select	43530373	2				yes	Are you still seeing a doctor or health care provider for muscular dystrophy (MD)?	MuscularDystrophyCurrently_Yes=Yes | MuscularDystrophyCurrently_No=No
Personal and Family Health History	Personal and Family Health Hist		nervoussystem_howoldwereyoumusculardystrophy	radio	single_select	43530531	5				yes	About how old were you when you were first told you had muscular dystrophy (MD)?	HowOldWereYouMuscularDystrophy_Child=Child (0-11) | HowOldWereYouMuscularDystrophy_Adolescent=Adolescent (12-17) | HowOldWereYouMuscularDystrophy_Adult=Adult (18-64) | HowOldWereYouMuscularDystrophy_OlderAdult=Older adult (65-74) | HowOldWereYouMuscularDystrophy_Elderly=Elderly (75+)
Personal and Family Health History	Personal and Family Health Hist		nervoussystem_rxmedsformusculardystrophy	radio	single_select	43528858	2				yes	Are you currently prescribed medications and/or receiving treatment for muscular dystrophy (MD)?	RxMedsforMuscularDystrophy_Yes=Yes | RxMedsforMuscularDystrophy_No=No
Personal and Family Health History	Personal and Family Health Hist		nervouscondition_narcolepsy_yes	checkbox	multi_select	836853	7				yes	Including yourself, who in your family has had narcolepsy? Select all that apply.	NervousSystemCondition_Narcolepsy=Self | MotherNervousCondition_Narcolepsy=Mother | FatherNervousCondition_Narcolepsy=Father | SiblingNervousCondition_Narcolepsy=Sibling | DaughterNervousCondition_Narcolepsy=Daughter | SonNervousCondition_Narcolepsy=Son | GrandparentNervousCondition_Narcolepsy=Grandparent
Personal and Family Health History	Personal and Family Health Hist		nervoussystem_narcolepsycurrently	radio	single_select	43530374	2				yes	Are you still seeing a doctor or health care provider for narcolepsy?	NarcolepsyCurrently_Yes=Yes | NarcolepsyCurrently_No=No
Personal and Family Health History	Personal and Family Health Hist		nervoussystem_howoldwereyounarcolepsy	radio	single_select	43530532	5				yes	About how old were you when you were first told you had narcolepsy?	HowOldWereYouNarcolepsy_Child=Child (0-11) | HowOldWereYouNarcolepsy_Adolescent=Adolescent (12-17) | HowOldWereYouNarcolepsy_Adult=Adult (18-64) | HowOldWereYouNarcolepsy_OlderAdult=Older adult (65-74) | HowOldWereYouNarcolepsy_Elderly=Elderly (75+)
Personal and Family Health History	Personal and Family Health Hist		nervoussystem_rxmedsfornarcolepsy	radio	single_select	43528859	2				yes	Are you currently prescribed medications and/or receiving treatment for narcolepsy?	RxMedsforNarcolepsy_Yes=Yes | RxMedsforNarcolepsy_No=No
Personal and Family Health History	Personal and Family Health Hist		nervouscondition_neuropathy_yes	checkbox	multi_select	836811	7				yes	Including yourself, who in your family has had neuropathy? Select all that apply.	NervousSystemCondition_Neuropathy=Self | MotherNervousCondition_Neuropathy=Mother | FatherNervousCondition_Neuropathy=Father | SiblingNervousCondition_Neuropathy=Sibling | DaughterNervousCondition_Neuropathy=Daughter | SonNervousCondition_Neuropathy=Son | GrandparentNervousCondition_Neuropathy=Grandparent
Personal and Family Health History	Personal and Family Health Hist		nervoussystem_neuropathycurrently	radio	single_select	43530375	2				yes	Are you still seeing a doctor or health care provider for neuropathy?	NeuropathyCurrently_Yes=Yes | NeuropathyCurrently_No=No
Personal and Family Health History	Personal and Family Health Hist		nervoussystem_howoldwereyouneuropathy	radio	single_select	43530533	5				yes	About how old were you when you were first told you had neuropathy?	HowOldWereYouNeuropathy_Child=Child (0-11) | HowOldWereYouNeuropathy_Adolescent=Adolescent (12-17) | HowOldWereYouNeuropathy_Adult=Adult (18-64) | HowOldWereYouNeuropathy_OlderAdult=Older adult (65-74) | HowOldWereYouNeuropathy_Elderly=Elderly (75+)
Personal and Family Health History	Personal and Family Health Hist		nervoussystem_rxmedsforneuropathy	radio	single_select	43528860	2				yes	Are you currently prescribed medications and/or receiving treatment for neuropathy?	RxMedsforNeuropathy_Yes=Yes | RxMedsforNeuropathy_No=No
Personal and Family Health History	Personal and Family Health Hist		nervouscondition_parkinsons_yes	checkbox	multi_select	836812	7				yes	Including yourself, who in your family has had Parkinson's disease? Select all that apply.	NervousSystemCondition_ParkinsonsDisease=Self | MotherNervousCondition_Parkinsons=Mother | FatherNervousCondition_Parkinsons=Father | SiblingNervousCondition_Parkinsons=Sibling | DaughterNervousCondition_Parkinsons=Daughter | SonNervousCondition_Parkinsons=Son | GrandparentNervousCondition_Parkinsons=Grandparent
Personal and Family Health History	Personal and Family Health Hist		nervoussystem_parkinsonsdiseasecurrently	radio	single_select	43530377	2				yes	Are you still seeing a doctor or health care provider for Parkinson's disease?	ParkinsonsDiseaseCurrently_Yes=Yes | ParkinsonsDiseaseCurrently_No=No
Personal and Family Health History	Personal and Family Health Hist		nervoussystem_howoldwereyouparkinsonsdisease	radio	single_select	43530536	5				yes	About how old were you when you were first told you had Parkinson's disease?	HowOldWereYouParkinsonsDisease_Child=Child (0-11) | HowOldWereYouParkinsonsDisease_Adolescent=Adolescent (12-17) | HowOldWereYouParkinsonsDisease_Adult=Adult (18-64) | HowOldWereYouParkinsonsDisease_OlderAdult=Older adult (65-74) | HowOldWereYouParkinsonsDisease_Elderly=Elderly (75+)
Personal and Family Health History	Personal and Family Health Hist		nervoussystem_rxmedsforparkinsonsdisease	radio	single_select	43528862	2				yes	Are you currently prescribed medications and/or receiving treatment for Parkinson's disease?	RxMedsforParkinsonsDisease_Yes=Yes | RxMedsforParkinsonsDisease_No=No
Personal and Family Health History	Personal and Family Health Hist		nervouscondition_restlesslegssyndrome_yes	checkbox	multi_select	836813	7				yes	Including yourself, who in your family has had restless leg syndrome? Select all that apply.	NervousSystemCondition_RestlessLegSyndrome=Self | MotherNervousCondition_RestlessLegSyndrome=Mother | FatherNervousCondition_RestlessLegsSyndrome=Father | SiblingNervousCondition_RestlessLegsSyndrome=Sibling | DaughterNervousCondition_RestlessLegsSyndrome=Daughter | SonNervousCondition_RestlessLegsSyndrome=Son | GrandparentNervousCondition_RestlessLegsSyndrome=Grandparent
Personal and Family Health History	Personal and Family Health Hist		nervoussystem_restlesslegcurrently	radio	single_select	43530378	2				yes	Are you still seeing a doctor or health care provider for restless leg syndrome?	RestlessLegCurrently_Yes=Yes | RestlessLegCurrently_No=No
Personal and Family Health History	Personal and Family Health Hist		nervoussystem_howoldwereyourestlessleg	radio	single_select	43530537	5				yes	About how old were you when you were first told you had restless leg syndrome?	HowOldWereYouRestlessLeg_Child=Child (0-11) | HowOldWereYouRestlessLeg_Adolescent=Adolescent (12-17) | HowOldWereYouRestlessLeg_Adult=Adult (18-64) | HowOldWereYouRestlessLeg_OlderAdult=Older adult (65-74) | HowOldWereYouRestlessLeg_Elderly=Elderly (75+)
Personal and Family Health History	Personal and Family Health Hist		nervoussystem_rxmedsforrestlessleg	radio	single_select	43528863	2				yes	Are you currently prescribed medications and/or receiving treatment for restless leg syndrome?	RxMedsforRestlessLeg_Yes=Yes | RxMedsforRestlessLeg_No=No
Personal and Family Health History	Personal and Family Health Hist		nervouscondition_spinalcordinjury_yes	checkbox	multi_select	1740576	7				yes	Including yourself, who in your family has had spinal cord injury or impairment? Select all that apply.	NervousSystemCondition_SpinalCordInjury=Self | MotherNervousCondition_SpinalCordInjury=Mother | FatherNervousCondition_SpinalCordInjury=Father | SiblingNervousCondition_SpinalCordInjury=Sibling | DaughterNervousCondition_SpinalCordInjury=Daughter | SonNervousCondition_SpinalCordInjury=Son | GrandparentNervousCondition_SpinalCordInjury=Grandparent
Personal and Family Health History	Personal and Family Health Hist		nervoussystem_spinalcordinjurycurrently	radio	single_select	43530379	2				yes	Are you still seeing a doctor or health care provider for spinal cord injury or impairment?	SpinalCordInjuryCurrently_Yes=Yes | SpinalCordInjuryCurrently_No=No
Personal and Family Health History	Personal and Family Health Hist		nervoussystem_howoldwereyouspinalcordinjury	radio	single_select	1384655	5				yes	About how old were you when you were first told you had spinal cord injury or impairment?	HowOldWereYouSpinalCordInjury_Child=Child (0-11) | HowOldWereYouSpinalCordInjury_Adolescent=Adolescent (12-17) | HowOldWereYouSpinalCordInjury_Adult=Adult (18-64) | HowOldWereYouSpinalCordInjury_OlderAdult=Older adult (65-74) | HowOldWereYouSpinalCordInjury_Elderly=Elderly (75+)
Personal and Family Health History	Personal and Family Health Hist		nervoussystem_rxmedsforspinalcordinjury	radio	single_select	43528864	2				yes	Are you currently prescribed medications and/or receiving treatment for spinal cord injury or impairment?	RxMedsforSpinalCordInjury_Yes=Yes | RxMedsforSpinalCordInjury_No=No
Personal and Family Health History	Personal and Family Health Hist		nervouscondition_traumaticbraininjury_yes	checkbox	multi_select	1740627	7				yes	Including yourself, who in your family has had traumatic brain injury (TBI)? Select all that apply.	NervousSystemCondition_TraumaticBrainInjury=Self | MotherNervousCondition_TraumaticBrainInjury=Mother | FatherNervousCondition_TraumaticBrainInjury=Father | SiblingNervousCondition_TraumaticBrainInjury=Sibling | DaughterNervousCondition_TraumaticBrainInjury=Daughter | SonNervousCondition_TraumaticBrainInjury=Son | GrandparentNervousCondition_TraumaticBrainInjury=Grandparent
Personal and Family Health History	Personal and Family Health Hist		nervoussystem_traumaticbraininjurycurrently	radio	single_select	43530380	2				yes	Are you still seeing a doctor or health care provider for traumatic brain injury (TBI)?	TraumaBrainInjuryCurrently_Yes=Yes | TraumaBrainInjuryCurrently_No=No
Personal and Family Health History	Personal and Family Health Hist		nervoussystem_howoldwereyoutraumabraininjury	radio	single_select	43530538	5				yes	About how old were you when you were first told you had traumatic brain injury (TBI)?	HowOldWereYouTraumaBrainInjury_Child=Child (0-11) | HowOldWereYouTraumaBrainInjury_Adolescent=Adolescent (12-17) | HowOldWereYouTraumaBrainInjury_Adult=Adult (18-64) | HowOldWereYouTraumaBrainInjury_OlderAdult=Older adult (65-74) | HowOldWereYouTraumaBrainInjury_Elderly=Elderly (75+)
Personal and Family Health History	Personal and Family Health Hist		nervoussystem_rxmedsfortraumabraininjury	radio	single_select	43528865	2				yes	Are you currently prescribed medications and/or receiving treatment for traumatic brain injury (TBI)?	RxMedsforTraumaBrainInjury_Yes=Yes | RxMedsforTraumaBrainInjury_No=No
Personal and Family Health History	Personal and Family Health Hist		nervouscondition_otherbrainnervoussystem_yes	checkbox	multi_select	1740558	7				yes	Including yourself, who in your family has had other brain or nervous system condition(s)? Select all that apply.	NervousSystemCondition_OtherBrainNervousSystem=Self | MotherNervousCondition_OtherBrainNervousSystem=Mother | FatherNervousCondition_OtherBrainNervousSystem=Father | SiblingNervousCondition_OtherBrainNervousSystem=Sibling | DaughterNervousCondition_OtherBrainNervousSystem=Daughter | SonNervousCondition_OtherBrainNervousSystem=Son | grandparentnervouscondition_otherbrainnervoussyste=Grandparent
Personal and Family Health History	Personal and Family Health Hist		otherbrainnervoussystem_freetextbox	text	free_text		0				yes	Please specify the other brain or nervous system condition(s) you have had.	
Personal and Family Health History	Personal and Family Health Hist		otherbrainnervoussystem_motherfreetextbox	text	free_text		0				yes	Please specify the other brain or nervous system condition(s) your mother has had.	
Personal and Family Health History	Personal and Family Health Hist		otherbrainnervoussystem_fatherfreetextbox	text	free_text		0				yes	Please specify the other brain or nervous system condition(s) your father has had.	
Personal and Family Health History	Personal and Family Health Hist		otherbrainnervoussystem_siblingfreetextbox	text	free_text		0				yes	Please specify the other brain or nervous system condition(s) your sibling(s) has had.	
Personal and Family Health History	Personal and Family Health Hist		otherbrainnervoussystem_daughterfreetextbox	text	free_text		0				yes	Please specify the other brain or nervous system condition(s) your daughter(s) has had.	
Personal and Family Health History	Personal and Family Health Hist		otherbrainnervoussystem_sonfreetextbox	text	free_text		0				yes	Please specify the other brain or nervous system condition(s) your son(s) has had.	
Personal and Family Health History	Personal and Family Health Hist		otherbrainnervoussystem_grandparentfreetextbox	text	free_text		0				yes	Please specify the other brain or nervous system condition(s) your grandparent(s) has had.	
Personal and Family Health History	Personal and Family Health Hist		nervoussystem_otherbrainnervoussystemcurrently	radio	single_select	1384560	2				yes	Are you still seeing a doctor or health care provider for other brain or nervous system condition(s)?	OtherBrainNervousSystemCurrently_Yes=Yes | OtherBrainNervousSystemCurrently_No=No
Personal and Family Health History	Personal and Family Health Hist		nervoussystem_howoldwereyouotherbrainnervoussystem	radio	single_select	1384456	5				yes	About how old were you when you were first told you had other brain or nervous system condition(s)?	HowOldWereYouOtherBrainNervousSystem_Child=Child (0-11) | HowOldWereYouOtherBrainNervousSystem_Adolescent=Adolescent (12-17) | HowOldWereYouOtherBrainNervousSystem_Adult=Adult (18-64) | HowOldWereYouOtherBrainNervousSystem_OlderAdult=Older adult (65-74) | HowOldWereYouOtherBrainNervousSystem_Elderly=Elderly (75+)
Personal and Family Health History	Personal and Family Health Hist		nervoussystem_rxmedsforotherbrainnervoussystem	radio	single_select	1384528	2				yes	Are you currently prescribed medications and/or receiving treatment for other brain or nervous system condition(s)?	RxMedsforOtherBrainNervousSystem_Yes=Yes | RxMedsforOtherBrainorNervousSystem_No=No
Personal and Family Health History	Personal and Family Health Hist		diagnosedhealthcondition_mentalcondition	checkbox	multi_select	43529217	16				no	Have you or anyone in your family ever been diagnosed with the following mental health or substance use conditions? Think only of the people you are related to by blood. Select all that apply.	MentalCondition_AlcoholUse=Alcohol use disorder | MentalCondition_AnxietyPanic=Anxiety reaction/panic disorder | MentalCondition_ADHD=Attention-deficit/hyperactivity disorder (ADHD) | MentalCondition_Autism=Autism spectrum disorder | MentalCondition_Bipolar=Bipolar disorder | MentalCondition_Depression=Depression | MentalCondition_DrugUse=Drug use disorder | MentalCondition_EatingDisorder=Eating disorder | MentalCondition_PersonalityDisorder=Personality disorder | MentalCondition_PTSD=Post-traumatic stress disorder (PTSD) | MentalCondition_Schizophrenia=Schizophrenia | MentalCondition_SocialPhobia=Social phobia | MentalCondition_OtherMentalHealthSubstanceUse=Other mental health or substance use condition | PMI_None=None of the above | PMI_DontKnow=Don't know | PMI_PreferNotToAnswer=Prefer not to answer
Personal and Family Health History	Personal and Family Health Hist		mentalcondition_alcoholuse_yes	checkbox	multi_select	836827	7				yes	Including yourself, who in your family has had alcohol use disorder? Select all that apply.	MentalHealthCondition_AlcoholUse=Self | MotherMentalCondition_AlcoholUse=Mother | FatherMentalCondition_AlcoholUse=Father | SiblingMentalCondition_AlcoholUse=Sibling | DaughterMentalCondition_AlcoholUse=Daughter | SonMentalCondition_AlcoholUse=Son | GrandparentMentalCondition_AlcoholUse=Grandparent
Personal and Family Health History	Personal and Family Health Hist		mentalhealth_alcoholdisordercurrently	radio	single_select	1384490	2				yes	Are you still seeing a doctor or health care provider for alcohol use disorder?	AlcoholOrDrugCurrently_Yes=Yes | AlcoholOrDrugCurrently_No=No
Personal and Family Health History	Personal and Family Health Hist		mentalhealth_howoldwereyoualcoholdisorder	radio	single_select	1384625	5				yes	About how old were you when you were first told you had alcohol use disorder?	HowOldWereYouAlcoholDisorder_Child=Child (0-11) | HowOldWereYouAlcoholDisorder_Adolescent=Adolescent (12-17) | HowOldWereYouAlcoholDisorder_Adult=Adult (18-64) | HowOldWereYouAlcoholDisorder_OlderAdult=Older adult (65-74) | HowOldWereYouAlcoholDisorder_Elderly=Elderly (75+)
Personal and Family Health History	Personal and Family Health Hist		mentalhealth_rxmedsforalcoholdisorder	radio	single_select	1384518	2				yes	Are you currently prescribed medications and/or receiving treatment for alcohol use disorder?	RxMedsforAlcoholOrDrug_Yes=Yes | RxMedsforAlcoholOrDrug_No=No
Personal and Family Health History	Personal and Family Health Hist		mentalcondition_anxietypanic_yes	checkbox	multi_select	836850	7				yes	Including yourself, who in your family has had anxiety reaction/panic disorder? Select all that apply.	MentalHealthCondition_Anxiety=Self | MotherMentalCondition_AnxietyPanic=Mother | FatherMentalCondition_AnxietyPanic=Father | SiblingMentalCondition_AnxietyPanic=Sibling | DaughterMentalCondition_AnxietyPanic=Daughter | SonMentalCondition_AnxietyPanic=Son | GrandparentMentalCondition_AnxietyPanic=Grandparent
Personal and Family Health History	Personal and Family Health Hist		mentalhealth_anxietycurrently	radio	single_select	43530356	2				yes	Are you still seeing a doctor or health care provider for anxiety reaction/panic disorder?	AnxietyCurrently_Yes=Yes | AnxietyCurrently_No=No
Personal and Family Health History	Personal and Family Health Hist		mentalhealth_howoldwereyouanxiety	radio	single_select	43530514	5				yes	About how old were you when you were first told you had anxiety reaction/panic disorder?	HowOldWereYouAnxiety_Child=Child (0-11) | HowOldWereYouAnxiety_Adolescent=Adolescent (12-17) | HowOldWereYouAnxiety_Adult=Adult (18-64) | HowOldWereYouAnxiety_OlderAdult=Older adult (65-74) | HowOldWereYouAnxiety_Elderly=Elderly (75+)
Personal and Family Health History	Personal and Family Health Hist		mentalhealth_rxmedsforanxiety	radio	single_select	43528841	2				yes	Are you currently prescribed medications and/or receiving treatment for anxiety reaction/panic disorder?	RxMedsforAnxiety_Yes=Yes | RxMedsforAnxiety_No=No
Personal and Family Health History	Personal and Family Health Hist		mentalcondition_adhd_yes	checkbox	multi_select	1740660	7				yes	Including yourself, who in your family has had attention-deficit/hyperactivity disorder (ADHD)? Select all that apply.	MentalHealthCondition_ADHD=Self | MotherMentalCondition_ADHD=Mother | FatherMentalCondition_ADHD=Father | SiblingMentalCondition_ADHD=Sibling | DaughterMentalCondition_ADHD=Daughter | SonMentalCondition_ADHD=Son | GrandparentMentalCondition_ADHD=Grandparent
Personal and Family Health History	Personal and Family Health Hist		mentalhealth_adhdcurrently	radio	single_select	43530354	2				yes	Are you still seeing a doctor or health care provider for attention-deficit/hyperactivity disorder (ADHD)?	ADHDCurrently_Yes=Yes | ADHDCurrently_No=No
Personal and Family Health History	Personal and Family Health Hist		mentalhealth_howoldwereyouadhd	radio	single_select	43530512	5				yes	About how old were you when you were first told you had attention-deficit/hyperactivity disorder (ADHD)?	HowOldWereYouADHD_Child=Child (0-11) | HowOldWereYouADHD_Adolescent=Adolescent (12-17) | HowOldWereYouADHD_Adult=Adult (18-64) | HowOldWereYouADHD_OlderAdult=Older adult (65-74) | HowOldWereYouADHD_Elderly=Elderly (75+)
Personal and Family Health History	Personal and Family Health Hist		mentalhealth_rxmedsforadhd	radio	single_select	43528839	2				yes	Are you currently prescribed medications and/or receiving treatment for attention-deficit/hyperactivity disorder (ADHD)?	RxMedsforADHD_Yes=Yes | RxMedsforADHD_No=No
Personal and Family Health History	Personal and Family Health Hist		mentalcondition_autism_yes	checkbox	multi_select	836802	7				yes	Including yourself, who in your family has had autism spectrum disorder? Select all that apply.	MentalHealthCondition_AutismSpectrum=Self | MotherMentalCondition_Autism=Mother | FatherMentalCondition_Autism=Father | SiblingMentalCondition_Autism=Sibling | DaughterMentalCondition_Autism=Daughter | SonMentalCondition_Autism=Son | GrandparentMentalCondition_Autism=Grandparent
Personal and Family Health History	Personal and Family Health Hist		mentalhealth_autismcurrently	radio	single_select	1384630	2				yes	Are you still seeing a doctor or health care provider for autism spectrum disorder?	AutismCurrently_Yes=Yes | AutismCurrently_No=No
Personal and Family Health History	Personal and Family Health Hist		mentalhealth_howoldwereyouautism	radio	single_select	1384574	5				yes	About how old were you when you were first told you had autism spectrum disorder?	HowOldWereYouAutism_Child=Child (0-11) | HowOldWereYouAutism_Adolescent=Adolescent (12-17) | HowOldWereYouAutism_Adult=Adult (18-64) | HowOldWereYouAutism_OlderAdult=Older adult (65-74) | HowOldWereYouAutism_Elderly=Elderly (75+)
Personal and Family Health History	Personal and Family Health Hist		mentalhealth_rxmedsforautism	radio	single_select	1384486	2				yes	Are you currently prescribed medications and/or receiving treatment for autism spectrum disorder?	RxMedsforAutism_Yes=Yes | RxMedsforAutism_No=No
Personal and Family Health History	Personal and Family Health Hist		mentalcondition_bipolar_yes	checkbox	multi_select	836803	7				yes	Including yourself, who in your family has had bipolar disorder? Select all that apply.	MentalHealthCondition_Bipolar=Self | MotherMentalCondition_Bipolar=Mother | FatherMentalCondition_Bipolar=Father | SiblingMentalCondition_Bipolar=Sibling | DaughterMentalCondition_Bipolar=Daughter | SonMentalCondition_Bipolar=Son | GrandparentMentalCondition_Bipolar=Grandparent
Personal and Family Health History	Personal and Family Health Hist		mentalhealth_bipolarcurrently	radio	single_select	43530357	2				yes	Are you still seeing a doctor or health care provider for bipolar disorder?	BipolarCurrently_Yes=Yes | BipolarCurrently_No=No
Personal and Family Health History	Personal and Family Health Hist		mentalhealth_howoldwereyoubipolar	radio	single_select	43530515	5				yes	About how old were you when you were first told you had bipolar disorder?	HowOldWereYouBipolar_Child=Child (0-11) | HowOldWereYouBipolar_Adolescent=Adolescent (12-17) | HowOldWereYouBipolar_Adult=Adult (18-64) | HowOldWereYouBipolar_OlderAdult=Older adult (65-74) | HowOldWereYouBipolar_Elderly=Elderly (75+)
Personal and Family Health History	Personal and Family Health Hist		mentalhealth_rxmedsforbipolar	radio	single_select	43528842	2				yes	Are you currently prescribed medications and/or receiving treatment for bipolar disorder?	RxMedsforBipolar_Yes=Yes | RxMedsforBipolar_No=No
Personal and Family Health History	Personal and Family Health Hist		mentalcondition_depression_yes	checkbox	multi_select	836804	7				yes	Including yourself, who in your family has had depression? Select all that apply.	MentalHealthCondition_Depression=Self | MotherMentalCondition_Depression=Mother | FatherMentalCondition_Depression=Father | SiblingMentalCondition_Depression=Sibling | DaughterMentalCondition_Depression=Daughter | SonMentalCondition_Depression=Son | GrandparentMentalCondition_Depression=Grandparent
Personal and Family Health History	Personal and Family Health Hist		mentalhealth_depressioncurrently	radio	single_select	43530358	2				yes	Are you still seeing a doctor or health care provider for depression?	DepressionCurrently_Yes=Yes | DepressionCurrently_No=No
Personal and Family Health History	Personal and Family Health Hist		mentalhealth_howoldwereyoudepression	radio	single_select	43530516	5				yes	About how old were you when you were first told you had depression?	HowOldWereYouDepression_Child=Child (0-11) | HowOldWereYouDepression_Adolescent=Adolescent (12-17) | HowOldWereYouDepression_Adult=Adult (18-64) | HowOldWereYouDepression_OlderAdult=Older adult (65-74) | HowOldWereYouDepression_Elderly=Elderly (75+)
Personal and Family Health History	Personal and Family Health Hist		mentalhealth_rxmedsfordepression	radio	single_select	43528843	2				yes	Are you currently prescribed medications and/or receiving treatment for depression?	RxMedsforDepression_Yes=Yes | RxMedsforDepression_No=No
Personal and Family Health History	Personal and Family Health Hist		mentalcondition_druguse_yes	checkbox	multi_select	836851	7				yes	Including yourself, who in your family has had a drug use disorder? Select all that apply.	MentalHealthCondition_DrugUse=Self | MotherMentalCondition_DrugUse=Mother | FatherMentalCondition_DrugUse=Father | SiblingMentalCondition_DrugUse=Sibling | DaughterMentalCondition_DrugUse=Daughter | SonMentalCondition_DrugUse=Son | GrandparentMentalCondition_DrugUse=Grandparent
Personal and Family Health History	Personal and Family Health Hist		mentalhealth_drugusedisordercurrently	radio	single_select	1384480	2				yes	Are you still seeing a doctor or health care provider for a drug use disorder?	DrugUseDisorderCurrently_Yes=Yes | DrugUseDisorderCurrently_No=No
Personal and Family Health History	Personal and Family Health Hist		mentalhealth_howoldwereyoudrugusedisorder	radio	single_select	1384514	5				yes	About how old were you when you were first told you had a drug use disorder?	HowOldWereYouDrugUseDisorder_Child=Child (0-11) | HowOldWereYouDrugUseDisorder_Adolescent=Adolescent (12-17) | HowOldWereYouDrugUseDisorder_Adult=Adult (18-64) | HowOldWereYouDrugUseDisorder_OlderAdult=Older adult (65-74) | HowOldWereYouDrugUseDisorder_Elderly=Elderly (75+)
Personal and Family Health History	Personal and Family Health Hist		mentalhealth_rxmedsfordrugusedisorder	radio	single_select	1384601	2				yes	Are you currently prescribed medications and/or receiving treatment for a drug use disorder?	RxMedsforDrugUseDisorder_Yes=Yes | RxMedsforDrugUseDisorder_No=No
Personal and Family Health History	Personal and Family Health Hist		mentalcondition_eatingdisorder_yes	checkbox	multi_select	1740556	7				yes	Including yourself, who in your family has had an eating disorder? Select all that apply.	MentalHealthCondition_EatingDisorder=Self | MotherMentalCondition_EatingDisorder=Mother | FatherMentalCondition_EatingDisorder=Father | SiblingMentalCondition_EatingDisorder=Sibling | DaughterMentalCondition_EatingDisorder=Daughter | SonMentalCondition_EatingDisorder=Son | GrandparentMentalCondition_EatingDisorder=Grandparent
Personal and Family Health History	Personal and Family Health Hist		mentalhealth_eatingdisordercurrently	radio	single_select	43530359	2				yes	Are you still seeing a doctor or health care provider for an eating disorder?	EatingDisorderCurrently_Yes=Yes | EatingDisorderCurrently_No=No
Personal and Family Health History	Personal and Family Health Hist		mentalhealth_howoldwereyoueatingdisorder	radio	single_select	43530517	5				yes	About how old were you when you were first told you had an eating disorder?	HowOldWereYouEatingDisorder_Child=Child (0-11) | HowOldWereYouEatingDisorder_Adolescent=Adolescent (12-17) | HowOldWereYouEatingDisorder_Adult=Adult (18-64) | HowOldWereYouEatingDisorder_OlderAdult=Older adult (65-74) | HowOldWereYouEatingDisorder_Elderly=Elderly (75+)
Personal and Family Health History	Personal and Family Health Hist		mentalhealth_rxmedsforeatingdisorder	radio	single_select	43528844	2				yes	Are you currently prescribed medications and/or receiving treatment for an eating disorder?	RxMedsforEatingDisorder_Yes=Yes | RxMedsforEatingDisorder_No=No
Personal and Family Health History	Personal and Family Health Hist		mentalcondition_personalitydisorder_yes	checkbox	multi_select	1740659	7				yes	Including yourself, who in your family has had a personality disorder? Select all that apply.	MentalHealthCondition_PersonalityDisorder=Self | MotherMentalCondition_PersonalityDisorder=Mother | FatherMentalCondition_PersonalityDisorder=Father | SiblingMentalCondition_PersonalityDisorder=Sibling | DaughterMentalCondition_PersonalityDisorder=Daughter | SonMentalCondition_PersonalityDisorder=Son | GrandparentMentalCondition_PersonalityDisorder=Grandparent
Personal and Family Health History	Personal and Family Health Hist		mentalhealth_personalitydisordercurrently	radio	single_select	43530360	2				yes	Are you still seeing a doctor or health care provider for a personality disorder?	PersonalityDisorderCurrently_Yes=Yes | PersonalityDisorderCurrently_No=No
Personal and Family Health History	Personal and Family Health Hist		mentalhealth_howoldwereyoupersonalitydisorder	radio	single_select	43530518	5				yes	About how old were you when you were first told you had a personality disorder?	HowOldWereYouPersonalityDisorder_Child=Child (0-11) | HowOldWereYouPersonalityDisorder_Adolescent=Adolescent (12-17) | HowOldWereYouPersonalityDisorder_Adult=Adult (18-64) | HowOldWereYouPersonalityDisorder_OlderAdult=Older adult (65-74) | HowOldWereYouPersonalityDisorder_Elderly=Elderly (75+)
Personal and Family Health History	Personal and Family Health Hist		mentalhealth_rxmedsforpersonalitydisorder	radio	single_select	43528845	2				yes	Are you currently prescribed medications and/or receiving treatment for a personality disorder?	RxMedsforPersonalityDisorder_Yes=Yes | RxMedsforPersonalityDisorder_No=No
Personal and Family Health History	Personal and Family Health Hist		mentalcondition_ptsd_yes	checkbox	multi_select	1740562	7				yes	Including yourself, who in your family has had post-traumatic stress disorder (PTSD)? Select all that apply.	MentalHealthCondition_PTSD=Self | MotherMentalCondition_PTSD=Mother | FatherMentalCondition_PTSD=Father | SiblingMentalCondition_PTSD=Sibling | DaughterMentalCondition_PTSD=Daughter | SonMentalCondition_PTSD=Son | GrandparentMentalCondition_PTSD=Grandparent
Personal and Family Health History	Personal and Family Health Hist		mentalhealth_ptsdcurrently	radio	single_select	43530361	2				yes	Are you still seeing a doctor or health care provider for post-traumatic stress disorder (PTSD)?	PTSDCurrently_Yes=Yes | PTSDCurrently_No=No
Personal and Family Health History	Personal and Family Health Hist		mentalhealth_howoldwereyouptsd	radio	single_select	43530519	5				yes	About how old were you when you were first told you had post-traumatic stress disorder (PTSD)?	HowOldWereYouPTSD_Child=Child (0-11) | HowOldWereYouPTSD_Adolescent=Adolescent (12-17) | HowOldWereYouPTSD_Adult=Adult (18-64) | HowOldWereYouPTSD_OlderAdult=Older adult (65-74) | HowOldWereYouPTSD_Elderly=Elderly (75+)
Personal and Family Health History	Personal and Family Health Hist		mentalhealth_rxmedsforptsd	radio	single_select	43528846	2				yes	Are you currently prescribed medications and/or receiving treatment for post-traumatic stress disorder (PTSD)?	RxMedsforPTSD_Yes=Yes | RxMedsforPTSD_No=No
Personal and Family Health History	Personal and Family Health Hist		mentalcondition_schizophrenia_yes	checkbox	multi_select	836805	7				yes	Including yourself, who in your family has had schizophrenia? Select all that apply.	MentalHealthCondition_Schizophrenia=Self | MotherMentalCondition_Schizophrenia=Mother | FatherMentalCondition_Schizophrenia=Father | SiblingMentalCondition_Schizophrenia=Sibling | DaughterMentalCondition_Schizophrenia=Daughter | SonMentalCondition_Schizophrenia=Son | GrandparentMentalCondition_Schizophrenia=Grandparent
Personal and Family Health History	Personal and Family Health Hist		mentalhealth_schizophreniacurrently	radio	single_select	43530362	2				yes	Are you still seeing a doctor or health care provider for schizophrenia?	SchizophreniaCurrently_Yes=Yes | SchizophreniaCurrently_No=No
Personal and Family Health History	Personal and Family Health Hist		mentalhealth_howoldwereyouschizophrenia	radio	single_select	43530520	5				yes	About how old were you when you were first told you had schizophrenia?	HowOldWereYouSchizophrenia_Child=Child (0-11) | HowOldWereYouSchizophrenia_Adolescent=Adolescent (12-17) | HowOldWereYouSchizophrenia_Adult=Adult (18-64) | HowOldWereYouSchizophrenia_OlderAdult=Older adult (65-74) | HowOldWereYouSchizophrenia_Elderly=Elderly (75+)
Personal and Family Health History	Personal and Family Health Hist		mentalhealth_rxmedsforschizophrenia	radio	single_select	43528847	2				yes	Are you currently prescribed medications and/or receiving treatment for schizophrenia?	RxMedsforSchizophrenia_Yes=Yes | RxMedsforSchizophrenia_No=No
Personal and Family Health History	Personal and Family Health Hist		mentalcondition_socialphobia_yes	checkbox	multi_select	1740655	7				yes	Including yourself, who in your family has had a social phobia? Select all that apply.	MentalHealthCondition_SocialPhobia=Self | MotherMentalCondition_SocialPhobia=Mother | FatherMentalCondition_SocialPhobia=Father | SiblingMentalCondition_SocialPhobia=Sibling | DaughterMentalCondition_SocialPhobia=Daughter | SonMentalCondition_SocialPhobia=Son | GrandparentMentalCondition_SocialPhobia=Grandparent
Personal and Family Health History	Personal and Family Health Hist		mentalhealth_socialphobiacurrently	radio	single_select	43530363	2				yes	Are you still seeing a doctor or health care provider for a social phobia?	SocialPhobiaCurrently_Yes=Yes | SocialPhobiaCurrently_No=No
Personal and Family Health History	Personal and Family Health Hist		mentalhealth_howoldwereyousocialphobia	radio	single_select	43530521	5				yes	About how old were you when you were first told you had a social phobia?	HowOldWereYouSocialPhobia_Child=Child (0-11) | HowOldWereYouSocialPhobia_Adolescent=Adolescent (12-17) | HowOldWereYouSocialPhobia_Adult=Adult (18-64) | HowOldWereYouSocialPhobia_OlderAdult=Older adult (65-74) | HowOldWereYouSocialPhobia_Elderly=Elderly (75+)
Personal and Family Health History	Personal and Family Health Hist		mentalhealth_rxmedsforsocialphobia	radio	single_select	43528848	2				yes	Are you currently prescribed medications and/or receiving treatment for a social phobia?	RxMedsforSocialPhobia_Yes=Yes | RxMedsforSocialPhobia_No=No
Personal and Family Health History	Personal and Family Health Hist		mentalcondition_othermentalhealthsubstanceuse_yes	checkbox	multi_select	1740643	7				yes	Including yourself, who in your family has had other mental or substance use condition? Select all that apply.	MentalHealthCondition_OtherMentalHealthSubstanceUse=Self | mothermentalcondition_othermentalhealthsubstanceus=Mother | fathermentalcondition_othermentalhealthsubstanceus=Father | siblingmentalcondition_othermentalhealthsubstanceu=Sibling | daughtermentalcondition_othermentalhealthsubstance=Daughter | SonMentalCondition_OtherMentalHealthSubstanceUse=Son | grandparentmentalcondition_othermentalhealthsubsta=Grandparent
Personal and Family Health History	Personal and Family Health Hist		othermentalhealthsubstanceuse_freetextbox	text	free_text		0				yes	Please specify the other mental health or substance use condition(s) you have had.	
Personal and Family Health History	Personal and Family Health Hist		othermentalhealthsubstanceuse_motherfreetextbox	text	free_text		0				yes	Please specify the other mental health or substance use condition(s) your mother has had.	
Personal and Family Health History	Personal and Family Health Hist		othermentalhealthsubstanceuse_fatherfreetextbox	text	free_text		0				yes	Please specify the other mental health or substance use condition(s) your father has had.	
Personal and Family Health History	Personal and Family Health Hist		othermentalhealthsubstanceuse_siblingfreetextbox	text	free_text		0				yes	Please specify the other mental health or substance use condition(s) your sibling(s) has had.	
Personal and Family Health History	Personal and Family Health Hist		othermentalhealthsubstanceuse_daughterfreetextbox	text	free_text		0				yes	Please specify the other mental health or substance use condition(s) your daughter(s) has had.	
Personal and Family Health History	Personal and Family Health Hist		othermentalhealthsubstanceuse_sonfreetextbox	text	free_text		0				yes	Please specify the other mental health or substance use condition(s) your son(s) has had.	
Personal and Family Health History	Personal and Family Health Hist		othermentalhealthsubstanceuse_grandparentfreetextb	text	free_text		0				yes	Please specify the other mental health or substance use condition(s) your grandparent(s) has had.	
Personal and Family Health History	Personal and Family Health Hist		mentalhealth_othermentalhealthsubstanceusecurrently	radio	single_select	1384539	2				yes	Are you still seeing a doctor or health care provider for other mental health or substance use condition(s)?	OtherMentalHealthSubstanceUseCurrently_Yes=Yes | OtherMentalHealthSubstanceUseCurrently_No=No
Personal and Family Health History	Personal and Family Health Hist		mentalhealth_howoldwereyouothermentalhealthsubstanceuse	radio	single_select	1384425	5				yes	About how old were you when you were first told you had other mental health or substance use condition(s)?	HowOldWereYouOtherMentalHealthSubstanceUse_Child=Child (0-11) | HowOldWereYouOtherMentalHealthSubstanceUse_Adolescent=Adolescent (12-17) | HowOldWereYouOtherMentalHealthSubstanceUse_Adult=Adult (18-64) | HowOldWereYouOtherMentalHealthSubstanceUse_OlderAdult=Older adult (65-74) | HowOldWereYouOtherMentalHealthSubstanceUse_Elderly=Elderly (75+)
Personal and Family Health History	Personal and Family Health Hist		mentalhealth_rxmedsforothermentalhealthsubstanceuse	radio	single_select	1384584	2				yes	Are you currently prescribed medications and/or receiving treatment for other mental health or substance use condition(s)?	RxMedsforOtherMentalHealthSubstanceUse_Yes=Yes | RxMedsforOtherMentalHealthSubstanceUse_No=No
Personal and Family Health History	Personal and Family Health Hist		diagnosedhealthcondition_skeletalmuscularcondition	checkbox	multi_select	702786	15				no	Have you or anyone in your family ever been diagnosed with the following bone, joint, and muscle conditions? Think only of the people you are related to by blood. Select all that apply.	SkeletalMuscularCondition_CarpalTunnel=Carpal tunnel syndrome | SkeletalMuscularCondition_Fibromyalgia=Fibromyalgia | SkeletalMuscularCondition_FracturedBrokenBone=Fractured/broken any bones in the last 5 years | SkeletalMuscularCondition_Gout=Gout | SkeletalMuscularCondition_Osteoarthritis=Osteoarthritis | SkeletalMuscularCondition_Osteoporosis=Osteoporosis | SkeletalMuscularCondition_Pseudogout=Pseudogout (CPPD) | SkeletalMuscularCondition_RheumatoidArthritis=Rheumatoid arthritis (RA) | SkeletalMuscularCondition_SpineMuscleBone=Spine, muscle, or bone disorders (non-cancer) | SkeletalMuscularCondition_SystemicLupus=Systemic lupus | SkeletalMuscularCondition_OtherArthritis=Other arthritis | SkeletalMuscularCondition_OtherBoneJointMuscle=Other bone, joint, or muscle condition | PMI_None=None of the above | PMI_DontKnow=Don't know | PMI_PreferNotToAnswer=Prefer not to answer
Personal and Family Health History	Personal and Family Health Hist		skeletalmuscularcondition_carpaltunnel_yes	checkbox	multi_select	1740617	7				yes	Including yourself, who in your family has had carpal tunnel syndrome? Select all that apply.	SkeletalMuscularConditions_CarpalTunnel=Self | MotherSkeletalMuscularCondition_CarpalTunnel=Mother | FatherSkeletalMuscularCondition_CarpalTunnel=Father | SiblingSkeletalMuscularCondition_CarpalTunnel=Sibling | DaughterSkeletalMuscularCondition_CarpalTunnel=Daughter | SonSkeletalMuscularCondition_CarpalTunnel=Son | GrandparentSkeletalMuscularCondition_CarpalTunnel=Grandparent
Personal and Family Health History	Personal and Family Health Hist		skeletalmuscular_carpaltunnelcurrently	radio	single_select	43530392	2				yes	Are you still seeing a doctor or health care provider for carpal tunnel syndrome?	CarpalTunnelCurrently_Yes=Yes | CarpalTunnelCurrently_No=No
Personal and Family Health History	Personal and Family Health Hist		skeletalmuscular_howoldwereyoucarpaltunnel	radio	single_select	43530550	5				yes	About how old were you when you were first told you had carpal tunnel syndrome?	HowOldWereYouCarpalTunnel_Child=Child (0-11) | HowOldWereYouCarpalTunnel_Adolescent=Adolescent (12-17) | HowOldWereYouCarpalTunnel_Adult=Adult (18-64) | HowOldWereYouCarpalTunnel_OlderAdult=Older adult (65-74) | HowOldWereYouCarpalTunnel_Elderly=Elderly (75+)
Personal and Family Health History	Personal and Family Health Hist		skeletalmuscular_rxmedsforcarpaltunnel	radio	single_select	43528877	2				yes	Are you currently prescribed medications and/or receiving treatment for carpal tunnel syndrome?	RxMedsforCarpalTunnel_Yes=Yes | RxMedsforCarpalTunnel_No=No
Personal and Family Health History	Personal and Family Health Hist		skeletalmuscularcondition_fibromyalgia_yes	checkbox	multi_select	836859	7				yes	Including yourself, who in your family has had fibromyalgia? Select all that apply.	SkeletalMuscularConditions_Fibromyalgia=Self | MotherSkeletalMuscularCondition_Fibromyalgia=Mother | FatherSkeletalMuscularCondition_Fibromyalgia=Father | SiblingSkeletalMuscularCondition_Fibromyalgia=Sibling | DaughterSkeletalMuscularCondition_Fibromyalgia=Daughter | SonSkeletalMuscularCondition_Fibromyalgia=Son | GrandparentSkeletalMuscularCondition_Fibromyalgia=Grandparent
Personal and Family Health History	Personal and Family Health Hist		skeletalmuscular_fibromyalgiacurrently	radio	single_select	43530393	2				yes	Are you still seeing a doctor or health care provider for fibromyalgia?	FibromyalgiaCurrently_Yes=Yes | FibromyalgiaCurrently_No=No
Personal and Family Health History	Personal and Family Health Hist		skeletalmuscular_howoldwereyoufibromyalgia	radio	single_select	43530551	5				yes	About how old were you when you were first told you had fibromyalgia?	HowOldWereYouFibromyalgia_Child=Child (0-11) | HowOldWereYouFibromyalgia_Adolescent=Adolescent (12-17) | HowOldWereYouFibromyalgia_Adult=Adult (18-64) | HowOldWereYouFibromyalgia_OlderAdult=Older adult (65-74) | HowOldWereYouFibromyalgia_Elderly=Elderly (75+)
Personal and Family Health History	Personal and Family Health Hist		skeletalmuscular_rxmedsforfibromyalgia	radio	single_select	43528878	2				yes	Are you currently prescribed medications and/or receiving treatment for fibromyalgia?	RxMedsforFibromyalgia_Yes=Yes | RxMedsforFibromyalgia_No=No
Personal and Family Health History	Personal and Family Health Hist		skeletalmuscularcondition_fracturedbrokenbones_yes	checkbox	multi_select	1740679	7				yes	Including yourself, who in your family has had fractured/broken bones in the last five years? Select all that apply.	SkeletalMuscularConditions_FracturedBrokenBone=Self | motherskeletalmuscularcondition_fracturedbrokenbon=Mother | fatherskeletalmuscularcondition_fracturedbrokenbon=Father | siblingskeletalmuscularcondition_fracturedbrokenbo=Sibling | daughterskeletalmuscularcondition_fracturedbrokenb=Daughter | SonSkeletalMuscularCondition_FracturedBrokenBones=Son | grandparentskeletalmuscularcondition_fracturedbrok=Grandparent
Personal and Family Health History	Personal and Family Health Hist		skeletalmuscular_fracturedbrokenbonecurrently	radio	single_select	43530394	2				yes	Are you still seeing a doctor or health care provider for fractured/broken bones?	FracturedBrokenBoneCurrently_Yes=Yes | FracturedBrokenBoneCurrently_No=No
Personal and Family Health History	Personal and Family Health Hist		skeletalmuscular_howoldwereyoufracturedbrokenbone	radio	single_select	43530552	5				yes	About how old were you when you were first told you had fractured/broken bones?	HowOldWereYouFracturedBrokenBone_Child=Child (0-11) | HowOldWereYouFracturedBrokenBone_Adolescent=Adolescent (12-17) | HowOldWereYouFracturedBrokenBone_Adult=Adult (18-64) | HowOldWereYouFracturedBrokenBone_OlderAdult=Older adult (65-74) | HowOldWereYouFracturedBrokenBone_Elderly=Elderly (75+)
Personal and Family Health History	Personal and Family Health Hist		skeletalmuscular_rxmedsforfracturedbrokenbone	radio	single_select	43528879	2				yes	Are you currently prescribed medications and/or receiving treatment for fractured/broken bones?	RxMedsforFracturedBrokenBone_Yes=Yes | RxMedsforFracturedBrokenBone_No=No
Personal and Family Health History	Personal and Family Health Hist		skeletalmuscularcondition_gout_yes	checkbox	multi_select	836817	7				yes	Including yourself, who in your family has had gout? Select all that apply.	SkeletalMuscularConditions_Gout=Self | MotherSkeletalMuscularCondition_Gout=Mother | FatherSkeletalMuscularCondition_Gout=Father | SiblingSkeletalMuscularCondition_Gout=Sibling | DaughterSkeletalMuscularCondition_Gout=Daughter | SonSkeletalMuscularCondition_Gout=Son | GrandparentSkeletalMuscularCondition_Gout=Grandparent
Personal and Family Health History	Personal and Family Health Hist		skeletalmuscular_goutcurrently	radio	single_select	43530395	2				yes	Are you still seeing a doctor or health care provider for gout?	GoutCurrently_Yes=Yes | GoutCurrently_No=No
Personal and Family Health History	Personal and Family Health Hist		skeletalmuscular_howoldwereyougout	radio	single_select	43530553	5				yes	About how old were you when you were first told you had gout?	HowOldWereYouGout_Child=Child (0-11) | HowOldWereYouGout_Adolescent=Adolescent (12-17) | HowOldWereYouGout_Adult=Adult (18-64) | HowOldWereYouGout_OlderAdult=Older adult (65-74) | HowOldWereYouGout_Elderly=Elderly (75+)
Personal and Family Health History	Personal and Family Health Hist		skeletalmuscular_rxmedsforgout	radio	single_select	43528880	2				yes	Are you currently prescribed medications and/or receiving treatment for gout?	RxMedsforGout_Yes=Yes | RxMedsforGout_No=No
Personal and Family Health History	Personal and Family Health Hist		skeletalmuscularcondition_osteoarthritis_yes	checkbox	multi_select	836818	7				yes	Including yourself, who in your family has had osteoarthritis? Select all that apply.	SkeletalMuscularConditions_Osteoarthritis=Self | MotherSkeletalMuscularCondition_Osteoarthritis=Mother | FatherSkeletalMuscularCondition_Osteoarthritis=Father | SiblingSkeletalMuscularCondition_Osteoarthritis=Sibling | DaughterSkeletalMuscularCondition_Osteoarthritis=Daughter | SonSkeletalMuscularCondition_Osteoarthritis=Son | GrandparentSkeletalMuscularCondition_Osteoarthritis=Grandparent
Personal and Family Health History	Personal and Family Health Hist		skeletalmuscular_osteoarthritiscurrently	radio	single_select	1384617	2				yes	Are you still seeing a doctor or health care provider for osteoarthritis?	OsteoarthritisCurrently_Yes=Yes | OsteoarthritisCurrently_No=No
Personal and Family Health History	Personal and Family Health Hist		skeletalmuscular_howoldwereyouosteoarthritis	radio	single_select	1384611	5				yes	About how old were you when you were first told you had osteoarthritis?	HowOldWereYouOsteoarthritis_Child=Child (0-11) | HowOldWereYouOsteoarthritis_Adolescent=Adolescent (12-17) | HowOldWereYouOsteoarthritis_Adult=Adult (18-64) | HowOldWereYouOsteoarthritis_OlderAdult=Older adult (65-74) | HowOldWereYouOsteoarthritis_Elderly=Elderly (75+)
Personal and Family Health History	Personal and Family Health Hist		skeletalmuscular_rxmedsforosteoarthritis	radio	single_select	1384433	2				yes	Are you currently prescribed medications and/or receiving treatment for osteoarthritis?	RxMedsforOsteoarthritis_Yes=Yes | RxMedsforOsteoarthritis_No=No
Personal and Family Health History	Personal and Family Health Hist		skeletalmuscularcondition_osteoporosis_yes	checkbox	multi_select	836819	7				yes	Including yourself, who in your family has had osteoporosis? Select all that apply.	SkeletalMuscularConditions_Osteoporosis=Self | MotherSkeletalMuscularCondition_Osteoporosis=Mother | FatherSkeletalMuscularCondition_Osteoporosis=Father | SiblingSkeletalMuscularCondition_Osteoporosis=Sibling | DaughterSkeletalMuscularCondition_Osteoporosis=Daughter | SonSkeletalMuscularCondition_Osteoporosis=Son | GrandparentSkeletalMuscularCondition_Osteoporosis=Grandparent
Personal and Family Health History	Personal and Family Health Hist		skeletalmuscular_osteoporosiscurrently	radio	single_select	43530397	2				yes	Are you still seeing a doctor or health care provider for osteoporosis?	OsteoporosisCurrently_Yes=Yes | OsteoporosisCurrently_No=No
Personal and Family Health History	Personal and Family Health Hist		skeletalmuscular_howoldwereyouosteoporosis	radio	single_select	43530555	5				yes	About how old were you when you were first told you had osteoporosis?	HowOldWereYouOsteoporosis_Child=Child (0-11) | HowOldWereYouOsteoporosis_Adolescent=Adolescent (12-17) | HowOldWereYouOsteoporosis_Adult=Adult (18-64) | HowOldWereYouOsteoporosis_OlderAdult=Older adult (65-74) | HowOldWereYouOsteoporosis_Elderly=Elderly (75+)
Personal and Family Health History	Personal and Family Health Hist		skeletalmuscular_rxmedsforosteoporosis	radio	single_select	43528882	2				yes	Are you currently prescribed medications and/or receiving treatment for osteoporosis?	RxMedsforOsteoporosis_Yes=Yes | RxMedsforOsteoporosis_No=No
Personal and Family Health History	Personal and Family Health Hist		skeletalmuscularcondition_pseudogout_yes	checkbox	multi_select	836860	7				yes	Including yourself, who in your family has had pseudogout (CPPD)? Select all that apply.	SkeletalMuscularConditions_Pseudogout=Self | MotherSkeletalMuscularCondition_Pseudogout=Mother | FatherSkeletalMuscularCondition_Pseudogout=Father | SiblingSkeletalMuscularCondition_Pseudogout=Sibling | DaughterSkeletalMuscularCondition_Pseudogout=Daughter | SonSkeletalMuscularCondition_Pseudogout=Son | GrandparentSkeletalMuscularCondition_Pseudogout=Grandparent
Personal and Family Health History	Personal and Family Health Hist		skeletalmuscular_pseudogoutcurrently	radio	single_select	1384645	2				yes	Are you still seeing a doctor or health care provider for pseudogout (CPPD)?	PseudogoutCurrently_Yes=Yes | PseudogoutCurrently_No=No
Personal and Family Health History	Personal and Family Health Hist		skeletalmuscular_howoldwereyoupseudogout	radio	single_select	1384513	5				yes	About how old were you when you were first told you had pseudogout (CPPD)?	HowOldWereYouPseudogout_Child=Child (0-11) | HowOldWereYouPseudogout_Adolescent=Adolescent (12-17) | HowOldWereYouPseudogout_Adult=Adult (18-64) | HowOldWereYouPseudogout_OlderAdult=Older adult (65-74) | HowOldWereYouPseudogout_Elderly=Elderly (75+)
Personal and Family Health History	Personal and Family Health Hist		skeletalmuscular_rxmedsforpseudogout	radio	single_select	1384626	2				yes	Are you currently prescribed medications and/or receiving treatment for pseudogout (CPPD)?	RxMedsforPseudogout_Yes=Yes | RxMedsforPseudogout_No=No
Personal and Family Health History	Personal and Family Health Hist		skeletalmuscularcondition_rheumatoidarthritis_yes	checkbox	multi_select	836820	7				yes	Including yourself, who in your family has had rheumatoid arthritis (RA)? Select all that apply.	SkeletalMuscularConditions_RheumatoidArthritis=Self | MotherSkeletalMuscularCondition_RheumatoidArthritis=Mother | FatherSkeletalMuscularCondition_RheumatoidArthritis=Father | SiblingSkeletalMuscularCondition_RheumatoidArthritis=Sibling | DaughterSkeletalMuscularCondition_RheumatoidArthritis=Daughter | SonSkeletalMuscularCondition_RheumatoidArthritis=Son | GrandparentSkeletalMuscularCondition_RheumatoidArthritis=Grandparent
Personal and Family Health History	Personal and Family Health Hist		skeletalmuscular_rheumatoidarthritiscurrently	radio	single_select	1384593	2				yes	Are you still seeing a doctor or health care provider for rheumatoid arthritis (RA)?	RheumatoidArthritisCurrently_Yes=Yes | RheumatoidArthritistCurrently_No=No
Personal and Family Health History	Personal and Family Health Hist		skeletalmuscular_howoldwereyourheumatoidarthritis	radio	single_select	1384479	5				yes	About how old were you when you were first told you had rheumatoid arthritis (RA)?	HowOldWereYouRheumatoidArthritis_Child=Child (0-11) | HowOldWereYouRheumatoidArthritis_Adolescent=Adolescent (12-17) | HowOldWereYouRheumatoidArthritis_Adult=Adult (18-64) | HowOldWereYouRheumatoidArthritis_OlderAdult=Older adult (65-74) | HowOldWereYouRheumatoidArthritis_Elderly=Elderly (75+)
Personal and Family Health History	Personal and Family Health Hist		skeletalmuscular_rxmedsforrheumatoidarthritis	radio	single_select	1384540	2				yes	Are you currently prescribed medications and/or receiving treatment for rheumatoid arthritis (RA)?	RxMedsforRheumatoidArthritis_Yes=Yes | RxMedsforRheumatoidArthritis_No=No
Personal and Family Health History	Personal and Family Health Hist		skeletalmuscularcondition_spinemusclebone_yes	checkbox	multi_select	836821	7				yes	Including yourself, who in your family has had spine, muscle, or bone disorders (non-cancer)? Select all that apply.	SkeletalMuscularConditions_SpineMuscleBone=Self | MotherSkeletalMuscularCondition_SpineMuscleBone=Mother | FatherSkeletalMuscularCondition_SpineMuscleBone=Father | SiblingSkeletalMuscularCondition_SpineMuscleBone=Sibling | DaughterSkeletalMuscularCondition_SpineMuscleBone=Daughter | SonSkeletalMuscularCondition_SpineMuscleBone=Son | GrandparentSkeletalMuscularCondition_SpineMuscleBone=Grandparent
Personal and Family Health History	Personal and Family Health Hist		skeletalmuscular_spinemusclebonecurrently	radio	single_select	43530398	2				yes	Are you still seeing a doctor or health care provider for spine, muscle, or bone disorders (non-cancer)?	SpineMuscleBoneCurrently_Yes=Yes | SpineMuscleBoneCurrently_No=No
Personal and Family Health History	Personal and Family Health Hist		skeletalmuscular_howoldwereyouspinemusclebone	radio	single_select	43530556	5				yes	About how old were you when you were first told you had spine, muscle, or bone disorders (non-cancer)?	HowOldWereYouSpineMuscleBone_Child=Child (0-11) | HowOldWereYouSpineMuscleBone_Adolescent=Adolescent (12-17) | HowOldWereYouSpineMuscleBone_Adult=Adult (18-64) | HowOldWereYouSpineMuscleBone_OlderAdult=Older adult (65-74) | HowOldWereYouSpineMuscleBone_Elderly=Elderly (75+)
Personal and Family Health History	Personal and Family Health Hist		skeletalmuscular_rxmedsforspinemusclebone	radio	single_select	43528883	2				yes	Are you currently prescribed medications and/or receiving treatment for spine, muscle, or bone disorders (non-cancer)?	RxMedsforSpineMuscleBone_Yes=Yes | RxMedsforSpineMuscleBone_No=No
Personal and Family Health History	Personal and Family Health Hist		skeletalmuscularcondition_systemiclupus_yes	checkbox	multi_select	836822	7				yes	Including yourself, who in your family has had systemic lupus? Select all that apply.	SkeletalMuscularConditions_SystemicLupus=Self | MotherSkeletalMuscularCondition_SystemicLupus=Mother | FatherSkeletalMuscularCondition_SystemicLupus=Father | SiblingSkeletalMuscularCondition_SystemicLupus=Sibling | DaughterSkeletalMuscularCondition_SystemicLupus=Daughter | SonSkeletalMuscularCondition_SystemicLupus=Son | GrandparentSkeletalMuscularCondition_SystemicLupus=Grandparent
Personal and Family Health History	Personal and Family Health Hist		skeletalmuscular_lupuscurrently	radio	single_select	43530396	2				yes	Are you still seeing a doctor or health care provider for systemic lupus?	LupusCurrently_Yes=Yes | LupusCurrently_No=No
Personal and Family Health History	Personal and Family Health Hist		skeletalmuscular_howoldwereyoulupus	radio	single_select	43530554	5				yes	About how old were you when you were first told you had systemic lupus?	HowOldWereYouLupus_Child=Child (0-11) | HowOldWereYouLupus_Adolescent=Adolescent (12-17) | HowOldWereYouLupus_Adult=Adult (18-64) | HowOldWereYouLupus_OlderAdult=Older adult (65-74) | HowOldWereYouLupus_Elderly=Elderly (75+)
Personal and Family Health History	Personal and Family Health Hist		skeletalmuscular_rxmedsforlupus	radio	single_select	43528881	2				yes	Are you currently prescribed medications and/or receiving treatment for systemic lupus?	RxMedsforLupus_Yes=Yes | RxMedsforLupus_No=No
Personal and Family Health History	Personal and Family Health Hist		skeletalmuscularcondition_otherarthritis_yes	checkbox	multi_select	1740637	7				yes	Including yourself, who in your family has had other arthritis? Select all that apply.	SkeletalMuscularConditions_OtherArthritis=Self | MotherSkeletalMuscularCondition_OtherArthritis=Mother | FatherSkeletalMuscularCondition_OtherArthritis=Father | SiblingSkeletalMuscularCondition_OtherArthritis=Sibling | DaughterSkeletalMuscularCondition_OtherArthritis=Daughter | SonSkeletalMuscularCondition_OtherArthritis=Son | grandparentskeletalmuscularcondition_otherarthriti=Grandparent
Personal and Family Health History	Personal and Family Health Hist		otherarthritis_freetextbox	text	free_text		0				yes	Please specify the other arthritis you have had.	
Personal and Family Health History	Personal and Family Health Hist		otherarthritis_motherfreetextbox	text	free_text		0				yes	Please specify the other arthritis your mother has had.	
Personal and Family Health History	Personal and Family Health Hist		otherarthritis_fatherfreetextbox	text	free_text		0				yes	Please specify the other arthritis your father has had.	
Personal and Family Health History	Personal and Family Health Hist		otherarthritis_siblingfreetextbox	text	free_text		0				yes	Please specify the other arthritis your sibling(s) has had.	
Personal and Family Health History	Personal and Family Health Hist		otherarthritis_daughterfreetextbox	text	free_text		0				yes	Please specify the other arthritis your daughter(s) has had.	
Personal and Family Health History	Personal and Family Health Hist		otherarthritis_sonfreetextbox	text	free_text		0				yes	Please specify the other arthritis your son(s) has had.	
Personal and Family Health History	Personal and Family Health Hist		otherarthritis_grandparentfreetextbox	text	free_text		0				yes	Please specify the other arthritis your grandparent(s) has had.	
Personal and Family Health History	Personal and Family Health Hist		skeletalmuscular_otherarthritiscurrently	radio	single_select	1384576	2				yes	Are you still seeing a doctor or health care provider for other arthritis?	OtherArthritisCurrently_Yes=Yes | OtherArthritisCurrently_No=No
Personal and Family Health History	Personal and Family Health Hist		skeletalmuscular_howoldwereyouotherarthritis	radio	single_select	1384470	5				yes	About how old were you when you were first told you had other arthritis?	HowOldWereYouOtherArthritis_Child=Child (0-11) | HowOldWereYouOtherArthritis_Adolescent=Adolescent (12-17) | HowOldWereYouOtherArthritis_Adult=Adult (18-64) | HowOldWereYouOtherArthritis_OlderAdult=Older adult (65-74) | HowOldWereYouOtherArthritis_Elderly=Elderly (75+)
Personal and Family Health History	Personal and Family Health Hist		skeletalmuscular_rxmedsforotherarthritis	radio	single_select	1384478	2				yes	Are you currently prescribed medications and/or receiving treatment for other arthritis?	RxMedsforOtherArthritis_Yes=Yes | RxMedsforOtherArthritis_No=No
Personal and Family Health History	Personal and Family Health Hist		skeletalmuscularcondition_otherbonejointmuscle_yes	checkbox	multi_select	1740664	7				yes	Including yourself, who in your family has had other bone, joint, or muscle condition(s)? Select all that apply.	SkeletalMuscularConditions_OtherBoneJointMuscle=Self | motherskeletalmuscularcondition_otherbonejointmusc=Mother | fatherskeletalmuscularcondition_otherbonejointmusc=Father | siblingskeletalmuscularcondition_otherbonejointmus=Sibling | daughterskeletalmuscularcondition_otherbonejointmu=Daughter | SonSkeletalMuscularCondition_OtherBoneJointMuscle=Son | grandparentskeletalmuscularcondition_otherbonejoin=Grandparent
Personal and Family Health History	Personal and Family Health Hist		otherbonejointmuscle_freetextbox	text	free_text		0				yes	Please specify the other bone, joint, or muscle condition(s) you have had.	
Personal and Family Health History	Personal and Family Health Hist		otherbonejointmuscle_motherfreetextbox	text	free_text		0				yes	Please specify the other bone, joint, or muscle condition(s) your mother has had.	
Personal and Family Health History	Personal and Family Health Hist		otherbonejointmuscle_fatherfreetextbox	text	free_text		0				yes	Please specify the other bone, joint, or muscle condition(s) your father has had.	
Personal and Family Health History	Personal and Family Health Hist		otherbonejointmuscle_siblingfreetextbox	text	free_text		0				yes	Please specify the other bone, joint, or muscle condition(s) your sibling(s) has had.	
Personal and Family Health History	Personal and Family Health Hist		otherbonejointmuscle_daughterfreetextbox	text	free_text		0				yes	Please specify the other bone, joint, or muscle condition(s) your daughter(s) has had.	
Personal and Family Health History	Personal and Family Health Hist		otherbonejointmuscle_sonfreetextbox	text	free_text		0				yes	Please specify the other bone, joint, or muscle condition(s) your son(s) has had.	
Personal and Family Health History	Personal and Family Health Hist		otherbonejointmuscle_grandparentfreetextbox	text	free_text		0				yes	Please specify the other bone, joint, or muscle condition(s) your grandparent(s) has had.	
Personal and Family Health History	Personal and Family Health Hist		skeletalmuscular_otherbonejointmuscleconditioncurrently	radio	single_select	1384410	2				yes	Are you still seeing a doctor or health care provider for other bone, joint, or muscle condition(s)?	OtherBoneJointMuscleConditionCurrently_Yes=Yes | OtherBoneJointMuscleConditionCurrently_No=No
Personal and Family Health History	Personal and Family Health Hist		skeletalmuscular_howoldwereyouotherbonejointmusclecondition	radio	single_select	1384399	5				yes	About how old were you when you were first told you had other bone, joint, or muscle condition(s)?	HowOldWereYouOtherBoneJointMuscleCondition_Child=Child (0-11) | HowOldWereYouOtherBoneJointMuscleCondition_Adolescent=Adolescent (12-17) | HowOldWereYouOtherBoneJointMuscleCondition_Adult=Adult (18-64) | HowOldWereYouOtherBoneJointMuscleCondition_OlderAdult=Older adult (65-74) | HowOldWereYouOtherBoneJointMuscleCondition_Elderly=Elderly (75+)
Personal and Family Health History	Personal and Family Health Hist		skeletalmuscular_rxmedsforotherbonejointmusclecondition	radio	single_select	1384671	2				yes	Are you currently prescribed medications and/or receiving treatment for other bone, joint, or muscle condition(s)?	RxMedsforOtherBoneJointMuscleCondition_Yes=Yes | RxMedsforOtherBoneJointMuscleCondition_No=No
Personal and Family Health History	Personal and Family Health Hist		diagnosedhealthcondition_visioncondition	checkbox	multi_select	43529966	14				no	Have you or anyone in your family ever been diagnosed with the following hearing and eye conditions? Think only of the people you are related to by blood. Select all that apply.	VisionCondition_Blindness=Blindness, all causes | VisionCondition_Cataracts=Cataracts | VisionCondition_DryEyes=Dry eyes | VisionCondition_FarSightedness=Farsighted | VisionCondition_NearSightedness=Nearsighted | VisionCondition_Astigmatism=Astigmatism | VisionCondition_Glaucoma=Glaucoma | VisionCondition_MacularDegeneration=Macular degeneration | VisionCondition_HearingLoss=Severe hearing loss or partial deafness in one or both ears | VisionCondition_Tinnitus=Tinnitus | VisionCondition_OtherHearingEye=Other hearing or eye condition | PMI_None=None of the above | PMI_DontKnow=Don't know | PMI_PreferNotToAnswer=Prefer not to answer
Personal and Family Health History	Personal and Family Health Hist		visioncondition_blindness_yes	checkbox	multi_select	1740561	7				yes	Including yourself, who in your family has had blindness, all causes? Select all that apply.	HearingVisionConditions_Blindness=Self | MotherVisionCondition_Blindness=Mother | FatherVisionCondition_Blindness=Father | SiblingVisionCondition_Blindness=Sibling | DaughterVisionCondition_Blindness=Daughter | SonVisionCondition_Blindness=Son | GrandparentVisionCondition_Blindness=Grandparent
Personal and Family Health History	Personal and Family Health Hist		hearingvision_blindnesscurrently	radio	single_select	43530336	2				yes	Are you still seeing a doctor or health care provider for blindness, all causes?	BlindnessCurrently_Yes=Yes | BlindnessCurrently_No=No
Personal and Family Health History	Personal and Family Health Hist		hearingvision_howoldwereyoublindness	radio	single_select	43530493	5				yes	About how old were you when you were first told you had blindness, all causes?	HowOldWereYouBlindness_Child=Child (0-11) | HowOldWereYouBlindness_Adolescent=Adolescent (12-17) | HowOldWereYouBlindness_Adult=Adult (18-64) | HowOldWereYouBlindness_OlderAdult=Older adult (65-74) | HowOldWereYouBlindness_Elderly=Elderly (75+)
Personal and Family Health History	Personal and Family Health Hist		hearingvision_rxmedsforblindness	radio	single_select	43528821	2				yes	Are you currently prescribed medications and/or receiving treatment for blindness, all causes?	RxMedsforBlindness_Yes=Yes | RxMedsforBlindness_No=No
Personal and Family Health History	Personal and Family Health Hist		visioncondition_cataracts_yes	checkbox	multi_select	836823	7				yes	Including yourself, who in your family has had cataracts? Select all that apply.	HearingVisionConditions_Cataracts=Self | MotherVisionCondition_Cataracts=Mother | FatherVisionCondition_Cataracts=Father | SiblingVisionCondition_Cataracts=Sibling | DaughterVisionCondition_Cataracts=Daughter | SonVisionCondition_Cataracts=Son | GrandparentVisionCondition_Cataracts=Grandparent
Personal and Family Health History	Personal and Family Health Hist		hearingvision_cataractscurrently	radio	single_select	43530337	2				yes	Are you still seeing a doctor or health care provider for cataracts?	CataractsCurrently_Yes=Yes | CataractsCurrently_No=No
Personal and Family Health History	Personal and Family Health Hist		hearingvision_howoldwereyoucataracts	radio	single_select	43530494	5				yes	About how old were you when you were first told you had cataracts?	HowOldWereYouCataracts_Child=Child (0-11) | HowOldWereYouCataracts_Adolescent=Adolescent (12-17) | HowOldWereYouCataracts_Adult=Adult (18-64) | HowOldWereYouCataracts_OlderAdult=Older adult (65-74) | HowOldWereYouCataracts_Elderly=Elderly (75+)
Personal and Family Health History	Personal and Family Health Hist		hearingvision_rxmedsforcataracts	radio	single_select	43528822	2				yes	Are you currently prescribed medications and/or receiving treatment for cataracts?	RxMedsforCataracts_Yes=Yes | RxMedsforCataracts_No=No
Personal and Family Health History	Personal and Family Health Hist		visioncondition_dryeyes_yes	checkbox	multi_select	1740645	7				yes	Including yourself, who in your family has had dry eyes? Select all that apply.	HearingVisionConditions_DryEyes=Self | MotherVisionCondition_DryEyes=Mother | FatherVisionCondition_DryEyes=Father | SiblingVisionCondition_DryEyes=Sibling | DaughterVisionCondition_DryEyes=Daughter | SonVisionCondition_DryEyes=Son | GrandparentVisionCondition_DryEyes=Grandparent
Personal and Family Health History	Personal and Family Health Hist		hearingvision_dryeyescurrently	radio	single_select	43530338	2				yes	Are you still seeing a doctor or health care provider for dry eyes?	DryEyesCurrently_Yes=Yes | DryEyesCurrently_No=No
Personal and Family Health History	Personal and Family Health Hist		hearingvision_howoldwereyoudryeyes	radio	single_select	43530495	5				yes	About how old were you when you were first told you had dry eyes?	HowOldWereYouDryEyes_Child=Child (0-11) | HowOldWereYouDryEyes_Adolescent=Adolescent (12-17) | HowOldWereYouDryEyes_Adult=Adult (18-64) | HowOldWereYouDryEyes_OlderAdult=Older adult (65-74) | HowOldWereYouDryEyes_Elderly=Elderly (75+)
Personal and Family Health History	Personal and Family Health Hist		hearingvision_rxmedsfordryeyes	radio	single_select	43528823	2				yes	Are you currently prescribed medications and/or receiving treatment for dry eyes?	RxMedsforDryEyes_Yes=Yes | RxMedsforDryEyes_No=No
Personal and Family Health History	Personal and Family Health Hist		visioncondition_farsightedness_yes	checkbox	multi_select	1740583	7				yes	Including yourself, who in your family has had farsightedness? Select all that apply.	HearingVisionConditions_FarSightedness=Self | MotherVisionCondition_Farsightedness=Mother | FatherVisionCondition_Farsightedness=Father | SiblingVisionCondition_Farsightedness=Sibling | DaughterVisionCondition_Farsightedness=Daughter | SonVisionCondition_Farsightedness=Son | GrandparentVisionCondition_Farsightedness=Grandparent
Personal and Family Health History	Personal and Family Health Hist		hearingvision_farsightednesscurrently	radio	single_select	43530339	2				yes	Are you still seeing a doctor or health care provider for farsightedness?	FarSightednessCurrently_Yes=Yes | FarSightednessCurrently_No=No
Personal and Family Health History	Personal and Family Health Hist		hearingvision_howoldwereyoufarsightedness	radio	single_select	43530496	5				yes	About how old were you when you were first told you had farsightedness?	HowOldWereYouFarSightedness_Child=Child (0-11) | HowOldWereYouFarSightedness_Adolescent=Adolescent (12-17) | HowOldWereYouFarSightedness_Adult=Adult (18-64) | HowOldWereYouFarSightedness_OlderAdult=Older adult (65-74) | HowOldWereYouFarSightedness_Elderly=Elderly (75+)
Personal and Family Health History	Personal and Family Health Hist		hearingvision_rxmedsforfarsightedness	radio	single_select	43528824	2				yes	Are you currently prescribed medications and/or receiving treatment for farsightedness?	RxMedsforFarSightedness_Yes=Yes | RxMedsforFarSightedness_No=No
Personal and Family Health History	Personal and Family Health Hist		visioncondition_nearsightedness_yes	checkbox	multi_select	1740644	7				yes	Including yourself, who in your family has had nearsightedness? Select all that apply.	HearingVisionConditions_NearSightedness=Self | MotherVisionCondition_Nearsightedness=Mother | FatherVisionCondition_Nearsightedness=Father | SiblingVisionCondition_Nearsightedness=Sibling | DaughterVisionCondition_Nearsightedness=Daughter | SonVisionCondition_Nearsightedness=Son | GrandparentVisionCondition_Nearsightedness=Grandparent
Personal and Family Health History	Personal and Family Health Hist		hearingvision_nearsightednesscurrently	radio	single_select	43530343	2				yes	Are you still seeing a doctor or health care provider for nearsightedness?	NearSightednessCurrently_Yes=Yes | NearSightednessCurrently_No=No
Personal and Family Health History	Personal and Family Health Hist		hearingvision_howoldwereyounearsightedness	radio	single_select	43530500	5				yes	About how old were you when you were first told you had nearsightedness?	HowOldWereYouNearSightedness_Child=Child (0-11) | HowOldWereYouNearSightedness_Adolescent=Adolescent (12-17) | HowOldWereYouNearSightedness_Adult=Adult (18-64) | HowOldWereYouNearSightedness_OlderAdult=Older adult (65-74) | HowOldWereYouNearSightedness_Elderly=Elderly (75+)
Personal and Family Health History	Personal and Family Health Hist		hearingvision_rxmedsfornearsightedness	radio	single_select	43528828	2				yes	Are you currently prescribed medications and/or receiving treatment for nearsightedness?	RxMedsforNearSightedness_Yes=Yes | RxMedsforNearSightedness_No=No
Personal and Family Health History	Personal and Family Health Hist		visioncondition_astigmatism_yes	checkbox	multi_select	1740675	7				yes	Including yourself, who in your family has had astigmatism? Select all that apply.	HearingVisionConditions_Astigmatism=Self | MotherVisionCondition_Astigmatism=Mother | FatherVisionCondition_Astigmatism=Father | SiblingVisionCondition_Astigmatism=Sibling | DaughterVisionCondition_Astigmatism=Daughter | SonVisionCondition_Astigmatism=Son | GrandparentVisionCondition_Astigmatism=Grandparent
Personal and Family Health History	Personal and Family Health Hist		hearingvision_astigmatismcurrently	radio	single_select	1384570	2				yes	Are you still seeing a doctor or health care provider for astigmatism?	AstigmatismCurrently_Yes=Yes | AstigmatismCurrently_No=No
Personal and Family Health History	Personal and Family Health Hist		hearingvision_howoldwereyouastigmatism	radio	single_select	1384554	5				yes	About how old were you when you were first told you had astigmatism?	HowOldWereYouAstigmatism_Child=Child (0-11) | HowOldWereYouAstigmatism_Adolescent=Adolescent (12-17) | HowOldWereYouAstigmatism_Adult=Adult (18-64) | HowOldWereYouAstigmatism_OlderAdult=Older adult (65-74) | HowOldWereYouAstigmatism_Elderly=Elderly (75+)
Personal and Family Health History	Personal and Family Health Hist		hearingvision_rxmedsforastigmatism	radio	single_select	1384388	2				yes	Are you currently prescribed medications and/or receiving treatment for astigmatism?	RxMedsforAstigmatism_Yes=Yes | RxMedsforAstigmatism_No=No
Personal and Family Health History	Personal and Family Health Hist		visioncondition_glaucoma_yes	checkbox	multi_select	836824	7				yes	Including yourself, who in your family has had glaucoma? Select all that apply.	HearingVisionConditions_Glaucoma=Self | MotherVisionCondition_Glaucoma=Mother | FatherVisionCondition_Glaucoma=Father | SiblingVisionCondition_Glaucoma=Sibling | DaughterVisionCondition_Glaucoma=Daughter | SonVisionCondition_Glaucoma=Son | GrandparentVisionCondition_Glaucoma=Grandparent
Personal and Family Health History	Personal and Family Health Hist		hearingvision_glaucomacurrently	radio	single_select	43530340	2				yes	Are you still seeing a doctor or health care provider for glaucoma?	GlaucomaCurrently_Yes=Yes | GlaucomaCurrently_No=No
Personal and Family Health History	Personal and Family Health Hist		hearingvision_howoldwereyouglaucoma	radio	single_select	43530497	5				yes	About how old were you when you were first told you had glaucoma?	HowOldWereYouGlaucoma_Child=Child (0-11) | HowOldWereYouGlaucoma_Adolescent=Adolescent (12-17) | HowOldWereYouGlaucoma_Adult=Adult (18-64) | HowOldWereYouGlaucoma_OlderAdult=Older adult (65-74) | HowOldWereYouGlaucoma_Elderly=Elderly (75+)
Personal and Family Health History	Personal and Family Health Hist		hearingvision_rxmedsforglaucoma	radio	single_select	43528825	2				yes	Are you currently prescribed medications and/or receiving treatment for glaucoma?	RxMedsforGlaucoma_Yes=Yes | RxMedsforGlaucoma_No=No
Personal and Family Health History	Personal and Family Health Hist		visioncondition_maculardegeneration_yes	checkbox	multi_select	836826	7				yes	Including yourself, who in your family has had macular degeneration? Select all that apply.	HearingVisionConditions_MacularDegeneration=Self | MotherVisionCondition_MacularDegeneration=Mother | FatherVisionCondition_MacularDegeneration=Father | SiblingVisionCondition_MacularDegeneration=Sibling | DaughterVisionCondition_MacularDegeneration=Daughter | SonVisionCondition_MacularDegeneration=Son | GrandparentVisionCondition_MacularDegeneration=Grandparent
Personal and Family Health History	Personal and Family Health Hist		hearingvision_maculardegenerationcurrently	radio	single_select	43530342	2				yes	Are you still seeing a doctor or health care provider for macular degeneration?	MacularDegenerationCurrently_Yes=Yes | MacularDegenerationCurrently_No=No
Personal and Family Health History	Personal and Family Health Hist		hearingvision_howoldwereyoumaculardegeneration	radio	single_select	43530499	5				yes	About how old were you when you were first told you had macular degeneration?	HowOldWereYouMacularDegeneration_Child=Child (0-11) | HowOldWereYouMacularDegeneration_Adolescent=Adolescent (12-17) | HowOldWereYouMacularDegeneration_Adult=Adult (18-64) | HowOldWereYouMacularDegeneration_OlderAdult=Older adult (65-74) | HowOldWereYouMacularDegeneration_Elderly=Elderly (75+)
Personal and Family Health History	Personal and Family Health Hist		hearingvision_rxmedsformaculardegeneration	radio	single_select	43528827	2				yes	Are you currently prescribed medications and/or receiving treatment for macular degeneration?	RxMedsforMacularDegeneration_Yes=Yes | RxMedsforMacularDegeneration_No=No
Personal and Family Health History	Personal and Family Health Hist		visioncondition_hearingloss_yes	checkbox	multi_select	836825	7				yes	Including yourself, who in your family has had severe hearing loss or partial deafness in one or both ears? Select all that apply.	HearingVisionConditions_HearingLoss=Self | MotherVisionCondition_HearingLoss=Mother | FatherVisionCondition_HearingLoss=Father | SiblingVisionCondition_HearingLoss=Sibling | DaughterVisionCondition_HearingLoss=Daughter | SonVisionCondition_HearingLoss=Son | GrandparentVisionCondition_HearingLoss=Grandparent
Personal and Family Health History	Personal and Family Health Hist		hearingvision_hearinglosscurrently	radio	single_select	43530341	2				yes	Are you still seeing a doctor or health care provider for severe hearing loss or partial deafness in one or both ears?	HearingLossCurrently_Yes=Yes | HearingLossCurrently_No=No
Personal and Family Health History	Personal and Family Health Hist		hearingvision_howoldwereyouhearingloss	radio	single_select	43530498	5				yes	About how old were you when you were first told you had severe hearing loss or partial deafness in one or both ears?	HowOldWereYouHearingLoss_Child=Child (0-11) | HowOldWereYouHearingLoss_Adolescent=Adolescent (12-17) | HowOldWereYouHearingLoss_Adult=Adult (18-64) | HowOldWereYouHearingLoss_OlderAdult=Older adult (65-74) | HowOldWereYouHearingLoss_Elderly=Elderly (75+)
Personal and Family Health History	Personal and Family Health Hist		hearingvision_rxmedsforhearingloss	radio	single_select	43528826	2				yes	Are you currently prescribed medications and/or receiving treatment for severe hearing loss or partial deafness in one or both ears?	RxMedsforNearHearingLoss_Yes=Yes | RxMedsforHearingLoss_No=No
Personal and Family Health History	Personal and Family Health Hist		visioncondition_tinnitus_yes	checkbox	multi_select	1740572	7				yes	Including yourself, who in your family has had tinnitus? Select all that apply.	HearingVisionConditions_Tinnitus=Self | MotherVisionCondition_Tinnitus=Mother | FatherVisionCondition_Tinnitus=Father | SiblingVisionCondition_Tinnitus=Sibling | DaughterVisionCondition_Tinnitus=Daughter | SonVisionCondition_Tinnitus=Son | GrandparentVisionCondition_Tinnitus=Grandparent
Personal and Family Health History	Personal and Family Health Hist		hearingvision_tinnituscurrently	radio	single_select	43530344	2				yes	Are you still seeing a doctor or health care provider for tinnitus?	TinnitusCurrently_Yes=Yes | TinnitusCurrently_No=No
Personal and Family Health History	Personal and Family Health Hist		hearingvision_howoldwereyoutinnitus	radio	single_select	43530501	5				yes	About how old were you when you were first told you had tinnitus?	HowOldWereYouTinnitus_Child=Child (0-11) | HowOldWereYouTinnitus_Adolescent=Adolescent (12-17) | HowOldWereYouTinnitus_Adult=Adult (18-64) | HowOldWereYouTinnitus_OlderAdult=Older adult (65-74) | HowOldWereYouTinnitus_Elderly=Elderly (75+)
Personal and Family Health History	Personal and Family Health Hist		hearingvision_rxmedsfortinnitus	radio	single_select	43528829	2				yes	Are you currently prescribed medications and/or receiving treatment for tinnitus?	RxMedsforNearTinnitus_Yes=Yes | RxMedsforTinnitus_No=No
Personal and Family Health History	Personal and Family Health Hist		visioncondition_otherhearingeyecondition_yes	checkbox	multi_select	1740636	7				yes	Including yourself, who in your family has had other hearing or eye condition(s)? Select all that apply.	HearingVisionConditions_OtherHearingEye=Self | MotherVisionCondition_OtherHearingEyeCondition=Mother | FatherVisionCondition_OtherHearingEyeCondition=Father | SiblingVisionCondition_OtherHearingEyeCondition=Sibling | DaughterVisionCondition_OtherHearingEyeCondition=Daughter | SonVisionCondition_OtherHearingEyeCondition=Son | grandparentvisioncondition_otherhearingeyeconditio=Grandparent
Personal and Family Health History	Personal and Family Health Hist		otherhearingeye_freetextbox	text	free_text		0				yes	Please specify the other hearing or eye condition(s) you have had.	
Personal and Family Health History	Personal and Family Health Hist		otherhearingeye_motherfreetextbox	text	free_text		0				yes	Please specify the other hearing or eye condition(s) your mother has had.	
Personal and Family Health History	Personal and Family Health Hist		otherhearingeye_fatherfreetextbox	text	free_text		0				yes	Please specify the other hearing or eye condition(s) your father has had.	
Personal and Family Health History	Personal and Family Health Hist		otherhearingeye_siblingfreetextbox	text	free_text		0				yes	Please specify the other hearing or eye condition(s) your sibling(s) has had.	
Personal and Family Health History	Personal and Family Health Hist		otherhearingeye_daughterfreetextbox	text	free_text		0				yes	Please specify the other hearing or eye condition(s) your daughter(s) has had.	
Personal and Family Health History	Personal and Family Health Hist		otherhearingeye_sonfreetextbox	text	free_text		0				yes	Please specify the other hearing or eye condition(s) your son(s) has had.	
Personal and Family Health History	Personal and Family Health Hist		otherhearingeye_grandparentfreetextbox	text	free_text		0				yes	Please specify the other hearing or eye condition(s) your grandparent(s) has had.	
Personal and Family Health History	Personal and Family Health Hist		hearingvision_otherhearingeyeconditioncurrently	radio	single_select	1384556	2				yes	Are you still seeing a doctor or health care provider for other hearing or eye condition(s)?	OtherHearingEyeConditionCurrently_Yes=Yes | OtherHearingEyeConditionCurrently_No=No
Personal and Family Health History	Personal and Family Health Hist		hearingvision_howoldwereyouotherhearingeyecondition	radio	single_select	1384667	5				yes	About how old were you when you were first told you had other hearing or eye condition(s)?	HowOldWereYouOtherHearingEyeCondition_Child=Child (0-11) | HowOldWereYouOtherHearingEyeCondition_Adolescent=Adolescent (12-17) | HowOldWereYouOtherHearingEyeCondition_Adult=Adult (18-64) | HowOldWereYouOtherHearingEyeCondition_OlderAdult=Older adult (65-74) | HowOldWereYouOtherHearingEyeCondition_Elderly=Elderly (75+)
Personal and Family Health History	Personal and Family Health Hist		hearingvision_rxmedsforotherhearingeyecondition	radio	single_select	1384663	2				yes	Are you currently prescribed medications and/or receiving treatment for other hearing or eye condition(s)?	RxMedsforNearOtherHearingEyeCondition_Yes=Yes | RxMedsforOtherHearingEyeCondition_No=No
Personal and Family Health History	Personal and Family Health Hist		diagnosedhealthcondition_othercondition	checkbox	multi_select	836841	15				no	Have you or anyone in your family ever been diagnosed with the following conditions? Think only of the people you are related to by blood. Select all that apply.	OtherHealthCondition_Acne=Acne | DiagnosedHealthCondition_Allergies=Allergies | OtherHealthCondition_Endometriosis=Endometriosis | OtherHealthCondition_EnlargedProstate=Enlarged prostate | OtherHealthCondition_Fibroids=Fibroids | DiagnosedHealthCondition_Obesity=Obesity | OtherHealthCondition_PolycysticOvarianSyndrome=Polycystic ovarian syndrome | OtherHealthCondition_ReactionsToAnesthesia=Reactions to anesthesia (such as hyperthermia) | DiagnosedHealthCondition_SkinCondition=Skin condition (e.g., eczema, psoriasis) | OtherHealthCondition_VitaminBDeficiency=Vitamin B deficiency | OtherHealthCondition_VitaminDDeficiency=Vitamin D deficiency | Otherhealthcondition_othercondition=Other condition | PMI_None=None of the above | PMI_DontKnow=Don't know | PMI_PreferNotToAnswer=Prefer not to answer
Personal and Family Health History	Personal and Family Health Hist		diagnosedhealthcondition_acne_yes	checkbox	multi_select	1740608	7				yes	Including yourself, who in your family has had acne? Select all that apply.	OtherConditions_Acne=Self | MotherOtherHealthCondition_Acne=Mother | FatherOtherHealthCondition_Acne=Father | SiblingOtherHealthCondition_Acne=Sibling | DaughterOtherHealthCondition_Acne=Daughter | SonOtherHealthCondition_Acne=Son | GrandparentOtherHealthCondition_Acne=Grandparent
Personal and Family Health History	Personal and Family Health Hist		other_acnecurrently	radio	single_select	43530381	2				yes	Are you still seeing a doctor or health care provider for acne?	AcneCurrently_Yes=Yes | AcneCurrently_No=No
Personal and Family Health History	Personal and Family Health Hist		other_howoldwereyouacne	radio	single_select	43530539	5				yes	About how old were you when you were first told you had acne?	HowOldWereYouAcne_Child=Child (0-11) | HowOldWereYouAcne_Adolescent=Adolescent (12-17) | HowOldWereYouAcne_Adult=Adult (18-64) | HowOldWereYouAcne_OlderAdult=Older adult (65-74) | HowOldWereYouAcne_Elderly=Elderly (75+)
Personal and Family Health History	Personal and Family Health Hist		other_rxmedsforacne	radio	single_select	43528866	2				yes	Are you currently prescribed medications and/or receiving treatment for acne?	RxMedsforAcne_Yes=Yes | RxMedsforAcne_No=No
Personal and Family Health History	Personal and Family Health Hist		diagnosedhealthcondition_allergies_yes	checkbox	multi_select	836791	7				yes	Including yourself, who in your family has had allergies? Select all that apply.	OtherConditions_Allergies=Self | MotherOtherHealthCondition_Allergies=Mother | FatherOtherHealthCondition_Allergies=Father | SiblingOtherHealthCondition_Allergies=Sibling | DaughterOtherHealthCondition_Allergies=Daughter | SonOtherHealthCondition_Allergies=Son | GrandparentOtherHealthCondition_Allergies=Grandparent
Personal and Family Health History	Personal and Family Health Hist		other_allergiescurrently	radio	single_select	43530382	2				yes	Are you still seeing a doctor or health care provider for allergies?	AllergiesCurrently_Yes=Yes | AllergiesCurrently_No=No
Personal and Family Health History	Personal and Family Health Hist		other_howoldwereyouallergies	radio	single_select	43530540	5				yes	About how old were you when you were first told you had allergies?	HowOldWereYouAllergies_Child=Child (0-11) | HowOldWereYouAllergies_Adolescent=Adolescent (12-17) | HowOldWereYouAllergies_Adult=Adult (18-64) | HowOldWereYouAllergies_OlderAdult=Older adult (65-74) | HowOldWereYouAllergies_Elderly=Elderly (75+)
Personal and Family Health History	Personal and Family Health Hist		other_rxmedsforallergies	radio	single_select	43528867	2				yes	Are you currently prescribed medications and/or receiving treatment for allergies?	RxMedsforAllergies_Yes=Yes | RxMedsforAllergies_No=No
Personal and Family Health History	Personal and Family Health Hist		otherhealthcondition_endometriosis_yes	checkbox	multi_select	836854	5				yes	Including yourself, who in your family has had endometriosis? Select all that apply.	OtherConditions_Endometriosis=Self | MotherOtherHealthCondition_Endometriosis=Mother | SiblingOtherHealthCondition_Endometriosis=Sibling | DaughterOtherHealthCondition_Endometriosis=Daughter | GrandparentOtherHealthCondition_Endometriosis=Grandparent
Personal and Family Health History	Personal and Family Health Hist		other_endometriosiscurrently	radio	single_select	1384474	2				yes	Are you still seeing a doctor or health care provider for endometriosis?	EndometriosisCurrently_Yes=Yes | EndometriosisCurrently_No=No
Personal and Family Health History	Personal and Family Health Hist		other_howoldwereyouendometriosis	radio	single_select	1384636	5				yes	About how old were you when you were first told you had endometriosis?	HowOldWereYouEndometriosis_Child=Child (0-11) | HowOldWereYouEndometriosis_Adolescent=Adolescent (12-17) | HowOldWereYouEndometriosis_Adult=Adult (18-64) | HowOldWereYouEndometriosis_OlderAdult=Older adult (65-74) | HowOldWereYouEndometriosis_Elderly=Elderly (75+)
Personal and Family Health History	Personal and Family Health Hist		other_rxmedsforendometriosis	radio	single_select	1384624	2				yes	Are you currently prescribed medications and/or receiving treatment for endometriosis?	RxMedsforEndometriosis_Yes=Yes | RxMedsforEndometriosis_No=No
Personal and Family Health History	Personal and Family Health Hist		otherhealthcondition_enlargedprostate_yes	checkbox	multi_select	1740629	5				yes	Including yourself, who in your family has had an enlarged prostate? Select all that apply.	OtherConditions_EnlargedProstate=Self | FatherOtherHealthCondition_EnlargedProstate=Father | SiblingOtherHealthCondition_EnlargedProstate=Sibling | SonOtherHealthCondition_EnlargedProstate=Son | GrandparentOtherHealthCondition_EnlargedProstate=Grandparent
Personal and Family Health History	Personal and Family Health Hist		other_enlargedprostatecurrently	radio	single_select	43530383	2				yes	Are you still seeing a doctor or health care provider for an enlarged prostate?	EnlargedProstateCurrently_Yes=Yes | EnlargedProstateCurrently_No=No
Personal and Family Health History	Personal and Family Health Hist		other_howoldwereyouenlargedprostate	radio	single_select	43530541	5				yes	About how old were you when you were first told you had an enlarged prostate?	HowOldWereYouEnlargedProstate_Child=Child (0-11) | HowOldWereYouEnlargedProstate_Adolescent=Adolescent (12-17) | HowOldWereYouEnlargedProstate_Adult=Adult (18-64) | HowOldWereYouEnlargedProstate_OlderAdult=Older adult (65-74) | HowOldWereYouEnlargedProstate_Elderly=Elderly (75+)
Personal and Family Health History	Personal and Family Health Hist		other_rxmedsforenlargedprostate	radio	single_select	43528868	2				yes	Are you currently prescribed medications and/or receiving treatment for an enlarged prostate?	RxMedsforEnlargedProstate_Yes=Yes | RxMedsforEnlargedProstate_No=No
Personal and Family Health History	Personal and Family Health Hist		otherhealthcondition_fibroids_yes	checkbox	multi_select	836855	5				yes	Including yourself, who in your family has had fibroids? Select all that apply.	OtherConditions_Fibroids=Self | MotherOtherHealthCondition_Fibroids=Mother | SiblingOtherHealthCondition_Fibroids=Sibling | DaughterOtherHealthCondition_Fibroids=Daughter | GrandparentOtherHealthCondition_Fibroids=Grandparent
Personal and Family Health History	Personal and Family Health Hist		other_fibroidscurrently	radio	single_select	1384605	2				yes	Are you still seeing a doctor or health care provider for fibroids?	FibroidsCurrently_Yes=Yes | FibroidsCurrently_No=No
Personal and Family Health History	Personal and Family Health Hist		other_howoldwereyoufibroids	radio	single_select	1384542	5				yes	About how old were you when you were first told you had fibroids?	HowOldWereYouFibroids_Child=Child (0-11) | HowOldWereYouFibroids_Adolescent=Adolescent (12-17) | HowOldWereYouFibroids_Adult=Adult (18-64) | HowOldWereYouFibroids_OlderAdult=Older adult (65-74) | HowOldWereYouFibroids_Elderly=Elderly (75+)
Personal and Family Health History	Personal and Family Health Hist		other_rxmedsforfibroids	radio	single_select	1384668	2				yes	Are you currently prescribed medications and/or receiving treatment for fibroids?	RxMedsforFibroids_Yes=Yes | RxMedsforFibroids_No=No
Personal and Family Health History	Personal and Family Health Hist		otherhealthcondition_obesity_yes	checkbox	multi_select	1740668	7				yes	Including yourself, who in your family has had obesity? Select all that apply.	OtherConditions_Obesity=Self | MotherOtherHealthCondition_Obesity=Mother | FatherOtherHealthCondition_Obesity=Father | SiblingOtherHealthCondition_Obesity=Sibling | DaughterOtherHealthCondition_Obesity=Daughter | SonOtherHealthCondition_Obesity=Son | GrandparentOtherHealthCondition_Obesity=Grandparent
Personal and Family Health History	Personal and Family Health Hist		other_obesitycurrently	radio	single_select	43530384	2				yes	Are you still seeing a doctor or health care provider for obesity?	ObesityCurrently_Yes=Yes | ObesityCurrently_No=No
Personal and Family Health History	Personal and Family Health Hist		other_howoldwereyouobesity	radio	single_select	43530542	5				yes	About how old were you when you were first told you had obesity?	HowOldWereYouObesity_Child=Child (0-11) | HowOldWereYouObesity_Adolescent=Adolescent (12-17) | HowOldWereYouObesity_Adult=Adult (18-64) | HowOldWereYouObesity_OlderAdult=Older adult (65-74) | HowOldWereYouObesity_Elderly=Elderly (75+)
Personal and Family Health History	Personal and Family Health Hist		other_rxmedsforobesity	radio	single_select	43528869	2				yes	Are you currently prescribed medications and/or receiving treatment for obesity?	RxMedsforObesity_Yes=Yes | RxMedsforObesity_No=No
Personal and Family Health History	Personal and Family Health Hist		otherhealthcondition_polycysticovariansyndrome_yes	checkbox	multi_select	836814	5				yes	Including yourself, who in your family has had polycystic ovarian syndrome? Select all that apply.	OtherConditions_PCOS=Self | MotherOtherHealthCondition_PolycysticOvarianSyndrome=Mother | SiblingOtherHealthCondition_PolycysticOvarianSyndrome=Sibling | DaughterOtherHealthCondition_PolycysticOvarianSyndrome=Daughter | GrandparentOtherHealthCondition_PolycysticOvarianSyndrome=Grandparent
Personal and Family Health History	Personal and Family Health Hist		other_pcoscurrently	radio	single_select	1384501	2				yes	Are you still seeing a doctor or health care provider for polycystic ovarian syndrome?	PCOSCurrently_Yes=Yes | PCOSCurrently_No=No
Personal and Family Health History	Personal and Family Health Hist		other_howoldwereyoupcos	radio	single_select	1384509	5				yes	About how old were you when you were first told you had polycystic ovarian syndrome?	HowOldWereYouPCOS_Child=Child (0-11) | HowOldWereYouPCOS_Adolescent=Adolescent (12-17) | HowOldWereYouPCOS_Adult=Adult (18-64) | HowOldWereYouPCOS_OlderAdult=Older adult (65-74) | HowOldWereYouPCOS_Elderly=Elderly (75+)
Personal and Family Health History	Personal and Family Health Hist		other_rxmedsforpcos	radio	single_select	1384507	2				yes	Are you currently prescribed medications and/or receiving treatment for polycystic ovarian syndrome?	RxMedsforPCOS_Yes=Yes | RxMedsforPCOS_No=No
Personal and Family Health History	Personal and Family Health Hist		otherhealthcondition_reactionstoanesthesia_yes	checkbox	multi_select	836857	7				yes	Including yourself, who in your family has had reactions to anesthesia (such as hyperthermia)? Select all that apply.	OtherConditions_ReactionsAnesthesia=Self | MotherOtherHealthCondition_ReactionToAnesthesia=Mother | FatherOtherHealthCondition_ReactionsToAnesthesia=Father | SiblingOtherHealthCondition_ReactionsToAnesthesia=Sibling | DaughterOtherHealthCondition_ReactionsToAnesthesia=Daughter | SonOtherHealthCondition_ReactionsToAnesthesia=Son | GrandparentOtherHealthCondition_ReactionsToAnesthesia=Grandparent
Personal and Family Health History	Personal and Family Health Hist		other_reactionsanesthesiacurrently	radio	single_select	1384530	2				yes	Are you still seeing a doctor or health care provider for reactions to anesthesia (such as hyperthermia)?	ReactionsAnesthesiaCurrently_Yes=Yes | ReactionsAnesthesiaCurrently_No=No
Personal and Family Health History	Personal and Family Health Hist		other_howoldwereyoureactionsanesthesia	radio	single_select	1384569	5				yes	About how old were you when you were first told you had reactions to anesthesia (such as hyperthermia)?	HowOldWereYouReactionsAnesthesia_Child=Child (0-11) | HowOldWereYouReactionsAnesthesia_Adolescent=Adolescent (12-17) | HowOldWereYouReactionsAnesthesia_Adult=Adult (18-64) | HowOldWereYouReactionsAnesthesia_OlderAdult=Older adult (65-74) | HowOldWereYouReactionsAnesthesia_Elderly=Elderly (75+)
Personal and Family Health History	Personal and Family Health Hist		other_rxmedsforreactionsanesthesia	radio	single_select	1384572	2				yes	Are you currently prescribed medications and/or receiving treatment for reactions to anesthesia (such as hyperthermia)?	RxMedsforReactionsAnesthesia_Yes=Yes | RxMedsforReactionsAnesthesia_No=No
Personal and Family Health History	Personal and Family Health Hist		diagnosedhealthcondition_skincondition_yes	checkbox	multi_select	836842	7				yes	Including yourself, who in your family has had skin condition(s) (e.g., eczema, psoriasis)? Select all that apply.	OtherConditions_SkinCondition=Self | MotherOtherHealthCondition_SkinCondition=Mother | FatherOtherHealthCondition_SkinCondition=Father | SiblingOtherHealthCondition_SkinCondition=Sibling | DaughterOtherHealthCondition_SkinCondition=Daughter | SonOtherHealthCondition_SkinCondition=Son | GrandparentOtherHealthCondition_SkinCondition=Grandparent
Personal and Family Health History	Personal and Family Health Hist		other_skinconditioncurrently	radio	single_select	43530385	2				yes	Are you still seeing a doctor or health care provider for skin condition(s) (e.g., eczema, psoriasis)?	SkinConditionCurrently_Yes=Yes | SkinConditionCurrently_No=No
Personal and Family Health History	Personal and Family Health Hist		other_howoldwereyouskincondition	radio	single_select	43530543	5				yes	About how old were you when you were first told you had a skin condition(s) (e.g., eczema, psoriasis)?	HowOldWereYouSkinCondition_Child=Child (0-11) | HowOldWereYouSkinCondition_Adolescent=Adolescent (12-17) | HowOldWereYouSkinCondition_Adult=Adult (18-64) | HowOldWereYouSkinCondition_OlderAdult=Older adult (65-74) | HowOldWereYouSkinCondition_Elderly=Elderly (75+)
Personal and Family Health History	Personal and Family Health Hist		other_rxmedsforskincondition	radio	single_select	43528870	2				yes	Are you currently prescribed medications and/or receiving treatment for a skin condition(s) (e.g., eczema, psoriasis)?	RxMedsforSkinCondition_Yes=Yes | RxMedsforSkinCondition_No=No
Personal and Family Health History	Personal and Family Health Hist		diagnosedhealthcondition_vitaminbdeficiency_yes	checkbox	multi_select	1740573	7				yes	Including yourself, who in your family has had vitamin B deficiency? Select all that apply.	OtherConditions_VitaminBDeficiency=Self | MotherOtherHealthCondition_VitaminBDeficiency=Mother | FatherOtherHealthCondition_VitaminBDeficiency=Father | SiblingOtherHealthCondition_VitaminBDeficiency=Sibling | DaughterOtherHealthCondition_VitaminBDeficiency=Daughter | SonOtherHealthCondition_VitaminBDeficiency=Son | GrandparentOtherHealthCondition_VitaminBDeficiency=Grandparent
Personal and Family Health History	Personal and Family Health Hist		other_vitaminbdeficiencycurrently	radio	single_select	43530386	2				yes	Are you still seeing a doctor or health care provider for vitamin B deficiency?	VitaminBDeficiencyCurrently_Yes=Yes | VitaminBDeficiencyCurrently_No=No
Personal and Family Health History	Personal and Family Health Hist		other_howoldwereyouvitaminbdeficiency	radio	single_select	43530544	5				yes	About how old were you when you were first told you had vitamin B deficiency?	HowOldWereYouVitaminBDeficiency_Child=Child (0-11) | HowOldWereYouVitaminBDeficiency_Adolescent=Adolescent (12-17) | HowOldWereYouVitaminBDeficiency_Adult=Adult (18-64) | HowOldWereYouVitaminBDeficiency_OlderAdult=Older adult (65-74) | HowOldWereYouVitaminBDeficiency_Elderly=Elderly (75+)
Personal and Family Health History	Personal and Family Health Hist		other_rxmedsforvitaminbdeficiency	radio	single_select	43528871	2				yes	Are you currently prescribed medications and/or receiving treatment for vitamin B deficiency?	RxMedsforVitaminBDeficiency_Yes=Yes | RxMedsforVitaminBDeficiency_No=No
Personal and Family Health History	Personal and Family Health Hist		diagnosedhealthcondition_vitaminddeficiency_yes	checkbox	multi_select	1740601	7				yes	Including yourself, who in your family has had vitamin D deficiency? Select all that apply.	OtherConditions_VitaminDDeficiency=Self | MotherOtherHealthCondition_VitaminDDeficiency=Mother | FatherOtherHealthCondition_VitaminDDeficiency=Father | SiblingOtherHealthCondition_VitaminDDeficiency=Sibling | DaughterOtherHealthCondition_VitaminDDeficiency=Daughter | SonOtherHealthCondition_VitaminDDeficiency=Son | GrandparentOtherHealthCondition_VitaminDDeficiency=Grandparent
Personal and Family Health History	Personal and Family Health Hist		other_vitaminddeficiencycurrently	radio	single_select	43530387	2				yes	Are you still seeing a doctor or health care provider for vitamin D deficiency?	VitaminDDeficiencyCurrently_Yes=Yes | VitaminDDeficiencyCurrently_No=No
Personal and Family Health History	Personal and Family Health Hist		other_howoldwereyouvitaminddeficiency	radio	single_select	43530545	5				yes	About how old were you when you were first told you had vitamin D deficiency?	HowOldWereYouVitaminDDeficiency_Child=Child (0-11) | HowOldWereYouVitaminDDeficiency_Adolescent=Adolescent (12-17) | HowOldWereYouVitaminDDeficiency_Adult=Adult (18-64) | HowOldWereYouVitaminDDeficiency_OlderAdult=Older adult (65-74) | HowOldWereYouVitaminDDeficiency_Elderly=Elderly (75+)
Personal and Family Health History	Personal and Family Health Hist		other_rxmedsforvitaminddeficiency	radio	single_select	43528872	2				yes	Are you currently prescribed medications and/or receiving treatment for vitamin D deficiency?	RxMedsforVitaminDDeficiency_Yes=Yes | RxMedsforVitaminDDeficiency_No=No
Personal and Family Health History	Personal and Family Health Hist		otherhealthcondition_otherhealthcondition_yes	checkbox	multi_select	836856	7				yes	Including yourself, who in your family has had other condition(s)? Select all that apply.	OtherConditions_OtherDiagnosis=Self | MotherOtherHealthCondition_OtherCondition=Mother | FatherOtherHealthCondition_OtherCondition=Father | SiblingOtherHealthCondition_OtherCondition=Sibling | DaughterOtherHealthCondition_OtherCondition=Daughter | SonOtherHealthCondition_OtherCondition=Son | GrandparentOtherHealthCondition_OtherCondition=Grandparent
Personal and Family Health History	Personal and Family Health Hist		otherdiagnosis_freetextbox	text	free_text		0				yes	Please specify the other condition(s) you have had.	
Personal and Family Health History	Personal and Family Health Hist		otherdiagnosis_motherfreetextbox	text	free_text		0				yes	Please specify the other condition(s) your mother has had.	
Personal and Family Health History	Personal and Family Health Hist		otherdiagnosis_fatherfreetextbox	text	free_text		0				yes	Please specify the other condition(s) your father has had.	
Personal and Family Health History	Personal and Family Health Hist		otherdiagnosis_siblingfreetextbox	text	free_text		0				yes	Please specify the other condition(s) your sibling(s) has had.	
Personal and Family Health History	Personal and Family Health Hist		otherdiagnosis_daughterfreetextbox	text	free_text		0				yes	Please specify the other condition(s) your daughter(s) has had.	
Personal and Family Health History	Personal and Family Health Hist		otherdiagnosis_sonfreetextbox	text	free_text		0				yes	Please specify the other condition(s) your son(s) has had.	
Personal and Family Health History	Personal and Family Health Hist		otherdiagnosis_grandparentfreetextbox	text	free_text		0				yes	Please specify the other condition(s) your grandparent(s) has had.	
Personal and Family Health History	Personal and Family Health Hist		other_otherdiagnosiscurrently	radio	single_select	1384409	2				yes	Are you still seeing a doctor or health care provider for other condition(s)?	OtherDiagnosisCurrently_Yes=Yes | OtherDiagnosisCurrentlyCurrently_No=No
Personal and Family Health History	Personal and Family Health Hist		other_howoldwereyouotherdiagnosis	radio	single_select	1384394	5				yes	About how old were you when you were first told you had other condition(s)?	HowOldWereYouOtherDiagnosis_Child=Child (0-11) | HowOldWereYouOtherDiagnosis_Adolescent=Adolescent (12-17) | HowOldWereYouOtherDiagnosis_Adult=Adult (18-64) | HowOldWereYouOtherDiagnosis_OlderAdult=Older adult (65-74) | HowOldWereYouOtherDiagnosis_Elderly=Elderly (75+)
Personal and Family Health History	Personal and Family Health Hist		other_rxmedsforotherdiagnosis	radio	single_select	1384589	2				yes	Are you currently prescribed medications and/or receiving treatment for other condition(s)?	RxMedsforOtherDiagnosis_Yes=Yes | RxMedsforOtherDiagnosis_No=No
Personal and Family Health History	Personal and Family Health Hist		infectiousdiseases_infectiousdiseasecondition	checkbox	multi_select	1384662	18				no	Have you ever been diagnosed with the following conditions? Select all that apply.	InfectiousDiseaseCondition_Chickenpox=Chickenpox | InfectiousDiseaseCondition_ChronicSinusInfection=Chronic sinus infections | InfectiousDiseaseCondition_DengueFever=Dengue fever | InfectiousDiseaseCondition_HepatitisA=Hepatitis A | InfectiousDiseaseCondition_HepatitisB=Hepatitis B | InfectiousDiseaseCondition_HepatitisC=Hepatitis C | InfectiousDiseaseCondition_HIVAIDS=HIV/AIDS | InfectiousDiseaseCondition_LymeDisease=Lyme disease | InfectiousDiseaseCondition_UrinaryTractInfection=Recurrent urinary tract infections (UTI)/bladder infections | InfectiousDiseaseCondition_YeastInfection=Recurrent yeast infections | InfectiousDiseaseCondition_SARS=Severe acute respiratory syndrome (SARS) | InfectiousDiseaseCondition_SexuallyTransmittedInfections=Sexually transmitted infections (gonorrhea, syphilis, chlamydia) | InfectiousDiseaseCondition_Shingles=Shingles | InfectiousDiseaseCondition_Tuberculosis=Tuberculosis | InfectiousDiseaseCondition_WestNileVirus=West Nile virus | InfectiousDiseaseCondition_ZikaVirus=Zika virus | InfectiousDiseaseCondition_OtherInfectiousDisease=Other infectious disease | InfectiousDiseaseCondition_NoInfectiousDisease=I have/have had no infectious disease
Personal and Family Health History	Personal and Family Health Hist		infectiousdiseases_chickenpoxcurrently	radio	single_select	1384553	2				yes	Are you still seeing a doctor or health care provider for chickenpox?	ChickenpoxCurrently_Yes=Yes | ChickenpoxCurrently_No=No
Personal and Family Health History	Personal and Family Health Hist		infectiousdiseases_howoldwereyouchickenpox	radio	single_select	1384637	5				yes	About how old were you when you were first told you had chickenpox?	HowOldWereYouChickenpox_Child=Child (0-11) | HowOldWereYouChickenpox_Adolescent=Adolescent (12-17) | HowOldWereYouChickenpox_Adult=Adult (18-64) | HowOldWereYouChickenpox_OlderAdult=Older adult (65-74) | HowOldWereYouChickenpox_Elderly=Elderly (75+)
Personal and Family Health History	Personal and Family Health Hist		infectiousdiseases_rxmedsforchickenpox	radio	single_select	1384442	2				yes	Are you currently prescribed medications and/or receiving treatment for chickenpox?	RxMedsforChickenpox_Yes=Yes | RxMedsforChickenpox_No=No
Personal and Family Health History	Personal and Family Health Hist		infectiousdiseases_chronicsinuscurrently	radio	single_select	43530345	2				yes	Are you still seeing a doctor or health care provider for chronic sinus infections?	ChronicSinusCurrently_Yes=Yes | ChronicSinusCurrently_No=No
Personal and Family Health History	Personal and Family Health Hist		infectiousdiseases_howoldwereyouchronicsinus	radio	single_select	43530502	5				yes	About how old were you when you were first told you had chronic sinus infections?	HowOldWereYouChronicSinus_Child=Child (0-11) | HowOldWereYouChronicSinus_Adolescent=Adolescent (12-17) | HowOldWereYouChronicSinus_Adult=Adult (18-64) | HowOldWereYouChronicSinus_OlderAdult=Older adult (65-74) | HowOldWereYouChronicSinus_Elderly=Elderly (75+)
Personal and Family Health History	Personal and Family Health Hist		infectiousdiseases_rxmedsforchronicsinus	radio	single_select	43528830	2				yes	Are you currently prescribed medications and/or receiving treatment for chronic sinus infections?	RxMedsforChronicSinus_Yes=Yes | RxMedsforChronicSinus_No=No
Personal and Family Health History	Personal and Family Health Hist		infectiousdiseases_denguefevercurrently	radio	single_select	1384418	2				yes	Are you still seeing a doctor or health care provider for dengue fever?	DengueFeverCurrently_Yes=Yes | DengueFeverCurrently_No=No
Personal and Family Health History	Personal and Family Health Hist		infectiousdiseases_howoldwereyoudenguefever	radio	single_select	1384552	5				yes	About how old were you when you were first told you had dengue fever?	HowOldWereYouDengueFever_Child=Child (0-11) | HowOldWereYouDengueFever_Adolescent=Adolescent (12-17) | HowOldWereYouDengueFever_Adult=Adult (18-64) | HowOldWereYouDengueFever_OlderAdult=Older adult (65-74) | HowOldWereYouDengueFever_Elderly=Elderly (75+)
Personal and Family Health History	Personal and Family Health Hist		infectiousdiseases_rxmedsfordenguefever	radio	single_select	1384627	2				yes	Are you currently prescribed medications and/or receiving treatment for dengue fever?	RxMedsforDengueFever_Yes=Yes | RxMedsforDengueFever_No=No
Personal and Family Health History	Personal and Family Health Hist		infectiousdiseases_hepatitisacurrently	radio	single_select	1384401	2				yes	Are you still seeing a doctor or health care provider for hepatitis A?	HepatitisACurrently_Yes=Yes | HepatitisACurrently_No=No
Personal and Family Health History	Personal and Family Health Hist		infectiousdiseases_howoldwereyouhepatitisa	radio	single_select	1384619	5				yes	About how old were you when you were first told you had hepatitis A?	HowOldWereYouHepatitisA_Child=Child (0-11) | HowOldWereYouHepatitisA_Adolescent=Adolescent (12-17) | HowOldWereYouHepatitisA_Adult=Adult (18-64) | HowOldWereYouHepatitisA_OlderAdult=Older adult (65-74) | HowOldWereYouHepatitisA_Elderly=Elderly (75+)
Personal and Family Health History	Personal and Family Health Hist		infectiousdiseases_rxmedsforhepatitisa	radio	single_select	1384535	2				yes	Are you currently prescribed medications and/or receiving treatment for hepatitis A?	RxMedsforHepatitisA_Yes=Yes | RxMedsforHepatitisA_No=No
Personal and Family Health History	Personal and Family Health Hist		infectiousdiseases_hepatitisbcurrently	radio	single_select	1384506	2				yes	Are you still seeing a doctor or health care provider for hepatitis B?	HepatitisBCurrently_Yes=Yes | HepatitisBCurrently_No=No
Personal and Family Health History	Personal and Family Health Hist		infectiousdiseases_howoldwereyouhepatitisb	radio	single_select	1384620	5				yes	About how old were you when you were first told you had hepatitis B?	HowOldWereYouHepatitisB_Child=Child (0-11) | HowOldWereYouHepatitisB_Adolescent=Adolescent (12-17) | HowOldWereYouHepatitisB_Adult=Adult (18-64) | HowOldWereYouHepatitisB_OlderAdult=Older adult (65-74) | HowOldWereYouHepatitisB_Elderly=Elderly (75+)
Personal and Family Health History	Personal and Family Health Hist		infectiousdiseases_rxmedsforhepatitisb	radio	single_select	1384447	2				yes	Are you currently prescribed medications and/or receiving treatment for hepatitis B?	RxMedsforHepatitisB_Yes=Yes | RxMedsforHepatitisB_No=No
Personal and Family Health History	Personal and Family Health Hist		infectiousdiseases_hepatitisccurrently	radio	single_select	43530346	2				yes	Are you still seeing a doctor or health care provider for hepatitis C?	HepatitisCCurrently_Yes=Yes | HepatitisCCurrently_No=No
Personal and Family Health History	Personal and Family Health Hist		infectiousdiseases_howoldwereyouhepatitisc	radio	single_select	43530503	5				yes	About how old were you when you were first told you had hepatitis C?	HowOldWereYouHepatitisC_Child=Child (0-11) | HowOldWereYouHepatitisC_Adolescent=Adolescent (12-17) | HowOldWereYouHepatitisC_Adult=Adult (18-64) | HowOldWereYouHepatitisC_OlderAdult=Older adult (65-74) | HowOldWereYouHepatitisC_Elderly=Elderly (75+)
Personal and Family Health History	Personal and Family Health Hist		infectiousdiseases_rxmedsforhepatitisc	radio	single_select	43528831	2				yes	Are you currently prescribed medications and/or receiving treatment for hepatitis C?	RxMedsforHepatitisC_Yes=Yes | RxMedsforHepatitisC_No=No
Personal and Family Health History	Personal and Family Health Hist		infectiousdiseases_hivaidscurrently	radio	single_select	43530347	2				yes	Are you still seeing a doctor or health care provider for HIV/AIDS?	HIVAIDSCurrently_Yes=Yes | HIVAIDSCurrently_No=No
Personal and Family Health History	Personal and Family Health Hist		infectiousdiseases_howoldwereyouhivaids	radio	single_select	43530505	5				yes	About how old were you when you were first told you had HIV/AIDS?	HowOldWereYouHIVAIDS_Child=Child (0-11) | HowOldWereYouHIVAIDS_Adolescent=Adolescent (12-17) | HowOldWereYouHIVAIDS_Adult=Adult (18-64) | HowOldWereYouHIVAIDS_OlderAdult=Older adult (65-74) | HowOldWereYouHIVAIDS_Elderly=Elderly (75+)
Personal and Family Health History	Personal and Family Health Hist		infectiousdiseases_rxmedsforhivaids	radio	single_select	43528832	2				yes	Are you currently prescribed medications and/or receiving treatment for HIV/AIDS?	RxMedsforHIVAIDS_Yes=Yes | RxMedsforHIVAIDS_No=No
Personal and Family Health History	Personal and Family Health Hist		infectiousdiseases_lymediseasecurrently	radio	single_select	1384431	2				yes	Are you still seeing a doctor or health care provider for Lyme disease?	LymeDiseaseCurrently_Yes=Yes | LymeDiseaseCurrently_No=No
Personal and Family Health History	Personal and Family Health Hist		infectiousdiseases_howoldwereyoulymedisease	radio	single_select	1384432	5				yes	About how old were you when you were first told you had Lyme disease?	HowOldWereYouLymeDisease_Child=Child (0-11) | HowOldWereYouLymeDisease_Adolescent=Adolescent (12-17) | HowOldWereYouLymeDisease_Adult=Adult (18-64) | HowOldWereYouLymeDisease_OlderAdult=Older adult (65-74) | HowOldWereYouLymeDisease_Elderly=Elderly (75+)
Personal and Family Health History	Personal and Family Health Hist		infectiousdiseases_rxmedsforlymedisease	radio	single_select	1384628	2				yes	Are you currently prescribed medications and/or receiving treatment for Lyme disease?	RxMedsforLymeDisease_Yes=Yes | RxMedsforLymeDisease_No=No
Personal and Family Health History	Personal and Family Health Hist		infectiousdiseases_urinarytractcurrently	radio	single_select	43530349	2				yes	Are you still seeing a doctor or health care provider for recurrent urinary tract infections (UTI)/bladder infections?	UrinaryTractCurrently_Yes=Yes | UrinaryTractCurrently_No=No
Personal and Family Health History	Personal and Family Health Hist		infectiousdiseases_howoldwereyouurinarytract	radio	single_select	43530507	5				yes	About how old were you when you were first told you had recurrent urinary tract infections (UTI)/bladder infections?	HowOldWereYouUrinaryTract_Child=Child (0-11) | HowOldWereYouUrinaryTract_Adolescent=Adolescent (12-17) | HowOldWereYouUrinaryTract_Adult=Adult (18-64) | HowOldWereYouUrinaryTract_OlderAdult=Older adult (65-74) | HowOldWereYouUrinaryTract_Elderly=Elderly (75+)
Personal and Family Health History	Personal and Family Health Hist		infectiousdiseases_rxmedsforurinarytract	radio	single_select	43528834	2				yes	Are you currently prescribed medications and/or receiving treatment for recurrent urinary tract infections (UTI)/bladder infections?	RxMedsforUrinaryTract_Yes=Yes | RxMedsforUrinaryTract_No=No
Personal and Family Health History	Personal and Family Health Hist		infectiousdiseases_yeastinfectioncurrently	radio	single_select	1384465	2				yes	Are you still seeing a doctor or health care provider for recurrent yeast infections?	YeastInfectionCurrently_Yes=Yes | YeastInfectionCurrently_No=No
Personal and Family Health History	Personal and Family Health Hist		infectiousdiseases_howoldwereyouyeastinfection	radio	single_select	1384621	5				yes	About how old were you when you were first told you had recurrent yeast infections?	HowOldWereYouYeastInfection_Child=Child (0-11) | HowOldWereYouYeastInfection_Adolescent=Adolescent (12-17) | HowOldWereYouYeastInfection_Adult=Adult (18-64) | HowOldWereYouYeastInfection_OlderAdult=Older adult (65-74) | HowOldWereYouYeastInfection_Elderly=Elderly (75+)
Personal and Family Health History	Personal and Family Health Hist		infectiousdiseases_rxmedsforyeastinfection	radio	single_select	1384398	2				yes	Are you currently prescribed medications and/or receiving treatment for recurrent yeast infections?	RxMedsforYeastInfection_Yes=Yes | RxMedsforYeastInfection_No=No
Personal and Family Health History	Personal and Family Health Hist		infectiousdiseases_sarscurrently	radio	single_select	1384537	2				yes	Are you still seeing a doctor or health care provider for severe acute respiratory syndrome (SARS)?	SARSCurrently_Yes=Yes | SARSCurrently_No=No
Personal and Family Health History	Personal and Family Health Hist		infectiousdiseases_howoldwereyousars	radio	single_select	1384438	5				yes	About how old were you when you were first told you had severe acute respiratory syndrome (SARS)?	HowOldWereYouSARS_Child=Child (0-11) | HowOldWereYouSARS_Adolescent=Adolescent (12-17) | HowOldWereYouSARS_Adult=Adult (18-64) | HowOldWereYouSARS_OlderAdult=Older adult (65-74) | HowOldWereYouSARS_Elderly=Elderly (75+)
Personal and Family Health History	Personal and Family Health Hist		infectiousdiseases_rxmedsforsars	radio	single_select	1384642	2				yes	Are you currently prescribed medications and/or receiving treatment for severe acute respiratory syndrome (SARS)?	RxMedsforSARS_Yes=Yes | RxMedsforSARS_No=No
Personal and Family Health History	Personal and Family Health Hist		infectiousdiseases_stiscurrently	radio	single_select	1384463	2				yes	Are you still seeing a doctor or health care provider for sexually transmitted infections (gonorrhea, syphilis, chlamydia)?	STIsCurrently_Yes=Yes | STIsCurrently_No=No
Personal and Family Health History	Personal and Family Health Hist		infectiousdiseases_howoldwereyoustis	radio	single_select	1384573	5				yes	About how old were you when you were first told you had sexually transmitted infections (gonorrhea, syphilis, chlamydia)?	HowOldWereYouSTIs_Child=Child (0-11) | HowOldWereYouSTIs_Adolescent=Adolescent (12-17) | HowOldWereYouSTIs_Adult=Adult (18-64) | HowOldWereYouSTIs_OlderAdult=Older adult (65-74) | HowOldWereYouSTIs_Elderly=Elderly (75+)
Personal and Family Health History	Personal and Family Health Hist		infectiousdiseases_rxmedsforstis	radio	single_select	1384664	2				yes	Are you currently prescribed medications and/or receiving treatment for sexually transmitted infections (gonorrhea, syphilis, chlamydia)?	RxMedsforSTIs_Yes=Yes | RxMedsforSTIs_No=No
Personal and Family Health History	Personal and Family Health Hist		infectiousdiseases_shinglescurrently	radio	single_select	1384511	2				yes	Are you still seeing a doctor or health care provider for shingles?	ShinglesCurrently_Yes=Yes | ShinglesCurrently_No=No
Personal and Family Health History	Personal and Family Health Hist		infectiousdiseases_howoldwereyoushingles	radio	single_select	1384416	5				yes	About how old were you when you were first told you had shingles?	HowOldWereYouShingles_Child=Child (0-11) | HowOldWereYouShingles_Adolescent=Adolescent (12-17) | HowOldWereYouShingles_Adult=Adult (18-64) | HowOldWereYouShingles_OlderAdult=Older adult (65-74) | HowOldWereYouShingles_Elderly=Elderly (75+)
Personal and Family Health History	Personal and Family Health Hist		infectiousdiseases_rxmedsforshingles	radio	single_select	1384505	2				yes	Are you currently prescribed medications and/or receiving treatment for shingles?	RxMedsforShingles_Yes=Yes | RxMedsforShingles_No=No
Personal and Family Health History	Personal and Family Health Hist		infectiousdiseases_tuberculosiscurrently	radio	single_select	43530348	2				yes	Are you still seeing a doctor or health care provider for tuberculosis?	TuberculosisCurrently_Yes=Yes | TuberculosisCurrently_No=No
Personal and Family Health History	Personal and Family Health Hist		infectiousdiseases_howoldwereyoutuberculosis	radio	single_select	43530506	5				yes	About how old were you when you were first told you had tuberculosis?	HowOldWereYouTuberculosis_Child=Child (0-11) | HowOldWereYouTuberculosis_Adolescent=Adolescent (12-17) | HowOldWereYouTuberculosis_Adult=Adult (18-64) | HowOldWereYouTuberculosis_OlderAdult=Older adult (65-74) | HowOldWereYouTuberculosis_Elderly=Elderly (75+)
Personal and Family Health History	Personal and Family Health Hist		infectiousdiseases_rxmedsfortuberculosis	radio	single_select	43528833	2				yes	Are you currently prescribed medications and/or receiving treatment for tuberculosis?	RxMedsforTuberculosis_Yes=Yes | RxMedsforTuberculosis_No=No
Personal and Family Health History	Personal and Family Health Hist		infectiousdiseases_westnileviruscurrently	radio	single_select	1384596	2				yes	Are you still seeing a doctor or health care provider for West Nile virus?	WestNileVirusCurrently_Yes=Yes | WestNileVirusCurrently_No=No
Personal and Family Health History	Personal and Family Health Hist		infectiousdiseases_howoldwereyouwestnilevirus	radio	single_select	1384652	5				yes	About how old were you when you were first told you had West Nile virus?	HowOldWereYouWestNileVirus_Child=Child (0-11) | HowOldWereYouWestNileVirus_Adolescent=Adolescent (12-17) | HowOldWereYouWestNileVirus_Adult=Adult (18-64) | HowOldWereYouWestNileVirus_OlderAdult=Older adult (65-74) | HowOldWereYouWestNileVirus_Elderly=Elderly (75+)
Personal and Family Health History	Personal and Family Health Hist		infectiousdiseases_rxmedsforwestnilevirus	radio	single_select	1384602	2				yes	Are you currently prescribed medications and/or receiving treatment for West Nile virus?	RxMedsforWestNileVirus_Yes=Yes | RxMedsforWestNileVirus_No=No
Personal and Family Health History	Personal and Family Health Hist		infectiousdiseases_zikaviruscurrently	radio	single_select	1384459	2				yes	Are you still seeing a doctor or health care provider for Zika virus?	ZikaVirusCurrently_Yes=Yes | ZikaVirusCurrently_No=No
Personal and Family Health History	Personal and Family Health Hist		infectiousdiseases_howoldwereyouzikavirus	radio	single_select	1384492	5				yes	About how old were you when you were first told you had Zika virus?	HowOldWereYouZikaVirus_Child=Child (0-11) | HowOldWereYouZikaVirus_Adolescent=Adolescent (12-17) | HowOldWereYouZikaVirus_Adult=Adult (18-64) | HowOldWereYouZikaVirus_OlderAdult=Older adult (65-74) | HowOldWereYouZikaVirus_Elderly=Elderly (75+)
Personal and Family Health History	Personal and Family Health Hist		infectiousdiseases_rxmedsforzikavirus	radio	single_select	1384424	2				yes	Are you currently prescribed medications and/or receiving treatment for Zika virus?	RxMedsforZikaVirus_Yes=Yes | RxMedsforZikaVirus_No=No
Personal and Family Health History	Personal and Family Health Hist		otherinfectiousdisease_freetextbox	text	free_text		0				yes	Please specify the other infectious disease(s) you have had.	
Personal and Family Health History	Personal and Family Health Hist		infectiousdiseases_otherinfectiousdiseasecurrently	radio	single_select	1384489	2				yes	Are you still seeing a doctor or health care provider for other infectious disease(s)?	OtherInfectiousDiseaseCurrently_Yes=Yes | OtherInfectiousDiseaseCurrently_No=No
Personal and Family Health History	Personal and Family Health Hist		infectiousdiseases_howoldwereyouotherinfectiousdisease	radio	single_select	1384647	5				yes	About how old were you when you were first told you had other infectious disease(s)?	HowOldWereYouOtherInfectiousDisease_Child=Child (0-11) | HowOldWereYouOtherInfectiousDisease_Adolescent=Adolescent (12-17) | HowOldWereYouOtherInfectiousDisease_Adult=Adult (18-64) | HowOldWereYouOtherInfectiousDisease_OlderAdult=Older adult (65-74) | HowOldWereYouOtherInfectiousDisease_Elderly=Elderly (75+)
Personal and Family Health History	Personal and Family Health Hist		infectiousdiseases_rxmedsforotherinfectiousdisease	radio	single_select	1384517	2				yes	Are you currently prescribed medications and/or receiving treatment for other infectious disease(s)?	RxMedsforOtherInfectiousDisease_Yes=Yes | RxMedsforOtherInfectiousDisease_No=No
Healthcare Access and Utilization	Healthcare Access and Utilizati		healthcareaccess	descriptive	descriptive		0				no	Health Care Access & Utilization	
Healthcare Access and Utilization	Healthcare Access and Utilizati		insurance_insuranceaccepted	radio	single_select		3				no	DURING THE PAST 12 MONTHS, were you told by a health care provider or doctor's office that they did not accept your health care coverage?	InsuranceAccepted_Yes=Yes | InsuranceAccepted_No=No | PMI_Dontknow=Don't know
Healthcare Access and Utilization	Healthcare Access and Utilizati		insurance_healthcarecoverage	radio	single_select		4				no	In regard to your health insurance or health care coverage, how does it compare to a year ago? Is it better, worse, or about the same?	HealthcareCoverage_Better=Better | HealthcareCoverage_Worse=Worse | HealthcareCoverage_AboutTheSame=About the Same | PMI_Dontknow=Don't know
Healthcare Access and Utilization	Healthcare Access and Utilizati		healthadvice_placeforhealthadvice	radio	single_select		4				no	Is there a place that you USUALLY go when you are sick or need advice about your health?	PlaceforHealthAdvice_Yes=Yes | PlaceforHealthAdvice_No=There is NO place | PlaceforHealthAdvice_MoreThanOne=There is MORE THAN ONE place | PMI_Dontknow=Don't know
Healthcare Access and Utilization	Healthcare Access and Utilizati		healthadvice_whatkindofplace	radio	single_select		6				yes	What kind of place do you go to most often?	WhatKindOfPlace_DoctorsOffice=Doctor's office, clinic, or health center | WhatKindOfPlace_UrgentCare=Urgent care or minute clinic | WhatKindOfPlace_EmergencyRoom=Hospital emergency room | WhatKindOfPlace_SomeOtherPlace=Some other place | WhatKindOfPlace_NoOnePlaceMostOften=Don't go to one place most often | PMI_Dontknow=Don't know
Healthcare Access and Utilization	Healthcare Access and Utilizati		healthadvice_spokentoprofessional	radio	single_select		7				no	About how long has it been since you last saw or talked to a doctor or other health care provider about your own health?	SpokenToProfessional_Never=Never | SpokenToProfessional_6moOrLess=6 months or less | SpokenToProfessional_6MoTo1YearAgo=More than 6 months, but not more than 1 year ago | SpokenToProfessional_1To2YearsAgo=More than 1 year, but not more than 2 years ago | SpokenToProfessional_2To5YearsAgo=More than 2 years, but not more than 5 years ago | SpokenToProfessional_MoreThan5YearsAgo=More than 5 years ago | PMI_Dontknow=Don't know
Healthcare Access and Utilization	Healthcare Access and Utilizati		healthadvice_spokentogeneraldoctor	radio	single_select		3				yes	A general doctor who treats a variety of illnesses (a physician in general practice, primary care, family medicine, or internal medicine)? Help text: A provider who sees adult patients for wellness exams and the treatment of diseases	SpokenToGeneralDoctor_Yes=Yes | SpokenToGeneralDoctor_No=No | PMI_Dontknow=Don't know
Healthcare Access and Utilization	Healthcare Access and Utilizati		healthadvice_generaldoctorvisits	radio	single_select		9				yes	What is the total number of general doctor visits you made in the last 12 months?	GeneralDoctorVisits_1=1 | GeneralDoctorVisits_2to3=2-3 | GeneralDoctorVisits_4to5=4-5 | GeneralDoctorVisits_6to7=6-7 | GeneralDoctorVisits_8to9=8-9 | GeneralDoctorVisits_10to12=10-12 | GeneralDoctorVisits_13to15=13-15 | GeneralDoctorVisits_16orMore=16 or more | PMI_Dontknow=Don't know
Healthcare Access and Utilization	Healthcare Access and Utilizati		healthadvice_spokentonursepractitioner	radio	single_select		3				yes	A nurse practitioner, physician assistant, or midwife?	SpokenToNursePractitioner_Yes=Yes | SpokenToNursePractitioner_No=No | PMI_Dontknow=Don't know
Healthcare Access and Utilization	Healthcare Access and Utilizati		healthadvice_nursepractitionervisits	radio	single_select		9				yes	What is the total number of nurse practitioner, physician assistant, or midwife visits you made in the last 12 months?	NursePractitionerVisits_1=1 | NursePractitionerVisits_2to3=2-3 | NursePractitionerVisits_4to5=4-5 | NursePractitionerVisits_6to7=6-7 | NursePractitionerVisits_8to9=8-9 | NursePractitionerVisits_10to12=10-12 | NursePractitionerVisits_13to15=13-15 | NursePractitionerVisits_16orMore=16 or more | PMI_Dontknow=Don't know
Healthcare Access and Utilization	Healthcare Access and Utilizati		healthadvice_spokentoobgyn	radio	single_select		3				yes	A doctor who specializes in women's health (an obstetrician/gynecologist)?	SpokenToOBGYN_Yes=Yes | SpokenToOBGYN_No=No | PMI_Dontknow=Don't know
Healthcare Access and Utilization	Healthcare Access and Utilizati		healthadvice_obgynvisits	radio	single_select		9				yes	What is the total number of visits to a doctor who specializes in women's health that you made in the last 12 months?	OBGYNVisits_1=1 | OBGYNVisits_2to3=2-3 | OBGYNVisits_4to5=4-5 | OBGYNVisits_6to7=6-7 | OBGYNVisits_8to9=8-9 | OBGYNVisits_10to12=10-12 | OBGYNVisits_13to15=13-15 | OBGYNVisits_16orMore=16 or more | PMI_Dontknow=Don't know
Healthcare Access and Utilization	Healthcare Access and Utilizati		healthadvice_spokentomentalhealthprofessional	radio	single_select		3				yes	A mental health professional such as a psychiatrist, psychologist, psychiatric nurse, or clinical social worker?	SpokenToMentalHealthProfessional_Yes=Yes | SpokenToMentalHealthProfessional_No=No | PMI_Dontknow=Don't know
Healthcare Access and Utilization	Healthcare Access and Utilizati		healthadvice_mentalhealthprofessionalvisits	radio	single_select		9				yes	What is the total number of visits to a mental health professional that you made in the last 12 months?	MentalHealthProfessionalVisits_1=1 | MentalHealthProfessionalVisits_2to3=2-3 | MentalHealthProfessionalVisits_4to5=4-5 | MentalHealthProfessionalVisits_6to7=6-7 | MentalHealthProfessionalVisits_8to9=8-9 | MentalHealthProfessionalVisits_10to12=10-12 | MentalHealthProfessionalVisits_13to15=13-15 | MentalHealthProfessionalVisits_16orMore=16 or more | PMI_Dontknow=Don't know
Healthcare Access and Utilization	Healthcare Access and Utilizati		healthadvice_spokentoeyedoctor	radio	single_select		3				yes	An optometrist, ophthalmologist, or eye doctor (someone who prescribes eyeglasses)?	SpokenToEyeDoctor_Yes=Yes | SpokenToEyeDoctor_No=No | PMI_Dontknow=Don't know
Healthcare Access and Utilization	Healthcare Access and Utilizati		healthadvice_eyedoctorvisits	radio	single_select		9				yes	What is the total number of visits to an eye doctor that you made in the last 12 months?	EyeDoctorVisits_1=1 | EyeDoctorVisits_2to3=2-3 | EyeDoctorVisits_4to5=4-5 | EyeDoctorVisits_6to7=6-7 | EyeDoctorVisits_8to9=8-9 | EyeDoctorVisits_10to12=10-12 | EyeDoctorVisits_13to15=13-15 | EyeDoctorVisits_16orMore=16 or more | PMI_Dontknow=Don't know
Healthcare Access and Utilization	Healthcare Access and Utilizati		healthadvice_spokentopodiatrist	radio	single_select		3				yes	A podiatrist or foot doctor?	SpokenToPodiatrist_Yes=Yes | SpokenToPodiatrist_No=No | PMI_Dontknow=Don't know
Healthcare Access and Utilization	Healthcare Access and Utilizati		healthadvice_podiatristvisits	radio	single_select		9				yes	What is the total number of visits to a foot doctor that you made in the last 12 months?	PodiatristVisits_1=1 | PodiatristVisits_2to3=2-3 | PodiatristVisits_4to5=4-5 | PodiatristVisits_6to7=6-7 | PodiatristVisits_8to9=8-9 | PodiatristVisits_10to12=10-12 | PodiatristVisits_13to15=13-15 | PodiatristVisits_16orMore=16 or more | PMI_Dontknow=Don't know
Healthcare Access and Utilization	Healthcare Access and Utilizati		healthadvice_spokentochiropractor	radio	single_select		3				yes	A chiropractor?	SpokenToChiropractor_Yes=Yes | SpokenToChiropractor_No=No | PMI_Dontknow=Don't know
Healthcare Access and Utilization	Healthcare Access and Utilizati		healthadvice_chiropractorvisits	radio	single_select		9				yes	What is the total number of visits to a chiropractor that you made in the last 12 months?	ChiropractorVisits_1=1 | ChiropractorVisits_2to3=2-3 | ChiropractorVisits_4to5=4-5 | ChiropractorVisits_6to7=6-7 | ChiropractorVisits_8to9=8-9 | ChiropractorVisits_10to12=10-12 | ChiropractorVisits_13to15=13-15 | ChiropractorVisits_16orMore=16 or more | PMI_Dontknow=Don't know
Healthcare Access and Utilization	Healthcare Access and Utilizati		healthadvice_spokentophysicaltherapist	radio	single_select		3				yes	A physical therapist, speech therapist, respiratory therapist, audiologist, or occupational therapist?	SpokenToPhysicalTherapist_Yes=Yes | SpokenToPhysicalTherapist_No=No | PMI_Dontknow=Don't know
Healthcare Access and Utilization	Healthcare Access and Utilizati		healthadvice_physicaltherapistvisits	radio	single_select		9				yes	What is the total number of visits to a physical therapist, speech therapist, respiratory therapist, audiologist, or occupational therapist that you made in the last 12 months?	PhysicalTherapistVisits_1=1 | PhysicalTherapistVisits_2to3=2-3 | PhysicalTherapistVisits_4to5=4-5 | PhysicalTherapistVisits_6to7=6-7 | PhysicalTherapistVisits_8to9=8-9 | PhysicalTherapistVisits_10to12=10-12 | PhysicalTherapistVisits_13to15=13-15 | PhysicalTherapistVisits_16orMore=16 or more | PMI_Dontknow=Don't know
Healthcare Access and Utilization	Healthcare Access and Utilizati		healthadvice_spokentodentist	radio	single_select		3				yes	A dentist or orthodontist?	SpokenToDentist_Yes=Yes | SpokenToDentist_No=No | PMI_Dontknow=Don't know
Healthcare Access and Utilization	Healthcare Access and Utilizati		healthadvice_dentistvisits	radio	single_select		9				yes	What is the total number of visits to a dentist or orthodontist that you made in the last 12 months?	DentistVisits_1=1 | DentistVisits_2to3=2-3 | DentistVisits_4to5=4-5 | DentistVisits_6to7=6-7 | DentistVisits_8to9=8-9 | DentistVisits_10to12=10-12 | DentistVisits_13to15=13-15 | DentistVisits_16orMore=16 or more | PMI_Dontknow=Don't know
Healthcare Access and Utilization	Healthcare Access and Utilizati		healthadvice_spokentomedicalspecialist	radio	single_select		3				yes	A medical doctor who specializes in a particular medical disease or problem (other than obstetrician/gynecologist, psychiatrist, or ophthalmologist)?	SpokenToMedicalSpecialist_Yes=Yes | SpokenToMedicalSpecialist_No=No | PMI_Dontknow=Don't know
Healthcare Access and Utilization	Healthcare Access and Utilizati		healthadvice_medicalspecialistvisits	radio	single_select		9				yes	What is the total number of visits to a medical doctor who specializes in a particular medical disease or problem that you made in the last 12 months?	MedicalSpecialistVisits_1=1 | MedicalSpecialistVisits_2to3=2-3 | MedicalSpecialistVisits_4to5=4-5 | MedicalSpecialistVisits_6to7=6-7 | MedicalSpecialistVisits_8to9=8-9 | MedicalSpecialistVisits_10to12=10-12 | MedicalSpecialistVisits_13to15=13-15 | MedicalSpecialistVisits_16orMore=16 or more | PMI_Dontknow=Don't know
Healthcare Access and Utilization	Healthcare Access and Utilizati		healthadvice_spokentotraditionalhealer	radio	single_select		3				yes	Traditional healers such as, Shaman, acupuncturist, or non-western medicine?	SpokenToTraditionalHealer_Yes=Yes | SpokenToTraditionalHealer_No=No | PMI_Dontknow=Don't know
Healthcare Access and Utilization	Healthcare Access and Utilizati		healthadvice_traditionalhealervisits	radio	single_select		9				yes	What is the total number of visits to traditional healers that you made in the last 12 months?	TraditionalHealerVisits_1=1 | TraditionalHealerVisits_2to3=2-3 | TraditionalHealerVisits_4to5=4-5 | TraditionalHealerVisits_6to7=6-7 | TraditionalHealerVisits_8to9=8-9 | TraditionalHealerVisits_10to12=10-12 | TraditionalHealerVisits_13to15=13-15 | TraditionalHealerVisits_16orMore=16 or more | PMI_Dontknow=Don't know
Healthcare Access and Utilization	Healthcare Access and Utilizati		healthadvice_respectedbyprovider	radio	single_select		5				yes	How often were you treated with respect by your doctors or health care providers? Would you say...	RespectedByProvider_Always=Always | RespectedByProvider_MostOfTheTime=Most of the time | RespectedByProvider_SomeOfTheTime=Some of the time | RespectedByProvider_NoneOfTheTime=None of the time | PMI_Dontknow=Don't know
Healthcare Access and Utilization	Healthcare Access and Utilizati		healthadvice_askedforopinion	radio	single_select		5				yes	How often did your doctors or health care providers ask for your opinions or beliefs about your medical care or treatment? For example, what kind of tests, procedures, or medications you prefer. Would you say...	AskedForOpinion_Always=Always | AskedForOpinion_MostOfTheTime=Most of the time | AskedForOpinion_SomeOfTheTime=Some of the time | AskedForOpinion_NoneOfTheTime=None of the time | PMI_Dontknow=Don't know
Healthcare Access and Utilization	Healthcare Access and Utilizati		healthadvice_easeofunderstanding	radio	single_select		5				yes	How often did your doctors or health care providers tell or give you information about your health and health care that was easy to understand? Would you say...	EaseofUnderstanding_Always=Always | EaseofUnderstanding_MostOfTheTime=Most of the time | EaseofUnderstanding_SomeOfTheTime=Some of the time | EaseofUnderstanding_NoneOfTheTime=None of the time | PMI_Dontknow=Don't know
Healthcare Access and Utilization	Healthcare Access and Utilizati		delayedmedicalcare_transportation	radio	single_select		3				no	Didn't have transportation.	Transportation_Yes=Yes | Transportation_No=No | PMI_Dontknow=Don't know
Healthcare Access and Utilization	Healthcare Access and Utilizati		delayedmedicalcare_ruralarea	radio	single_select		3				no	You live in a rural area where distance to the health care provider is too far.	RuralArea_Yes=Yes | RuralArea_No=No | PMI_Dontknow=Don't know
Healthcare Access and Utilization	Healthcare Access and Utilizati		delayedmedicalcare_nervous	radio	single_select		3				no	You were nervous about seeing a health care provider.	Nervous_Yes=Yes | Nervous_No=No | PMI_Dontknow=Don't know
Healthcare Access and Utilization	Healthcare Access and Utilizati		delayedmedicalcare_timeoffwork	radio	single_select		3				no	Couldn't get time off work.	TimeOffWork_Yes=Yes | TimeOffWork_No=No | PMI_Dontknow=Don't know
Healthcare Access and Utilization	Healthcare Access and Utilizati		delayedmedicalcare_childcare	radio	single_select		3				no	Couldn't get child care.	ChildCare_Yes=Yes | ChildCare_No=No | PMI_Dontknow=Don't know
Healthcare Access and Utilization	Healthcare Access and Utilizati		delayedmedicalcare_elderlycare	radio	single_select		3				no	You provide care to an adult and could not leave him/her.	ElderlyCare_Yes=Yes | ElderlyCare_No=No | PMI_Dontknow=Don't know
Healthcare Access and Utilization	Healthcare Access and Utilizati		delayedmedicalcare_cantaffordcopay	radio	single_select		3				no	Couldn't afford the copay.	CantAffordCoPay_Yes=Yes | CantAffordCoPay_No=No | PMI_Dontknow=Don't know
Healthcare Access and Utilization	Healthcare Access and Utilizati		delayedmedicalcare_deductibletoohigh	radio	single_select		3				no	Your deductible was too high/or could not afford the deductible.	DeductibleTooHigh_Yes=Yes | DeductibleTooHigh_No=No | PMI_Dontknow=Don't know
Healthcare Access and Utilization	Healthcare Access and Utilizati		delayedmedicalcare_hadtopayoutofpocket	radio	single_select		3				no	You had to pay out of pocket for some or all of the procedure.	HadToPayOutOfPocket_Yes=Yes | HadToPayOutOfPocket_No=No | PMI_Dontknow=Don't know
Healthcare Access and Utilization	Healthcare Access and Utilizati		otherdelayedmedicalcare_freetext	text	free_text		0				no	If other, please specify.	
Healthcare Access and Utilization	Healthcare Access and Utilizati		cantaffordcare_prescriptionmedicines	radio	single_select		3				no	Prescription medicines	PrescriptionMedicines_Yes=Yes | PrescriptionMedicines_No=No | PMI_Dontknow=Don't know
Healthcare Access and Utilization	Healthcare Access and Utilizati		cantaffordcare_mentalhealthcounseling	radio	single_select		3				no	Mental health care or counseling	MentalHealthCounseling_Yes=Yes | MentalHealthCounseling_No=No | PMI_Dontknow=Don't know
Healthcare Access and Utilization	Healthcare Access and Utilizati		cantaffordcare_emergencycare	radio	single_select		3				no	Emergency care	EmergencyCare_Yes=Yes | EmergencyCare_No=No | PMI_Dontknow=Don't know
Healthcare Access and Utilization	Healthcare Access and Utilizati		cantaffordcare_dentalcare	radio	single_select		3				no	Dental care (including check ups)	DentalCare_Yes=Yes | DentalCare_No=No | PMI_Dontknow=Don't know
Healthcare Access and Utilization	Healthcare Access and Utilizati		cantaffordcare_eyeglasses	radio	single_select		3				no	Eyeglasses	Eyeglasses_Yes=Yes | Eyeglasses_No=No | PMI_Dontknow=Don't know
Healthcare Access and Utilization	Healthcare Access and Utilizati		cantaffordcare_healthcareprovider	radio	single_select		3				no	To see a regular doctor or general health provider (in primary care, general practice, internal medicine, family medicine)	HealthcareProvider_Yes=Yes | HealthcareProvider_No=No | PMI_Dontknow=Don't know
Healthcare Access and Utilization	Healthcare Access and Utilizati		cantaffordcare_specialist	radio	single_select		3				no	To see a specialist	Specialist_Yes=Yes | Specialist_No=No | PMI_Dontknow=Don't know
Healthcare Access and Utilization	Healthcare Access and Utilizati		cantaffordcare_followupcare	radio	single_select		3				no	Follow-up care	FollowupCare_Yes=Yes | FollowupCare_No=No | PMI_Dontknow=Don't know
Healthcare Access and Utilization	Healthcare Access and Utilizati		cantaffordcare_worriedaboutpaying	radio	single_select		4				no	If you get sick or have an accident, how worried are you that you will be able to pay your medical bills? Are you very worried, somewhat worried, or not at all worried?	WorriedAboutPaying_VeryWorried=Very worried | WorriedAboutPaying_SomewhatWorried=Somewhat worried | WorriedAboutPaying_NotAtAllWorried=Not at all worried | PMI_Dontknow=Don't know
Healthcare Access and Utilization	Healthcare Access and Utilizati		cantaffordcare_skippedmedtosavemoney	radio	single_select		3				no	You skipped medication doses to save money	SkippedMedToSaveMoney_Yes=Yes | SkippedMedToSaveMoney_No=No | PMI_Dontknow=Don't know
Healthcare Access and Utilization	Healthcare Access and Utilizati		cantaffordcare_tooklessmedtosavemoney	radio	single_select		3				no	You took less medicine to save money	TookLessMedToSaveMoney_Yes=Yes | TookLessMedToSaveMoney_No=No | PMI_Dontknow=Don't know
Healthcare Access and Utilization	Healthcare Access and Utilizati		cantaffordcare_delayedfillingrxtosavemoney	radio	single_select		3				no	You delayed filling a prescription to save money	DelayedFillingRxToSaveMoney_Yes=Yes | DelayedFillingRxToSaveMoney_No=No | PMI_Dontknow=Don't know
Healthcare Access and Utilization	Healthcare Access and Utilizati		cantaffordcare_lowercostrxtosavemoney	radio	single_select		3				no	You asked your doctor for a lower cost medication to save money	LowerCostRxToSaveMoney_Yes=Yes | LowerCostRxToSaveMoney_No=No | PMI_Dontknow=Don't know
Healthcare Access and Utilization	Healthcare Access and Utilizati		cantaffordcare_boughtrxfromothercountry	radio	single_select		3				no	You bought prescription drugs from another country to save money	BoughtRxFromOtherCountry_Yes=Yes | BoughtRxFromOtherCountry_No=No | PMI_Dontknow=Don't know
Healthcare Access and Utilization	Healthcare Access and Utilizati		cantaffordcare_alternativetherapies	radio	single_select		3				no	You used alternative therapies to save money	AlternativeTherapies_Yes=Yes | AlternativeTherapies_No=No | PMI_Dontknow=Don't know
Healthcare Access and Utilization	Healthcare Access and Utilizati		healthproviderracereligion_howimportant	radio	single_select		5				no	How important is it to you that your doctors or health care providers understand or are similar to you in any of these ways? Would you say...	HowImportant_VeryImportant=Very important | HowImportant_SomewhatImportant=Somewhat important | HowImportant_SlightlyImportant=Slightly important | HowImportant_NotImportant=Not important at all | PMI_Dontknow=Don't know
Healthcare Access and Utilization	Healthcare Access and Utilizati		healthproviderracereligion_howoften	radio	single_select		5				no	How often were you able to see doctors or health care providers who were similar to you in any of these ways? Would you say...	HowOften_Always=Always | HowOften_MostOfTheTime=Most of the time | HowOften_SomeOfTheTime=Some of the time | HowOften_NoneOfTheTime=None of the time | PMI_Dontknow=Don't know
Healthcare Access and Utilization	Healthcare Access and Utilizati		healthproviderracereligion_delayedornocare	radio	single_select		5				no	How often have you either delayed or not gone to see doctors or health care providers because they were different from you in any of these ways?	DelayedOrNoCare_Always=Always | DelayedOrNoCare_MostOfTheTime=Most of the time | DelayedOrNoCare_SomeOfTheTime=Some of the time | DelayedOrNoCare_NoneOfTheTime=None of the time | PMI_Dontknow=Don't know
Social Determinants of Health	Social Determinants of Health		sdoh	descriptive	descriptive		0				no	Social Determinants of Health	
Social Determinants of Health	Social Determinants of Health		sdoh_intro	descriptive	descriptive		0				no	"<div class=""rich-text-field-label""><p><span style=""font-weight: normal;"">Thank you (again) for being a part of the <em> All of Us </em> Research Program. Many things can make us sick or keep us healthy. Where you were born or where you live, go to school, or work can affect your health. These are sometimes referred to as social factors, or the ""social determinants"", of health. </span><span style=""font-weight: normal;"">Help us learn more by completing this survey about your neighborhood, social life, stress, and feelings about your everyday life. This survey will take less than 10 minutes to complete. </span><br /><br /><span style=""font-weight: normal;"">Please answer each question as honestly as possible. It is important that you answer as many questions as you can. We are looking for your own answers, and not what you think your doctors, family, or friends want you to say.</span><br /><br /><span style=""font-weight: normal;"">Don't feel like you have to spend a long time on each question. The first answer that comes to you is usually the best one. If you aren't sure how to answer a question, choose the best answer from the options given. Some of the questions may be sensitive. You can choose not to answer.</span></p></div>"	
Social Determinants of Health	Social Determinants of Health		scns_1	radio	single_select		5				no	People around here are willing to help their neighbors.	SDOH_1=Strongly agree | SDOH_2=Agree | SDOH_3=Neutral (neither agree nor disagree) | SDOH_4=Disagree | SDOH_5=Strongly disagree
Social Determinants of Health	Social Determinants of Health		scns_2	radio	single_select		5				no	People in my neighborhood generally get along with each other.	SDOH_1=Strongly agree | SDOH_2=Agree | SDOH_3=Neutral (neither agree nor disagree) | SDOH_4=Disagree | SDOH_5=Strongly disagree
Social Determinants of Health	Social Determinants of Health		scns_3	radio	single_select		5				no	People in my neighborhood can be trusted.	SDOH_1=Strongly agree | SDOH_2=Agree | SDOH_3=Neutral (neither agree nor disagree) | SDOH_4=Disagree | SDOH_5=Strongly disagree
Social Determinants of Health	Social Determinants of Health		scns_4	radio	single_select		5				no	People in my neighborhood share the same values.	SDOH_1=Strongly agree | SDOH_2=Agree | SDOH_3=Neutral (neither agree nor disagree) | SDOH_4=Disagree | SDOH_5=Strongly disagree
Social Determinants of Health	Social Determinants of Health		nds_1	radio	single_select		4				no	There is a lot of graffiti in my neighborhood.	SDOH_5=Strongly disagree | SDOH_4=Disagree | SDOH_2=Agree | SDOH_1=Strongly agree
Social Determinants of Health	Social Determinants of Health		nds_2	radio	single_select		4				no	My neighborhood is noisy.	SDOH_5=Strongly disagree | SDOH_4=Disagree | SDOH_2=Agree | SDOH_1=Strongly agree
Social Determinants of Health	Social Determinants of Health		nds_3	radio	single_select		4				no	Vandalism is common in my neighborhood.	SDOH_5=Strongly disagree | SDOH_4=Disagree | SDOH_2=Agree | SDOH_1=Strongly agree
Social Determinants of Health	Social Determinants of Health		nds_4	radio	single_select		4				no	There are lot of abandoned buildings in my neighborhood.	SDOH_5=Strongly disagree | SDOH_4=Disagree | SDOH_2=Agree | SDOH_1=Strongly agree
Social Determinants of Health	Social Determinants of Health		nds_5	radio	single_select		4				no	My neighborhood is clean.	SDOH_5=Strongly disagree | SDOH_4=Disagree | SDOH_2=Agree | SDOH_1=Strongly agree
Social Determinants of Health	Social Determinants of Health		nds_6	radio	single_select		4				no	People in my neighborhood take good care of their houses and apartments.	SDOH_5=Strongly disagree | SDOH_4=Disagree | SDOH_2=Agree | SDOH_1=Strongly agree
Social Determinants of Health	Social Determinants of Health		nds_7	radio	single_select		4				no	There are too many people hanging around on the streets near my home.	SDOH_5=Strongly disagree | SDOH_4=Disagree | SDOH_2=Agree | SDOH_1=Strongly agree
Social Determinants of Health	Social Determinants of Health		nds_8	radio	single_select		4				no	There is a lot of crime in my neighborhood.	SDOH_5=Strongly disagree | SDOH_4=Disagree | SDOH_2=Agree | SDOH_1=Strongly agree
Social Determinants of Health	Social Determinants of Health		nds_9	radio	single_select		4				no	There is too much drug use in my neighborhood.	SDOH_5=Strongly disagree | SDOH_4=Disagree | SDOH_2=Agree | SDOH_1=Strongly agree
Social Determinants of Health	Social Determinants of Health		nds_10	radio	single_select		4				no	There is too much alcohol use in my neighborhood.	SDOH_5=Strongly disagree | SDOH_4=Disagree | SDOH_2=Agree | SDOH_1=Strongly agree
Social Determinants of Health	Social Determinants of Health		nds_11	radio	single_select		4				no	I'm always having trouble with my neighbors.	SDOH_5=Strongly disagree | SDOH_4=Disagree | SDOH_2=Agree | SDOH_1=Strongly agree
Social Determinants of Health	Social Determinants of Health		nds_12	radio	single_select		4				no	In my neighborhood, people watch out for each other.	SDOH_5=Strongly disagree | SDOH_4=Disagree | SDOH_2=Agree | SDOH_1=Strongly agree
Social Determinants of Health	Social Determinants of Health		nds_13	radio	single_select		4				no	My neighborhood is safe.	SDOH_5=Strongly disagree | SDOH_4=Disagree | SDOH_2=Agree | SDOH_1=Strongly agree
Social Determinants of Health	Social Determinants of Health		ips_1	radio	single_select	40192458	6				no	What is the main type of housing in your neighborhood?	SDOH_10=Detached single-family housing | SDOH_11=Townhouses, row house, apartments, or condos of 2-3 stories | SDOH_12=Mix of single-family residences and townhouses, row houses, apartments, or condos | SDOH_13=Apartments or condos of 4-12 stories | SDOH_14=Apartments or condos of more than 12 stories | PMI_DontKnow=Don't know/Not sure
Social Determinants of Health	Social Determinants of Health		ips_2	radio	single_select	40192436	5				no	Many shops, stores, markets or other places to buy things I need are within easy walking distance of my home. Would you say that you...	SDOH_5=Strongly disagree | SDOH_6=Somewhat disagree | SDOH_7=Somewhat agree | SDOH_1=Strongly agree | PMI_DontKnow=Don't know/Not sure
Social Determinants of Health	Social Determinants of Health		ips_3	radio	single_select	40192440	5				no	It is within a 10-15 minute walk to a transit stop (such as bus, train, trolley, or tram) from my home. Would you say that you...	SDOH_5=Strongly disagree | SDOH_6=Somewhat disagree | SDOH_7=Somewhat agree | SDOH_1=Strongly agree | PMI_DontKnow=Don't know/Not sure
Social Determinants of Health	Social Determinants of Health		ips_4	radio	single_select	40192437	6				no	There are sidewalks on most of the streets in my neighborhood. Would you say that you...	SDOH_5=Strongly disagree | SDOH_6=Somewhat disagree | SDOH_7=Somewhat agree | SDOH_1=Strongly agree | SDOH_9=Does not apply to my neighborhood | PMI_DontKnow=Don't know/Not sure
Social Determinants of Health	Social Determinants of Health		ips_5	radio	single_select	40192431	6				no	There are facilities to bicycle in or near my neighborhood, such as special lanes, separate paths or trails, or shared use paths for cycles and pedestrians. Would you say that you...	SDOH_5=Strongly disagree | SDOH_6=Somewhat disagree | SDOH_7=Somewhat agree | SDOH_1=Strongly agree | SDOH_9=Does not apply to my neighborhood | PMI_DontKnow=Don't know/Not sure
Social Determinants of Health	Social Determinants of Health		ips_6	radio	single_select	40192410	5				no	My neighborhood has several free or low-cost recreation facilities, such as parks, walking trails, bike paths, recreation centers, playgrounds, public swimming pools, etc. Would you say that you...	SDOH_5=Strongly disagree | SDOH_6=Somewhat disagree | SDOH_7=Somewhat agree | SDOH_1=Strongly agree | PMI_DontKnow=Don't know/Not sure
Social Determinants of Health	Social Determinants of Health		ips_7	radio	single_select	40192492	5				no	The crime rate in my neighborhood makes it unsafe to go on walks at night. Would you say that you...	SDOH_5=Strongly disagree | SDOH_6=Somewhat disagree | SDOH_7=Somewhat agree | SDOH_1=Strongly agree | PMI_DontKnow=Don't know/Not sure
Social Determinants of Health	Social Determinants of Health		ips_16	radio	single_select	40192414	5				no	The crime rate in my neighborhood makes it unsafe to go on walks during the day. Would you say that you...	SDOH_5=Strongly disagree | SDOH_6=Somewhat disagree | SDOH_7=Somewhat agree | SDOH_1=Strongly agree | PMI_DontKnow=Don't know/Not sure
Social Determinants of Health	Social Determinants of Health		sdoh_mos_ss_1	radio	single_select		5				no	Someone to help you if you were confined to bed	SDOH_15=None of the time | SDOH_16=A little of the time | SDOH_17=Some of the time | SDOH_18=Most of the time | SDOH_19=All of the time
Social Determinants of Health	Social Determinants of Health		sdoh_mos_ss_2	radio	single_select		5				no	Someone to take you to the doctor if you need it	SDOH_15=None of the time | SDOH_16=A little of the time | SDOH_17=Some of the time | SDOH_18=Most of the time | SDOH_19=All of the time
Social Determinants of Health	Social Determinants of Health		sdoh_mos_ss_3	radio	single_select		5				no	Someone to prepare your meals if you were unable to do it yourself	SDOH_15=None of the time | SDOH_16=A little of the time | SDOH_17=Some of the time | SDOH_18=Most of the time | SDOH_19=All of the time
Social Determinants of Health	Social Determinants of Health		sdoh_mos_ss_4	radio	single_select		5				no	Someone to help with daily chores if you were sick	SDOH_15=None of the time | SDOH_16=A little of the time | SDOH_17=Some of the time | SDOH_18=Most of the time | SDOH_19=All of the time
Social Determinants of Health	Social Determinants of Health		sdoh_mos_ss_5	radio	single_select		5				no	Someone to have a good time with	SDOH_15=None of the time | SDOH_16=A little of the time | SDOH_17=Some of the time | SDOH_18=Most of the time | SDOH_19=All of the time
Social Determinants of Health	Social Determinants of Health		sdoh_mos_ss_6	radio	single_select		5				no	Someone to turn to for suggestions about how to deal with a personal problem	SDOH_15=None of the time | SDOH_16=A little of the time | SDOH_17=Some of the time | SDOH_18=Most of the time | SDOH_19=All of the time
Social Determinants of Health	Social Determinants of Health		sdoh_mos_ss_7	radio	single_select		5				no	Someone who understands your problems	SDOH_15=None of the time | SDOH_16=A little of the time | SDOH_17=Some of the time | SDOH_18=Most of the time | SDOH_19=All of the time
Social Determinants of Health	Social Determinants of Health		sdoh_mos_ss_8	radio	single_select		5				no	Someone to love and make you feel wanted	SDOH_15=None of the time | SDOH_16=A little of the time | SDOH_17=Some of the time | SDOH_18=Most of the time | SDOH_19=All of the time
Social Determinants of Health	Social Determinants of Health		sdoh_ucla_ls8_2	radio	single_select		4				no	I lack companionship	SDOH_20=Never | SDOH_21=Rarely | SDOH_22=Sometimes | SDOH_23=Often
Social Determinants of Health	Social Determinants of Health		sdoh_ucla_ls8_3	radio	single_select		4				no	There is no one I can turn to	SDOH_20=Never | SDOH_21=Rarely | SDOH_22=Sometimes | SDOH_23=Often
Social Determinants of Health	Social Determinants of Health		sdoh_ucla_ls8_9	radio	single_select		4				no	I am an outgoing person	SDOH_20=Never | SDOH_21=Rarely | SDOH_22=Sometimes | SDOH_23=Often
Social Determinants of Health	Social Determinants of Health		sdoh_ucla_ls8_11	radio	single_select		4				no	I feel left out	SDOH_20=Never | SDOH_21=Rarely | SDOH_22=Sometimes | SDOH_23=Often
Social Determinants of Health	Social Determinants of Health		sdoh_ucla_ls8_14	radio	single_select		4				no	I feel isolated from others	SDOH_20=Never | SDOH_21=Rarely | SDOH_22=Sometimes | SDOH_23=Often
Social Determinants of Health	Social Determinants of Health		sdoh_ucla_ls8_15	radio	single_select	40192516	4				no	I can find companionship when I want it	SDOH_20=Never | SDOH_21=Rarely | SDOH_22=Sometimes | SDOH_23=Often
Social Determinants of Health	Social Determinants of Health		sdoh_ucla_ls8_17	radio	single_select		4				no	I am unhappy being so withdrawn	SDOH_20=Never | SDOH_21=Rarely | SDOH_22=Sometimes | SDOH_23=Often
Social Determinants of Health	Social Determinants of Health		sdoh_ucla_ls8_18	radio	single_select		4				no	People are around me but not with me	SDOH_20=Never | SDOH_21=Rarely | SDOH_22=Sometimes | SDOH_23=Often
Social Determinants of Health	Social Determinants of Health		sdoh_eds_1	radio	single_select		6				no	You are treated with less courtesy than other people are.	SDOH_24=Almost everyday | SDOH_25=At least once a week | SDOH_26=A few times a month | SDOH_27=A few times a year | SDOH_28=Less than once a year | SDOH_20=Never
Social Determinants of Health	Social Determinants of Health		sdoh_eds_2	radio	single_select		6				no	You are treated with less respect than other people are.	SDOH_24=Almost everyday | SDOH_25=At least once a week | SDOH_26=A few times a month | SDOH_27=A few times a year | SDOH_28=Less than once a year | SDOH_20=Never
Social Determinants of Health	Social Determinants of Health		sdoh_eds_3	radio	single_select		6				no	You receive poorer service than other people at restaurants or stores.	SDOH_24=Almost everyday | SDOH_25=At least once a week | SDOH_26=A few times a month | SDOH_27=A few times a year | SDOH_28=Less than once a year | SDOH_20=Never
Social Determinants of Health	Social Determinants of Health		sdoh_eds_4	radio	single_select		6				no	People act as if they think you are not smart.	SDOH_24=Almost everyday | SDOH_25=At least once a week | SDOH_26=A few times a month | SDOH_27=A few times a year | SDOH_28=Less than once a year | SDOH_20=Never
Social Determinants of Health	Social Determinants of Health		sdoh_eds_5	radio	single_select		6				no	People act as if they are afraid of you.	SDOH_24=Almost everyday | SDOH_25=At least once a week | SDOH_26=A few times a month | SDOH_27=A few times a year | SDOH_28=Less than once a year | SDOH_20=Never
Social Determinants of Health	Social Determinants of Health		sdoh_eds_6	radio	single_select		6				no	People act as if they think you are dishonest.	SDOH_24=Almost everyday | SDOH_25=At least once a week | SDOH_26=A few times a month | SDOH_27=A few times a year | SDOH_28=Less than once a year | SDOH_20=Never
Social Determinants of Health	Social Determinants of Health		sdoh_eds_7	radio	single_select		6				no	People act as if they're better than you are.	SDOH_24=Almost everyday | SDOH_25=At least once a week | SDOH_26=A few times a month | SDOH_27=A few times a year | SDOH_28=Less than once a year | SDOH_20=Never
Social Determinants of Health	Social Determinants of Health		sdoh_eds_8	radio	single_select		6				no	You are called names or insulted.	SDOH_24=Almost everyday | SDOH_25=At least once a week | SDOH_26=A few times a month | SDOH_27=A few times a year | SDOH_28=Less than once a year | SDOH_20=Never
Social Determinants of Health	Social Determinants of Health		sdoh_eds_9	radio	single_select		6				no	You are threatened or harassed.	SDOH_24=Almost everyday | SDOH_25=At least once a week | SDOH_26=A few times a month | SDOH_27=A few times a year | SDOH_28=Less than once a year | SDOH_20=Never
Social Determinants of Health	Social Determinants of Health		sdoh_eds_follow_up_1	checkbox	multi_select		11				yes	What do you think is the main reason for these experiences?	SDOH_29=Your ancestry or national origins | SDOH_30=Your gender | SDOH_31=Your race | SDOH_32=Your age | SDOH_33=Your religion | SDOH_34=Your height | SDOH_35=Your weight | SDOH_36=Some other aspect of your physical appearance | SDOH_37=Your sexual orientation | SDOH_38=Your education or income level | SDOH_39=Other (specify)
Social Determinants of Health	Social Determinants of Health		sdoh_eds_follow_up_1_xx	text	free_text		0				yes	Please specify.	
Social Determinants of Health	Social Determinants of Health		sdoh_dms_1	radio	single_select		5				no	You are treated with less courtesy than other people.	SDOH_20=Never | SDOH_21=Rarely | SDOH_22=Sometimes | SDOH_18=Most of the time | SDOH_40=Always
Social Determinants of Health	Social Determinants of Health		sdoh_dms_2	radio	single_select		5				no	You are treated with less respect than other people.	SDOH_20=Never | SDOH_21=Rarely | SDOH_22=Sometimes | SDOH_18=Most of the time | SDOH_40=Always
Social Determinants of Health	Social Determinants of Health		sdoh_dms_3	radio	single_select		5				no	You receive poorer service than others.	SDOH_20=Never | SDOH_21=Rarely | SDOH_22=Sometimes | SDOH_18=Most of the time | SDOH_40=Always
Social Determinants of Health	Social Determinants of Health		sdoh_dms_4	radio	single_select		5				no	A doctor or nurse acts as if he or she thinks you are not smart.	SDOH_20=Never | SDOH_21=Rarely | SDOH_22=Sometimes | SDOH_18=Most of the time | SDOH_40=Always
Social Determinants of Health	Social Determinants of Health		sdoh_dms_5	radio	single_select		5				no	A doctor or nurse acts as if he or she is afraid of you.	SDOH_20=Never | SDOH_21=Rarely | SDOH_22=Sometimes | SDOH_18=Most of the time | SDOH_40=Always
Social Determinants of Health	Social Determinants of Health		sdoh_dms_7	radio	single_select		5				no	A doctor or nurse acts as if he or she is better than you.	SDOH_20=Never | SDOH_21=Rarely | SDOH_22=Sometimes | SDOH_18=Most of the time | SDOH_40=Always
Social Determinants of Health	Social Determinants of Health		sdoh_dms_6	radio	single_select		5				no	You feel like a doctor or nurse is not listening to what you were saying.	SDOH_20=Never | SDOH_21=Rarely | SDOH_22=Sometimes | SDOH_18=Most of the time | SDOH_40=Always
Social Determinants of Health	Social Determinants of Health		hvs_1	radio	single_select		3				no	Within the past 12 months, we worried whether our food would run out before we got money to buy more.	SDOH_41=Often true | SDOH_42=Sometimes true | SDOH_43=Never true
Social Determinants of Health	Social Determinants of Health		hvs_2	radio	single_select		3				no	Within the past 12 months, the food we bought just didn't last and we didn't have money to get more.	SDOH_41=Often true | SDOH_42=Sometimes true | SDOH_43=Never true
Social Determinants of Health	Social Determinants of Health		urs_8c	text	numeric_text	40192441	0	integer	0.0	15.0	no	In the last 12 months, how many times have you or your family moved from one home to another? Number of moves in past 12 months:	
Social Determinants of Health	Social Determinants of Health		ahc_2	checkbox	multi_select	40192402	8				no	Think about the place you live. Do you have problems with any of the following? Select all that apply.	SDOH_44=Bug infestation | SDOH_45=Mold | SDOH_46=Lead paint or pipes | SDOH_47=Inadequate heat | SDOH_48=Oven or stove not working | SDOH_49=No or not working smoke detector | SDOH_50=Water leaks | SDOH_51=None of the above
Social Determinants of Health	Social Determinants of Health		sdoh_cpss_1	radio	single_select	1332878	5				no	In the last month, how often have you been upset because of something that happened unexpectedly?	SDOH_20=Never | SDOH_52=Almost Never | SDOH_22=Sometimes | SDOH_53=Fairly Often | SDOH_54=Very Often
Social Determinants of Health	Social Determinants of Health		sdoh_cpss_2	radio	single_select	1332794	5				no	In the last month, how often have you felt that you were unable to control the important things in your life?	SDOH_20=Never | SDOH_52=Almost Never | SDOH_22=Sometimes | SDOH_53=Fairly Often | SDOH_54=Very Often
Social Determinants of Health	Social Determinants of Health		sdoh_cpss_3	radio	single_select	1332854	5				no	"In the last month, how often have you felt nervous and ""stressed""?"	SDOH_20=Never | SDOH_52=Almost Never | SDOH_22=Sometimes | SDOH_53=Fairly Often | SDOH_54=Very Often
Social Determinants of Health	Social Determinants of Health		sdoh_cpss_4	radio	single_select	1332861	5				no	In the last month, how often have you felt confident about your ability to handle your personal problems?	SDOH_20=Never | SDOH_52=Almost Never | SDOH_22=Sometimes | SDOH_53=Fairly Often | SDOH_54=Very Often
Social Determinants of Health	Social Determinants of Health		sdoh_cpss_5	radio	single_select	1332862	5				no	In the last month, how often have you felt that things were going your way?	SDOH_20=Never | SDOH_52=Almost Never | SDOH_22=Sometimes | SDOH_53=Fairly Often | SDOH_54=Very Often
Social Determinants of Health	Social Determinants of Health		sdoh_cpss_6	radio	single_select	1332863	5				no	In the last month, how often have you found that you could not cope with all the things that you had to do?	SDOH_20=Never | SDOH_52=Almost Never | SDOH_22=Sometimes | SDOH_53=Fairly Often | SDOH_54=Very Often
Social Determinants of Health	Social Determinants of Health		sdoh_cpss_7	radio	single_select	1332944	5				no	In the last month, how often have you been able to control irritations in your life?	SDOH_20=Never | SDOH_52=Almost Never | SDOH_22=Sometimes | SDOH_53=Fairly Often | SDOH_54=Very Often
Social Determinants of Health	Social Determinants of Health		sdoh_cpss_8	radio	single_select	1332868	5				no	In the last month, how often have you felt that you were on top of things?	SDOH_20=Never | SDOH_52=Almost Never | SDOH_22=Sometimes | SDOH_53=Fairly Often | SDOH_54=Very Often
Social Determinants of Health	Social Determinants of Health		sdoh_cpss_9	radio	single_select	1332869	5				no	In the last month, how often have you been angered because of things that were outside of your control?	SDOH_20=Never | SDOH_52=Almost Never | SDOH_22=Sometimes | SDOH_53=Fairly Often | SDOH_54=Very Often
Social Determinants of Health	Social Determinants of Health		sdoh_cpss_10	radio	single_select	1332998	5				no	In the last month, how often have you felt difficulties were piling up so high that you could not overcome them?	SDOH_20=Never | SDOH_52=Almost Never | SDOH_22=Sometimes | SDOH_53=Fairly Often | SDOH_54=Very Often
Social Determinants of Health	Social Determinants of Health		bmmrs_1	radio	single_select		7				no	I feel God's (or a higher power's) presence	SDOH_55=Many times a day | SDOH_56=Every day | SDOH_57=Most days | SDOH_58=Some days | SDOH_59=Once in a while | SDOH_60=Never or almost never | SDOH_61=I do not believe in God (or a higher power)
Social Determinants of Health	Social Determinants of Health		bmmrs_2	radio	single_select		7				no	I find strength and comfort in my religion	SDOH_55=Many times a day | SDOH_56=Every day | SDOH_57=Most days | SDOH_58=Some days | SDOH_59=Once in a while | SDOH_60=Never or almost never | SDOH_62=I am not religious
Social Determinants of Health	Social Determinants of Health		bmmrs_3	radio	single_select		6				no	I feel deep inner peace or harmony	SDOH_55=Many times a day | SDOH_56=Every day | SDOH_57=Most days | SDOH_58=Some days | SDOH_59=Once in a while | SDOH_60=Never or almost never
Social Determinants of Health	Social Determinants of Health		bmmrs_4	radio	single_select		7				no	I desire to be closer to or in union with God (or a higher power)	SDOH_55=Many times a day | SDOH_56=Every day | SDOH_57=Most days | SDOH_58=Some days | SDOH_59=Once in a while | SDOH_60=Never or almost never | SDOH_61=I do not believe in God (or a higher power)
Social Determinants of Health	Social Determinants of Health		bmmrs_5	radio	single_select		7				no	I feel God's (or a higher power's) love for me, directly or through others	SDOH_55=Many times a day | SDOH_56=Every day | SDOH_57=Most days | SDOH_58=Some days | SDOH_59=Once in a while | SDOH_60=Never or almost never | SDOH_61=I do not believe in God (or a higher power)
Social Determinants of Health	Social Determinants of Health		bmmrs_6	radio	single_select		6				no	I am spiritually touched by the beauty of creation	SDOH_55=Many times a day | SDOH_56=Every day | SDOH_57=Most days | SDOH_58=Some days | SDOH_59=Once in a while | SDOH_60=Never or almost never
Social Determinants of Health	Social Determinants of Health		nhs_xx	radio	single_select	40192470	6				no	How often do you go to religious meetings or services?	SDOH_63=More than once a week | SDOH_64=Once a week | SDOH_65=1 to 3 times per month | SDOH_66=Less than once per month | SDOH_60=Never or almost never | SDOH_62=I am not religious
Social Determinants of Health	Social Determinants of Health		chis_1	radio	single_select	40192526	3				no	Do you speak a language other than English at home?	SDOH_67=Yes | SDOH_68=No | PMI_PreferNotToAnswer=Prefer not to answer
Social Determinants of Health	Social Determinants of Health		chis_1_xx	radio	single_select	40192529	6				yes	Since you speak a language other than English at home, we are interested in your own thoughts about how well you think you speak English. Would you say you speak English...	SDOH_70=Very well | SDOH_71=Well | SDOH_72=Not well | SDOH_73=Not at all | PMI_PreferNotToAnswer=Prefer not to answer | PMI_DontKnow=Don't know
Social Determinants of Health	Social Determinants of Health		sdoh_outro	descriptive	descriptive		0				no	If you or someone you care about needs help: NIMH Getting Help page: https://www.nimh.nih.gov/health/find-help/index.shtml	
COVID-19 Participant Experience (COPE)	COPE 	December	cope_dec	descriptive	descriptive		0				no	December COPE Survey	
COVID-19 Participant Experience (COPE)	COPE 	December	copect_40_xx15_a	radio	single_select		6				yes	When did your symptoms begin?	cope_a_319=January or February 2020 | cope_a_320=March or April 2020 | cope_a_321=May or June 2020 | cope_a_322=July or August 2020 | cope_a_323=September or October 2020 | cope_a_327=November or December 2020
COVID-19 Participant Experience (COPE)	COPE 	February	cdc_covid_xx	radio	single_select	596884	3				no	Did you receive the COVID-19 vaccination?	COPE_A_44=Yes | COPE_A_13=No | cope_a_334=Not sure, I participated in a COVID-19 vaccination trial
COVID-19 Participant Experience (COPE)	COPE 	February	cdc_covid_xx_a	radio	single_select	596885	2				yes	How many doses of the vaccine did you receive?	cope_a_332=1 | cope_a_333=2
COVID-19 Participant Experience (COPE)	COPE 	February	cdc_covid_xx_a_date1	text	date_text		0	date_mdy	2020-03-01 00:00:00		yes	Enter date of vaccine dose 1	
COVID-19 Participant Experience (COPE)	COPE 	February	cdc_covid_xx_a_date2	text	date_text		0	date_mdy	2020-03-01 00:00:00		yes	Enter date of vaccine dose 2	
COVID-19 Participant Experience (COPE)	COPE 	February	cdc_covid_xx_b	radio	single_select	596888	4				yes	Which vaccine did you receive?	cope_a_330=Pfizer (Pfizer-BioNTech) | cope_a_331=Moderna | COPE_A_204=Other | COPE_A_52=Not sure
COVID-19 Participant Experience (COPE)	COPE 	February	cdc_covid_xx_b_other	text	free_text		0				yes	Please specify:	
COVID-19 Participant Experience (COPE)	COPE 	February	cope_feb	descriptive	descriptive		0				no	February COPE Survey	
COVID-19 Participant Experience (COPE)	COPE 	February	copect_40_xx15_a	radio	single_select		7				yes	When did your symptoms begin?	cope_a_319=January or February 2020 | cope_a_320=March or April 2020 | cope_a_321=May or June 2020 | cope_a_322=July or August 2020 | cope_a_323=September or October 2020 | cope_a_327=November or December 2020 | cope_a_328=January or February 2021
COVID-19 Participant Experience (COPE)	COPE 	July	cdc_covid_19_n_a2	text	numeric_text		0	integer	1.0	30.0	yes	How many times were you tested?	
COVID-19 Participant Experience (COPE)	COPE 	July	cope_jul	descriptive	descriptive		0				no	July 2020 Covid-19 Participant Experience (COPE) Survey	
COVID-19 Participant Experience (COPE)	COPE 	July, November, December, February	cdc_covid_19_n_a2	text	numeric_text	1333118	0	integer	1.0	100.0	yes	How many times have you been tested?	
COVID-19 Participant Experience (COPE)	COPE 	July, November, December, February	nhs_covid_fhc17a	radio	single_select	1333297	2				no	Do you personally know someone who has died of COVID-19?	COPE_A_44=Yes | COPE_A_13=No
COVID-19 Participant Experience (COPE)	COPE 	July, November, December, February	nhs_covid_fhc17b	checkbox	multi_select	1332769	9				yes	Who do you know who has died? Check all that apply.	cope_a_242=Spouse, partner, boyfriend, girlfriend | cope_a_243=Parent | cope_a_244=Grandparent | cope_a_245=Child | cope_a_246=Sibling (brother or sister) | cope_a_247=Co-worker | cope_a_248=Friend | cope_a_249=Neighbor | COPE_A_226=Other
COVID-19 Participant Experience (COPE)	COPE 	July, November, December, February	nhs_covid_fhc17b_cope_a_226	text	free_text		0				yes	Please specify.	
COVID-19 Participant Experience (COPE)	COPE 	June	cope_jun	descriptive	descriptive		0				no	June 2020 Covid-19 Participant Experience (COPE) Survey	
COVID-19 Participant Experience (COPE)	COPE 	June, July	eds_follow_up_1	checkbox	multi_select	1332880	11				yes	What do you think is the main reason(s) for these experiences? Select all that apply.	COPE_A_11=Your ancestry or national origins | COPE_A_100=Your gender | COPE_A_98=Your race | COPE_A_8=Your age | COPE_A_190=Your religion | COPE_A_66=Your height | COPE_A_46=Your weight | COPE_A_108=Some other aspect of your physical appearance | COPE_A_45=Your sexual orientation | COPE_A_145=Your education or income level | COPE_A_226=Other
COVID-19 Participant Experience (COPE)	COPE 	June, July	ipaq_2_cope_a_85	text	numeric_text		0	number	0.0	1440.0	yes	Minutes per day (Please enter a number) Note: Half an hour=30 minutes, 1 hour=60 minutes, 1 and a half hours=90 minutes	
COVID-19 Participant Experience (COPE)	COPE 	June, July	ipaq_4_cope_a_85	text	numeric_text		0	number	0.0	1440.0	yes	Minutes per day (Please enter a number) Note: Half an hour=30 minutes, 1 hour=60 minutes, 1 and a half hours=90 minutes	
COVID-19 Participant Experience (COPE)	COPE 	June, July	ipaq_6_cope_a_85	text	numeric_text		0	number	0.0	1440.0	yes	Minutes per day (Please enter a number) Note: Half an hour=30 minutes, 1 hour=60 minutes, 1 and a half hours=90 minutes	
COVID-19 Participant Experience (COPE)	COPE 	June, July	section_participation	radio	single_select		3				no	You can choose not to answer any question at any time. This survey will take approximately 20 to 30 minutes to complete.	COPE_A_44=Yes, I'm ready to take the survey now. | COPE_A_231=Yes, I would like to take the survey at a later time. | COPE_A_13=No, I do not want to take the survey.
COVID-19 Participant Experience (COPE)	COPE 	May	cope_may	descriptive	descriptive		0				no	May 2020 Covid-19 Participant Experience (COPE) Survey	
COVID-19 Participant Experience (COPE)	COPE 	May	eds_follow_up_1	checkbox	multi_select		11				yes	What do you think is the main reason for these experiences? Select all that apply.	COPE_A_11=Your ancestry or national origins | COPE_A_100=Your gender | COPE_A_98=Your race | COPE_A_8=Your age | COPE_A_190=Your religion | COPE_A_66=Your height | COPE_A_46=Your weight | COPE_A_108=Some other aspect of your physical appearance | COPE_A_45=Your sexual orientation | COPE_A_145=Your education or income level | COPE_A_226=Other
COVID-19 Participant Experience (COPE)	COPE 	May	ipaq_2_cope_a_160	text	numeric_text	903633	0	number	0.0	24.0	yes	How much time did you usually spend doing vigorous physical activities on one of those days (hours per day)?	
COVID-19 Participant Experience (COPE)	COPE 	May	ipaq_2_cope_a_85	text	numeric_text	903631	0	number	0.0	59.0	yes	How much time did you usually spend doing vigorous physical activities on one of those days (minutes per day)?	
COVID-19 Participant Experience (COPE)	COPE 	May	ipaq_4_cope_a_160	text	numeric_text	903634	0	number	0.0	24.0	yes	How much time did you usually spend doing moderate physical activities on one of those days (hours per day)?	
COVID-19 Participant Experience (COPE)	COPE 	May	ipaq_4_cope_a_85	text	numeric_text	903629	0	number	0.0	59.0	yes	How much time did you usually spend doing moderate physical activities on one of those those days (minutes per day)?	
COVID-19 Participant Experience (COPE)	COPE 	May	ipaq_6_cope_a_160	text	numeric_text	903635	0	number	0.0	7.0	yes	How much time did you usually spend walking on one of those days (hours per day)?	
COVID-19 Participant Experience (COPE)	COPE 	May	ipaq_6_cope_a_85	text	numeric_text	903630	0	number	0.0	59.0	yes	How much time did you usually spend walking on one of those days (minutes per day)?	
COVID-19 Participant Experience (COPE)	COPE 	May	section_participation	radio	single_select		2				no	You can choose not to answer any question at any time. This survey will take approximately 15 to 20 minutes to complete.	COPE_A_44=Yes, I still want to take the survey. | COPE_A_13=No, I do not want to take the survey.
COVID-19 Participant Experience (COPE)	COPE 	May, June	cdc_covid_19_9b	radio	single_select	1332742	3				no	Were you tested for influenza (flu) in the past month?	COPE_A_44=Yes | COPE_A_13=No | COPE_A_14=Unknown
COVID-19 Participant Experience (COPE)	COPE 	May, June, July	audit_c_1	radio	single_select	1332876	5				no	In the past month: How often do you have a drink containing alcohol?	COPE_A_120=Never | COPE_A_125=Monthly or less | COPE_A_167=2-4 times a month | COPE_A_89=2-3 times a week | COPE_A_16=4 or more times a week
COVID-19 Participant Experience (COPE)	COPE 	May, June, July	audit_c_2	radio	single_select	1332793	5				yes	In the past month: How many standard drinks containing alcohol do you have on a typical day?	COPE_A_4=1 or 2 | COPE_A_23=3 or 4 | COPE_A_51=5 or 6 | COPE_A_172=7 to 9 | COPE_A_6=10 or more
COVID-19 Participant Experience (COPE)	COPE 	May, June, July	audit_c_3	radio	single_select	1332853	5				yes	In the past month: How often do you have six or more drinks containing alcohol on one occasion?	COPE_A_120=Never | COPE_A_37=Less than monthly | COPE_A_56=Monthly | COPE_A_180=Weekly | COPE_A_103=Daily or almost daily
COVID-19 Participant Experience (COPE)	COPE 	May, June, July	basics_11a	checkbox	multi_select	1332737	9				yes	Are you currently covered by any of the following types of health insurance or health care plans? Select all that apply.	COPE_A_170=Insurance purchased directly from an insurance company (by you or another family member) | COPE_A_63=Insurance through a current or former employer or union (by you or another family member) | COPE_A_193=Medicare, for people 65 and older or people with certain disabilities | COPE_A_134=Medicaid, Medical Assistance, or any kind of government-assistance plan for those with low incomes or disability | COPE_A_109=TRICARE or other military health care | COPE_A_181=Veterans Affairs (VA) (including those who have ever used or enrolled for VA health care) | COPE_A_68=Indian Health Service | COPE_A_33=Any other type of health insurance or health coverage plan | COPE_A_60=I don't have health insurance, self-pay
COVID-19 Participant Experience (COPE)	COPE 	May, June, July	basics_11a_cope_a_33	text	free_text		0				yes	Other health insurance or health coverage plan. Please specify.	
COVID-19 Participant Experience (COPE)	COPE 	May, June, July	basics_12	checkbox	multi_select	1332843	9				no	What is your current employment status? Select all that apply.	COPE_A_106=Employed for wages (part- time or full-time) | COPE_A_186=Self-employed | COPE_A_153=Out of work for 1 year or more | COPE_A_61=Out of work for less than 1 year | COPE_A_142=A homemaker | COPE_A_50=A student | COPE_A_196=Retired | COPE_A_128=Unable to work (disabled) | COPE_A_30=Prefer not to answer
COVID-19 Participant Experience (COPE)	COPE 	May, June, July	basics_8	radio	single_select	1332833	7				no	What is your current marital status?	COPE_A_116=Married | COPE_A_133=Divorced | COPE_A_58=Widowed | COPE_A_177=Separated | COPE_A_163=Never married | COPE_A_104=Living with partner | COPE_A_30=Prefer not to answer
COVID-19 Participant Experience (COPE)	COPE 	May, June, July	brcs_1	radio	single_select	1333024	5				no	Please select the response that best reflects your behavior in the past month. I look for creative ways to alter difficult situations.	COPE_A_15=Does not describe me at all | COPE_A_35=Does not describe me | COPE_A_176=Neutral | COPE_A_70=Describes me | COPE_A_88=Describes me very well
COVID-19 Participant Experience (COPE)	COPE 	May, June, July	brcs_2	radio	single_select	1332739	5				no	Please select the response that best reflects your behavior in the past month. Regardless of what happens to me, I believe I can control my reaction to it.	COPE_A_15=Does not describe me at all | COPE_A_35=Does not describe me | COPE_A_176=Neutral | COPE_A_70=Describes me | COPE_A_88=Describes me very well
COVID-19 Participant Experience (COPE)	COPE 	May, June, July	brcs_3	radio	single_select	1332848	5				no	Please select the response that best reflects your behavior in the past month. I believe I can grow in positive ways by dealing with difficult situations.	COPE_A_15=Does not describe me at all | COPE_A_35=Does not describe me | COPE_A_176=Neutral | COPE_A_70=Describes me | COPE_A_88=Describes me very well
COVID-19 Participant Experience (COPE)	COPE 	May, June, July	brcs_4	radio	single_select	1332741	5				no	Please select the response that best reflects your behavior in the past month. I actively look for ways to replace the losses I encounter in life.	COPE_A_15=Does not describe me at all | COPE_A_35=Does not describe me | COPE_A_176=Neutral | COPE_A_70=Describes me | COPE_A_88=Describes me very well
COVID-19 Participant Experience (COPE)	COPE 	May, June, July	cdc_covid_19_18	checkbox	multi_select	1333291	11				no	In the past month, how has the COVID-19 outbreak affected you? Please select all that apply.	COPE_A_135=Worked remotely or from home more than you usually do | COPE_A_101=Worked more hours than usual | COPE_A_12=Worked reduced hours | COPE_A_90=Was not able to work due to COVID-19 related illness | COPE_A_71=I became unemployed | COPE_A_92=Had difficulty arranging for childcare | COPE_A_147=Incurred increased costs for childcare expenses | COPE_A_5=Worked with children at home with me | COPE_A_179=Income or pay has been reduced | COPE_A_17=Not paid at all | COPE_A_87=Had serious financial problems
COVID-19 Participant Experience (COPE)	COPE 	May, June, July	cdc_covid_19_25	checkbox	multi_select	1333104	17				no	In the past month, to cope with social distancing and isolation, are you doing any of the following? Select all that apply.	COPE_A_82=Taking breaks from watching, reading, or listening to news stories, including social media | COPE_A_115=Increasing watching, reading, or listening to news stories, including social media | COPE_A_157=Taking care of your body, such as taking deep breaths, stretching, or meditating | COPE_A_97=Engaging in healthy behaviors like trying to eat healthy, well-balanced meals, exercising regularly, getting plenty of sleep, or avoiding alcohol and drugs | COPE_A_173=Making time to relax | COPE_A_48=Connecting with others, including talking with people you trust about your concerns and how you are feeling | COPE_A_182=Contacting a healthcare provider | COPE_A_110=Smoking more cigarettes or vaping more | COPE_A_79=Drinking alcohol more than usual | COPE_A_74=Using prescription drugs (like valium, etc.) more than usual | COPE_A_28=Using non-prescription drugs more than usual | COPE_A_1=Using cannabis or marijuana more than usual | COPE_A_118=Eating high fat or sugary foods more than usual | COPE_A_123=Cutting or self-injury more than usual | COPE_A_156=Over exercise | COPE_A_121=Eating more food than usual | COPE_A_178=Eating less food than usual
COVID-19 Participant Experience (COPE)	COPE 	May, June, July	cdc_covid_19_26	checkbox	multi_select	1332847	3				no	In the past month, have the following behaviors increased in your household? Select all that apply.	COPE_A_27=Interpersonal conflict with family members or loved ones | COPE_A_81=Snapping at or yelling at family members | COPE_A_195=Interpersonal conflict with friends or coworkers
COVID-19 Participant Experience (COPE)	COPE 	May, June, July	cdc_covid_19_7_xx23	checkbox	multi_select		17				yes	Which of the following symptoms did you have? (select all that apply)	COPE_A_54=A fever/feverish | COPE_A_20=Cough | COPE_A_83=Sore or painful throat | COPE_A_40=Runny or stuffy nose | COPE_A_192=Difficulty breathing or shortness of breath | COPE_A_65=Unusual fatigue | COPE_A_49=Unusually strong muscle pains/aches | COPE_A_96=Headache | COPE_A_69=Dizziness or light-headedness | COPE_A_122=Loss of smell or taste | COPE_A_36=Unusual eye soreness or discomfort (e.g., light sensitivity or excessive tears) | COPE_A_183=Unusually hoarse voice | COPE_A_39=Unusual chest pain or tightness in your chest | COPE_A_188=Unusual abdominal pain or stomachache | COPE_A_114=Diarrhea | COPE_A_105=Nausea | COPE_A_185=Skipping meals
COVID-19 Participant Experience (COPE)	COPE 	May, June, July	cdc_covid_19_9_xx24	radio	single_select	1333326	4				yes	Was the test for COVID-19 positive?	COPE_A_44=Yes | COPE_A_13=No | COPE_A_14=Unknown | COPE_A_117=Waiting for results
COVID-19 Participant Experience (COPE)	COPE 	May, June, July	cdc_covid_19_9_xx25	radio	single_select	1333327	3				no	Were you tested for COVID-19 in the past month?	COPE_A_44=Yes | COPE_A_13=No | COPE_A_14=Unknown
COVID-19 Participant Experience (COPE)	COPE 	May, June, July	cdc_covid_19_n_a	checkbox	multi_select	1333014	3				yes	How were you tested? Select all that apply.	COPE_A_166=Nasal swab | COPE_A_124=Throat Swab | COPE_A_55=Blood Sample
COVID-19 Participant Experience (COPE)	COPE 	May, June, July	cope_a_126	text	free_text		0				yes	What other breathing treatment did you receive? Please specify	
COVID-19 Participant Experience (COPE)	COPE 	May, June, July	cope_a_160	text	numeric_text		0	number	0.0	24.0	yes	"<div class=""rich-text-field-label""><p><span style=""font-weight: normal;"">Hours per day</span></p></div>"	
COVID-19 Participant Experience (COPE)	COPE 	May, June, July	cope_a_85	text	numeric_text		0	number	0.0	59.0	yes	"<div class=""rich-text-field-label""><p><span style=""font-weight: normal;"">Minutes per day</span></p></div>"	
COVID-19 Participant Experience (COPE)	COPE 	May, June, July	copect_50_xx17	radio	single_select	1332767	4				no	In the past month: Did someone in your home smoke tobacco/nicotine (including cigarettes, cigar, cigarillos, pipes, hookah) every day, some days, or not at all?	COPE_A_197=Yes, every day | COPE_A_169=Yes, some days | COPE_A_94=Not currently, but in the past | COPE_A_131=No, never
COVID-19 Participant Experience (COPE)	COPE 	May, June, July	copect_50_xx18	radio	single_select	1333011	4				no	In the past month: Did you smoke tobacco/nicotine (including cigarettes, cigar, cigarillos, pipes, hookah) every day, some days, or not at all?	COPE_A_197=Yes, every day | COPE_A_169=Yes, some days | COPE_A_94=Not currently, but in the past | COPE_A_131=No, never
COVID-19 Participant Experience (COPE)	COPE 	May, June, July	copect_50_xx19	radio	single_select	1332849	3				yes	How long has it been since you last smoked?	COPE_A_57=Weeks | COPE_A_198=Months | COPE_A_152=Years
COVID-19 Participant Experience (COPE)	COPE 	May, June, July	copect_50_xx19_cope_a_152	text	numeric_text	715721	0	number	1.0	99.0	yes	Enter the number of years	
COVID-19 Participant Experience (COPE)	COPE 	May, June, July	copect_50_xx19_cope_a_198	text	numeric_text	715720	0	number	1.0	11.0	yes	Enter the number of months	
COVID-19 Participant Experience (COPE)	COPE 	May, June, July	copect_50_xx19_cope_a_57	text	numeric_text	715719	0	number	1.0	51.0	yes	Enter the number of weeks	
COVID-19 Participant Experience (COPE)	COPE 	May, June, July	copect_54	radio	single_select	1332744	2				no	Are you currently on chemotherapy or immunotherapy?	COPE_A_44=Yes | COPE_A_13=No
COVID-19 Participant Experience (COPE)	COPE 	May, June, July	copect_58	radio	single_select	1332745	2				no	Do you regularly take immunosuppressant medications (including steroids, methotrexate, biologic agents)?	COPE_A_44=Yes | COPE_A_13=No
COVID-19 Participant Experience (COPE)	COPE 	May, June, July	copect_63_xx20	checkbox	multi_select		4				no	In the past month, if you were sick with COVID-19 symptoms, how did you receive treatment(s)? Please select all that apply.	COPE_A_175=I didn't, I wasn't sick | COPE_A_141=I recovered at home | COPE_A_77=I spoke with a healthcare professional and wasn't admitted to the hospital | COPE_A_9=I was admitted to the hospital for at least one night
COVID-19 Participant Experience (COPE)	COPE 	May, June, July	cpss_1	radio	single_select	1332878	5				no	In the last month, how often have you been upset because of something that happened unexpectedly?	COPE_A_120=Never | COPE_A_154=Almost never | COPE_A_151=Sometimes | COPE_A_42=Fairly often | COPE_A_86=Very often
COVID-19 Participant Experience (COPE)	COPE 	May, June, July	cpss_10	radio	single_select	1332998	5				no	In the last month, how often have you felt difficulties were piling up so high that you could not overcome them?	COPE_A_120=Never | COPE_A_154=Almost never | COPE_A_151=Sometimes | COPE_A_42=Fairly often | COPE_A_86=Very often
COVID-19 Participant Experience (COPE)	COPE 	May, June, July	cpss_2	radio	single_select	1332794	5				no	In the last month, how often have you felt that you were unable to control the important things in your life?	COPE_A_120=Never | COPE_A_154=Almost never | COPE_A_151=Sometimes | COPE_A_42=Fairly often | COPE_A_86=Very often
COVID-19 Participant Experience (COPE)	COPE 	May, June, July	cpss_3	radio	single_select	1332854	5				no	"In the last month, how often have you felt nervous and ""stressed""?"	COPE_A_120=Never | COPE_A_154=Almost never | COPE_A_151=Sometimes | COPE_A_42=Fairly often | COPE_A_86=Very often
COVID-19 Participant Experience (COPE)	COPE 	May, June, July	cpss_4	radio	single_select	1332861	5				no	In the last month, how often have you felt confident about your ability to handle your personal problems?	COPE_A_120=Never | COPE_A_154=Almost never | COPE_A_151=Sometimes | COPE_A_42=Fairly often | COPE_A_86=Very often
COVID-19 Participant Experience (COPE)	COPE 	May, June, July	cpss_5	radio	single_select	1332862	5				no	In the last month, how often have you felt that things were going your way?	COPE_A_120=Never | COPE_A_154=Almost never | COPE_A_151=Sometimes | COPE_A_42=Fairly often | COPE_A_86=Very often
COVID-19 Participant Experience (COPE)	COPE 	May, June, July	cpss_6	radio	single_select	1332863	5				no	In the last month, how often have you found that you could not cope with all the things that you had to do?	COPE_A_120=Never | COPE_A_154=Almost never | COPE_A_151=Sometimes | COPE_A_42=Fairly often | COPE_A_86=Very often
COVID-19 Participant Experience (COPE)	COPE 	May, June, July	cpss_7	radio	single_select	1332944	5				no	In the last month, how often have you been able to control irritations in your life?	COPE_A_120=Never | COPE_A_154=Almost never | COPE_A_151=Sometimes | COPE_A_42=Fairly often | COPE_A_86=Very often
COVID-19 Participant Experience (COPE)	COPE 	May, June, July	cpss_8	radio	single_select	1332868	5				no	In the last month, how often have you felt that you were on top of things?	COPE_A_120=Never | COPE_A_154=Almost never | COPE_A_151=Sometimes | COPE_A_42=Fairly often | COPE_A_86=Very often
COVID-19 Participant Experience (COPE)	COPE 	May, June, July	cpss_9	radio	single_select	1332869	5				no	In the last month, how often have you been angered because of things that were outside of your control?	COPE_A_120=Never | COPE_A_154=Almost never | COPE_A_151=Sometimes | COPE_A_42=Fairly often | COPE_A_86=Very often
COVID-19 Participant Experience (COPE)	COPE 	May, June, July	eds_1	radio	single_select	1333328	4				no	In your day-to-day life, how often did this happen to you during the past month? You are treated with less courtesy than other people are.	COPE_A_113=Almost everyday | COPE_A_62=At least once a week | COPE_A_84=A few times a month | COPE_A_120=Never
COVID-19 Participant Experience (COPE)	COPE 	May, June, July	eds_2	radio	single_select	1333311	4				no	In your day-to-day life, how often did this happen to you during the past month? You are treated with less respect than other people are.	COPE_A_113=Almost everyday | COPE_A_62=At least once a week | COPE_A_84=A few times a month | COPE_A_120=Never
COVID-19 Participant Experience (COPE)	COPE 	May, June, July	eds_3	radio	single_select	1333312	4				no	In your day-to-day life, how often did this happen to you during the past month? You receive poorer service than other people at restaurants or stores.	COPE_A_113=Almost everyday | COPE_A_62=At least once a week | COPE_A_84=A few times a month | COPE_A_120=Never
COVID-19 Participant Experience (COPE)	COPE 	May, June, July	eds_4	radio	single_select	1333313	4				no	In your day-to-day life, how often did this happen to you during the past month? People act as if they think you are not smart.	COPE_A_113=Almost everyday | COPE_A_62=At least once a week | COPE_A_84=A few times a month | COPE_A_120=Never
COVID-19 Participant Experience (COPE)	COPE 	May, June, July	eds_5	radio	single_select	1333314	4				no	In your day-to-day life, how often did this happen to you during the past month? People act as if they are afraid of you.	COPE_A_113=Almost everyday | COPE_A_62=At least once a week | COPE_A_84=A few times a month | COPE_A_120=Never
COVID-19 Participant Experience (COPE)	COPE 	May, June, July	eds_6	radio	single_select	1332935	4				no	In your day-to-day life, how often did this happen to you during the past month? People act as if they think you are dishonest.	COPE_A_113=Almost everyday | COPE_A_62=At least once a week | COPE_A_84=A few times a month | COPE_A_120=Never
COVID-19 Participant Experience (COPE)	COPE 	May, June, July	eds_7	radio	single_select	1332937	4				no	In your day-to-day life, how often did this happen to you during the past month? People act as if they're better than you are.	COPE_A_113=Almost everyday | COPE_A_62=At least once a week | COPE_A_84=A few times a month | COPE_A_120=Never
COVID-19 Participant Experience (COPE)	COPE 	May, June, July	eds_8	radio	single_select	1333298	4				no	In your day-to-day life, how often did this happen to you during the past month? You are called names or insulted.	COPE_A_113=Almost everyday | COPE_A_62=At least once a week | COPE_A_84=A few times a month | COPE_A_120=Never
COVID-19 Participant Experience (COPE)	COPE 	May, June, July	eds_9	radio	single_select	1333293	4				no	In your day-to-day life, how often did this happen to you during the past month? You are threatened or harassed.	COPE_A_113=Almost everyday | COPE_A_62=At least once a week | COPE_A_84=A few times a month | COPE_A_120=Never
COVID-19 Participant Experience (COPE)	COPE 	May, June, July	eds_follow_up_1_xx	text	free_text		0				yes	Other reason - please specify.	
COVID-19 Participant Experience (COPE)	COPE 	May, June, July	gad_7_1	radio	single_select		4				no	In the past 2 weeks, how often have you been bothered by the following problem? Feeling nervous, anxious, or on edge	COPE_A_168=Not at all | COPE_A_111=Several days | COPE_A_75=More than half the days | COPE_A_161=Nearly every day
COVID-19 Participant Experience (COPE)	COPE 	May, June, July	gad_7_2	radio	single_select		4				no	In the past 2 weeks, how often have you been bothered by the following problem? Not being able to stop or control worrying	COPE_A_168=Not at all | COPE_A_111=Several days | COPE_A_75=More than half the days | COPE_A_161=Nearly every day
COVID-19 Participant Experience (COPE)	COPE 	May, June, July	gad_7_3	radio	single_select		4				no	In the past 2 weeks, how often have you been bothered by the following problem? Worrying too much about different things	COPE_A_168=Not at all | COPE_A_111=Several days | COPE_A_75=More than half the days | COPE_A_161=Nearly every day
COVID-19 Participant Experience (COPE)	COPE 	May, June, July	gad_7_4	radio	single_select		4				no	In the past 2 weeks, how often have you been bothered by the following problem? Trouble relaxing	COPE_A_168=Not at all | COPE_A_111=Several days | COPE_A_75=More than half the days | COPE_A_161=Nearly every day
COVID-19 Participant Experience (COPE)	COPE 	May, June, July	gad_7_5	radio	single_select		4				no	In the past 2 weeks, how often have you been bothered by the following problem? Being so restless that it's hard to sit still	COPE_A_168=Not at all | COPE_A_111=Several days | COPE_A_75=More than half the days | COPE_A_161=Nearly every day
COVID-19 Participant Experience (COPE)	COPE 	May, June, July	gad_7_6	radio	single_select		4				no	In the past 2 weeks, how often have you been bothered by the following problem? Becoming easily annoyed or irritable	COPE_A_168=Not at all | COPE_A_111=Several days | COPE_A_75=More than half the days | COPE_A_161=Nearly every day
COVID-19 Participant Experience (COPE)	COPE 	May, June, July	gad_7_7	radio	single_select		4				no	In the past 2 weeks, how often have you been bothered by the following problem? Feeling afraid as if something awful might happen	COPE_A_168=Not at all | COPE_A_111=Several days | COPE_A_75=More than half the days | COPE_A_161=Nearly every day
COVID-19 Participant Experience (COPE)	COPE 	May, June, July	ies_r_6_1	radio	single_select	1333303	5				no	In the past 7 days, I thought about COVID-19 when I didn't mean to.	COPE_A_168=Not at all | COPE_A_21=A little bit | COPE_A_139=Moderately | COPE_A_72=Quite a bit | COPE_A_93=Extremely
COVID-19 Participant Experience (COPE)	COPE 	May, June, July	ies_r_6_2	radio	single_select	1333292	5				no	In the past 7 days, I felt watchful or on-guard.	COPE_A_168=Not at all | COPE_A_21=A little bit | COPE_A_139=Moderately | COPE_A_72=Quite a bit | COPE_A_93=Extremely
COVID-19 Participant Experience (COPE)	COPE 	May, June, July	ies_r_6_3	radio	single_select	1332866	5				no	In the past 7 days, other things kept making me think about COVID-19.	COPE_A_168=Not at all | COPE_A_21=A little bit | COPE_A_139=Moderately | COPE_A_72=Quite a bit | COPE_A_93=Extremely
COVID-19 Participant Experience (COPE)	COPE 	May, June, July	ies_r_6_4	radio	single_select	1333295	5				no	In the past 7 days, I was aware that I still had a lot of feelings about COVID-19, but I didn't deal with them.	COPE_A_168=Not at all | COPE_A_21=A little bit | COPE_A_139=Moderately | COPE_A_72=Quite a bit | COPE_A_93=Extremely
COVID-19 Participant Experience (COPE)	COPE 	May, June, July	ies_r_6_5	radio	single_select	1333296	5				no	In the past 7 days, I tried not to think about COVID-19.	COPE_A_168=Not at all | COPE_A_21=A little bit | COPE_A_139=Moderately | COPE_A_72=Quite a bit | COPE_A_93=Extremely
COVID-19 Participant Experience (COPE)	COPE 	May, June, July	ies_r_6_6	radio	single_select	1332867	5				no	In the past 7 days, I had trouble concentrating.	COPE_A_168=Not at all | COPE_A_21=A little bit | COPE_A_139=Moderately | COPE_A_72=Quite a bit | COPE_A_93=Extremely
COVID-19 Participant Experience (COPE)	COPE 	May, June, July	ipaq_1	radio	single_select		2				no	Think about all the vigorous activities that you did in the last 7 days. Vigorous physical activities refer to activities that take hard physical effort and make you breathe much harder than normal. Think only about those physical activities that you did for at least 10 minutes at a time. During the last 7 days, did you do vigorous physical activities like heavy lifting, digging, aerobics, or fast bicycling?	COPE_A_44=Yes | COPE_A_13=No
COVID-19 Participant Experience (COPE)	COPE 	May, June, July	ipaq_1_cope_a_24	text	numeric_text	1332870	0	number	1.0	7.0	yes	How many days per week?	
COVID-19 Participant Experience (COPE)	COPE 	May, June, July	ipaq_3	radio	single_select		2				no	Think about all the moderate activities that you did in the last 7 days. Moderate activities refer to activities that take moderate physical effort and make you breathe somewhat harder than normal. Think only about those physical activities that you did for at least 10 minutes at a time. During the last 7 days, did you do moderate physical activity like carrying light loads, bicycling at a regular pace, or doubles tennis?	COPE_A_44=Yes | COPE_A_13=No
COVID-19 Participant Experience (COPE)	COPE 	May, June, July	ipaq_3_cope_a_24	text	numeric_text	1332870	0	number	1.0	7.0	yes	How many days per week?	
COVID-19 Participant Experience (COPE)	COPE 	May, June, July	ipaq_5	radio	single_select		2				no	Think about the time you spent walking in the last 7 days. This includes at work and at home, walking to travel from place to place, and any other walking that you have done solely for recreation, sport, exercise, or leisure. During the last 7 days, did you walk for at least 10 minutes at a time?	COPE_A_44=Yes | COPE_A_13=No
COVID-19 Participant Experience (COPE)	COPE 	May, June, July	ipaq_5_cope_a_24	text	numeric_text	1332870	0	number	1.0	7.0	yes	How many days per week?	
COVID-19 Participant Experience (COPE)	COPE 	May, June, July	ipaq_7	radio	single_select		2				no	The last question is about the time you spent sitting on weekdays during the last 7 days. Include time spent at work, at home, while doing course work and during leisure time. This may include time spent sitting at a desk, visiting friends, reading, or sitting or lying down to watch television. During the last 7 days, how much time did you spend sitting on a weekday?	COPE_A_213=Enter the amount of time | COPE_A_202=Don't know
COVID-19 Participant Experience (COPE)	COPE 	May, June, July	lifestyle_2_xx12	radio	single_select	1332756	3				yes	How long has it been since you last used an electronic nicotine product?	COPE_A_57=Weeks | COPE_A_198=Months | COPE_A_152=Years
COVID-19 Participant Experience (COPE)	COPE 	May, June, July	lifestyle_2_xx12_cope_a_152	text	numeric_text	715721	0	number	1.0	99.0	yes	Enter the number of years	
COVID-19 Participant Experience (COPE)	COPE 	May, June, July	lifestyle_2_xx12_cope_a_198	text	numeric_text	715720	0	number	1.0	11.0	yes	Enter the number of months	
COVID-19 Participant Experience (COPE)	COPE 	May, June, July	lifestyle_2_xx12_cope_a_57	text	numeric_text	715719	0	number	1.0	51.0	yes	Enter the number of weeks	
COVID-19 Participant Experience (COPE)	COPE 	May, June, July	lifestyle_2_xx13	radio	single_select	1333299	4				no	In the past month: Did you use any type of electronic nicotine product? This includes e- cigarettes, vape pens, hookah pens, personal vaporizers and mods, e-cigars, e-pipes, and e-hookahs.	COPE_A_197=Yes, every day | COPE_A_169=Yes, some days | COPE_A_94=Not currently, but in the past | COPE_A_131=No, never
COVID-19 Participant Experience (COPE)	COPE 	May, June, July	lot_r_1	radio	single_select	1332835	5				no	Choose the answer that best describes how you felt in the past month. In uncertain times, I usually expect the best.	COPE_A_76=I agree a lot | COPE_A_47=I agree a little | COPE_A_80=I neither agree nor disagree | COPE_A_59=I Disagree a little | COPE_A_143=I Disagree a lot
COVID-19 Participant Experience (COPE)	COPE 	May, June, July	mos_ss_1	radio	single_select		5				no	Choose the answer that best describes how often you can find this kind of support in the past month. Someone to help you if you were confined to bed	COPE_A_99=None of the time | COPE_A_95=A little of the time | COPE_A_158=Some of the time | COPE_A_102=Most of the time | COPE_A_129=All of the time
COVID-19 Participant Experience (COPE)	COPE 	May, June, July	mos_ss_13	radio	single_select		5				no	Choose the answer that best describes how often you can find this kind of support in the past month. Someone to confide in or talk to about yourself or your problems	COPE_A_99=None of the time | COPE_A_95=A little of the time | COPE_A_158=Some of the time | COPE_A_102=Most of the time | COPE_A_129=All of the time
COVID-19 Participant Experience (COPE)	COPE 	May, June, July	mos_ss_17	radio	single_select		5				no	Choose the answer that best describes how often you can find this kind of support in the past month. Someone to do things with to help you get your mind off things	COPE_A_99=None of the time | COPE_A_95=A little of the time | COPE_A_158=Some of the time | COPE_A_102=Most of the time | COPE_A_129=All of the time
COVID-19 Participant Experience (COPE)	COPE 	May, June, July	mos_ss_2	radio	single_select		5				no	Choose the answer that best describes how often you can find this kind of support in the past month. Someone to take you to the doctor if you needed it	COPE_A_99=None of the time | COPE_A_95=A little of the time | COPE_A_158=Some of the time | COPE_A_102=Most of the time | COPE_A_129=All of the time
COVID-19 Participant Experience (COPE)	COPE 	May, June, July	mos_ss_3	radio	single_select		5				no	Choose the answer that best describes how often you can find this kind of support in the past month. Someone to prepare your meals if you were unable to do it yourself	COPE_A_99=None of the time | COPE_A_95=A little of the time | COPE_A_158=Some of the time | COPE_A_102=Most of the time | COPE_A_129=All of the time
COVID-19 Participant Experience (COPE)	COPE 	May, June, July	mos_ss_4	radio	single_select		5				no	Choose the answer that best describes how often you can find this kind of support in the past month. Someone to help with daily chores if you were sick	COPE_A_99=None of the time | COPE_A_95=A little of the time | COPE_A_158=Some of the time | COPE_A_102=Most of the time | COPE_A_129=All of the time
COVID-19 Participant Experience (COPE)	COPE 	May, June, July	mos_ss_5	radio	single_select		5				no	Choose the answer that best describes how often you can find this kind of support in the past month. Someone to have a good time with	COPE_A_99=None of the time | COPE_A_95=A little of the time | COPE_A_158=Some of the time | COPE_A_102=Most of the time | COPE_A_129=All of the time
COVID-19 Participant Experience (COPE)	COPE 	May, June, July	mos_ss_6	radio	single_select		5				no	Choose the answer that best describes how often you can find this kind of support in the past month. Someone to turn to for suggestions about how to deal with a personal problem	COPE_A_99=None of the time | COPE_A_95=A little of the time | COPE_A_158=Some of the time | COPE_A_102=Most of the time | COPE_A_129=All of the time
COVID-19 Participant Experience (COPE)	COPE 	May, June, July	mos_ss_7	radio	single_select		5				no	Choose the answer that best describes how often you can find this kind of support in the past month. Someone who understands your problems	COPE_A_99=None of the time | COPE_A_95=A little of the time | COPE_A_158=Some of the time | COPE_A_102=Most of the time | COPE_A_129=All of the time
COVID-19 Participant Experience (COPE)	COPE 	May, June, July	mos_ss_8	radio	single_select		5				no	Choose the answer that best describes how often you can find this kind of support in the past month. Someone to love and make you feel wanted	COPE_A_99=None of the time | COPE_A_95=A little of the time | COPE_A_158=Some of the time | COPE_A_102=Most of the time | COPE_A_129=All of the time
COVID-19 Participant Experience (COPE)	COPE 	May, June, July	phq_9_1	radio	single_select		4				no	In the past 2 weeks, how often have you been bothered by: Little interest or pleasure in doing things	COPE_A_168=Not at all | COPE_A_111=Several days | COPE_A_75=More than half the days | COPE_A_161=Nearly every day
COVID-19 Participant Experience (COPE)	COPE 	May, June, July	phq_9_2	radio	single_select		4				no	In the past 2 weeks, how often have you been bothered by: Feeling down, depressed, or hopeless	COPE_A_168=Not at all | COPE_A_111=Several days | COPE_A_75=More than half the days | COPE_A_161=Nearly every day
COVID-19 Participant Experience (COPE)	COPE 	May, June, July	phq_9_3	radio	single_select		4				no	In the past 2 weeks, how often have you been bothered by: Trouble falling or staying asleep, or sleeping too much	COPE_A_168=Not at all | COPE_A_111=Several days | COPE_A_75=More than half the days | COPE_A_161=Nearly every day
COVID-19 Participant Experience (COPE)	COPE 	May, June, July	phq_9_4	radio	single_select		4				no	In the past 2 weeks, how often have you been bothered by: Feeling tired or having little energy	COPE_A_168=Not at all | COPE_A_111=Several days | COPE_A_75=More than half the days | COPE_A_161=Nearly every day
COVID-19 Participant Experience (COPE)	COPE 	May, June, July	phq_9_5	radio	single_select		4				no	In the past 2 weeks, how often have you been bothered by: Poor appetite or overeating	COPE_A_168=Not at all | COPE_A_111=Several days | COPE_A_75=More than half the days | COPE_A_161=Nearly every day
COVID-19 Participant Experience (COPE)	COPE 	May, June, July	phq_9_6	radio	single_select		4				no	In the past 2 weeks, how often have you been bothered by: Feeling bad about yourself or that you are a failure or have let yourself or your family down	COPE_A_168=Not at all | COPE_A_111=Several days | COPE_A_75=More than half the days | COPE_A_161=Nearly every day
COVID-19 Participant Experience (COPE)	COPE 	May, June, July	phq_9_7	radio	single_select		4				no	In the past 2 weeks, how often have you been bothered by: Trouble concentrating on things, such as reading the newspaper or watching television	COPE_A_168=Not at all | COPE_A_111=Several days | COPE_A_75=More than half the days | COPE_A_161=Nearly every day
COVID-19 Participant Experience (COPE)	COPE 	May, June, July	phq_9_8	radio	single_select		4				no	In the past 2 weeks, how often have you been bothered by: Moving or speaking so slowly that other people could have noticed? Or the opposite - being so fidgety or restless that you have been moving around a lot more than usual	COPE_A_168=Not at all | COPE_A_111=Several days | COPE_A_75=More than half the days | COPE_A_161=Nearly every day
COVID-19 Participant Experience (COPE)	COPE 	May, June, July	phq_9_9	radio	single_select		4				no	In the past 2 weeks, how often have you been bothered by: Thoughts that you would be better off dead or of hurting yourself in some way	COPE_A_168=Not at all | COPE_A_111=Several days | COPE_A_75=More than half the days | COPE_A_161=Nearly every day
COVID-19 Participant Experience (COPE)	COPE 	May, June, July	tsu_ds5_13_xx	checkbox	multi_select	1333017	13				no	In the past month, have you used any of the following drugs? Select all that apply.	COPE_A_214=Cannabis (also called marijuana, pot, weed, grass, hash, concentrates, etc.). Please exclude your use of CBD or hemp products | COPE_A_215=Synthetic marijuana or fake weed (also called K2 or Spice) | COPE_A_216=Cocaine (also called coke, crack, free base, coca paste, etc.) | COPE_A_217=Prescription stimulants (for example, Ritalin, Concerta, Dexedrine, Adderall, Focalin, Didrex, etc.) | COPE_A_218=Methamphetamine (also called meth, crank, ice, crystal meth, glass, etc.) | COPE_A_219=Synthetic stimulants (also called bath salts, flakka, etc.) | COPE_A_220=Inhalants (for example, nitrous oxide, glue, gas, paint thinner, etc.) | COPE_A_221=Prescription sedatives or prescription sleeping pills (for example, Valium, Ambien, Serepax, Ativan, Xanax, Libriu, etc.) | COPE_A_222=Hallucinogens (for example, LSD, acid, Molly, mushrooms, PCP, Special K, ecstasy, Peyote, DMT, Foxy, etc.) | COPE_A_223=Heroin | COPE_A_224=Prescription opioids (for example, fentanyl, oxycodone [OxyContin, Percocet], hydrocodone [Vicodin], methadone, buprenorphine, etc.) | COPE_A_225=None | COPE_A_226=Other substance
COVID-19 Participant Experience (COPE)	COPE 	May, June, July	tsu_ds5_13_xx1	radio	single_select	1332795	4				yes	How often did you use prescription opioids?	COPE_A_201=Only a few times | COPE_A_18=1-3 times per month | COPE_A_174=1-5 times per week | COPE_A_107=Daily
COVID-19 Participant Experience (COPE)	COPE 	May, June, July	tsu_ds5_13_xx10	radio	single_select	1332754	4				yes	How often did you use hallucinogens?	COPE_A_201=Only a few times | COPE_A_18=1-3 times per month | COPE_A_174=1-5 times per week | COPE_A_107=Daily
COVID-19 Participant Experience (COPE)	COPE 	May, June, July	tsu_ds5_13_xx11	radio	single_select	1332755	4				yes	How often did you use prescription stimulants?	COPE_A_201=Only a few times | COPE_A_18=1-3 times per month | COPE_A_174=1-5 times per week | COPE_A_107=Daily
COVID-19 Participant Experience (COPE)	COPE 	May, June, July	tsu_ds5_13_xx2	radio	single_select	1332796	4				yes	How often did you use heroin?	COPE_A_201=Only a few times | COPE_A_18=1-3 times per month | COPE_A_174=1-5 times per week | COPE_A_107=Daily
COVID-19 Participant Experience (COPE)	COPE 	May, June, July	tsu_ds5_13_xx20	radio	single_select	1332800	2				yes	Did your use include smoking cannabis?	COPE_A_44=Yes | COPE_A_13=No
COVID-19 Participant Experience (COPE)	COPE 	May, June, July	tsu_ds5_13_xx21	radio	single_select	1332801	3				yes	Do you think you have used more or less cannabis in the past month than you used to?	COPE_A_227=Less often than usual | COPE_A_228=The same as usual | COPE_A_229=More often than usual
COVID-19 Participant Experience (COPE)	COPE 	May, June, July	tsu_ds5_13_xx22	radio	single_select	1332802	2				yes	Did your use include smoking synthetic marijuana or fake weed?	COPE_A_44=Yes | COPE_A_13=No
COVID-19 Participant Experience (COPE)	COPE 	May, June, July	tsu_ds5_13_xx23	radio	single_select	1332803	3				yes	Do you think you have used more or less synthetic marijuana or fake weed in the past month than you used to?	COPE_A_227=Less often than usual | COPE_A_228=The same as usual | COPE_A_229=More often than usual
COVID-19 Participant Experience (COPE)	COPE 	May, June, July	tsu_ds5_13_xx24	radio	single_select	1332804	2				yes	Did your use include smoking cocaine?	COPE_A_44=Yes | COPE_A_13=No
COVID-19 Participant Experience (COPE)	COPE 	May, June, July	tsu_ds5_13_xx25	radio	single_select	1332805	3				yes	Do you think you have used more or less cocaine in the past month than you used to?	COPE_A_227=Less often than usual | COPE_A_228=The same as usual | COPE_A_229=More often than usual
COVID-19 Participant Experience (COPE)	COPE 	May, June, July	tsu_ds5_13_xx26	radio	single_select	1332806	2				yes	Did you use prescription stimulants in any way a doctor did not direct you to use it?	COPE_A_44=Yes | COPE_A_13=No
COVID-19 Participant Experience (COPE)	COPE 	May, June, July	tsu_ds5_13_xx27	radio	single_select	1332807	3				yes	Do you think you have used more or less prescription stimulants in the past month than you used to?	COPE_A_227=Less often than usual | COPE_A_228=The same as usual | COPE_A_229=More often than usual
COVID-19 Participant Experience (COPE)	COPE 	May, June, July	tsu_ds5_13_xx28	radio	single_select	1332808	2				yes	Did your use include smoking methamphetamine?	COPE_A_44=Yes | COPE_A_13=No
COVID-19 Participant Experience (COPE)	COPE 	May, June, July	tsu_ds5_13_xx29	radio	single_select	1332747	3				yes	Do you think you have used more or less methamphetamine in the past month than you used to?	COPE_A_227=Less often than usual | COPE_A_228=The same as usual | COPE_A_229=More often than usual
COVID-19 Participant Experience (COPE)	COPE 	May, June, July	tsu_ds5_13_xx3	radio	single_select	1333013	4				yes	How often did you use cannabis?	COPE_A_201=Only a few times | COPE_A_18=1-3 times per month | COPE_A_174=1-5 times per week | COPE_A_107=Daily
COVID-19 Participant Experience (COPE)	COPE 	May, June, July	tsu_ds5_13_xx30	radio	single_select	1332819	2				yes	Did your use include smoking synthetic stimulants?	COPE_A_44=Yes | COPE_A_13=No
COVID-19 Participant Experience (COPE)	COPE 	May, June, July	tsu_ds5_13_xx31	radio	single_select	1332820	3				yes	Do you think you have used more or less synthetic stimulants in the past month than you used to?	COPE_A_227=Less often than usual | COPE_A_228=The same as usual | COPE_A_229=More often than usual
COVID-19 Participant Experience (COPE)	COPE 	May, June, July	tsu_ds5_13_xx32	radio	single_select	1332822	3				yes	Do you think you have used more or less inhalants in the past month than you used to?	COPE_A_227=Less often than usual | COPE_A_228=The same as usual | COPE_A_229=More often than usual
COVID-19 Participant Experience (COPE)	COPE 	May, June, July	tsu_ds5_13_xx33	radio	single_select	1332824	2				yes	Did you use prescription sedatives or prescription sleeping pills in any way a doctor did not direct you to use it?	COPE_A_44=Yes | COPE_A_13=No
COVID-19 Participant Experience (COPE)	COPE 	May, June, July	tsu_ds5_13_xx34	radio	single_select	1332826	3				yes	Do you think you have used more or less prescription sedatives or prescription sleeping pills in the past month than you used to?	COPE_A_227=Less often than usual | COPE_A_228=The same as usual | COPE_A_229=More often than usual
COVID-19 Participant Experience (COPE)	COPE 	May, June, July	tsu_ds5_13_xx35	radio	single_select	1332828	2				yes	Did your use include smoking hallucinogens?	COPE_A_44=Yes | COPE_A_13=No
COVID-19 Participant Experience (COPE)	COPE 	May, June, July	tsu_ds5_13_xx36	radio	single_select	1332829	3				yes	Do you think you have used more or less hallucinogens in the past month than you used to?	COPE_A_227=Less often than usual | COPE_A_228=The same as usual | COPE_A_229=More often than usual
COVID-19 Participant Experience (COPE)	COPE 	May, June, July	tsu_ds5_13_xx37	radio	single_select	1332830	2				yes	Did your use include smoking heroin?	COPE_A_44=Yes | COPE_A_13=No
COVID-19 Participant Experience (COPE)	COPE 	May, June, July	tsu_ds5_13_xx38	radio	single_select	1332831	3				yes	Do you think you have used more or less heroin in the past month than you used to?	COPE_A_227=Less often than usual | COPE_A_228=The same as usual | COPE_A_229=More often than usual
COVID-19 Participant Experience (COPE)	COPE 	May, June, July	tsu_ds5_13_xx39	radio	single_select	1333018	2				yes	Did you use prescription opioids in any way a doctor did not direct you to use it?	COPE_A_44=Yes | COPE_A_13=No
COVID-19 Participant Experience (COPE)	COPE 	May, June, July	tsu_ds5_13_xx4	radio	single_select	1332797	4				yes	How often did you use synthetic stimulants?	COPE_A_201=Only a few times | COPE_A_18=1-3 times per month | COPE_A_174=1-5 times per week | COPE_A_107=Daily
COVID-19 Participant Experience (COPE)	COPE 	May, June, July	tsu_ds5_13_xx40	radio	single_select	1332832	2				yes	Did your use include smoking prescription opioids?	COPE_A_44=Yes | COPE_A_13=No
COVID-19 Participant Experience (COPE)	COPE 	May, June, July	tsu_ds5_13_xx41	radio	single_select	1333019	3				yes	Do you think you have used more or less prescription opioids in the past month than you used to?	COPE_A_227=Less often than usual | COPE_A_228=The same as usual | COPE_A_229=More often than usual
COVID-19 Participant Experience (COPE)	COPE 	May, June, July	tsu_ds5_13_xx42_cope_a_226	text	free_text		0				yes	Other substance - please specify	
COVID-19 Participant Experience (COPE)	COPE 	May, June, July	tsu_ds5_13_xx42_cope_a_226_2	radio	single_select	1333020	4				yes	How often did you use the other substance?	COPE_A_201=Only a few times | COPE_A_18=1-3 times per month | COPE_A_174=1-5 times per week | COPE_A_107=Daily
COVID-19 Participant Experience (COPE)	COPE 	May, June, July	tsu_ds5_13_xx43	radio	single_select	1333021	2				yes	Did your use include smoking the other substance?	COPE_A_44=Yes | COPE_A_13=No
COVID-19 Participant Experience (COPE)	COPE 	May, June, July	tsu_ds5_13_xx44	radio	single_select	1333022	3				yes	Do you think you have used more or less of the other substance in the past month than you used to?	COPE_A_227=Less often than usual | COPE_A_228=The same as usual | COPE_A_229=More often than usual
COVID-19 Participant Experience (COPE)	COPE 	May, June, July	tsu_ds5_13_xx5	radio	single_select	1332746	4				yes	How often did you use inhalants?	COPE_A_201=Only a few times | COPE_A_18=1-3 times per month | COPE_A_174=1-5 times per week | COPE_A_107=Daily
COVID-19 Participant Experience (COPE)	COPE 	May, June, July	tsu_ds5_13_xx6	radio	single_select	1333004	4				yes	How often did you use methamphetamine?	COPE_A_201=Only a few times | COPE_A_18=1-3 times per month | COPE_A_174=1-5 times per week | COPE_A_107=Daily
COVID-19 Participant Experience (COPE)	COPE 	May, June, July	tsu_ds5_13_xx7	radio	single_select	1332751	4				yes	How often did you use synthetic marijuana or fake weed?	COPE_A_201=Only a few times | COPE_A_18=1-3 times per month | COPE_A_174=1-5 times per week | COPE_A_107=Daily
COVID-19 Participant Experience (COPE)	COPE 	May, June, July	tsu_ds5_13_xx8	radio	single_select	1332752	4				yes	How often did you use prescription sedatives or prescription sleeping pills?	COPE_A_201=Only a few times | COPE_A_18=1-3 times per month | COPE_A_174=1-5 times per week | COPE_A_107=Daily
COVID-19 Participant Experience (COPE)	COPE 	May, June, July	tsu_ds5_13_xx9	radio	single_select	1332753	4				yes	How often did you use cocaine?	COPE_A_201=Only a few times | COPE_A_18=1-3 times per month | COPE_A_174=1-5 times per week | COPE_A_107=Daily
COVID-19 Participant Experience (COPE)	COPE 	May, June, July	ucla_ls8_11	radio	single_select		4				no	Choose the answer that is true for you in the past month. I feel left out	COPE_A_120=Never | COPE_A_41=Rarely | COPE_A_151=Sometimes | COPE_A_148=Often
COVID-19 Participant Experience (COPE)	COPE 	May, June, July	ucla_ls8_14	radio	single_select		4				no	Choose the answer that is true for you in the past month. I feel isolated from others	COPE_A_120=Never | COPE_A_41=Rarely | COPE_A_151=Sometimes | COPE_A_148=Often
COVID-19 Participant Experience (COPE)	COPE 	May, June, July	ucla_ls8_15	radio	single_select		4				no	Choose the answer that is true for you in the past month. I can find companionship when I want it	COPE_A_120=Never | COPE_A_41=Rarely | COPE_A_151=Sometimes | COPE_A_148=Often
COVID-19 Participant Experience (COPE)	COPE 	May, June, July	ucla_ls8_17	radio	single_select		4				no	Choose the answer that is true for you in the past month. I am unhappy being so withdrawn	COPE_A_120=Never | COPE_A_41=Rarely | COPE_A_151=Sometimes | COPE_A_148=Often
COVID-19 Participant Experience (COPE)	COPE 	May, June, July	ucla_ls8_18	radio	single_select		4				no	Choose the answer that is true for you in the past month. People are around me but not with me	COPE_A_120=Never | COPE_A_41=Rarely | COPE_A_151=Sometimes | COPE_A_148=Often
COVID-19 Participant Experience (COPE)	COPE 	May, June, July	ucla_ls8_2	radio	single_select		4				no	Choose the answer that is true for you in the past month. I lack companionship	COPE_A_120=Never | COPE_A_41=Rarely | COPE_A_151=Sometimes | COPE_A_148=Often
COVID-19 Participant Experience (COPE)	COPE 	May, June, July	ucla_ls8_3	radio	single_select		4				no	Choose the answer that is true for you in the past month. There is no one I can turn to	COPE_A_120=Never | COPE_A_41=Rarely | COPE_A_151=Sometimes | COPE_A_148=Often
COVID-19 Participant Experience (COPE)	COPE 	May, June, July	ucla_ls8_9	radio	single_select		4				no	Choose the answer that is true for you in the past month. I am an outgoing person	COPE_A_120=Never | COPE_A_41=Rarely | COPE_A_151=Sometimes | COPE_A_148=Often
COVID-19 Participant Experience (COPE)	COPE 	May, June, July	ukmh_j1	radio	single_select	1332749	8				no	Choose the answer that best describes how you felt in the past month. In general, how happy are you?	COPE_A_19=Extremely happy | COPE_A_38=Very happy | COPE_A_7=Moderately happy | COPE_A_31=Moderately unhappy | COPE_A_140=Very unhappy | COPE_A_144=Extremely unhappy | COPE_A_202=Don't know | COPE_A_30=Prefer not to answer
COVID-19 Participant Experience (COPE)	COPE 	May, June, July	ukmh_j3	radio	single_select	1332750	7				no	Choose the answer that best describes how you felt in the past month. To what extent do you feel your life to be meaningful?	COPE_A_168=Not at all | COPE_A_67=A little | COPE_A_200=A moderate amount | COPE_A_10=Very much | COPE_A_132=An extreme amount | COPE_A_202=Don't know | COPE_A_30=Prefer not to answer
COVID-19 Participant Experience (COPE)	COPE 	May, June, July, November, December, February	basics_11	radio	single_select	1332874	4				no	Are you covered by health insurance or some other kind of health care plan?	COPE_A_44=Yes | COPE_A_13=No | COPE_A_202=Don't know | COPE_A_30=Prefer not to answer
COVID-19 Participant Experience (COPE)	COPE 	May, June, July, November, December, February	basics_xx	text	numeric_text	1333015	0	number	0.0		no	Not including yourself, how many other people live at home with you?	
COVID-19 Participant Experience (COPE)	COPE 	May, June, July, November, December, February	basics_xx20	text	numeric_text	1333023	0	number	0.0		yes	Think of other people who live with you. How many are under the age of 18 years?	
COVID-19 Participant Experience (COPE)	COPE 	May, June, July, November, December, February	cdc_covid_19_21	radio	single_select	1333102	4				no	In the past month, have recommendations for socially distancing caused stress for you?	COPE_A_43=A lot | COPE_A_3=Somewhat | COPE_A_67=A little | COPE_A_168=Not at all
COVID-19 Participant Experience (COPE)	COPE 	May, June, July, November, December, February	cdc_covid_19_23	checkbox	multi_select	1333294	5				no	In the past month, have you experienced the following as a result of COVID-19? Select all that apply.	COPE_A_149=Not enough money to pay rent | COPE_A_164=Not enough money to pay for gas | COPE_A_165=Not enough money to pay for food | COPE_A_112=Not enough money to pay for medications | COPE_A_162=Did not have a regular place to sleep or stay
COVID-19 Participant Experience (COPE)	COPE 	May, June, July, November, December, February	cdc_covid_19_7_xx22	radio	single_select	1333325	2				no	In the past month, have you been sick for more than one day with a new illness related to COVID-19 or flu-like symptoms?	COPE_A_44=Yes | COPE_A_13=No
COVID-19 Participant Experience (COPE)	COPE 	May, June, July, November, December, February	cdc_covid_19_7_xx22_date	text	date_text		0	date_mdy			yes	Approximate date of onset	
COVID-19 Participant Experience (COPE)	COPE 	May, June, July, November, December, February	copect_17	checkbox	multi_select	1332763	3				no	Have you EVER been near someone that you know, or suspect, had COVID-19 (such as co-workers, family members, or others)? Select all that apply.	COPE_A_199=Yes, known COVID-19 | COPE_A_32=Yes, suspected COVID-19 | COPE_A_2=Not that I know of
COVID-19 Participant Experience (COPE)	COPE 	May, June, July, November, December, February	copect_40_xx15	radio	single_select	1333156	3				no	Do you think you have had COVID-19?	COPE_A_44=Yes | COPE_A_13=No | COPE_A_203=Maybe
COVID-19 Participant Experience (COPE)	COPE 	May, June, July, November, December, February	copect_63_xx21	checkbox	multi_select	1333012	5				yes	What breathing treatment did you receive? Please select all that apply.	COPE_A_155=I did not receive breathing treatment | COPE_A_136=Oxygen (through an oxygen mask or tube under my nose, no pressure applied) | COPE_A_91=Oxygen (through an oxygen mask, which pushes oxygen into your lungs) | COPE_A_130=A breathing machine (ventilator) with a tube down my throat | COPE_A_226=Other breathing treatment
COVID-19 Participant Experience (COPE)	COPE 	May, June, July, November, December, February	cu_covid	radio	single_select	1333016	10				no	What type of household do you live in?	COPE_A_205=Studio | COPE_A_206=One-bedroom apartment | COPE_A_207=Two-bedroom apartment | COPE_A_208=Three-bedroom (or more) apartment | COPE_A_209=Townhouse | COPE_A_210=Free-standing house | COPE_A_211=Nursing home, or rehab facility | COPE_A_212=Homeless | COPE_A_204=Other | COPE_A_30=Prefer not to answer
COVID-19 Participant Experience (COPE)	COPE 	May, June, July, November, December, February	cu_covid_cope_a_204	text	free_text		0				yes	Please specify.	
COVID-19 Participant Experience (COPE)	COPE 	May, June, July, November, December, February	msds_10	radio	single_select	1333105	4				no	Thinking about your current social habits, in the last 5 days: I have gone to my workplace or volunteer site that is outside my home.	COPE_A_171=None of the days (0 days) | COPE_A_53=A few days (1-2 days) | COPE_A_127=Most days (3-4 days) | COPE_A_150=Every day
COVID-19 Participant Experience (COPE)	COPE 	May, June, July, November, December, February	msds_11	radio	single_select	1332734	4				no	Thinking about your current social habits, in the last 5 days: I have attended social gatherings outside my home of MORE than 10 people.	COPE_A_171=None of the days (0 days) | COPE_A_53=A few days (1-2 days) | COPE_A_127=Most days (3-4 days) | COPE_A_150=Every day
COVID-19 Participant Experience (COPE)	COPE 	May, June, July, November, December, February	msds_12	radio	single_select	1332735	4				no	Thinking about your current social habits, in the last 5 days: I have attended social gatherings outside my home of LESS than 10 people.	COPE_A_171=None of the days (0 days) | COPE_A_53=A few days (1-2 days) | COPE_A_127=Most days (3-4 days) | COPE_A_150=Every day
COVID-19 Participant Experience (COPE)	COPE 	May, June, July, November, December, February	msds_13	radio	single_select	1332738	4				no	"Thinking about your current social habits, in the last 5 days: I have gone on shopping trips or outings that were ""just for fun""."	COPE_A_171=None of the days (0 days) | COPE_A_53=A few days (1-2 days) | COPE_A_127=Most days (3-4 days) | COPE_A_150=Every day
COVID-19 Participant Experience (COPE)	COPE 	May, June, July, November, December, February	msds_14	radio	single_select	1332762	4				no	Thinking about your current social habits, in the last 5 days: I have visited nursing homes or long-term care facilities (outside of work duties).	COPE_A_171=None of the days (0 days) | COPE_A_53=A few days (1-2 days) | COPE_A_127=Most days (3-4 days) | COPE_A_150=Every day
COVID-19 Participant Experience (COPE)	COPE 	May, June, July, November, December, February	msds_15	radio	single_select		5				no	Thinking about your current social habits, in the last 5 days: I have been in close contact with someone who is in a risk group for COVID-19 (adults age 50+, people with chronic medical conditions like heart, lung, liver, or kidney disease, diabetes, high blood pressure, or a suppressed immune system). This includes someone inside or outside of your household.	COPE_A_171=None of the days (0 days) | COPE_A_53=A few days (1-2 days) | COPE_A_127=Most days (3-4 days) | COPE_A_150=Every day | COPE_A_202=I don't know
COVID-19 Participant Experience (COPE)	COPE 	May, June, July, November, December, February	msds_16	radio	single_select		5				no	Thinking about these activities in the last 5 days, my social interaction with people outside my home was	COPE_A_138=A lot less than normal | COPE_A_78=Somewhat less than normal | COPE_A_146=About the same as normal | COPE_A_64=More than normal | COPE_A_26=A lot more than normal
COVID-19 Participant Experience (COPE)	COPE 	May, June, July, November, December, February	msds_18	radio	single_select		4				no	Now, thinking about the COVID-19 recommendations and mandates...How often in the past month are you doing the recommended pandemic hygiene, like washing hands frequently, avoiding touching your face, covering coughs, wearing a mask, and avoiding frequently touched surfaces in public places?	COPE_A_129=All of the time | COPE_A_194=Most of the time | COPE_A_151=Sometimes | COPE_A_41=Rarely
COVID-19 Participant Experience (COPE)	COPE 	May, June, July, November, December, February	msds_9	radio	single_select		4				no	Thinking about your current social habits, in the last 5 days: I have stayed home all day.	COPE_A_171=None of the days (0 days) | COPE_A_53=A few days (1-2 days) | COPE_A_127=Most days (3-4 days) | COPE_A_150=Every day
COVID-19 Participant Experience (COPE)	COPE 	May, June, July, November, December, February	overallhealth_14b	radio	single_select	1332792	4				no	Are you currently pregnant?	COPE_A_13=No | COPE_A_44=Yes | COPE_A_52=Not sure | COPE_A_30=Prefer not to answer
COVID-19 Participant Experience (COPE)	COPE 	November	cope_nov	descriptive	descriptive		0				no	November COPE Survey	
COVID-19 Participant Experience (COPE)	COPE 	November	copect_40_xx15_a	radio	single_select		5				yes	When did your symptoms begin?	cope_a_319=January or February 2020 | cope_a_320=March or April 2020 | cope_a_321=May or June 2020 | cope_a_322=July or August 2020 | cope_a_323=September or October 2020
COVID-19 Participant Experience (COPE)	COPE 	November, December, February	basics_11a	checkbox	multi_select		9				yes	Are you covered by health insurance or some other kind of health care plan? Select all that apply.	COPE_A_170=Insurance purchased directly from an insurance company (by you or another family member) | COPE_A_63=Insurance through a current or former employer or union (by you or another family member) | COPE_A_193=Medicare, for people 65 and older or people with certain disabilities | COPE_A_134=Medicaid, Medical Assistance, or any kind of government-assistance plan for those with low incomes or disability | COPE_A_109=TRICARE or other military health care | COPE_A_181=Veterans Affairs (VA) (including those who have ever used or enrolled for VA health care) | COPE_A_68=Indian Health Service | COPE_A_33=Any other type of health insurance or health coverage plan | COPE_A_60=I don't have health insurance, self-pay
COVID-19 Participant Experience (COPE)	COPE 	November, December, February	basics_11a_cope_a_33	text	free_text		0				yes	Please specify:	
COVID-19 Participant Experience (COPE)	COPE 	November, December, February	basics_12	checkbox	multi_select		9				no	What is your current employment status? Please select 1 or more of these categories.	COPE_A_106=Employed for wages (part-time or full-time) | COPE_A_186=Self-employed | COPE_A_153=Out of work for 1 year or more | COPE_A_61=Out of work for less than 1 year | COPE_A_142=A homemaker | COPE_A_50=A student | COPE_A_196=Retired | COPE_A_128=Unable to work (disabled) | COPE_A_30=Prefer not to answer
COVID-19 Participant Experience (COPE)	COPE 	November, December, February	c19corset_59	radio	single_select		6				no	If you know it, what is your blood group/blood type?	cope_a_283=A | cope_a_279=B | cope_a_280=AB | cope_a_281=O | cope_a_282=I don't know my blood group for certain | COPE_A_30=Prefer not to answer
COVID-19 Participant Experience (COPE)	COPE 	November, December, February	cdc_covid_19_18	checkbox	multi_select		12				no	How has the COVID-19 outbreak affected you? Please select all that apply.	COPE_A_135=Worked remotely or from home more than you used to before COVID-19 | COPE_A_101=Worked more hours than usual | COPE_A_12=Worked reduced hours | COPE_A_90=Was not able to work due to COVID-19 related illness | COPE_A_71=I became unemployed | COPE_A_92=Had difficulty arranging for childcare | COPE_A_147=Incurred increased costs for childcare expenses | COPE_A_5=Worked with children at home with me | COPE_A_179=Income or pay has been reduced | COPE_A_17=Not paid at all | COPE_A_87=Had serious financial problems | COPE_A_236=None of the above
COVID-19 Participant Experience (COPE)	COPE 	November, December, February	cdc_covid_19_25	checkbox	multi_select		19				no	In the past month, to cope with social distancing and isolation, are you doing any of the following? Please select all that apply.	COPE_A_82=Taking breaks from watching, reading, or listening to news stories, including social media | COPE_A_115=Increasing watching, reading, or listening to news stories, including social media | COPE_A_157=Taking care of your body, such as taking deep breaths, stretching, or meditating | COPE_A_97=Engaging in healthy behaviors like trying to eat healthy, well-balanced meals, exercising regularly, getting plenty of sleep, or avoiding alcohol and drugs | COPE_A_173=Making time to relax | COPE_A_48=Connecting with others, including talking with people you trust about your concerns and how you are feeling | COPE_A_182=Contacting a healthcare provider | COPE_A_184=Delaying medical care for conditions other than COVID-19 | COPE_A_110=Smoking more cigarettes or vaping more | COPE_A_79=Drinking alcohol | COPE_A_74=Using prescription drugs (like valium, etc.) | COPE_A_28=Using non-prescription drugs | COPE_A_1=Using cannabis or marijuana | COPE_A_118=Eating high fat or sugary foods | COPE_A_123=Cutting or self-injury | COPE_A_156=Over exercise | COPE_A_121=Eating more food than usual | COPE_A_178=Eating less food than usual | COPE_A_236=None of the above
COVID-19 Participant Experience (COPE)	COPE 	November, December, February	cdc_covid_19_26	checkbox	multi_select		4				no	In the past month, has your experience with the following behaviors increased? Please select all that apply.	COPE_A_27=Interpersonal conflict with family members or loved ones | COPE_A_81=Snapping at or yelling at family members | COPE_A_195=Interpersonal conflict with friends or coworkers | COPE_A_236=None of the above
COVID-19 Participant Experience (COPE)	COPE 	November, December, February	cdc_covid_19_7_xx23	checkbox	multi_select		22				yes	Which of the following symptoms did you have? Select all that apply.	COPE_A_54=A fever/feverish | cope_a_287=Chills or shivers (feeling too cold) | COPE_A_65=Unusual fatigue | COPE_A_49=Unusually strong muscle pains/aches | COPE_A_185=Skipping meals | COPE_A_20=Persistent cough (coughing a lot for more than an hour, or 3 or more coughing episodes in 24 hours) | COPE_A_83=Sore or painful throat | COPE_A_192=Difficulty breathing or shortness of breath | COPE_A_183=Unusually hoarse voice | COPE_A_39=Unusual chest pain or tightness in your chest | COPE_A_40=Runny or stuffy nose | COPE_A_122=Loss of smell or taste | COPE_A_36=Unusual eye soreness or discomfort (e.g., light sensitivity, pink eye, or excessive tears) | COPE_A_240=Raised, red, itchy, welts on the skin or sudden swelling of the face or lips | COPE_A_96=Headache | COPE_A_69=Dizziness or light-headedness | COPE_A_239=Confusion, disorientation, or drowsiness | COPE_A_188=Unusual abdominal pain or stomachache | COPE_A_114=Diarrhea | COPE_A_105=Nausea | COPE_A_241=Red/purple sores or blisters on your feet, including your toes | COPE_A_236=None of the above
COVID-19 Participant Experience (COPE)	COPE 	November, December, February	cdc_covid_19_7_xx23_other	radio	single_select	1310148	2				yes	Are there other important symptoms you want to share with us?	COPE_A_44=Yes | COPE_A_13=No
COVID-19 Participant Experience (COPE)	COPE 	November, December, February	cdc_covid_19_7_xx23_other_cope_a_204	text	free_text		0				yes	Please specify:	
COVID-19 Participant Experience (COPE)	COPE 	November, December, February	cdc_covid_19_9_xx24	radio	single_select		5				yes	Was the test(s) for COVID-19 positive?	COPE_A_44=Yes | cope_a_289=Yes, some | COPE_A_13=No, all were negative or inconclusive | COPE_A_117=Waiting for results for at least some tests | COPE_A_14=Unknown
COVID-19 Participant Experience (COPE)	COPE 	November, December, February	cdc_covid_19_9_xx25	radio	single_select		4				no	Were you tested for COVID-19?	COPE_A_13=No | cope_a_326=No, I tried and was unable to be tested | COPE_A_44=Yes | COPE_A_14=I don't know
COVID-19 Participant Experience (COPE)	COPE 	November, December, February	dmfs_27	radio	single_select		2				no	Did you receive the flu vaccination in the past month?	COPE_A_44=Yes | COPE_A_13=No
COVID-19 Participant Experience (COPE)	COPE 	November, December, February	cdc_covid_19_n_a	checkbox	multi_select		4				yes	How were you tested? Please select all that apply.	COPE_A_166=Nasal swab | COPE_A_124=Throat Swab | cope_a_325=Saliva sample | COPE_A_55=Blood Sample
COVID-19 Participant Experience (COPE)	COPE 	November, December, February	cdc_covid_19_n_a2	text	numeric_text	1333118	0	integer	1.0	100.0	yes	How many times have you been tested?	
COVID-19 Participant Experience (COPE)	COPE 	November, December, February	cdc_covid_19_n_a3	checkbox	multi_select		14				yes	Did you have difficulty with the following aspects of getting a test? Please select all that apply.	cope_a_272=Finding a doctor (I didn't know where I could get the test) | cope_a_260=Getting an appointment at a convenient time | cope_a_261=Affording the test | cope_a_262=I don't have insurance | cope_a_263=My insurance doesn't cover the test | cope_a_264=The insurance co-pays/deductibles were too high | cope_a_265=Wait time for an available appointment | cope_a_266=Taking time off from work | cope_a_267=I did not have transportation | cope_a_268=I did not have childcare | cope_a_269=The test was not available at the doctor's office, clinic, or hospital | cope_a_270=I did not meet criteria to be tested | cope_a_271=I did not have any difficulty getting a test | COPE_A_204=Other
COVID-19 Participant Experience (COPE)	COPE 	November, December, February	cdc_covid_19_n_a4	text	free_text		0				yes	Please specify:	
COVID-19 Participant Experience (COPE)	COPE 	November, December, February	cdc_covid_19_n_a6	checkbox	multi_select		8				yes	What was your reason(s) for testing? Please select all that apply.	cope_a_314=I was experiencing COVID-19 symptoms | cope_a_308=I needed to get a test for work or school | cope_a_309=I needed to get a test in order to get other health care services | cope_a_310=I belong to a high-risk population (e.g., have an underlying health condition) | cope_a_311=I was in contact with someone who had or was suspected to have COVID-19 | cope_a_312=I had to comply with travel mandates (e.g., crossing state lines, international travel) | cope_a_313=I had no symptoms, but testing was available | COPE_A_204=Other
COVID-19 Participant Experience (COPE)	COPE 	November, December, February	cdc_covid_19_n_a8	text	free_text		0				yes	Please specify:	
COVID-19 Participant Experience (COPE)	COPE 	November, December, February	cope_a_126	text	free_text		0				yes	What other breathing treatment did you receive? Please specify:	
COVID-19 Participant Experience (COPE)	COPE 	November, December, February	cope_aou_xx_1	radio	single_select	1310135	3				yes	Are you receiving prenatal care?	COPE_A_44=Yes | COPE_A_13=No | COPE_A_30=Prefer not to answer
COVID-19 Participant Experience (COPE)	COPE 	November, December, February	cope_aou_xx_2	checkbox	multi_select	1310141	7				yes	How has your prenatal care changed since COVID-19? (If you became pregnant during COVID-19, compare to any prior pregnancies if relevant.) Select all that apply.	cope_a_274=It is the same as before COVID-19 | cope_a_275=Some visits are virtual (over the phone or computer) | cope_a_276=The visits are less frequent | cope_a_277=I have to go to the visits alone | cope_a_278=I became pregnant during COVID-19 and visits are similar | COPE_A_30=Prefer not to answer | COPE_A_204=Other
COVID-19 Participant Experience (COPE)	COPE 	November, December, February	cope_aou_xx_2_a	text	free_text		0				yes	Please specify:	
COVID-19 Participant Experience (COPE)	COPE 	November, December, February	copect_63_xx20	checkbox	multi_select	1333324	3				yes	What medical care did you receive? Please select all that apply.	COPE_A_141=I did not speak with a healthcare professional and recovered at home | COPE_A_77=I spoke with a healthcare professional and wasn't admitted to the hospital | COPE_A_9=I was admitted to the hospital for at least one night
COVID-19 Participant Experience (COPE)	COPE 	November, December, February	dmfs_28	radio	single_select	1310142	4				yes	Do you plan to get the flu vaccine this season?	COPE_A_44=Yes | COPE_A_13=No | COPE_A_202=I'm not sure yet | COPE_A_329=No, I received it more than a month ago
COVID-19 Participant Experience (COPE)	COPE 	November, December, February	dmfs_29	checkbox	multi_select	1310137	17				yes	What factors might make you less likely to get the vaccine? Please select all that apply.	cope_a_303=I will not get/am never sick. | cope_a_290=It is just a virus/not fatal/not necessary. | cope_a_291=I never get vaccinated. | cope_a_292=I do not trust the vaccine. | cope_a_293=I do not want to pay for it. | cope_a_294=My region is not a high risk area. | cope_a_295=Vaccination location is not convenient. | cope_a_288=It depends on the risks/adverse events. | cope_a_296=Vaccination is worse than being ill. | cope_a_297=I have not thought about it yet. | cope_a_298=I am not in a risk group with underlying conditions. | cope_a_299=I need more information first. | cope_a_300=It will not help. | cope_a_301=I have already had COVID-19 | cope_a_302=I am going to let others get it first (herd immunity) | COPE_A_202=Do not know yet | COPE_A_204=Other
COVID-19 Participant Experience (COPE)	COPE 	November, December, February	dmfs_29a	text	free_text		0				yes	Please specify:	
COVID-19 Participant Experience (COPE)	COPE 	November, December, February	dmfs_xx_1	radio	single_select		5				no	When a COVID-19 vaccine is available, how likely are you to want to receive vaccination?	cope_a_318=Very likely | cope_a_317=Likely | cope_a_273=I do not know yet | cope_a_315=Unlikely | cope_a_316=Very unlikely
COVID-19 Participant Experience (COPE)	COPE 	November, December, February	gad_7_1	radio	single_select		4				no	Over the last 2 weeks, how often have you been bothered by the following problem: Feeling nervous, anxious, or on edge	COPE_A_168=Not at all | COPE_A_111=Several days | COPE_A_75=More than half the days | COPE_A_161=Nearly every day
COVID-19 Participant Experience (COPE)	COPE 	November, December, February	gad_7_2	radio	single_select		4				no	Over the last 2 weeks, how often have you been bothered by the following problem: Not being able to stop or control worrying	COPE_A_168=Not at all | COPE_A_111=Several days | COPE_A_75=More than half the days | COPE_A_161=Nearly every day
COVID-19 Participant Experience (COPE)	COPE 	November, December, February	msds_10_a	radio	single_select		5				yes	How often did you wear a face mask or face covering?	COPE_A_120=Never | COPE_A_158=Sometimes | COPE_A_102=Most of the time | COPE_A_129=Always | PMI_DoesNotApplyToMe=Not applicable
COVID-19 Participant Experience (COPE)	COPE 	November, December, February	msds_11_a	radio	single_select		5				yes	How often did you wear a face mask or face covering?	COPE_A_120=Never | COPE_A_158=Sometimes | COPE_A_102=Most of the time | COPE_A_129=Always | PMI_DoesNotApplyToMe=Not applicable
COVID-19 Participant Experience (COPE)	COPE 	November, December, February	msds_12_a	radio	single_select		5				yes	How often did you wear a face mask or face covering?	COPE_A_120=Never | COPE_A_158=Sometimes | COPE_A_102=Most of the time | COPE_A_129=Always | PMI_DoesNotApplyToMe=Not applicable
COVID-19 Participant Experience (COPE)	COPE 	November, December, February	msds_13_a	radio	single_select		5				yes	How often did you wear a face mask or face covering?	COPE_A_120=Never | COPE_A_158=Sometimes | COPE_A_102=Most of the time | COPE_A_129=Always | PMI_DoesNotApplyToMe=Not applicable
COVID-19 Participant Experience (COPE)	COPE 	November, December, February	msds_14_a	radio	single_select		5				yes	How often did you wear a face mask or face covering?	COPE_A_120=Never | COPE_A_158=Sometimes | COPE_A_102=Most of the time | COPE_A_129=Always | PMI_DoesNotApplyToMe=Not applicable
COVID-19 Participant Experience (COPE)	COPE 	November, December, February	msds_17	radio	single_select	1310134	4				yes	Thinking about your current social habits, in the last 5 days: I have attended social gatherings of MORE than 50 people.	COPE_A_171=None of the days (0 days) | COPE_A_53=A few days (1-2 days) | COPE_A_127=Most days (3-4 days) | COPE_A_150=Every day
COVID-19 Participant Experience (COPE)	COPE 	November, December, February	msds_17_a	radio	single_select		5				yes	How often did you wear a face mask or face covering?	COPE_A_120=Never | COPE_A_158=Sometimes | COPE_A_102=Most of the time | COPE_A_129=Always | PMI_DoesNotApplyToMe=Not applicable
COVID-19 Participant Experience (COPE)	COPE 	November, December, February	msds_17_b	checkbox	multi_select		5				yes	What was the purpose of the large gathering? Select all that apply.	cope_a_304=Family gathering (wedding, graduation, funeral, etc.) | cope_a_305=Religious/spiritual gathering | cope_a_306=Community events (concerts, sporting events, etc.) | cope_a_307=Political rally/protest | COPE_A_204=Other
COVID-19 Participant Experience (COPE)	COPE 	November, December, February	msds_17_c	text	free_text		0				yes	Please specify:	
COVID-19 Participant Experience (COPE)	COPE 	November, December, February	phq_9_1	radio	single_select		4				no	Over the last 2 weeks, how often have you been bothered by the following problem: Little interest or pleasure in doing things	COPE_A_168=Not at all | COPE_A_111=Several days | COPE_A_75=More than half the days | COPE_A_161=Nearly every day
COVID-19 Participant Experience (COPE)	COPE 	November, December, February	phq_9_2	radio	single_select		4				no	In the past 2 weeks, how often have you been bothered by the following problem: Feeling down, depressed, or hopeless	COPE_A_168=Not at all | COPE_A_111=Several days | COPE_A_75=More than half the days | COPE_A_161=Nearly every day
COVID-19 Participant Experience (COPE)	COPE 	November, December, February	phq_9_9	radio	single_select		4				no	Over the last 2 weeks, how often have you been bothered by the following problem: Thoughts that you would be better off dead or of hurting yourself in some way	COPE_A_168=Not at all | COPE_A_111=Several days | COPE_A_75=More than half the days | COPE_A_161=Nearly every day
COVID-19 Participant Experience (COPE)	COPE 	November, December, February	rand_alp_csq_1	radio	single_select		2				no	Do you have a child that is currently enrolled in childcare centers, schools, or colleges?	COPE_A_44=Yes | COPE_A_13=No
COVID-19 Participant Experience (COPE)	COPE 	November, December, February	rand_alp_csq_2a	radio	single_select	1310138	5				yes	Compared with when they were in person at school or a childcare center, how much time are you spending on care and supervision of your children?	cope_a_254=Much more | cope_a_250=A little more | cope_a_251=About the same | cope_a_252=A little less | cope_a_253=Much less
COVID-19 Participant Experience (COPE)	COPE 	November, December, February	rand_alp_csq_2b	radio	single_select	1310139	5				yes	Compared with when they were in in person school or a childcare center, how much time are you spending on helping your children with learning activities provided by their schools or childcare center?	cope_a_254=Much more | cope_a_250=A little more | cope_a_251=About the same | cope_a_252=A little less | cope_a_253=Much less
COVID-19 Participant Experience (COPE)	COPE 	November, December, February	rand_alp_csq_xx_1	radio	single_select		4				yes	In the past month, did you have a child enrolled in childcare centers, schools, or colleges that is learning remotely because of COVID-19?	cope_a_286=Yes, at home full time | cope_a_284=Yes, at home part of the time | cope_a_328=Yes, but not at home | cope_a_285=No, at care, school, or college full time
COVID-19 Participant Experience (COPE)	COPE 	November, December, February	section_participation	radio	single_select		3				no	You can choose not to answer any question at any time. We expect this survey will take most people approximately 8 to 10 minutes to complete. It might take some people longer to complete the survey.	COPE_A_44=Yes, I still want to take the survey. | COPE_A_231=Yes, I would like to take the survey at a later time. | COPE_A_13=No, I do not want to take the survey.
Minute Survey on COVID-19 Vaccines	Minute Survey on COVID-19 Vacci	Summer	cope_vaccine1	descriptive	descriptive		0				no	Summer Minute Survey on COVID-19 Vaccines	
Minute Survey on COVID-19 Vaccines	Minute Survey on COVID-19 Vacci	Summer, Fall, Winter, New Year	cdc_covid_xx_firstdose	radio	single_select	905045	3				no	Did you receive the first dose of the COVID-19 vaccination?	COPE_A_44=Yes | COPE_A_13=No | cope_a_334=Not sure, I participated in a COVID-19 vaccination trial
Minute Survey on COVID-19 Vaccines	Minute Survey on COVID-19 Vacci	Summer, Fall, Winter, New Year	cdc_covid_xx_a_date1	text	date_text		0	date_mdy	43891.0		yes	Enter date of vaccination. If you can't remember the exact date you received your vaccine, use your best guess.	
Minute Survey on COVID-19 Vaccines	Minute Survey on COVID-19 Vacci	Summer, Fall, Winter, New Year	cdc_covid_xx_b_firstdose	radio	single_select	905052	6				yes	Which vaccine did you receive for your first dose of the COVID-19 vaccination?	cope_a_335=AstraZeneca | cope_a_336=Johnson & Johnson (Janssen Pharmaceuticals) | cope_a_330=Pfizer (Pfizer-BioNTech) | cope_a_331=Moderna | COPE_A_204=Other | COPE_A_52=Not sure
Minute Survey on COVID-19 Vaccines	Minute Survey on COVID-19 Vacci	Summer, Fall, Winter, New Year	cdc_covid_xx_b_firstdose_other	text	free_text		0				yes	Please specify:	
Minute Survey on COVID-19 Vaccines	Minute Survey on COVID-19 Vacci	Summer, Fall, Winter, New Year	cdc_covid_xx_symptom	checkbox	multi_select	905061	15				yes	Since receiving your first COVID-19 vaccine, have you experienced any of the following adverse reactions? Please select all that apply.	cope_a_337=Swelling, redness, and/or pain at the injection site | cope_a_338=Fever | cope_a_339=Guillain-Barre syndrome | cope_a_340=Headache | cope_a_341=Tiredness | cope_a_342=Muscle pain | cope_a_343=Chills | cope_a_344=Nausea | cope_a_345=Severe allergic reaction (anaphylaxis) | cope_a_346=Fainting or dizziness | cope_a_347=Multisystem inflammatory syndrome | cope_a_348=COVID-19 infection | cope_a_349=Hospitalization | cope_a_350=Other complication or event following vaccination | COPE_A_236=None of the above
Minute Survey on COVID-19 Vaccines	Minute Survey on COVID-19 Vacci	Summer, Fall, Winter, New Year	cdc_covid_xx_symptom_cope_350	text	free_text		0				yes	Please specify:	
Minute Survey on COVID-19 Vaccines	Minute Survey on COVID-19 Vacci	Summer, Fall, Winter, New Year	cdc_covid_xx_seconddose	radio	single_select	905048	2				yes	Did you receive the second dose of the COVID-19 vaccination?	COPE_A_44=Yes | COPE_A_13=No
Minute Survey on COVID-19 Vaccines	Minute Survey on COVID-19 Vacci	Summer, Fall, Winter, New Year	cdc_covid_xx_a_date2	text	date_text		0	date_mdy	43891.0		yes	Enter date of vaccination. If you can't remember the exact date you received your vaccine, use your best guess.	
Minute Survey on COVID-19 Vaccines	Minute Survey on COVID-19 Vacci	Summer, Fall, Winter, New Year	cdc_covid_xx_b_seconddose	radio	single_select	905056	5				yes	Which vaccine did you receive for your second dose of the COVID-19 vaccination?	cope_a_335=AstraZeneca | cope_a_330=Pfizer (Pfizer-BioNTech) | cope_a_331=Moderna | COPE_A_204=Other | COPE_A_52=Not sure
Minute Survey on COVID-19 Vaccines	Minute Survey on COVID-19 Vacci	Summer, Fall, Winter, New Year	cdc_covid_xx_b_seconddose_other	text	free_text		0				yes	Please specify:	
Minute Survey on COVID-19 Vaccines	Minute Survey on COVID-19 Vacci	Summer, Fall, Winter, New Year	cdc_covid_xx_symptom_seconddose	checkbox	multi_select	905046	15				yes	Since receiving your second COVID-19 vaccine, have you experienced any of the following adverse reactions? Please select all that apply.	cope_a_337=Swelling, redness, and/or pain at the injection site | cope_a_338=Fever | cope_a_339=Guillain-Barre syndrome | cope_a_340=Headache | cope_a_341=Tiredness | cope_a_342=Muscle pain | cope_a_343=Chills | cope_a_344=Nausea | cope_a_345=Severe allergic reaction (anaphylaxis) | cope_a_346=Fainting or dizziness | cope_a_347=Multisystem inflammatory syndrome | cope_a_348=COVID-19 infection | cope_a_349=Hospitalization | cope_a_350=Other complication or event following vaccination | COPE_A_236=None of the above
Minute Survey on COVID-19 Vaccines	Minute Survey on COVID-19 Vacci	Summer, Fall, Winter, New Year	cdc_covid_xx_symptom_seconddose_cope_350	text	free_text		0				yes	Please specify:	
Minute Survey on COVID-19 Vaccines	Minute Survey on COVID-19 Vacci	Summer, Fall, Winter, New Year	dmfs_xx_1	radio	single_select	1310132	5				yes	When a COVID-19 vaccine is available to you, how likely are you to get vaccinated?	cope_a_318=Very likely | cope_a_317=Likely | cope_a_273=I do not know yet | cope_a_315=Unlikely | cope_a_316=Very unlikely
Minute Survey on COVID-19 Vaccines	Minute Survey on COVID-19 Vacci	Summer, Fall, Winter, New Year	dmfs_29	checkbox	multi_select	1310137	18				yes	What factors might make you less likely to get the vaccine? Please select all that apply.	cope_a_303=I will not get/am never sick. | cope_a_290=It is just a virus/not fatal/not necessary. | cope_a_291=I never get vaccinated. | cope_a_292=I do not trust the vaccine. | cope_a_293=I do not want to pay for it. | cope_a_295=Vaccination location is not convenient. | cope_a_354=Difficulty in making an appointment | cope_a_288=It depends on the risks/adverse events. | cope_a_297=I have not thought about it yet. | cope_a_298=I am not in a risk group with underlying conditions. | cope_a_299=I need more information first. | cope_a_301=I have already had COVID-19. | cope_a_302=I am going to let others get it first (herd immunity). | cope_a_351=I have had severe allergic reactions to vaccines in the past. | cope_a_352=I am concerned that it will not interact well with other medications/treatments that I am currently taking. | cope_a_353=I am currently pregnant, planning a pregnancy, or breastfeeding. | COPE_A_202=Do not know yet. | COPE_A_204=Other
Minute Survey on COVID-19 Vaccines	Minute Survey on COVID-19 Vacci	Summer, Fall, Winter, New Year	dmfs_29a	text	free_text		0				yes	Please specify:	
Minute Survey on COVID-19 Vaccines	Minute Survey on COVID-19 Vacci	Summer, Fall, Winter, New Year	dmfs_xx_1_seconddose	radio	single_select	905057	5				yes	When a second COVID-19 vaccine is available to you, how likely are you to get vaccinated?	cope_a_318=Very likely | cope_a_317=Likely | cope_a_273=I do not know yet | cope_a_315=Unlikely | cope_a_316=Very unlikely
Minute Survey on COVID-19 Vaccines	Minute Survey on COVID-19 Vacci	Summer, Fall, Winter, New Year	dmfs_29_seconddose	checkbox	multi_select	1310137	6				yes	What factors might make you less likely to get the vaccine? Please select all that apply.	cope_a_293=I do not want to pay for it. | cope_a_354=Difficulty in making an appointment. | cope_a_355=I had a severe adverse reaction to the first COVID-19 dose. | cope_a_356=I know family/friends that had a severe adverse reaction to the second COVID-19 dose. | cope_a_353=I am currently pregnant, planning a pregnancy, or breastfeeding. | COPE_A_204=Other
Minute Survey on COVID-19 Vaccines	Minute Survey on COVID-19 Vacci	Summer, Fall, Winter, New Year	dmfs_29_seconddose_other	text	free_text		0				yes	Please specify:	
Minute Survey on COVID-19 Vaccines	Minute Survey on COVID-19 Vacci	Fall	cope_vaccine2	descriptive	descriptive		0				no	COVID-19 Vaccine Survey	
Minute Survey on COVID-19 Vaccines	Minute Survey on COVID-19 Vacci	Winter	cope_vaccine3	descriptive	descriptive		0				no	COVID-19 Vaccine Survey	
Minute Survey on COVID-19 Vaccines	Minute Survey on COVID-19 Vacci	Winter, New Year	cdc_covid_xx_dose3	radio	single_select		3				yes	Did you receive an additional dose of the COVID-19 vaccination? This includes boosters or additional full doses of the COVID-19 vaccine.	COPE_A_44=Yes | COPE_A_13=No | COPE_A_52=Not sure
Minute Survey on COVID-19 Vaccines	Minute Survey on COVID-19 Vacci	Winter, New Year	cdc_covid_xx_a_date3	text	date_text		0	date_mdy	43891.0		yes	Enter date of vaccination. If you can't remember the exact date you received your vaccine, use your best guess.	
Minute Survey on COVID-19 Vaccines	Minute Survey on COVID-19 Vacci	Winter, New Year	cdc_covid_xx_b_dose3	radio	single_select		6				yes	Which vaccine did you receive for your additional dose of the COVID-19 vaccination?	cope_a_335=AstraZeneca | cope_a_336=Johnson & Johnson (Janssen Pharmaceuticals) | cope_a_330=Pfizer (Pfizer-BioNTech) | cope_a_331=Moderna | COPE_A_204=Other | COPE_A_52=Not sure
Minute Survey on COVID-19 Vaccines	Minute Survey on COVID-19 Vacci	Winter, New Year	cdc_covid_xx_b_dose3_other	text	free_text		0				yes	Please specify:	
Minute Survey on COVID-19 Vaccines	Minute Survey on COVID-19 Vacci	Winter, New Year	cdc_covid_xx_symptom_dose3	checkbox	multi_select		17				yes	Since receiving your additional COVID-19 vaccine, have you experienced any of the following adverse reactions related to the vaccine? Please select all that apply.	cope_a_337=Swelling, redness, and/or pain at the injection site | cope_a_338=Fever | cope_a_339=Guillain-Barre syndrome | cope_a_340=Headache | cope_a_341=Tiredness | cope_a_342=Muscle pain | cope_a_343=Chills | cope_a_344=Nausea | cope_a_345=Severe allergic reaction (anaphylaxis) | cope_a_346=Fainting or dizziness | cope_a_347=Multisystem inflammatory syndrome | cope_a_348=COVID-19 infection | cope_a_349=Hospitalization | cope_a_357=Myocarditis | cope_a_358=Thrombocytopenia | cope_a_350=Other complication or event following vaccination | COPE_A_236=None of the above
Minute Survey on COVID-19 Vaccines	Minute Survey on COVID-19 Vacci	Winter, New Year	cdc_covid_xx_symptom_cope_350_dose3	text	free_text		0				yes	Please specify:	
Minute Survey on COVID-19 Vaccines	Minute Survey on COVID-19 Vacci	Winter, New Year	cdc_covid_xx_type_dose3	radio	single_select		4				yes	What type of vaccine did you receive for the additional dose?	cope_a_361=Booster dose | cope_a_362=Additional full dose | COPE_A_204=Other | COPE_A_52=Not sure
Minute Survey on COVID-19 Vaccines	Minute Survey on COVID-19 Vacci	Winter, New Year	cdc_covid_xx_type_dose3_other	text	free_text		0				yes	Please specify:	
Minute Survey on COVID-19 Vaccines	Minute Survey on COVID-19 Vacci	Winter, New Year	dmfs_xx_1_additionaldose	radio	single_select	765967	6				yes	If an additional dose is available to you, how likely are you to get vaccinated?	cope_a_318=Very likely | cope_a_317=Likely | cope_a_273=I do not know yet | cope_a_363=Not likely now, but maybe later | cope_a_315=Unlikely | cope_a_316=Very unlikely
Minute Survey on COVID-19 Vaccines	Minute Survey on COVID-19 Vacci	Winter, New Year	dmfs_29_additionaldose	checkbox	multi_select	766005	10				yes	What factors might make you less likely to get an additional dose? Please select all that apply.	cope_a_293=I do not want to pay for it. | cope_a_354=Difficulty making an appointment. | cope_a_355=I had a severe adverse reaction to the first or second COVID-19 dose. | cope_a_356=I know family/friends that had a severe adverse reaction to the first or second COVID-19 dose. | cope_a_353=I am currently or planning to be pregnant or breastfeeding | cope_a_359=There is not enough data on additional doses. | cope_a_360=I had COVID-19 after being fully vaccinated. | cope_a_364=I think I'm sufficiently protected against COVID-19. | cope_a_365=I think I should wait to get my booster until more people around the world can get vaccinated. | COPE_A_204=Other
Minute Survey on COVID-19 Vaccines	Minute Survey on COVID-19 Vacci	Winter, New Year	dmfs_29_additionaldose_other	text	free_text		0				yes	Please specify:	
Minute Survey on COVID-19 Vaccines	Minute Survey on COVID-19 Vacci	Winter, New Year	cdc_covid_xx_dose4	radio	single_select		3				yes	Have you received a dose in addition to the one(s) previously indicated? This includes boosters or additional full doses of the COVID-19 vaccine.	COPE_A_44=Yes | COPE_A_13=No | COPE_A_52=Not sure
Minute Survey on COVID-19 Vaccines	Minute Survey on COVID-19 Vacci	Winter, New Year	cdc_covid_xx_a_date4	text	date_text		0	date_mdy	43891.0		yes	Enter date of vaccination. If you can't remember the exact date you received your vaccine, use your best guess.	
Minute Survey on COVID-19 Vaccines	Minute Survey on COVID-19 Vacci	Winter, New Year	cdc_covid_xx_b_dose4	radio	single_select		6				yes	Which vaccine did you receive for your additional dose of the COVID-19 vaccination?	cope_a_335=AstraZeneca | cope_a_336=Johnson & Johnson (Janssen Pharmaceuticals) | cope_a_330=Pfizer (Pfizer-BioNTech) | cope_a_331=Moderna | COPE_A_204=Other | COPE_A_52=Not sure
Minute Survey on COVID-19 Vaccines	Minute Survey on COVID-19 Vacci	Winter, New Year	cdc_covid_xx_b_dose4_other	text	free_text		0				yes	Please specify:	
Minute Survey on COVID-19 Vaccines	Minute Survey on COVID-19 Vacci	Winter, New Year	cdc_covid_xx_symptom_dose4	checkbox	multi_select		17				yes	Since receiving your additional COVID-19 vaccine, have you experienced any of the following adverse reactions related to the vaccine? Please select all that apply.	cope_a_337=Swelling, redness, and/or pain at the injection site | cope_a_338=Fever | cope_a_339=Guillain-Barre syndrome | cope_a_340=Headache | cope_a_341=Tiredness | cope_a_342=Muscle pain | cope_a_343=Chills | cope_a_344=Nausea | cope_a_345=Severe allergic reaction (anaphylaxis) | cope_a_346=Fainting or dizziness | cope_a_347=Multisystem inflammatory syndrome | cope_a_348=COVID-19 infection | cope_a_349=Hospitalization | cope_a_357=Myocarditis | cope_a_358=Thrombocytopenia | cope_a_350=Other complication or event following vaccination | COPE_A_236=None of the above
Minute Survey on COVID-19 Vaccines	Minute Survey on COVID-19 Vacci	Winter, New Year	cdc_covid_xx_symptom_cope_350_dose4	text	free_text		0				yes	Please specify:	
Minute Survey on COVID-19 Vaccines	Minute Survey on COVID-19 Vacci	Winter, New Year	cdc_covid_xx_type_dose4	radio	single_select		4				yes	What type of vaccine did you receive for the additional dose?	cope_a_361=Booster dose | cope_a_362=Additional full dose | COPE_A_204=Other | COPE_A_52=Not sure
Minute Survey on COVID-19 Vaccines	Minute Survey on COVID-19 Vacci	Winter, New Year	cdc_covid_xx_type_dose4_other	text	free_text		0				yes	Please specify:	
Minute Survey on COVID-19 Vaccines	Minute Survey on COVID-19 Vacci	Winter, New Year	cdc_covid_xx_dose5	radio	single_select		3				yes	Have you received a dose in addition to the one(s) previously indicated? This includes boosters or additional full doses of the COVID-19 vaccine.	COPE_A_44=Yes | COPE_A_13=No | COPE_A_52=Not sure
Minute Survey on COVID-19 Vaccines	Minute Survey on COVID-19 Vacci	Winter, New Year	cdc_covid_xx_a_date5	text	date_text		0	date_mdy	43891.0		yes	Enter date of vaccination. If you can't remember the exact date you received your vaccine, use your best guess.	
Minute Survey on COVID-19 Vaccines	Minute Survey on COVID-19 Vacci	Winter, New Year	cdc_covid_xx_b_dose5	radio	single_select		6				yes	Which vaccine did you receive for your additional dose of the COVID-19 vaccination?	cope_a_335=AstraZeneca | cope_a_336=Johnson & Johnson (Janssen Pharmaceuticals) | cope_a_330=Pfizer (Pfizer-BioNTech) | cope_a_331=Moderna | COPE_A_204=Other | COPE_A_52=Not sure
Minute Survey on COVID-19 Vaccines	Minute Survey on COVID-19 Vacci	Winter, New Year	cdc_covid_xx_b_dose5_other	text	free_text		0				yes	Please specify:	
Minute Survey on COVID-19 Vaccines	Minute Survey on COVID-19 Vacci	Winter, New Year	cdc_covid_xx_symptom_dose5	checkbox	multi_select		17				yes	Since receiving your additional COVID-19 vaccine, have you experienced any of the following adverse reactions related to the vaccine? Please select all that apply.	cope_a_337=Swelling, redness, and/or pain at the injection site | cope_a_338=Fever | cope_a_339=Guillain-Barre syndrome | cope_a_340=Headache | cope_a_341=Tiredness | cope_a_342=Muscle pain | cope_a_343=Chills | cope_a_344=Nausea | cope_a_345=Severe allergic reaction (anaphylaxis) | cope_a_346=Fainting or dizziness | cope_a_347=Multisystem inflammatory syndrome | cope_a_348=COVID-19 infection | cope_a_349=Hospitalization | cope_a_357=Myocarditis | cope_a_358=Thrombocytopenia | cope_a_350=Other complication or event following vaccination | COPE_A_236=None of the above
Minute Survey on COVID-19 Vaccines	Minute Survey on COVID-19 Vacci	Winter, New Year	cdc_covid_xx_symptom_cope_350_dose5	text	free_text		0				yes	Please specify:	
Minute Survey on COVID-19 Vaccines	Minute Survey on COVID-19 Vacci	Winter, New Year	cdc_covid_xx_type_dose5	radio	single_select		4				yes	What type of vaccine did you receive for the additional dose?	cope_a_361=Booster dose | cope_a_362=Additional full dose | COPE_A_204=Other | COPE_A_52=Not sure
Minute Survey on COVID-19 Vaccines	Minute Survey on COVID-19 Vacci	Winter, New Year	cdc_covid_xx_type_dose5_other	text	free_text		0				yes	Please specify:	
Minute Survey on COVID-19 Vaccines	Minute Survey on COVID-19 Vacci	Winter, New Year	cdc_covid_xx_dose6	radio	single_select		3				yes	Have you received a dose in addition to the one(s) previously indicated? This includes boosters or additional full doses of the COVID-19 vaccine.	COPE_A_44=Yes | COPE_A_13=No | COPE_A_52=Not sure
Minute Survey on COVID-19 Vaccines	Minute Survey on COVID-19 Vacci	Winter, New Year	cdc_covid_xx_a_date6	text	date_text		0	date_mdy	43891.0		yes	Enter date of vaccination. If you can't remember the exact date you received your vaccine, use your best guess.	
Minute Survey on COVID-19 Vaccines	Minute Survey on COVID-19 Vacci	Winter, New Year	cdc_covid_xx_b_dose6	radio	single_select		6				yes	Which vaccine did you receive for your additional dose of the COVID-19 vaccination?	cope_a_335=AstraZeneca | cope_a_336=Johnson & Johnson (Janssen Pharmaceuticals) | cope_a_330=Pfizer (Pfizer-BioNTech) | cope_a_331=Moderna | COPE_A_204=Other | COPE_A_52=Not sure
Minute Survey on COVID-19 Vaccines	Minute Survey on COVID-19 Vacci	Winter, New Year	cdc_covid_xx_b_dose6_other	text	free_text		0				yes	Please specify:	
Minute Survey on COVID-19 Vaccines	Minute Survey on COVID-19 Vacci	Winter, New Year	cdc_covid_xx_symptom_dose6	checkbox	multi_select		17				yes	Since receiving your additional COVID-19 vaccine, have you experienced any of the following adverse reactions related to the vaccine? Please select all that apply.	cope_a_337=Swelling, redness, and/or pain at the injection site | cope_a_338=Fever | cope_a_339=Guillain-Barre syndrome | cope_a_340=Headache | cope_a_341=Tiredness | cope_a_342=Muscle pain | cope_a_343=Chills | cope_a_344=Nausea | cope_a_345=Severe allergic reaction (anaphylaxis) | cope_a_346=Fainting or dizziness | cope_a_347=Multisystem inflammatory syndrome | cope_a_348=COVID-19 infection | cope_a_349=Hospitalization | cope_a_357=Myocarditis | cope_a_358=Thrombocytopenia | cope_a_350=Other complication or event following vaccination | COPE_A_236=None of the above
Minute Survey on COVID-19 Vaccines	Minute Survey on COVID-19 Vacci	Winter, New Year	cdc_covid_xx_symptom_cope_350_dose6	text	free_text		0				yes	Please specify:	
Minute Survey on COVID-19 Vaccines	Minute Survey on COVID-19 Vacci	Winter, New Year	cdc_covid_xx_type_dose6	radio	single_select		4				yes	What type of vaccine did you receive for the additional dose?	cope_a_361=Booster dose | cope_a_362=Additional full dose | COPE_A_204=Other | COPE_A_52=Not sure
Minute Survey on COVID-19 Vaccines	Minute Survey on COVID-19 Vacci	Winter, New Year	cdc_covid_xx_type_dose6_other	text	free_text		0				yes	Please specify:	
Minute Survey on COVID-19 Vaccines	Minute Survey on COVID-19 Vacci	Winter, New Year	cdc_covid_xx_dose7	radio	single_select		3				yes	Have you received a dose in addition to the one(s) previously indicated? This includes boosters or additional full doses of the COVID-19 vaccine.	COPE_A_44=Yes | COPE_A_13=No | COPE_A_52=Not sure
Minute Survey on COVID-19 Vaccines	Minute Survey on COVID-19 Vacci	Winter, New Year	cdc_covid_xx_a_date7	text	date_text		0	date_mdy	43891.0		yes	Enter date of vaccination. If you can't remember the exact date you received your vaccine, use your best guess.	
Minute Survey on COVID-19 Vaccines	Minute Survey on COVID-19 Vacci	Winter, New Year	cdc_covid_xx_b_dose7	radio	single_select		6				yes	Which vaccine did you receive for your additional dose of the COVID-19 vaccination?	cope_a_335=AstraZeneca | cope_a_336=Johnson & Johnson (Janssen Pharmaceuticals) | cope_a_330=Pfizer (Pfizer-BioNTech) | cope_a_331=Moderna | COPE_A_204=Other | COPE_A_52=Not sure
Minute Survey on COVID-19 Vaccines	Minute Survey on COVID-19 Vacci	Winter, New Year	cdc_covid_xx_b_dose7_other	text	free_text		0				yes	Please specify:	
Minute Survey on COVID-19 Vaccines	Minute Survey on COVID-19 Vacci	Winter, New Year	cdc_covid_xx_symptom_dose7	checkbox	multi_select		17				yes	Since receiving your additional COVID-19 vaccine, have you experienced any of the following adverse reactions related to the vaccine? Please select all that apply.	cope_a_337=Swelling, redness, and/or pain at the injection site | cope_a_338=Fever | cope_a_339=Guillain-Barre syndrome | cope_a_340=Headache | cope_a_341=Tiredness | cope_a_342=Muscle pain | cope_a_343=Chills | cope_a_344=Nausea | cope_a_345=Severe allergic reaction (anaphylaxis) | cope_a_346=Fainting or dizziness | cope_a_347=Multisystem inflammatory syndrome | cope_a_348=COVID-19 infection | cope_a_349=Hospitalization | cope_a_357=Myocarditis | cope_a_358=Thrombocytopenia | cope_a_350=Other complication or event following vaccination | COPE_A_236=None of the above
Minute Survey on COVID-19 Vaccines	Minute Survey on COVID-19 Vacci	Winter, New Year	cdc_covid_xx_symptom_cope_350_dose7	text	free_text		0				yes	Please specify:	
Minute Survey on COVID-19 Vaccines	Minute Survey on COVID-19 Vacci	Winter, New Year	cdc_covid_xx_type_dose7	radio	single_select		4				yes	What type of vaccine did you receive for the additional dose?	cope_a_361=Booster dose | cope_a_362=Additional full dose | COPE_A_204=Other | COPE_A_52=Not sure
Minute Survey on COVID-19 Vaccines	Minute Survey on COVID-19 Vacci	Winter, New Year	cdc_covid_xx_type_dose7_other	text	free_text		0				yes	Please specify:	
Minute Survey on COVID-19 Vaccines	Minute Survey on COVID-19 Vacci	Winter, New Year	cdc_covid_xx_dose8	radio	single_select		3				yes	Have you received a dose in addition to the one(s) previously indicated? This includes boosters or additional full doses of the COVID-19 vaccine.	COPE_A_44=Yes | COPE_A_13=No | COPE_A_52=Not sure
Minute Survey on COVID-19 Vaccines	Minute Survey on COVID-19 Vacci	Winter, New Year	cdc_covid_xx_a_date8	text	date_text		0	date_mdy	43891.0		yes	Enter date of vaccination. If you can't remember the exact date you received your vaccine, use your best guess.	
Minute Survey on COVID-19 Vaccines	Minute Survey on COVID-19 Vacci	Winter, New Year	cdc_covid_xx_b_dose8	radio	single_select		6				yes	Which vaccine did you receive for your additional dose of the COVID-19 vaccination?	cope_a_335=AstraZeneca | cope_a_336=Johnson & Johnson (Janssen Pharmaceuticals) | cope_a_330=Pfizer (Pfizer-BioNTech) | cope_a_331=Moderna | COPE_A_204=Other | COPE_A_52=Not sure
Minute Survey on COVID-19 Vaccines	Minute Survey on COVID-19 Vacci	Winter, New Year	cdc_covid_xx_b_dose8_other	text	free_text		0				yes	Please specify:	
Minute Survey on COVID-19 Vaccines	Minute Survey on COVID-19 Vacci	Winter, New Year	cdc_covid_xx_symptom_dose8	checkbox	multi_select		17				yes	Since receiving your additional COVID-19 vaccine, have you experienced any of the following adverse reactions related to the vaccine? Please select all that apply.	cope_a_337=Swelling, redness, and/or pain at the injection site | cope_a_338=Fever | cope_a_339=Guillain-Barre syndrome | cope_a_340=Headache | cope_a_341=Tiredness | cope_a_342=Muscle pain | cope_a_343=Chills | cope_a_344=Nausea | cope_a_345=Severe allergic reaction (anaphylaxis) | cope_a_346=Fainting or dizziness | cope_a_347=Multisystem inflammatory syndrome | cope_a_348=COVID-19 infection | cope_a_349=Hospitalization | cope_a_357=Myocarditis | cope_a_358=Thrombocytopenia | cope_a_350=Other complication or event following vaccination | COPE_A_236=None of the above
Minute Survey on COVID-19 Vaccines	Minute Survey on COVID-19 Vacci	Winter, New Year	cdc_covid_xx_symptom_cope_350_dose8	text	free_text		0				yes	Please specify:	
Minute Survey on COVID-19 Vaccines	Minute Survey on COVID-19 Vacci	Winter, New Year	cdc_covid_xx_type_dose8	radio	single_select		4				yes	What type of vaccine did you receive for the additional dose?	cope_a_361=Booster dose | cope_a_362=Additional full dose | COPE_A_204=Other | COPE_A_52=Not sure
Minute Survey on COVID-19 Vaccines	Minute Survey on COVID-19 Vacci	Winter, New Year	cdc_covid_xx_type_dose8_other	text	free_text		0				yes	Please specify:	
Minute Survey on COVID-19 Vaccines	Minute Survey on COVID-19 Vacci	Winter, New Year	cdc_covid_xx_dose9	radio	single_select		3				yes	Have you received a dose in addition to the one(s) previously indicated? This includes boosters or additional full doses of the COVID-19 vaccine.	COPE_A_44=Yes | COPE_A_13=No | COPE_A_52=Not sure
Minute Survey on COVID-19 Vaccines	Minute Survey on COVID-19 Vacci	Winter, New Year	cdc_covid_xx_a_date9	text	date_text		0	date_mdy	43891.0		yes	Enter date of vaccination. If you can't remember the exact date you received your vaccine, use your best guess.	
Minute Survey on COVID-19 Vaccines	Minute Survey on COVID-19 Vacci	Winter, New Year	cdc_covid_xx_b_dose9	radio	single_select		6				yes	Which vaccine did you receive for your additional dose of the COVID-19 vaccination?	cope_a_335=AstraZeneca | cope_a_336=Johnson & Johnson (Janssen Pharmaceuticals) | cope_a_330=Pfizer (Pfizer-BioNTech) | cope_a_331=Moderna | COPE_A_204=Other | COPE_A_52=Not sure
Minute Survey on COVID-19 Vaccines	Minute Survey on COVID-19 Vacci	Winter, New Year	cdc_covid_xx_b_dose9_other	text	free_text		0				yes	Please specify:	
Minute Survey on COVID-19 Vaccines	Minute Survey on COVID-19 Vacci	Winter, New Year	cdc_covid_xx_symptom_dose9	checkbox	multi_select		17				yes	Since receiving your additional COVID-19 vaccine, have you experienced any of the following adverse reactions related to the vaccine? Please select all that apply.	cope_a_337=Swelling, redness, and/or pain at the injection site | cope_a_338=Fever | cope_a_339=Guillain-Barre syndrome | cope_a_340=Headache | cope_a_341=Tiredness | cope_a_342=Muscle pain | cope_a_343=Chills | cope_a_344=Nausea | cope_a_345=Severe allergic reaction (anaphylaxis) | cope_a_346=Fainting or dizziness | cope_a_347=Multisystem inflammatory syndrome | cope_a_348=COVID-19 infection | cope_a_349=Hospitalization | cope_a_357=Myocarditis | cope_a_358=Thrombocytopenia | cope_a_350=Other complication or event following vaccination | COPE_A_236=None of the above
Minute Survey on COVID-19 Vaccines	Minute Survey on COVID-19 Vacci	Winter, New Year	cdc_covid_xx_symptom_cope_350_dose9	text	free_text		0				yes	Please specify:	
Minute Survey on COVID-19 Vaccines	Minute Survey on COVID-19 Vacci	Winter, New Year	cdc_covid_xx_type_dose9	radio	single_select		4				yes	What type of vaccine did you receive for the additional dose?	cope_a_361=Booster dose | cope_a_362=Additional full dose | COPE_A_204=Other | COPE_A_52=Not sure
Minute Survey on COVID-19 Vaccines	Minute Survey on COVID-19 Vacci	Winter, New Year	cdc_covid_xx_type_dose9_other	text	free_text		0				yes	Please specify:	
Minute Survey on COVID-19 Vaccines	Minute Survey on COVID-19 Vacci	Winter, New Year	cdc_covid_xx_dose10	radio	single_select		3				yes	Have you received a dose in addition to the one(s) previously indicated? This includes boosters or additional full doses of the COVID-19 vaccine.	COPE_A_44=Yes | COPE_A_13=No | COPE_A_52=Not sure
Minute Survey on COVID-19 Vaccines	Minute Survey on COVID-19 Vacci	Winter, New Year	cdc_covid_xx_a_date10	text	date_text		0	date_mdy	43891.0		yes	Enter date of vaccination. If you can't remember the exact date you received your vaccine, use your best guess.	
Minute Survey on COVID-19 Vaccines	Minute Survey on COVID-19 Vacci	Winter, New Year	cdc_covid_xx_b_dose10	radio	single_select		6				yes	Which vaccine did you receive for your additional dose of the COVID-19 vaccination?	cope_a_335=AstraZeneca | cope_a_336=Johnson & Johnson (Janssen Pharmaceuticals) | cope_a_330=Pfizer (Pfizer-BioNTech) | cope_a_331=Moderna | COPE_A_204=Other | COPE_A_52=Not sure
Minute Survey on COVID-19 Vaccines	Minute Survey on COVID-19 Vacci	Winter, New Year	cdc_covid_xx_b_dose10_other	text	free_text		0				yes	Please specify:	
Minute Survey on COVID-19 Vaccines	Minute Survey on COVID-19 Vacci	Winter, New Year	cdc_covid_xx_symptom_dose10	checkbox	multi_select		17				yes	Since receiving your additional COVID-19 vaccine, have you experienced any of the following adverse reactions related to the vaccine? Please select all that apply.	cope_a_337=Swelling, redness, and/or pain at the injection site | cope_a_338=Fever | cope_a_339=Guillain-Barre syndrome | cope_a_340=Headache | cope_a_341=Tiredness | cope_a_342=Muscle pain | cope_a_343=Chills | cope_a_344=Nausea | cope_a_345=Severe allergic reaction (anaphylaxis) | cope_a_346=Fainting or dizziness | cope_a_347=Multisystem inflammatory syndrome | cope_a_348=COVID-19 infection | cope_a_349=Hospitalization | cope_a_357=Myocarditis | cope_a_358=Thrombocytopenia | cope_a_350=Other complication or event following vaccination | COPE_A_236=None of the above
Minute Survey on COVID-19 Vaccines	Minute Survey on COVID-19 Vacci	Winter, New Year	cdc_covid_xx_symptom_cope_350_dose10	text	free_text		0				yes	Please specify:	
Minute Survey on COVID-19 Vaccines	Minute Survey on COVID-19 Vacci	Winter, New Year	cdc_covid_xx_type_dose10	radio	single_select		4				yes	What type of vaccine did you receive for the additional dose?	cope_a_361=Booster dose | cope_a_362=Additional full dose | COPE_A_204=Other | COPE_A_52=Not sure
Minute Survey on COVID-19 Vaccines	Minute Survey on COVID-19 Vacci	Winter, New Year	cdc_covid_xx_type_dose10_other	text	free_text		0				yes	Please specify:	
Minute Survey on COVID-19 Vaccines	Minute Survey on COVID-19 Vacci	Winter, New Year	cdc_covid_xx_dose11	radio	single_select		3				yes	Have you received a dose in addition to the one(s) previously indicated? This includes boosters or additional full doses of the COVID-19 vaccine.	COPE_A_44=Yes | COPE_A_13=No | COPE_A_52=Not sure
Minute Survey on COVID-19 Vaccines	Minute Survey on COVID-19 Vacci	Winter, New Year	cdc_covid_xx_a_date11	text	date_text		0	date_mdy	43891.0		yes	Enter date of vaccination. If you can't remember the exact date you received your vaccine, use your best guess.	
Minute Survey on COVID-19 Vaccines	Minute Survey on COVID-19 Vacci	Winter, New Year	cdc_covid_xx_b_dose11	radio	single_select		6				yes	Which vaccine did you receive for your additional dose of the COVID-19 vaccination?	cope_a_335=AstraZeneca | cope_a_336=Johnson & Johnson (Janssen Pharmaceuticals) | cope_a_330=Pfizer (Pfizer-BioNTech) | cope_a_331=Moderna | COPE_A_204=Other | COPE_A_52=Not sure
Minute Survey on COVID-19 Vaccines	Minute Survey on COVID-19 Vacci	Winter, New Year	cdc_covid_xx_b_dose11_other	text	free_text		0				yes	Please specify:	
Minute Survey on COVID-19 Vaccines	Minute Survey on COVID-19 Vacci	Winter, New Year	cdc_covid_xx_symptom_dose11	checkbox	multi_select		17				yes	Since receiving your additional COVID-19 vaccine, have you experienced any of the following adverse reactions related to the vaccine? Please select all that apply.	cope_a_337=Swelling, redness, and/or pain at the injection site | cope_a_338=Fever | cope_a_339=Guillain-Barre syndrome | cope_a_340=Headache | cope_a_341=Tiredness | cope_a_342=Muscle pain | cope_a_343=Chills | cope_a_344=Nausea | cope_a_345=Severe allergic reaction (anaphylaxis) | cope_a_346=Fainting or dizziness | cope_a_347=Multisystem inflammatory syndrome | cope_a_348=COVID-19 infection | cope_a_349=Hospitalization | cope_a_357=Myocarditis | cope_a_358=Thrombocytopenia | cope_a_350=Other complication or event following vaccination | COPE_A_236=None of the above
Minute Survey on COVID-19 Vaccines	Minute Survey on COVID-19 Vacci	Winter, New Year	cdc_covid_xx_symptom_cope_350_dose11	text	free_text		0				yes	Please specify:	
Minute Survey on COVID-19 Vaccines	Minute Survey on COVID-19 Vacci	Winter, New Year	cdc_covid_xx_type_dose11	radio	single_select		4				yes	What type of vaccine did you receive for the additional dose?	cope_a_361=Booster dose | cope_a_362=Additional full dose | COPE_A_204=Other | COPE_A_52=Not sure
Minute Survey on COVID-19 Vaccines	Minute Survey on COVID-19 Vacci	Winter, New Year	cdc_covid_xx_type_dose11_other	text	free_text		0				yes	Please specify:	
Minute Survey on COVID-19 Vaccines	Minute Survey on COVID-19 Vacci	Winter, New Year	cdc_covid_xx_dose12	radio	single_select		3				yes	Have you received a dose in addition to the one(s) previously indicated? This includes boosters or additional full doses of the COVID-19 vaccine.	COPE_A_44=Yes | COPE_A_13=No | COPE_A_52=Not sure
Minute Survey on COVID-19 Vaccines	Minute Survey on COVID-19 Vacci	Winter, New Year	cdc_covid_xx_a_date12	text	date_text		0	date_mdy	43891.0		yes	Enter date of vaccination. If you can't remember the exact date you received your vaccine, use your best guess.	
Minute Survey on COVID-19 Vaccines	Minute Survey on COVID-19 Vacci	Winter, New Year	cdc_covid_xx_b_dose12	radio	single_select		6				yes	Which vaccine did you receive for your additional dose of the COVID-19 vaccination?	cope_a_335=AstraZeneca | cope_a_336=Johnson & Johnson (Janssen Pharmaceuticals) | cope_a_330=Pfizer (Pfizer-BioNTech) | cope_a_331=Moderna | COPE_A_204=Other | COPE_A_52=Not sure
Minute Survey on COVID-19 Vaccines	Minute Survey on COVID-19 Vacci	Winter, New Year	cdc_covid_xx_b_dose12_other	text	free_text		0				yes	Please specify:	
Minute Survey on COVID-19 Vaccines	Minute Survey on COVID-19 Vacci	Winter, New Year	cdc_covid_xx_symptom_dose12	checkbox	multi_select		17				yes	Since receiving your additional COVID-19 vaccine, have you experienced any of the following adverse reactions related to the vaccine? Please select all that apply.	cope_a_337=Swelling, redness, and/or pain at the injection site | cope_a_338=Fever | cope_a_339=Guillain-Barre syndrome | cope_a_340=Headache | cope_a_341=Tiredness | cope_a_342=Muscle pain | cope_a_343=Chills | cope_a_344=Nausea | cope_a_345=Severe allergic reaction (anaphylaxis) | cope_a_346=Fainting or dizziness | cope_a_347=Multisystem inflammatory syndrome | cope_a_348=COVID-19 infection | cope_a_349=Hospitalization | cope_a_357=Myocarditis | cope_a_358=Thrombocytopenia | cope_a_350=Other complication or event following vaccination | COPE_A_236=None of the above
Minute Survey on COVID-19 Vaccines	Minute Survey on COVID-19 Vacci	Winter, New Year	cdc_covid_xx_symptom_cope_350_dose12	text	free_text		0				yes	Please specify:	
Minute Survey on COVID-19 Vaccines	Minute Survey on COVID-19 Vacci	Winter, New Year	cdc_covid_xx_type_dose12	radio	single_select		4				yes	What type of vaccine did you receive for the additional dose?	cope_a_361=Booster dose | cope_a_362=Additional full dose | COPE_A_204=Other | COPE_A_52=Not sure
Minute Survey on COVID-19 Vaccines	Minute Survey on COVID-19 Vacci	Winter, New Year	cdc_covid_xx_type_dose12_other	text	free_text		0				yes	Please specify:	
Minute Survey on COVID-19 Vaccines	Minute Survey on COVID-19 Vacci	Winter, New Year	cdc_covid_xx_dose13	radio	single_select		3				yes	Have you received a dose in addition to the one(s) previously indicated? This includes boosters or additional full doses of the COVID-19 vaccine.	COPE_A_44=Yes | COPE_A_13=No | COPE_A_52=Not sure
Minute Survey on COVID-19 Vaccines	Minute Survey on COVID-19 Vacci	Winter, New Year	cdc_covid_xx_a_date13	text	date_text		0	date_mdy	43891.0		yes	Enter date of vaccination. If you can't remember the exact date you received your vaccine, use your best guess.	
Minute Survey on COVID-19 Vaccines	Minute Survey on COVID-19 Vacci	Winter, New Year	cdc_covid_xx_b_dose13	radio	single_select		6				yes	Which vaccine did you receive for your additional dose of the COVID-19 vaccination?	cope_a_335=AstraZeneca | cope_a_336=Johnson & Johnson (Janssen Pharmaceuticals) | cope_a_330=Pfizer (Pfizer-BioNTech) | cope_a_331=Moderna | COPE_A_204=Other | COPE_A_52=Not sure
Minute Survey on COVID-19 Vaccines	Minute Survey on COVID-19 Vacci	Winter, New Year	cdc_covid_xx_b_dose13_other	text	free_text		0				yes	Please specify:	
Minute Survey on COVID-19 Vaccines	Minute Survey on COVID-19 Vacci	Winter, New Year	cdc_covid_xx_symptom_dose13	checkbox	multi_select		17				yes	Since receiving your additional COVID-19 vaccine, have you experienced any of the following adverse reactions related to the vaccine? Please select all that apply.	cope_a_337=Swelling, redness, and/or pain at the injection site | cope_a_338=Fever | cope_a_339=Guillain-Barre syndrome | cope_a_340=Headache | cope_a_341=Tiredness | cope_a_342=Muscle pain | cope_a_343=Chills | cope_a_344=Nausea | cope_a_345=Severe allergic reaction (anaphylaxis) | cope_a_346=Fainting or dizziness | cope_a_347=Multisystem inflammatory syndrome | cope_a_348=COVID-19 infection | cope_a_349=Hospitalization | cope_a_357=Myocarditis | cope_a_358=Thrombocytopenia | cope_a_350=Other complication or event following vaccination | COPE_A_236=None of the above
Minute Survey on COVID-19 Vaccines	Minute Survey on COVID-19 Vacci	Winter, New Year	cdc_covid_xx_symptom_cope_350_dose13	text	free_text		0				yes	Please specify:	
Minute Survey on COVID-19 Vaccines	Minute Survey on COVID-19 Vacci	Winter, New Year	cdc_covid_xx_type_dose13	radio	single_select		4				yes	What type of vaccine did you receive for the additional dose?	cope_a_361=Booster dose | cope_a_362=Additional full dose | COPE_A_204=Other | COPE_A_52=Not sure
Minute Survey on COVID-19 Vaccines	Minute Survey on COVID-19 Vacci	Winter, New Year	cdc_covid_xx_type_dose13_other	text	free_text		0				yes	Please specify:	
Minute Survey on COVID-19 Vaccines	Minute Survey on COVID-19 Vacci	Winter, New Year	cdc_covid_xx_dose14	radio	single_select		3				yes	Have you received a dose in addition to the one(s) previously indicated? This includes boosters or additional full doses of the COVID-19 vaccine.	COPE_A_44=Yes | COPE_A_13=No | COPE_A_52=Not sure
Minute Survey on COVID-19 Vaccines	Minute Survey on COVID-19 Vacci	Winter, New Year	cdc_covid_xx_a_date14	text	date_text		0	date_mdy	43891.0		yes	Enter date of vaccination. If you can't remember the exact date you received your vaccine, use your best guess.	
Minute Survey on COVID-19 Vaccines	Minute Survey on COVID-19 Vacci	Winter, New Year	cdc_covid_xx_b_dose14	radio	single_select		6				yes	Which vaccine did you receive for your additional dose of the COVID-19 vaccination?	cope_a_335=AstraZeneca | cope_a_336=Johnson & Johnson (Janssen Pharmaceuticals) | cope_a_330=Pfizer (Pfizer-BioNTech) | cope_a_331=Moderna | COPE_A_204=Other | COPE_A_52=Not sure
Minute Survey on COVID-19 Vaccines	Minute Survey on COVID-19 Vacci	Winter, New Year	cdc_covid_xx_b_dose14_other	text	free_text		0				yes	Please specify:	
Minute Survey on COVID-19 Vaccines	Minute Survey on COVID-19 Vacci	Winter, New Year	cdc_covid_xx_symptom_dose14	checkbox	multi_select		17				yes	Since receiving your additional COVID-19 vaccine, have you experienced any of the following adverse reactions related to the vaccine? Please select all that apply.	cope_a_337=Swelling, redness, and/or pain at the injection site | cope_a_338=Fever | cope_a_339=Guillain-Barre syndrome | cope_a_340=Headache | cope_a_341=Tiredness | cope_a_342=Muscle pain | cope_a_343=Chills | cope_a_344=Nausea | cope_a_345=Severe allergic reaction (anaphylaxis) | cope_a_346=Fainting or dizziness | cope_a_347=Multisystem inflammatory syndrome | cope_a_348=COVID-19 infection | cope_a_349=Hospitalization | cope_a_357=Myocarditis | cope_a_358=Thrombocytopenia | cope_a_350=Other complication or event following vaccination | COPE_A_236=None of the above
Minute Survey on COVID-19 Vaccines	Minute Survey on COVID-19 Vacci	Winter, New Year	cdc_covid_xx_symptom_cope_350_dose14	text	free_text		0				yes	Please specify:	
Minute Survey on COVID-19 Vaccines	Minute Survey on COVID-19 Vacci	Winter, New Year	cdc_covid_xx_type_dose14	radio	single_select		4				yes	What type of vaccine did you receive for the additional dose?	cope_a_361=Booster dose | cope_a_362=Additional full dose | COPE_A_204=Other | COPE_A_52=Not sure
Minute Survey on COVID-19 Vaccines	Minute Survey on COVID-19 Vacci	Winter, New Year	cdc_covid_xx_type_dose14_other	text	free_text		0				yes	Please specify:	
Minute Survey on COVID-19 Vaccines	Minute Survey on COVID-19 Vacci	Winter, New Year	cdc_covid_xx_dose15	radio	single_select		3				yes	Have you received a dose in addition to the one(s) previously indicated? This includes boosters or additional full doses of the COVID-19 vaccine.	COPE_A_44=Yes | COPE_A_13=No | COPE_A_52=Not sure
Minute Survey on COVID-19 Vaccines	Minute Survey on COVID-19 Vacci	Winter, New Year	cdc_covid_xx_a_date15	text	date_text		0	date_mdy	43891.0		yes	Enter date of vaccination. If you can't remember the exact date you received your vaccine, use your best guess.	
Minute Survey on COVID-19 Vaccines	Minute Survey on COVID-19 Vacci	Winter, New Year	cdc_covid_xx_b_dose15	radio	single_select		6				yes	Which vaccine did you receive for your additional dose of the COVID-19 vaccination?	cope_a_335=AstraZeneca | cope_a_336=Johnson & Johnson (Janssen Pharmaceuticals) | cope_a_330=Pfizer (Pfizer-BioNTech) | cope_a_331=Moderna | COPE_A_204=Other | COPE_A_52=Not sure
Minute Survey on COVID-19 Vaccines	Minute Survey on COVID-19 Vacci	Winter, New Year	cdc_covid_xx_b_dose15_other	text	free_text		0				yes	Please specify:	
Minute Survey on COVID-19 Vaccines	Minute Survey on COVID-19 Vacci	Winter, New Year	cdc_covid_xx_symptom_dose15	checkbox	multi_select		17				yes	Since receiving your additional COVID-19 vaccine, have you experienced any of the following adverse reactions related to the vaccine? Please select all that apply.	cope_a_337=Swelling, redness, and/or pain at the injection site | cope_a_338=Fever | cope_a_339=Guillain-Barre syndrome | cope_a_340=Headache | cope_a_341=Tiredness | cope_a_342=Muscle pain | cope_a_343=Chills | cope_a_344=Nausea | cope_a_345=Severe allergic reaction (anaphylaxis) | cope_a_346=Fainting or dizziness | cope_a_347=Multisystem inflammatory syndrome | cope_a_348=COVID-19 infection | cope_a_349=Hospitalization | cope_a_357=Myocarditis | cope_a_358=Thrombocytopenia | cope_a_350=Other complication or event following vaccination | COPE_A_236=None of the above
Minute Survey on COVID-19 Vaccines	Minute Survey on COVID-19 Vacci	Winter, New Year	cdc_covid_xx_symptom_cope_350_dose15	text	free_text		0				yes	Please specify:	
Minute Survey on COVID-19 Vaccines	Minute Survey on COVID-19 Vacci	Winter, New Year	cdc_covid_xx_type_dose15	radio	single_select		4				yes	What type of vaccine did you receive for the additional dose?	cope_a_361=Booster dose | cope_a_362=Additional full dose | COPE_A_204=Other | COPE_A_52=Not sure
Minute Survey on COVID-19 Vaccines	Minute Survey on COVID-19 Vacci	Winter, New Year	cdc_covid_xx_type_dose15_other	text	free_text		0				yes	Please specify:	
Minute Survey on COVID-19 Vaccines	Minute Survey on COVID-19 Vacci	Winter, New Year	cdc_covid_xx_dose16	radio	single_select		3				yes	Have you received a dose in addition to the one(s) previously indicated? This includes boosters or additional full doses of the COVID-19 vaccine.	COPE_A_44=Yes | COPE_A_13=No | COPE_A_52=Not sure
Minute Survey on COVID-19 Vaccines	Minute Survey on COVID-19 Vacci	Winter, New Year	cdc_covid_xx_a_date16	text	date_text		0	date_mdy	43891.0		yes	Enter date of vaccination. If you can't remember the exact date you received your vaccine, use your best guess.	
Minute Survey on COVID-19 Vaccines	Minute Survey on COVID-19 Vacci	Winter, New Year	cdc_covid_xx_b_dose16	radio	single_select		6				yes	Which vaccine did you receive for your additional dose of the COVID-19 vaccination?	cope_a_335=AstraZeneca | cope_a_336=Johnson & Johnson (Janssen Pharmaceuticals) | cope_a_330=Pfizer (Pfizer-BioNTech) | cope_a_331=Moderna | COPE_A_204=Other | COPE_A_52=Not sure
Minute Survey on COVID-19 Vaccines	Minute Survey on COVID-19 Vacci	Winter, New Year	cdc_covid_xx_b_dose16_other	text	free_text		0				yes	Please specify:	
Minute Survey on COVID-19 Vaccines	Minute Survey on COVID-19 Vacci	Winter, New Year	cdc_covid_xx_symptom_dose16	checkbox	multi_select		17				yes	Since receiving your additional COVID-19 vaccine, have you experienced any of the following adverse reactions related to the vaccine? Please select all that apply.	cope_a_337=Swelling, redness, and/or pain at the injection site | cope_a_338=Fever | cope_a_339=Guillain-Barre syndrome | cope_a_340=Headache | cope_a_341=Tiredness | cope_a_342=Muscle pain | cope_a_343=Chills | cope_a_344=Nausea | cope_a_345=Severe allergic reaction (anaphylaxis) | cope_a_346=Fainting or dizziness | cope_a_347=Multisystem inflammatory syndrome | cope_a_348=COVID-19 infection | cope_a_349=Hospitalization | cope_a_357=Myocarditis | cope_a_358=Thrombocytopenia | cope_a_350=Other complication or event following vaccination | COPE_A_236=None of the above
Minute Survey on COVID-19 Vaccines	Minute Survey on COVID-19 Vacci	Winter, New Year	cdc_covid_xx_symptom_cope_350_dose16	text	free_text		0				yes	Please specify:	
Minute Survey on COVID-19 Vaccines	Minute Survey on COVID-19 Vacci	Winter, New Year	cdc_covid_xx_type_dose16	radio	single_select		4				yes	What type of vaccine did you receive for the additional dose?	cope_a_361=Booster dose | cope_a_362=Additional full dose | COPE_A_204=Other | COPE_A_52=Not sure
Minute Survey on COVID-19 Vaccines	Minute Survey on COVID-19 Vacci	Winter, New Year	cdc_covid_xx_type_dose16_other	text	free_text		0				yes	Please specify:	
Minute Survey on COVID-19 Vaccines	Minute Survey on COVID-19 Vacci	Winter, New Year	cdc_covid_xx_dose17	radio	single_select		3				yes	Have you received a dose in addition to the one(s) previously indicated? This includes boosters or additional full doses of the COVID-19 vaccine.	COPE_A_44=Yes | COPE_A_13=No | COPE_A_52=Not sure
Minute Survey on COVID-19 Vaccines	Minute Survey on COVID-19 Vacci	Winter, New Year	cdc_covid_xx_a_date17	text	date_text		0	date_mdy	43891.0		yes	Enter date of vaccination. If you can't remember the exact date you received your vaccine, use your best guess.	
Minute Survey on COVID-19 Vaccines	Minute Survey on COVID-19 Vacci	Winter, New Year	cdc_covid_xx_b_dose17	radio	single_select		6				yes	Which vaccine did you receive for your additional dose of the COVID-19 vaccination?	cope_a_335=AstraZeneca | cope_a_336=Johnson & Johnson (Janssen Pharmaceuticals) | cope_a_330=Pfizer (Pfizer-BioNTech) | cope_a_331=Moderna | COPE_A_204=Other | COPE_A_52=Not sure
Minute Survey on COVID-19 Vaccines	Minute Survey on COVID-19 Vacci	Winter, New Year	cdc_covid_xx_b_dose17_other	text	free_text		0				yes	Please specify:	
Minute Survey on COVID-19 Vaccines	Minute Survey on COVID-19 Vacci	Winter, New Year	cdc_covid_xx_symptom_dose17	checkbox	multi_select		17				yes	Since receiving your additional COVID-19 vaccine, have you experienced any of the following adverse reactions related to the vaccine? Please select all that apply.	cope_a_337=Swelling, redness, and/or pain at the injection site | cope_a_338=Fever | cope_a_339=Guillain-Barre syndrome | cope_a_340=Headache | cope_a_341=Tiredness | cope_a_342=Muscle pain | cope_a_343=Chills | cope_a_344=Nausea | cope_a_345=Severe allergic reaction (anaphylaxis) | cope_a_346=Fainting or dizziness | cope_a_347=Multisystem inflammatory syndrome | cope_a_348=COVID-19 infection | cope_a_349=Hospitalization | cope_a_357=Myocarditis | cope_a_358=Thrombocytopenia | cope_a_350=Other complication or event following vaccination | COPE_A_236=None of the above
Minute Survey on COVID-19 Vaccines	Minute Survey on COVID-19 Vacci	Winter, New Year	cdc_covid_xx_symptom_cope_350_dose17	text	free_text		0				yes	Please specify:	
Minute Survey on COVID-19 Vaccines	Minute Survey on COVID-19 Vacci	Winter, New Year	cdc_covid_xx_type_dose17	radio	single_select		4				yes	What type of vaccine did you receive for the additional dose?	cope_a_361=Booster dose | cope_a_362=Additional full dose | COPE_A_204=Other | COPE_A_52=Not sure
Minute Survey on COVID-19 Vaccines	Minute Survey on COVID-19 Vacci	Winter, New Year	cdc_covid_xx_type_dose17_other	text	free_text		0				yes	Please specify:	
Minute Survey on COVID-19 Vaccines	Minute Survey on COVID-19 Vacci	New Year	cope_vaccine4	descriptive	descriptive		0				no	COVID-19 Vaccine Survey	
Life Functioning	Life Functioning		lfs	descriptive	descriptive		0				no	Life Functioning Survey	
Life Functioning	Life Functioning		disability_deaf	radio	single_select		3				no	Are you deaf or do you have serious difficulty hearing?	Deaf_Yes=Yes | Deaf_No=No | Deaf_PreferNotToAnswer=Prefer not to answer
Life Functioning	Life Functioning		disability_blind	radio	single_select		3				no	Are you blind or do you have serious difficulty seeing, even when wearing glasses?	Blind_Yes=Yes | Blind_No=No | Blind_PreferNotToAnswer=Prefer not to answer
Life Functioning	Life Functioning		disability_difficultyconcentrating	radio	single_select		3				no	Because of a physical, mental, or emotional condition, do you have serious difficulty concentrating, remembering or making decisions?	DifficultyConcentrating_Yes=Yes | DifficultyConcentrating_No=No | DifficultyConcentrating_PreferNotToAnswer=Prefer not to answer
Life Functioning	Life Functioning		disability_walkingclimbing	radio	single_select		3				no	Do you have serious difficulty walking or climbing stairs?	WalkingClimbing_Yes=Yes | WalkingClimbing_No=No | WalkingClimbing_PreferNotToAnswer=Prefer not to answer
Life Functioning	Life Functioning		disability_dressingbathing	radio	single_select		3				no	Do you have difficulty dressing or bathing?	DressingBathing_Yes=Yes | DressingBathing_No=No | DressingBathing_PreferNotToAnswer=Prefer not to answer
Life Functioning	Life Functioning		disability_errandsalone	radio	single_select		3				no	Because of a physical, mental, or emotional condition, do you have difficulty doing errands alone such as visiting doctor's office or shopping?	ErrandsAlone_Yes=Yes | ErrandsAlone_No=No | ErrandsAlone_PreferNotToAnswer=Prefer not to answer
Emotional Health History and Well-Being	Emotional Health History		ehhwb	descriptive	descriptive		0				no	Emotional Health History and Well-Being	
Emotional Health History and Well-Being	Emotional Health History		ehhwb_intro	descriptive	descriptive		0				no	The following questions ask about your emotional health and well-being. Participating in this survey will help us understand emotional health and well-being and how they affect overall health. This survey will take approximately 8 minutes to complete. Please answer each question as honestly as possible. We are looking for your own answers, and not what you think your doctors, family, or friends want you to say. Don't feel like you must spend a long time over each question. The first answer that comes to you is usually the best one. If you aren't sure how to answer a question, choose the best answer from the options given. Some questions also let you say if you don't know an answer or would rather not answer. Some of the questions may be sensitive. You can choose not to answer any question.	
Emotional Health History and Well-Being	Emotional Health History		anxiety_worry	descriptive	descriptive		0				no	Feelings of General Anxiety and Worry Everyone worries from time to time. The next questions have to do with anxiety and feelings of worry. Your answers may help researchers better understand how anxiety affects physical and mental health. Sharing your experiences could also improve how to identify and treat anxiety for more people. Over the last 2 weeks, how often have you been bothered by the following problems?	
Emotional Health History and Well-Being	Emotional Health History		gad7_1	radio	single_select		4				no	Feeling nervous, anxious, or on edge	ehhwb_8=Not at all | ehhwb_9=Several days | ehhwb_10=More than half of the days | ehhwb_11=Nearly every day
Emotional Health History and Well-Being	Emotional Health History		gad7_2	radio	single_select		4				no	Not being able to stop or control worrying	ehhwb_8=Not at all | ehhwb_9=Several days | ehhwb_10=More than half of the days | ehhwb_11=Nearly every day
Emotional Health History and Well-Being	Emotional Health History		gad7_3	radio	single_select		4				no	Worrying too much about different things	ehhwb_8=Not at all | ehhwb_9=Several days | ehhwb_10=More than half of the days | ehhwb_11=Nearly every day
Emotional Health History and Well-Being	Emotional Health History		gad7_4	radio	single_select		4				no	Trouble relaxing	ehhwb_8=Not at all | ehhwb_9=Several days | ehhwb_10=More than half of the days | ehhwb_11=Nearly every day
Emotional Health History and Well-Being	Emotional Health History		gad7_5	radio	single_select		4				no	Being so restless that it's hard to sit still	ehhwb_8=Not at all | ehhwb_9=Several days | ehhwb_10=More than half of the days | ehhwb_11=Nearly every day
Emotional Health History and Well-Being	Emotional Health History		gad7_6	radio	single_select		4				no	Becoming easily annoyed or irritable	ehhwb_8=Not at all | ehhwb_9=Several days | ehhwb_10=More than half of the days | ehhwb_11=Nearly every day
Emotional Health History and Well-Being	Emotional Health History		gad7_7	radio	single_select		4				no	Feeling afraid as if something awful might happen	ehhwb_8=Not at all | ehhwb_9=Several days | ehhwb_10=More than half of the days | ehhwb_11=Nearly every day
Emotional Health History and Well-Being	Emotional Health History		worryanxiety	radio	single_select		2				no	In your life, was there a period of 6 months or longer when you had problems with worry and anxiety?	ehhwb_6=Yes | ehhwb_7=No
Emotional Health History and Well-Being	Emotional Health History		worryanxiety_yes	descriptive	descriptive		0				yes	Think of a time in your life lasting 6 months or longer when you had the largest number of problems with worry and anxiety. During those 6 months, how often did you...	
Emotional Health History and Well-Being	Emotional Health History		cidi5_6	radio	single_select		5				yes	Feel worried and anxious?	ehhwb_70=All or almost all of the time | ehhwb_71=Most of the time | ehhwb_72=Some of the time | ehhwb_73=A little of the time | ehhwb_74=None of the time
Emotional Health History and Well-Being	Emotional Health History		cidi5_7	radio	single_select		5				yes	Worry about a number of different things in your life, such as your work, family, health, or finances?	ehhwb_70=All or almost all of the time | ehhwb_71=Most of the time | ehhwb_72=Some of the time | ehhwb_73=A little of the time | ehhwb_74=None of the time
Emotional Health History and Well-Being	Emotional Health History		cidi5_8	radio	single_select		5				yes	Worry excessively or too much?	ehhwb_70=All or almost all of the time | ehhwb_71=Most of the time | ehhwb_72=Some of the time | ehhwb_73=A little of the time | ehhwb_74=None of the time
Emotional Health History and Well-Being	Emotional Health History		cidi5_9	radio	single_select		5				yes	Have trouble controlling your worry?	ehhwb_70=All or almost all of the time | ehhwb_71=Most of the time | ehhwb_72=Some of the time | ehhwb_73=A little of the time | ehhwb_74=None of the time
Emotional Health History and Well-Being	Emotional Health History		cidi5_10	radio	single_select		5				yes	Feel restless, keyed up, or on edge?	ehhwb_70=All or almost all of the time | ehhwb_71=Most of the time | ehhwb_72=Some of the time | ehhwb_73=A little of the time | ehhwb_74=None of the time
Emotional Health History and Well-Being	Emotional Health History		worryanxiety_yes_2	descriptive	descriptive		0				yes	During those 6 months, how often did you	
Emotional Health History and Well-Being	Emotional Health History		cidi5_11	radio	single_select		5				yes	Have difficulty concentrating or your mind going blank?	ehhwb_70=All or almost all of the time | ehhwb_71=Most of the time | ehhwb_72=Some of the time | ehhwb_73=A little of the time | ehhwb_74=None of the time
Emotional Health History and Well-Being	Emotional Health History		cidi5_12	radio	single_select		5				yes	Feel irritated, annoyed, or grouchy?	ehhwb_70=All or almost all of the time | ehhwb_71=Most of the time | ehhwb_72=Some of the time | ehhwb_73=A little of the time | ehhwb_74=None of the time
Emotional Health History and Well-Being	Emotional Health History		cidi5_13	radio	single_select		5				yes	Have muscle aches or tension?	ehhwb_70=All or almost all of the time | ehhwb_71=Most of the time | ehhwb_72=Some of the time | ehhwb_73=A little of the time | ehhwb_74=None of the time
Emotional Health History and Well-Being	Emotional Health History		cidi5_14	radio	single_select		5				yes	Have difficulty falling or staying asleep or have restless, unsatisfying sleep?	ehhwb_70=All or almost all of the time | ehhwb_71=Most of the time | ehhwb_72=Some of the time | ehhwb_73=A little of the time | ehhwb_74=None of the time
Emotional Health History and Well-Being	Emotional Health History		cidi5_15	text	numeric_text		0	integer	2.0	99.0	yes	About how old were you when you first began having problems with anxiety or worrying? If you don't know, please use your best guess.	
Emotional Health History and Well-Being	Emotional Health History		mood_sadness	descriptive	descriptive		0				no	Mood and Sadness Everyone experiences sadness every now and then. When a person is sad for a long time, that may be a sign they need treatment. The next questions have to do with feelings of depression. The questions you answer today could lead to tomorrow's treatment. Over the last 2 weeks, how often have you been bothered by any of the following problems?	
Emotional Health History and Well-Being	Emotional Health History		phq9_1	radio	single_select		4				no	Little interest or pleasure in doing things	ehhwb_8=Not at all | ehhwb_9=Several days | ehhwb_10=More than half the days | ehhwb_11=Nearly every day
Emotional Health History and Well-Being	Emotional Health History		phq9_2	radio	single_select		4				no	Feeling down, depressed, or hopeless	ehhwb_8=Not at all | ehhwb_9=Several days | ehhwb_10=More than half the days | ehhwb_11=Nearly every day
Emotional Health History and Well-Being	Emotional Health History		phq9_3	radio	single_select		4				no	Trouble falling or staying asleep, or sleeping too much	ehhwb_8=Not at all | ehhwb_9=Several days | ehhwb_10=More than half the days | ehhwb_11=Nearly every day
Emotional Health History and Well-Being	Emotional Health History		phq9_4	radio	single_select		4				no	Feeling tired or having little energy	ehhwb_8=Not at all | ehhwb_9=Several days | ehhwb_10=More than half the days | ehhwb_11=Nearly every day
Emotional Health History and Well-Being	Emotional Health History		phq9_5	radio	single_select		4				no	Poor appetite or overeating	ehhwb_8=Not at all | ehhwb_9=Several days | ehhwb_10=More than half the days | ehhwb_11=Nearly every day
Emotional Health History and Well-Being	Emotional Health History		phq9_6	radio	single_select		4				no	Feeling bad about yourself or that you are a failure or have let yourself or your family down	ehhwb_8=Not at all | ehhwb_9=Several days | ehhwb_10=More than half the days | ehhwb_11=Nearly every day
Emotional Health History and Well-Being	Emotional Health History		phq9_7	radio	single_select		4				no	Trouble concentrating on things, such as reading the newspaper or watching television	ehhwb_8=Not at all | ehhwb_9=Several days | ehhwb_10=More than half the days | ehhwb_11=Nearly every day
Emotional Health History and Well-Being	Emotional Health History		phq9_8	radio	single_select		4				no	Moving or speaking so slowly that other people could have noticed? Or the opposite - being so fidgety or restless that you have been moving around a lot more than usual	ehhwb_8=Not at all | ehhwb_9=Several days | ehhwb_10=More than half the days | ehhwb_11=Nearly every day
Emotional Health History and Well-Being	Emotional Health History		phq9_9	radio	single_select		4				no	Thoughts that you would be better off dead or of hurting yourself in some way	ehhwb_8=Not at all | ehhwb_9=Several days | ehhwb_10=More than half the days | ehhwb_11=Nearly every day
Emotional Health History and Well-Being	Emotional Health History		depression_popup1	descriptive	descriptive		0				yes	If this is how you feel now, please get help. Trained counselors are available 24/7. Dial 9-8-8 to reach the Suicide and Crisis Lifeline (press 1 if you're a veteran). Or Text HOME to 741741 to connect with a live counselor for any crisis.	
Emotional Health History and Well-Being	Emotional Health History		lifetime_symptoms	descriptive	descriptive		0				no	Now we want to know some more about symptoms in your lifetime.	
Emotional Health History and Well-Being	Emotional Health History		mhqukb_5	radio	single_select		3				no	Have you ever had a time in your life when you felt sad, blue, or depressed for two weeks or more in a row?	ehhwb_6=Yes | ehhwb_7=No | pmi_prefernottoanswer=Prefer not to answer
Emotional Health History and Well-Being	Emotional Health History		mhqukb_6	radio	single_select		3				no	Have you ever had a time in your life lasting two weeks or more when you lost interest in most things like hobbies, work, or activities that usually give you pleasure?	ehhwb_6=Yes | ehhwb_7=No | pmi_prefernottoanswer=Prefer not to answer
Emotional Health History and Well-Being	Emotional Health History		twoweekperiod_depression	descriptive	descriptive		0				yes	Please think of the two-week period in your life when your feelings of depression or loss of interest were worst.	
Emotional Health History and Well-Being	Emotional Health History		mhqukb_7	radio	single_select		3				yes	Did this worst period start within two months of the death of someone close to you or after a stressful or traumatic event in your life?	ehhwb_6=Yes | ehhwb_7=No | pmi_prefernottoanswer=Prefer not to answer
Emotional Health History and Well-Being	Emotional Health History		mhqukb_8	radio	single_select		6				yes	How much of the day did these feelings usually last?	ehhwb_12=All day long | ehhwb_13=Most of the day | ehhwb_14=About half of the day | ehhwb_15=Less than half the day | pmi_dontknow=Don't know | pmi_prefernottoanswer=Prefer not to answer
Emotional Health History and Well-Being	Emotional Health History		mhqukb_9	radio	single_select		5				yes	How often did you feel this way?	ehhwb_16=Every day | ehhwb_17=Almost every day | ehhwb_18=Less often | pmi_dontknow=Don't know | pmi_prefernottoanswer=Prefer not to answer
Emotional Health History and Well-Being	Emotional Health History		mhqukb_10	radio	single_select		4				yes	Did your mood brighten in response to positive events?	ehhwb_6=Yes | ehhwb_7=No | pmi_dontknow=Don't know | pmi_prefernottoanswer=Prefer not to answer
Emotional Health History and Well-Being	Emotional Health History		mhqukb_11	radio	single_select		5				yes	Was your mood worse	ehhwb_19=In the morning | ehhwb_20=In the evening or at night | ehhwb_21=My mood did not vary | pmi_dontknow=Don't know | pmi_prefernottoanswer=Prefer not to answer
Emotional Health History and Well-Being	Emotional Health History		mhqukb_12	radio	single_select		4				yes	Did you feel more tired out or low on energy than is usual for you?	ehhwb_6=Yes | ehhwb_7=No | pmi_dontknow=Don't know | pmi_prefernottoanswer=Prefer not to answer
Emotional Health History and Well-Being	Emotional Health History		mhqukb_13	radio	single_select		4				yes	Did you experience heavy feelings in your arms or legs?	ehhwb_6=Yes | ehhwb_7=No | pmi_dontknow=Don't know | pmi_prefernottoanswer=Prefer not to answer
Emotional Health History and Well-Being	Emotional Health History		mhqukb_14	radio	single_select		5				yes	Did you experience changes in your appetite?	ehhwb_22=No changes in appetite | ehhwb_23=Increased appetite | ehhwb_24=Decreased appetite | pmi_dontknow=Don't know | pmi_prefernottoanswer=Prefer not to answer
Emotional Health History and Well-Being	Emotional Health History		mhqukb_15	radio	single_select		6				yes	Did you gain or lose weight without trying, or did you stay about the same weight?	ehhwb_25=Gained weight | ehhwb_26=Lost weight | ehhwb_27=Both gained and lost some weight during the episode | ehhwb_28=Stayed about the same or was on a diet | pmi_dontknow=Don't know | pmi_prefernottoanswer=Prefer not to answer
Emotional Health History and Well-Being	Emotional Health History		mhqukb_16	radio	single_select		4				yes	Did you have trouble falling asleep, staying asleep or sleeping too much?	ehhwb_6=Yes | ehhwb_7=No | pmi_dontknow=Don't know | pmi_prefernottoanswer=Prefer not to answer
Emotional Health History and Well-Being	Emotional Health History		mhqukb_17	radio	single_select		4				yes	Did you have a lot more trouble concentrating than usual?	ehhwb_6=Yes | ehhwb_7=No | pmi_dontknow=Don't know | pmi_prefernottoanswer=Prefer not to answer
Emotional Health History and Well-Being	Emotional Health History		mhqukb_18	radio	single_select		4				yes	People sometimes feel down on themselves, no good, worthless. Did you feel this way?	ehhwb_6=Yes | ehhwb_7=No | pmi_dontknow=Don't know | pmi_prefernottoanswer=Prefer not to answer
Emotional Health History and Well-Being	Emotional Health History		mhqukb_19	radio	single_select		4				yes	Did you feel excessive guilt or guilt out of proportion to the reality of the situation?	ehhwb_6=Yes | ehhwb_7=No | pmi_dontknow=Don't know | pmi_prefernottoanswer=Prefer not to answer
Emotional Health History and Well-Being	Emotional Health History		mhqukb_20	radio	single_select		4				yes	Did you think a lot about death - either your own, someone else's or death in general?	ehhwb_6=Yes | ehhwb_7=No | pmi_dontknow=Don't know | pmi_prefernottoanswer=Prefer not to answer
Emotional Health History and Well-Being	Emotional Health History		depression_popup2	descriptive	descriptive		0				yes	If you feel this way now, please get help. Trained counselors are available 24/7 Dial 9-8-8 to reach the Suicide and Crisis Lifeline (press 1 if you're a veteran). Or Text HOME to 741741 to connect with a live counselor for any crisis.	
Emotional Health History and Well-Being	Emotional Health History		mhqukb_21	radio	single_select		7				yes	About how long altogether did you feel this way? Count the time before, during and after the worst two weeks.	ehhwb_29=Less than a month | ehhwb_30=Between one and three months | ehhwb_31=Over three months, but less than six months | ehhwb_32=Over six months, but less than 12 months | ehhwb_33=One to two years | ehhwb_34=Over two years | pmi_prefernottoanswer=Prefer not to answer
Emotional Health History and Well-Being	Emotional Health History		mhqukb_22	radio	single_select		5				yes	Think about your roles at the time of this episode, including study/employment, childcare and housework, leisure pursuits. How much did these problems interfere with your life or activities?	ehhwb_35=A lot | ehhwb_36=Somewhat | ehhwb_37=A little | ehhwb_38=Not at all | pmi_prefernottoanswer=Prefer not to answer
Emotional Health History and Well-Being	Emotional Health History		mhqukb_23	radio	single_select		3				yes	Some people who have had feelings of depression or loss of interest find that they have difficulties coping with rejection or negative responses from other people, even outside these periods. Does this sound like you?	ehhwb_39=Yes, and this has caused problems in work or social relationships | ehhwb_40=Yes, but has not caused problems in relationships | ehhwb_41=Does not sound like me
Emotional Health History and Well-Being	Emotional Health History		depression	descriptive	descriptive		0				yes	Please answer the following questions about the times in your life when you have had feelings of depression or loss of interest.	
Emotional Health History and Well-Being	Emotional Health History		mhqukb_24	radio	single_select		3				yes	How many periods did you have in your life lasting two or more weeks where you felt like this?	ehhwb_42=One | ehhwb_43=Several | pmi_prefernottoanswer=Prefer not to answer
Emotional Health History and Well-Being	Emotional Health History		mhqukb_25	radio	single_select		2				yes	Enter number of times you had a period lasting two or more weeks when you had feelings of depression or loss of interest. If you don't know, please use your best guess.	ehhwb_44=Enter number | ehhwb_45=Too many to count/One episode ran into the next
Emotional Health History and Well-Being	Emotional Health History		mhqukb_25_number	text	numeric_text		0	integer	2.0	999.0	yes	Enter number of times	
Emotional Health History and Well-Being	Emotional Health History		mhqukb_26	radio	single_select		2				yes	About how old were you the FIRST time you had a period of two weeks like this? (Whether or not you received any help for it.) If you don't know, please use your best guess.	ehhwb_46=Enter age | pmi_prefernottoanswer=Prefer not to answer
Emotional Health History and Well-Being	Emotional Health History		mhqukb_26_age	text	numeric_text		0	integer	2.0	99.0	yes	Enter years of age when first felt this way	
Emotional Health History and Well-Being	Emotional Health History		mhqukb_27	radio	single_select		5				yes	Did this episode occur within months of giving birth? Or has it been suggested you had post-partum depression?	ehhwb_6=Yes | ehhwb_7=No | pmi_doesnotapplytome=Not applicable | pmi_dontknow=Don't know | pmi_prefernottoanswer=Prefer not to answer
Emotional Health History and Well-Being	Emotional Health History		mhqukb_28	radio	single_select		2				yes	About how old were you the LAST time you had a period of two weeks like this? (Whether or not you received any help for it.) If you don't know, please use your best guess.	ehhwb_46=Enter age | pmi_prefernottoanswer=Prefer not to answer
Emotional Health History and Well-Being	Emotional Health History		mhqukb_28_age	text	numeric_text		0	integer	2.0	99.0	yes	Enter years of age when last felt this way	
Emotional Health History and Well-Being	Emotional Health History		depression_help	descriptive	descriptive		0				yes	Please answer the following questions about times in your life about getting help for feelings of depression or loss of interest.	
Emotional Health History and Well-Being	Emotional Health History		mhqukb_29	radio	single_select		4				yes	Did you ever tell a professional about these problems (medical doctor, psychologist, social worker, counselor, nurse, clergy, or other helping professional)?	ehhwb_6=Yes | ehhwb_7=No | pmi_dontknow=Don't know | pmi_prefernottoanswer=Prefer not to answer
Emotional Health History and Well-Being	Emotional Health History		mhqukb_30	checkbox	multi_select		5				yes	Did you ever try the following for these problems? (Select all that apply)	ehhwb_47=Medication prescribed to you (for at least two weeks) | ehhwb_48=Unprescribed medication (more than once) | ehhwb_49=Drugs or alcohol (more than once) | pmi_none=None of the above | pmi_prefernottoanswer=Prefer not to answer
Emotional Health History and Well-Being	Emotional Health History		mhqukb_31	checkbox	multi_select		9				yes	Did you try any of the following medications? (Select all that apply)	ehhwb_50=Citalopram (sometimes called Cipramil or Celexa) | ehhwb_51=Fluoxetine (Prozac, Oxactin, or Serafem) | ehhwb_52=Sertraline (Lustral or Zoloft) | ehhwb_53=Paroxetine (Seroxat or Paxil) | ehhwb_54=Amitriptyline (Elavil) | ehhwb_55=Dosulepin (Prothiaden) | ehhwb_56=Other antidepressants | pmi_dontknow=Don't know | pmi_prefernottoanswer=Prefer not to answer
Emotional Health History and Well-Being	Emotional Health History		mhqukb_31_citalopram	radio	single_select		4				yes	Did citalopram help?	ehhwb_57=Yes, at least a little | ehhwb_7=No | pmi_dontknow=Don't know | pmi_prefernottoanswer=Prefer not to answer
Emotional Health History and Well-Being	Emotional Health History		mhqukb_31_fluoxetine	radio	single_select		4				yes	Did fluoxetine help?	ehhwb_57=Yes, at least a little | ehhwb_7=No | pmi_dontknow=Don't know | pmi_prefernottoanswer=Prefer not to answer
Emotional Health History and Well-Being	Emotional Health History		mhqukb_31_sertraline	radio	single_select		4				yes	Did sertraline help?	ehhwb_57=Yes, at least a little | ehhwb_7=No | pmi_dontknow=Don't know | pmi_prefernottoanswer=Prefer not to answer
Emotional Health History and Well-Being	Emotional Health History		mhqukb_31_paroxetine	radio	single_select		4				yes	Did paroxetine help?	ehhwb_57=Yes, at least a little | ehhwb_7=No | pmi_dontknow=Don't know | pmi_prefernottoanswer=Prefer not to answer
Emotional Health History and Well-Being	Emotional Health History		mhqukb_31_amitriptyline	radio	single_select		4				yes	Did amitriptyline help?	ehhwb_57=Yes, at least a little | ehhwb_7=No | pmi_dontknow=Don't know | pmi_prefernottoanswer=Prefer not to answer
Emotional Health History and Well-Being	Emotional Health History		mhqukb_31_dosulepin	radio	single_select		4				yes	Did dosulepin help?	ehhwb_57=Yes, at least a little | ehhwb_7=No | pmi_dontknow=Don't know | pmi_prefernottoanswer=Prefer not to answer
Emotional Health History and Well-Being	Emotional Health History		mhqukb_31_other	radio	single_select		4				yes	Did the other antidepressants help?	ehhwb_57=Yes, at least a little | ehhwb_7=No | pmi_dontknow=Don't know | pmi_prefernottoanswer=Prefer not to answer
Emotional Health History and Well-Being	Emotional Health History		mhqukb_32	checkbox	multi_select		4				yes	Did you ever try talking therapies for these problems, or other structured activities you regard as therapeutic? Include only those you attended more than once.	ehhwb_58=Talking therapies, such as psychotherapy, counseling, group therapy or CBT | ehhwb_59=Other therapeutic activities such as mindfulness, yoga or art classes | pmi_none=None of the above | pmi_prefernottoanswer=Prefer not to answer
Emotional Health History and Well-Being	Emotional Health History		mhqukb_33	radio	single_select		4				yes	Did talking therapy help?	ehhwb_57=Yes, at least a little | ehhwb_7=No | pmi_dontknow=Don't know | pmi_prefernottoanswer=Prefer not to answer
Emotional Health History and Well-Being	Emotional Health History		self_harm	descriptive	descriptive		0				no	Self-Harm Suicide is often preventable. These questions ask if you have ever thought about harming yourself or ending your life. Your answers may help researchers find better ways to help those with thoughts of harming themselves. We know this is a sensitive topic. You can choose not to answer any question.	
Emotional Health History and Well-Being	Emotional Health History		ss_1	radio	single_select		2				no	Did you ever have thoughts of purposely hurting yourself without wanting to die? (for example, cutting or burning)	ehhwb_6=Yes | ehhwb_7=No
Emotional Health History and Well-Being	Emotional Health History		ss_2	radio	single_select		2				no	Did you ever in your life have thoughts of killing yourself?	ehhwb_6=Yes | ehhwb_7=No
Emotional Health History and Well-Being	Emotional Health History		ss_2_age	text	numeric_text		0	integer	2.0	99.0	yes	How old were you the very first time you had thoughts of killing yourself? If you don't know, please use your best guess.	
Emotional Health History and Well-Being	Emotional Health History		ss_3	radio	single_select		2				no	Did you ever make a suicide attempt where you purposefully hurt yourself with at least some intention to die?	ehhwb_6=Yes | ehhwb_7=No
Emotional Health History and Well-Being	Emotional Health History		ss_3_number	text	numeric_text		0	integer	1.0	999.0	yes	How many suicide attempts did you ever make in your life? If you don't know, please use your best guess.	
Emotional Health History and Well-Being	Emotional Health History		ss_3_age_1	text	numeric_text		0	integer	2.0	99.0	yes	How old were you when you made that suicide attempt? If you don't know, please use your best guess.	
Emotional Health History and Well-Being	Emotional Health History		ss_3_age_2	text	numeric_text		0	integer	2.0	99.0	yes	How old were you the very first time you made a suicide attempt? If you don't know, please use your best guess.	
Emotional Health History and Well-Being	Emotional Health History		suicide_popup	descriptive	descriptive		0				yes	If you feel this way now, please get help. Trained counselors are available 24/7 Dial 9-8-8 to reach the Suicide and Crisis Lifeline (press 1 if you're a veteran). Or Text HOME to 741741 to connect with a live counselor for any crisis.	
Emotional Health History and Well-Being	Emotional Health History		trauma	descriptive	descriptive		0				no	Experiences with Trauma Some people go through stressful and upsetting events during their life. These are sometimes called traumas or traumatic events. We will ask you about your experiences with trauma throughout your lifetime, including childhood. You can choose not to answer any question. Your answers may help researchers better understand how trauma impacts mental and physical health. In this section we will be asking you about your experiences with trauma in childhood (before you were 18 years old).	
Emotional Health History and Well-Being	Emotional Health History		ace_1	radio	single_select		4				no	During your first 18 years of life, did you live with anyone who was depressed, mentally ill, or suicidal?	ehhwb_6=Yes | ehhwb_7=No | pmi_dontknow=Don't know/Not sure | pmi_prefernottoanswer=Prefer not to answer
Emotional Health History and Well-Being	Emotional Health History		ace_2	radio	single_select		4				no	During your first 18 years of life, did you live with anyone who was a problem drinker or alcoholic?	ehhwb_6=Yes | ehhwb_7=No | pmi_dontknow=Don't know/Not sure | pmi_prefernottoanswer=Prefer not to answer
Emotional Health History and Well-Being	Emotional Health History		ace_3	radio	single_select		4				no	During your first 18 years of life, did you live with anyone who used illegal street drugs or who abused prescription medications?	ehhwb_6=Yes | ehhwb_7=No | pmi_dontknow=Don't know/Not sure | pmi_prefernottoanswer=Prefer not to answer
Emotional Health History and Well-Being	Emotional Health History		ace_4	radio	single_select		4				no	During your first 18 years of life, did you live with anyone who served time or was sentenced to serve time in a prison, jail, or other correctional facility?	ehhwb_6=Yes | ehhwb_7=No | pmi_dontknow=Don't know/Not sure | pmi_prefernottoanswer=Prefer not to answer
Emotional Health History and Well-Being	Emotional Health History		ace_5	radio	single_select		5				no	During your first 18 years of life, were your parents separated or divorced?	ehhwb_6=Yes | ehhwb_7=No | ehhwb_60=Parents not married | pmi_dontknow=Don't know/Not sure | pmi_prefernottoanswer=Prefer not to answer
Emotional Health History and Well-Being	Emotional Health History		ace_6	radio	single_select		5				no	During your first 18 years of life, how often did your parents or adults in your home ever slap, hit, kick, punch or beat each other up?	ehhwb_61=Never | ehhwb_62=Once | ehhwb_63=More than once | pmi_dontknow=Don't know/Not sure | pmi_prefernottoanswer=Prefer not to answer
Emotional Health History and Well-Being	Emotional Health History		ace_7	radio	single_select		5				no	Before age 18, how often did a parent or adult in your home ever hit, beat, kick, or physically hurt you in any way? Do not include spanking. Would you say	ehhwb_61=Never | ehhwb_62=Once | ehhwb_63=More than once | pmi_dontknow=Don't know/Not sure | pmi_prefernottoanswer=Prefer not to answer
Emotional Health History and Well-Being	Emotional Health History		ace_8	radio	single_select		5				no	During your first 18 years of life, how often did a parent or adult in your home ever swear at you, insult you, or put you down?	ehhwb_61=Never | ehhwb_62=Once | ehhwb_63=More than once | pmi_dontknow=Don't know/Not sure | pmi_prefernottoanswer=Prefer not to answer
Emotional Health History and Well-Being	Emotional Health History		ace_9	radio	single_select		5				no	During your first 18 years of life, how often did anyone at least 5 years older than you or an adult, ever touch you sexually?	ehhwb_61=Never | ehhwb_62=Once | ehhwb_63=More than once | pmi_dontknow=Don't know/Not sure | pmi_prefernottoanswer=Prefer not to answer
Emotional Health History and Well-Being	Emotional Health History		ace_10	radio	single_select		5				no	During your first 18 years of life, how often did anyone at least 5 years older than you or an adult, try to make you touch them sexually?	ehhwb_61=Never | ehhwb_62=Once | ehhwb_63=More than once | pmi_dontknow=Don't know/Not sure | pmi_prefernottoanswer=Prefer not to answer
Emotional Health History and Well-Being	Emotional Health History		ace_11	radio	single_select		5				no	During your first 18 years of life, how often did anyone at least 5 years older than you or an adult, force you to have sex?	ehhwb_61=Never | ehhwb_62=Once | ehhwb_63=More than once | pmi_dontknow=Don't know/Not sure | pmi_prefernottoanswer=Prefer not to answer
Emotional Health History and Well-Being	Emotional Health History		trauma_popup1	descriptive	descriptive		0				yes	Responses to trauma can be immediate or delayed. There are people who can help 24/7 Text HOME to 741741 to connect with a live counselor	
Emotional Health History and Well-Being	Emotional Health History		other_life_experiences	descriptive	descriptive		0				no	This next section asks about some other life experiences that may have happened any time in your lifetime. You can choose not to answer any question.	
Emotional Health History and Well-Being	Emotional Health History		mhqukb_34	radio	single_select		4				no	In your life, have you ever had a partner or ex-partner deliberately hit you or use violence against you?	ehhwb_64=Yes, within the last 12 months | ehhwb_65=Yes, but not in the last 12 months | ehhwb_61=Never | pmi_prefernottoanswer=Prefer not to answer
Emotional Health History and Well-Being	Emotional Health History		mhqukb_35	radio	single_select		4				no	In your life, have you ever had a partner or ex-partner who repeatedly put you down to the extent where you felt worthless?	ehhwb_64=Yes, within the last 12 months | ehhwb_65=Yes, but not in the last 12 months | ehhwb_61=Never | pmi_prefernottoanswer=Prefer not to answer
Emotional Health History and Well-Being	Emotional Health History		mhqukb_36	radio	single_select		4				no	In your life, have you ever experienced sexual assault by a partner or ex-partner?	ehhwb_64=Yes, within the last 12 months | ehhwb_65=Yes, but not in the last 12 months | ehhwb_61=Never | pmi_prefernottoanswer=Prefer not to answer
Emotional Health History and Well-Being	Emotional Health History		mhqukb_37	radio	single_select		4				no	In your life, have you ever been a victim of a sexual assault, whether by a stranger or someone you knew?	ehhwb_64=Yes, within the last 12 months | ehhwb_65=Yes, but not in the last 12 months | ehhwb_61=Never | pmi_prefernottoanswer=Prefer not to answer
Emotional Health History and Well-Being	Emotional Health History		mhqukb_38	radio	single_select		4				no	In your life, have you ever been attacked, mugged, robbed, or been the victim of a physically violent crime?	ehhwb_64=Yes, within the last 12 months | ehhwb_65=Yes, but not in the last 12 months | ehhwb_61=Never | pmi_prefernottoanswer=Prefer not to answer
Emotional Health History and Well-Being	Emotional Health History		mhqukb_39	radio	single_select		4				no	In your life, have you ever been in a serious accident that you believed to be life-threatening at the time?	ehhwb_64=Yes, within the last 12 months | ehhwb_65=Yes, but not in the last 12 months | ehhwb_61=Never | pmi_prefernottoanswer=Prefer not to answer
Emotional Health History and Well-Being	Emotional Health History		cidi5_4	radio	single_select		4				no	In your life, have you ever had your life in danger because of a fire, flood or natural disaster (like a hurricane, tornado, or earthquake)?	ehhwb_64=Yes, within the last 12 months | ehhwb_65=Yes, but not in the last 12 months | ehhwb_61=Never | pmi_prefernottoanswer=Prefer not to answer
Emotional Health History and Well-Being	Emotional Health History		mhqukb_40	radio	single_select		4				no	In your life, have you ever witnessed a sudden violent death (e.g. murder, suicide, aftermath of an accident)?	ehhwb_64=Yes, within the last 12 months | ehhwb_65=Yes, but not in the last 12 months | ehhwb_61=Never | pmi_prefernottoanswer=Prefer not to answer
Emotional Health History and Well-Being	Emotional Health History		mhqukb_41	radio	single_select		4				no	In your life, have you ever been diagnosed with a life-threatening illness?	ehhwb_64=Yes, within the last 12 months | ehhwb_65=Yes, but not in the last 12 months | ehhwb_61=Never | pmi_prefernottoanswer=Prefer not to answer
Emotional Health History and Well-Being	Emotional Health History		mhqukb_42	radio	single_select		4				no	In your life, have you ever been involved in combat or exposed to a war-zone (either in the military or as a civilian)?	ehhwb_64=Yes, within the last 12 months | ehhwb_65=Yes, but not in the last 12 months | ehhwb_61=Never | pmi_prefernottoanswer=Prefer not to answer
Emotional Health History and Well-Being	Emotional Health History		cidi5_5	radio	single_select		4				no	In your life, have you ever had another experience where your life was in danger or threatened?	ehhwb_64=Yes, within the last 12 months | ehhwb_65=Yes, but not in the last 12 months | ehhwb_61=Never | pmi_prefernottoanswer=Prefer not to answer
Emotional Health History and Well-Being	Emotional Health History		trauma_popup2	descriptive	descriptive		0				yes	Responses to trauma can be immediate or delayed. There are people who can help 24/7 Text HOME to 741741 to connect with a live counselor	
Emotional Health History and Well-Being	Emotional Health History		ptsd	descriptive	descriptive		0				yes	Please indicate how much you've been bothered by the following problems in the past month:	
Emotional Health History and Well-Being	Emotional Health History		pcl_1	radio	single_select		5				yes	In the past month, have you had repeated, disturbing memories, thoughts, or images of a stressful experience from the past?	ehhwb_8=Not at all | ehhwb_66=A little bit | ehhwb_67=Moderately | ehhwb_68=Quite a bit | ehhwb_69=Extremely
Emotional Health History and Well-Being	Emotional Health History		pcl_2	radio	single_select		5				yes	In the past month, have you felt very upset when something reminded you of a stressful experience from the past?	ehhwb_8=Not at all | ehhwb_66=A little bit | ehhwb_67=Moderately | ehhwb_68=Quite a bit | ehhwb_69=Extremely
Emotional Health History and Well-Being	Emotional Health History		pcl_3	radio	single_select		5				yes	In the past month, have you avoided activities or situations because they reminded you of a stressful experience from the past?	ehhwb_8=Not at all | ehhwb_66=A little bit | ehhwb_67=Moderately | ehhwb_68=Quite a bit | ehhwb_69=Extremely
Emotional Health History and Well-Being	Emotional Health History		pcl_4	radio	single_select		5				yes	In the past month, have you felt distant or cut off from other people?	ehhwb_8=Not at all | ehhwb_66=A little bit | ehhwb_67=Moderately | ehhwb_68=Quite a bit | ehhwb_69=Extremely
Emotional Health History and Well-Being	Emotional Health History		pcl_5	radio	single_select		5				yes	In the past month, have you felt irritable or had angry outbursts?	ehhwb_8=Not at all | ehhwb_66=A little bit | ehhwb_67=Moderately | ehhwb_68=Quite a bit | ehhwb_69=Extremely
Emotional Health History and Well-Being	Emotional Health History		pcl_6	radio	single_select		5				yes	In the past month, have you had difficulty concentrating?	ehhwb_8=Not at all | ehhwb_66=A little bit | ehhwb_67=Moderately | ehhwb_68=Quite a bit | ehhwb_69=Extremely
Emotional Health History and Well-Being	Emotional Health History		well_being	descriptive	descriptive		0				no	General Well-Being Finally, we would like to know how you feel about things in general.	
Emotional Health History and Well-Being	Emotional Health History		mhqukb_57	radio	single_select		8				no	In general, how happy are you?	ehhwb_101=Extremely happy | ehhwb_102=Very happy | ehhwb_103=Moderately happy | ehhwb_104=Moderately unhappy | ehhwb_105=Very unhappy | ehhwb_106=Extremely unhappy | pmi_dontknow=Don't know | pmi_prefernottoanswer=Prefer not to answer
Emotional Health History and Well-Being	Emotional Health History		mhqukb_58	radio	single_select		7				no	To what extent do you feel your life to be meaningful?	ehhwb_8=Not at all | ehhwb_37=A little | ehhwb_107=A moderate amount | ehhwb_108=Very much | ehhwb_109=An extreme amount | pmi_dontknow=Don't know | pmi_prefernottoanswer=Prefer not to answer
Emotional Health History and Well-Being	Emotional Health History		outro	descriptive	descriptive		0				no	Thank you for answering these questions. Providing this information will help researchers better understand mental health and well-being. Your privacy is very important to us. Your name and identity will be separated from your answers before information is shared with approved researchers. For more information on mental health topics and research: https://www.nimh.nih.gov/health/index.shtml If you or someone you care about needs help: NIMH Getting Help page: https://www.nimh.nih.gov/health/find-help/index.shtml SAMHSA Treatment Locator: https://findtreatment.samhsa.gov/ Call, text, or chat 988 for free, and available 24/7/365, connecting those experiencing a mental health, substance use, or suicidal crisis with trained crisis counselors.	
Behavioral Health and Personality	Behavioral Health		bhp	descriptive	descriptive		0				no	Behavioral Health and Personality	
Behavioral Health and Personality	Behavioral Health		bhp_intro	descriptive	descriptive		0				no	The following questions ask about your behavioral health and personality. Participating in this survey will help us understand behavioral health concerns and how they affect overall health. This survey will take approximately 5 minutes to complete. At the completion of this survey, you will have the option to review individual results about your personality if you choose. The report is based on answering all questions in the personality traits section. Please answer each question as honestly as possible. We are looking for your own answers, and not what you think your doctors, family, or friends want you to say. Don't feel like you must spend a long time over each question. The first answer that comes to you is usually the best one. If you aren't sure how to answer a question, choose the best answer from the options given. Some questions also let you say if you don't know an answer or would rather not answer. Some of the questions may be sensitive. You can choose not to answer any question.	
Behavioral Health and Personality	Behavioral Health		attention_focus	descriptive	descriptive		0				no	Attention and Focus Everyone has different abilities to pay attention and get things done. These abilities can change over time. Sometimes they can even change over the course of a day. Answering these next questions may help researchers learn more about the brain and attention. During the past 6 months,	
Behavioral Health and Personality	Behavioral Health		asrs_1	radio	single_select	1703874	5				no	How often do you have trouble wrapping up the final details of a project, once the challenging parts have been done?	bhp_61=Never | bhp_89=Rarely | bhp_90=Sometimes | bhp_91=Often | bhp_92=Very often
Behavioral Health and Personality	Behavioral Health		asrs_2	radio	single_select	1703914	5				no	How often do you have difficulty getting things in order when you have to do a task that requires organization?	bhp_61=Never | bhp_89=Rarely | bhp_90=Sometimes | bhp_91=Often | bhp_92=Very often
Behavioral Health and Personality	Behavioral Health		asrs_3	radio	single_select	1703878	5				no	How often do you have problems remembering appointments or obligations?	bhp_61=Never | bhp_89=Rarely | bhp_90=Sometimes | bhp_91=Often | bhp_92=Very often
Behavioral Health and Personality	Behavioral Health		asrs_4	radio	single_select	1703916	5				no	When you have a task that requires a lot of thought, how often do you avoid or delay getting started?	bhp_61=Never | bhp_89=Rarely | bhp_90=Sometimes | bhp_91=Often | bhp_92=Very often
Behavioral Health and Personality	Behavioral Health		asrs_5	radio	single_select	1703913	5				no	How often do you fidget or squirm with your hands or feet when you have to sit down for a long time?	bhp_61=Never | bhp_89=Rarely | bhp_90=Sometimes | bhp_91=Often | bhp_92=Very often
Behavioral Health and Personality	Behavioral Health		asrs_6	radio	single_select	1703925	5				no	How often do you feel overly active and compelled to do things, like you were driven by a motor?	bhp_61=Never | bhp_89=Rarely | bhp_90=Sometimes | bhp_91=Often | bhp_92=Very often
Behavioral Health and Personality	Behavioral Health		mood_energy	descriptive	descriptive		0				no	Shifts in Mood, Energy, and Activity People often experience changes in their mood or energy levels. Changes in mood that are unusual or last for a long time can affect overall physical and mental well-being. Sharing details about your mood experiences could help researchers discover new ways to treat mood-related conditions in the future. The next questions ask about unusual moods you may have had.	
Behavioral Health and Personality	Behavioral Health		mhqukb_43	radio	single_select		4				no	"Have you ever had a period of time when you were feeling so good, ""high,"" ""excited,"" or ""hyper"" that other people thought you were not your normal self or you were so ""hyper"" that you got into trouble?"	bhp_6=Yes | bhp_7=No | pmi_dontknow=Don't know | pmi_prefernottoanswer=Prefer not to answer
Behavioral Health and Personality	Behavioral Health		mhqukb_44	radio	single_select		4				no	Have you ever had a period of time when you were so irritable that you found yourself shouting at people or starting fights or arguments?	bhp_6=Yes | bhp_7=No | pmi_dontknow=Don't know | pmi_prefernottoanswer=Prefer not to answer
Behavioral Health and Personality	Behavioral Health		mhqukb_45	checkbox	multi_select		10				yes	"Please try to remember a period when you were in a ""high"" or ""irritable"" state and select all of the following that apply:"	bhp_75=I was more active than usual | bhp_76=I was more talkative than usual | bhp_77=I needed less sleep than usual | bhp_78=I was more creative or had more ideas than usual | bhp_79=I was more restless than usual | bhp_80=I was more confident than usual | bhp_81=My thoughts were racing | bhp_82=I was easily distracted | pmi_none=None of the above | pmi_prefernottoanswer=Prefer not to answer
Behavioral Health and Personality	Behavioral Health		mhqukb_46	radio	single_select		6				yes	"What is the longest time that these ""high"" or ""irritable"" periods have lasted?"	bhp_83=Less than 24 hours | bhp_84=At least a day, but less than four days | bhp_85=At least four days in a row but less than a week | bhp_86=A week or more | pmi_dontknow=Don't know | pmi_prefernottoanswer=Prefer not to answer
Behavioral Health and Personality	Behavioral Health		mhqukb_48	radio	single_select		2				yes	How old were you the FIRST time that you had a period of at least four days like this? If you don't know, please use your best guess.	bhp_46=Enter age | pmi_prefernottoanswer=Prefer not to answer
Behavioral Health and Personality	Behavioral Health		mhqukb_48_age	text	numeric_text		0	integer	2.0	99.0	yes	Enter years of age when first felt this way	
Behavioral Health and Personality	Behavioral Health		mhqukb_47	radio	single_select		4				yes	"How much of a problem have these ""high"" or ""irritable"" periods caused you?"	bhp_87=No problems | bhp_88=Needed treatment or caused problems with work, relationships, finances, the law or other aspects of life | pmi_dontknow=Don't know | pmi_prefernottoanswer=Prefer not to answer
Behavioral Health and Personality	Behavioral Health		unusual_experiences	descriptive	descriptive		0				no	Unusual Experiences and Perceptions Some people see or hear things that others do not see or hear. These are unusual experiences that could be a sign of a mental health condition that can be treated. The next section asks about these and other unusual experiences. Your answers could help researchers better understand why these experiences happen and how to help people who have them. With that in mind, did you ever in your life have any of the following experiences?	
Behavioral Health and Personality	Behavioral Health		mhqukb_49	radio	single_select		3				no	Did you ever see something that wasn't really there that other people could not see? Please do not include any times when you were dreaming or half-asleep or under the influence of alcohol or drugs.	bhp_6=Yes | bhp_7=No | pmi_prefernottoanswer=Prefer not to answer
Behavioral Health and Personality	Behavioral Health		mhqukb_50	radio	single_select		4				yes	About how many times in your life did this happen?	bhp_44=Enter number | bhp_45=Too many to count | pmi_dontknow=Don't know | pmi_prefernottoanswer=Prefer not to answer
Behavioral Health and Personality	Behavioral Health		mhqukb_50_number	text	numeric_text		0	integer	1.0	999.0	yes	Enter number of times	
Behavioral Health and Personality	Behavioral Health		cidi5_21	radio	single_select		3				no	Did you ever hear voices that other people did not hear like voices coming from inside your head talking to you or about you, or voices coming out of the air when there was no one around?	bhp_6=Yes | bhp_7=No | pmi_prefernottoanswer=Prefer not to answer
Behavioral Health and Personality	Behavioral Health		mhqukb_51	radio	single_select		4				yes	About how many times in your life did this happen?	bhp_44=Enter number of times | bhp_45=Too many to count | pmi_dontknow=Don't know | pmi_prefernottoanswer=Prefer not to answer
Behavioral Health and Personality	Behavioral Health		mhqukb_51_number	text	numeric_text		0	integer	1.0	999.0	yes	Enter number of times	
Behavioral Health and Personality	Behavioral Health		cidi5_22	radio	single_select		3				no	Did you ever think some force was trying to communicate directly with you by sending special signs or signals, like through the radio or television, that you could understand but that no one else could understand?	bhp_6=Yes | bhp_7=No | pmi_prefernottoanswer=Prefer not to answer
Behavioral Health and Personality	Behavioral Health		mhqukb_52	radio	single_select		4				yes	About how many times in your life did this happen?	bhp_44=Enter number | bhp_45=Too many to count | pmi_dontknow=Don't know | pmi_prefernottoanswer=Prefer not to answer
Behavioral Health and Personality	Behavioral Health		mhqukb_52_number	text	numeric_text		0	integer	1.0	999.0	yes	Enter number of times	
Behavioral Health and Personality	Behavioral Health		cidi5_23	radio	single_select		3				no	Did you ever believe there was a plot to harm you or to have people follow you, but your friends or family did not think this was true?	bhp_6=Yes | bhp_7=No | pmi_prefernottoanswer=Prefer not to answer
Behavioral Health and Personality	Behavioral Health		mhqukb_53	radio	single_select		4				yes	About how many times in your life did this happen?	bhp_44=Enter number | bhp_45=Too many to count | pmi_dontknow=Don't know | pmi_prefernottoanswer=Prefer not to answer
Behavioral Health and Personality	Behavioral Health		mhqukb_53_number	text	numeric_text		0	integer	1.0	999.0	yes	Enter number of times	
Behavioral Health and Personality	Behavioral Health		cidi5_24	text	numeric_text		0	integer	2.0	99.0	yes	About how old were you when you first had one of these experiences (seeing a vision, hearing a voice, believing that something strange was trying to communicate with you, or there was a plot against you)? If you don't know, please use your best guess.	
Behavioral Health and Personality	Behavioral Health		mhqukb_54	radio	single_select		7				yes	How distressing did you find having any of these experiences (such as seeing a vision, hearing a voice, believing that something strange was trying to communicate with you, or there was a plot against you)?	bhp_96=Not distressing at all. It was a positive experience | bhp_97=Not distressing, a neutral experience | bhp_98=A bit distressing | bhp_99=Quite distressing | bhp_100=Very distressing | pmi_dontknow=Don't know | pmi_prefernottoanswer=Prefer not to answer
Behavioral Health and Personality	Behavioral Health		mhqukb_55	radio	single_select		4				yes	Did you ever talk to a doctor, counselor, psychiatrist or other health professional about any of these experiences (such as seeing a vision, hearing a voice, believing that something strange was trying to communicate with you, or there was a plot against you)?	bhp_6=Yes | bhp_7=No | pmi_dontknow=Don't know | pmi_prefernottoanswer=Prefer not to answer
Behavioral Health and Personality	Behavioral Health		mhqukb_56	radio	single_select		4				yes	Were you ever prescribed a medication by a health professional for any of these experiences (such as seeing a vision, hearing a voice, or believing that something strange was trying to communicate with you, or there was a plot against you)?	bhp_6=Yes | bhp_7=No | pmi_dontknow=Don't know | pmi_prefernottoanswer=Prefer not to answer
Behavioral Health and Personality	Behavioral Health		panic_anxiety	descriptive	descriptive		0				no	Experiences of Panic and Anxiety The next section asks about panic attacks. Panic attacks are also called anxiety attacks. These are sudden, strong feelings of fear that reach their peak within a few minutes. When a person is having an anxiety attack, they usually have physical symptoms, too. When these symptoms happen, they can be severe and frightening, so much so that people may think they are having a heart attack. Your answers to these next questions may help researchers understand how to better prevent and treat these attacks.	
Behavioral Health and Personality	Behavioral Health		cidi5_16	radio	single_select		2				no	With this definition in mind, did you ever in your life have a panic attack?	bhp_6=Yes | bhp_7=No
Behavioral Health and Personality	Behavioral Health		cidi5_17	radio	single_select		4				yes	"Have any of these panic attacks occurred ""out of the blue"" for no apparent reason?"	bhp_6=Yes | bhp_7=No | pmi_dontknow=Don't know | pmi_prefernottoanswer=Prefer not to answer
Behavioral Health and Personality	Behavioral Health		cidi5_18	radio	single_select		2				yes	After these attacks started, did you worry a lot about having another attack or do anything differently to avoid having another attack?	bhp_6=Yes | bhp_7=No
Behavioral Health and Personality	Behavioral Health		cidi5_19	radio	single_select		5				yes	About how many panic attacks have you ever had in your life?	bhp_93=1 or 2 | bhp_94=More than 2 but less than 10 | bhp_95=10 or more times | pmi_dontknow=Don't know | pmi_prefernottoanswer=Prefer not to answer
Behavioral Health and Personality	Behavioral Health		cidi5_20	text	numeric_text		0	integer	2.0	99.0	yes	How old were you the first time you had a panic or anxiety attack? If you don't know, use your best guess.	
Behavioral Health and Personality	Behavioral Health		recurring_thoughts	descriptive	descriptive		0				no	Recurring Thoughts and Behaviors Everyone double-checks things. We might double-check that the door is locked, or the oven is off. Some people have the urge to double-check things over and over again, even if they don't want to. Not being able to control thoughts and behaviors can be a sign of a mental health condition that can be treated. In the next section, we ask about thoughts and behaviors that may be hard to control and can cause anxiety.	
Behavioral Health and Personality	Behavioral Health		pmi_1	radio	single_select		2				no	Have you ever been bothered with thoughts, images, or urges that kept coming back over and over, even when you didn't want them to, like concerns with germs, order, or experiencing horrific images or intrusive sexual thoughts, or urges to knock or touch objects, or harming a loved one?	bhp_6=Yes | bhp_7=No
Behavioral Health and Personality	Behavioral Health		pmi_2	radio	single_select		2				no	Was there ever anything that you had to do over and over again and was hard to resist doing, like hand washing, checking the stove, or repeating something over and over a certain number of times or until it feels just right?	bhp_6=Yes | bhp_7=No
Behavioral Health and Personality	Behavioral Health		cidi5_25	radio	single_select		2				no	Have you ever been unable to stop picking at your skin?	bhp_6=Yes | bhp_7=No
Behavioral Health and Personality	Behavioral Health		cidi5_26	radio	single_select		2				no	Have you ever been unable to stop pulling out your hair, eyebrows or eyelashes?	bhp_6=Yes | bhp_7=No
Behavioral Health and Personality	Behavioral Health		social_anxiety	descriptive	descriptive		0				no	Feelings of Fear in Certain Situations For some people, being in social settings can make them feel a lot of fear and anxiety. The next few questions ask about feelings of fear and anxiety in different social settings. Your answers may help researchers better identify and help people with social anxiety disorder or agoraphobia. Agoraphobia is commonly known as a fear of being outside the home alone.	
Behavioral Health and Personality	Behavioral Health		cidi5_27	radio	single_select		2				no	Were you ever in your life so painfully shy or scared of social situations (like attending a party, speaking to strangers, eating in public) that you avoided social situations whenever you could?	bhp_6=Yes | bhp_7=No
Behavioral Health and Personality	Behavioral Health		pmi_3	radio	single_select		2				no	Do you worry more than most people about being embarrassed, looking stupid, or being judged by other people?	bhp_6=Yes | bhp_7=No
Behavioral Health and Personality	Behavioral Health		cidi5_28	text	numeric_text		0	integer	2.0	99.0	yes	About how old were you the very first time this happened? If you don't know, please use your best guess.	
Behavioral Health and Personality	Behavioral Health		cidi5_29	radio	single_select		2				yes	Did this ever last for more than 6 months?	bhp_6=Yes | bhp_7=No
Behavioral Health and Personality	Behavioral Health		cidi5_30	radio	single_select		2				no	Some people have a lot of fear or anxiety about things like going out of the house alone, being in a crowd, standing in lines, going over bridges, or traveling by bus, train or car. Were you ever in your life so frightened by any of these situations that it got in the way of you having a normal life?	bhp_6=Yes | bhp_7=No
Behavioral Health and Personality	Behavioral Health		cidi5_31	text	numeric_text		0	integer	2.0	99.0	yes	About how old were you the very first time you became very fearful or anxious in situations like these? If you don't know, please use your best guess.	
Behavioral Health and Personality	Behavioral Health		cidi5_32	radio	single_select		2				yes	Did these feelings of fear or anxiety in situations like these ever last for more than 6 months?	bhp_6=Yes | bhp_7=No
Behavioral Health and Personality	Behavioral Health		personality	descriptive	descriptive		0				no	Personality Traits This section asks about statements that may or may not apply to your personality. Please choose the answer that best describes you.	
Behavioral Health and Personality	Behavioral Health		bfi2xs_1	radio	single_select		5				no	I am someone who tends to be quiet.	bhp_1=Disagree strongly | bhp_2=Disagree a little | bhp_3=Neutral; no opinion | bhp_4=Agree a little | bhp_5=Agree strongly
Behavioral Health and Personality	Behavioral Health		bfi2xs_2	radio	single_select		5				no	I am someone who is compassionate, has a soft heart.	bhp_1=Disagree strongly | bhp_2=Disagree a little | bhp_3=Neutral; no opinion | bhp_4=Agree a little | bhp_5=Agree strongly
Behavioral Health and Personality	Behavioral Health		bfi2xs_3	radio	single_select		5				no	I am someone who tends to be disorganized.	bhp_1=Disagree strongly | bhp_2=Disagree a little | bhp_3=Neutral; no opinion | bhp_4=Agree a little | bhp_5=Agree strongly
Behavioral Health and Personality	Behavioral Health		bfi2xs_4	radio	single_select		5				no	I am someone who worries a lot.	bhp_1=Disagree strongly | bhp_2=Disagree a little | bhp_3=Neutral; no opinion | bhp_4=Agree a little | bhp_5=Agree strongly
Behavioral Health and Personality	Behavioral Health		bfi2xs_5	radio	single_select		5				no	I am someone who is fascinated by art, music, or literature.	bhp_1=Disagree strongly | bhp_2=Disagree a little | bhp_3=Neutral; no opinion | bhp_4=Agree a little | bhp_5=Agree strongly
Behavioral Health and Personality	Behavioral Health		bfi2xs_6	radio	single_select		5				no	I am someone who is dominant, acts as a leader.	bhp_1=Disagree strongly | bhp_2=Disagree a little | bhp_3=Neutral; no opinion | bhp_4=Agree a little | bhp_5=Agree strongly
Behavioral Health and Personality	Behavioral Health		bfi2xs_7	radio	single_select		5				no	I am someone who is sometimes rude to others.	bhp_1=Disagree strongly | bhp_2=Disagree a little | bhp_3=Neutral; no opinion | bhp_4=Agree a little | bhp_5=Agree strongly
Behavioral Health and Personality	Behavioral Health		bfi2xs_8	radio	single_select		5				no	I am someone who has difficulty getting started on tasks.	bhp_1=Disagree strongly | bhp_2=Disagree a little | bhp_3=Neutral; no opinion | bhp_4=Agree a little | bhp_5=Agree strongly
Behavioral Health and Personality	Behavioral Health		bfi2xs_9	radio	single_select		5				no	I am someone who tends to feel depressed, blue.	bhp_1=Disagree strongly | bhp_2=Disagree a little | bhp_3=Neutral; no opinion | bhp_4=Agree a little | bhp_5=Agree strongly
Behavioral Health and Personality	Behavioral Health		bfi2xs_10	radio	single_select		5				no	I am someone who has little interest in abstract ideas.	bhp_1=Disagree strongly | bhp_2=Disagree a little | bhp_3=Neutral; no opinion | bhp_4=Agree a little | bhp_5=Agree strongly
Behavioral Health and Personality	Behavioral Health		bfi2xs_11	radio	single_select		5				no	I am someone who is full of energy.	bhp_1=Disagree strongly | bhp_2=Disagree a little | bhp_3=Neutral; no opinion | bhp_4=Agree a little | bhp_5=Agree strongly
Behavioral Health and Personality	Behavioral Health		bfi2xs_12	radio	single_select		5				no	I am someone who assumes the best about people.	bhp_1=Disagree strongly | bhp_2=Disagree a little | bhp_3=Neutral; no opinion | bhp_4=Agree a little | bhp_5=Agree strongly
Behavioral Health and Personality	Behavioral Health		bfi2xs_13	radio	single_select		5				no	I am someone who is reliable, can always be counted on.	bhp_1=Disagree strongly | bhp_2=Disagree a little | bhp_3=Neutral; no opinion | bhp_4=Agree a little | bhp_5=Agree strongly
Behavioral Health and Personality	Behavioral Health		bfi2xs_14	radio	single_select		5				no	I am someone who is emotionally stable, not easily upset.	bhp_1=Disagree strongly | bhp_2=Disagree a little | bhp_3=Neutral; no opinion | bhp_4=Agree a little | bhp_5=Agree strongly
Behavioral Health and Personality	Behavioral Health		bfi2xs_15	radio	single_select		5				no	I am someone who is original, comes up with new ideas.	bhp_1=Disagree strongly | bhp_2=Disagree a little | bhp_3=Neutral; no opinion | bhp_4=Agree a little | bhp_5=Agree strongly
Behavioral Health and Personality	Behavioral Health		outro	descriptive	descriptive		0				no	"Thank you for answering these questions. Providing this information will help researchers better understand mental health and well-being. Your privacy is very important to us. Your name and identity will be separated from your answers before information is shared with approved researchers. You can view your personality report by going to ""My Data"" in your <i>All of Us</i> account should you choose to view your personality report. For more information on mental health topics and research: https://www.nimh.nih.gov/health/index.shtml If you or someone you care about needs help: NIMH Getting Help page: https://www.nimh.nih.gov/health/find-help/index.shtml SAMHSA Treatment Locator: https://findtreatment.samhsa.gov/ Call, text, or chat 988 for free, and available 24/7/365, connecting those experiencing a mental health, substance use, or suicidal crisis with trained crisis counselors."	
